time,day,min_delay,line
02:00:00,Monday,0,YU
02:00:00,Monday,0,YU
02:08:00,Monday,4,YU
02:13:00,Monday,10,BD
02:22:00,Monday,4,YU
02:25:00,Monday,3,YU
02:25:00,Monday,0,YU
02:27:00,Monday,7,BD
02:28:00,Monday,0,YU
02:30:00,Monday,13,YU
02:36:00,Monday,24,YU
02:45:00,Monday,12,YU
03:01:00,Monday,3,YU
03:06:00,Monday,0,YU
03:17:00,Monday,0,BD
03:31:00,Monday,0,YU
03:50:00,Monday,0,BD
05:26:00,Monday,0,YU
06:00:00,Monday,0,BD
07:05:00,Monday,0,YU
07:57:00,Monday,12,YU
08:41:00,Monday,6,YU
08:42:00,Monday,6,YU
09:06:00,Monday,0,YU
09:09:00,Monday,7,YU
09:17:00,Monday,6,YU
09:45:00,Monday,10,YUS
10:08:00,Monday,6,YU
11:18:00,Monday,0,YU
11:39:00,Monday,3,BD
12:11:00,Monday,0,YU
12:54:00,Monday,0,YU
13:24:00,Monday,0,YU
14:06:00,Monday,0,BD
14:15:00,Monday,12,YU
15:15:00,Monday,7,BD
15:23:00,Monday,0,YU
15:38:00,Monday,4,YU
16:05:00,Monday,0,BD
16:20:00,Monday,7,YU
17:17:00,Monday,0,YU
17:35:00,Monday,0,YU
19:01:00,Monday,0,BD
19:54:00,Monday,0,BD
20:52:00,Monday,7,YU
21:07:00,Monday,6,BD
22:00:00,Monday,0,YU/BD
22:10:00,Monday,0,BD
22:13:00,Monday,0,YU
00:01:00,Monday,0,BD
00:44:00,Monday,0,YU
00:48:00,Monday,0,YU
01:10:00,Monday,8,YU
01:11:00,Monday,0,YU
01:38:00,Monday,0,YU
01:46:00,Monday,0,YU
02:06:00,Tuesday,0,YU
06:02:00,Tuesday,0,BD
06:19:00,Tuesday,0,BD
06:42:00,Tuesday,0,YU
06:53:00,Tuesday,0,BD
07:40:00,Tuesday,6,YU
07:45:00,Tuesday,0,YU
07:47:00,Tuesday,0,YU
08:38:00,Tuesday,0,YU
08:44:00,Tuesday,6,YU
08:51:00,Tuesday,3,YU
09:12:00,Tuesday,9,BD
09:22:00,Tuesday,0,BD
09:33:00,Tuesday,4,YU
10:38:00,Tuesday,0,YU
11:13:00,Tuesday,0,BD
11:48:00,Tuesday,0,YU
12:20:00,Tuesday,0,YU
13:12:00,Tuesday,5,YU
13:42:00,Tuesday,3,YU
13:46:00,Tuesday,3,YU
13:55:00,Tuesday,0,BD
14:03:00,Tuesday,8,YU
14:07:00,Tuesday,0,YU
14:09:00,Tuesday,0,BD
14:36:00,Tuesday,21,YU
15:09:00,Tuesday,3,BD
15:12:00,Tuesday,8,YU
15:43:00,Tuesday,3,BD
15:54:00,Tuesday,6,YU
16:05:00,Tuesday,0,BD
16:31:00,Tuesday,0,BD
16:32:00,Tuesday,0,YU
16:52:00,Tuesday,0,YU
16:53:00,Tuesday,0,YU
18:00:00,Tuesday,0,BD
18:07:00,Tuesday,0,YU
18:09:00,Tuesday,10,YU
18:38:00,Tuesday,16,YU
18:41:00,Tuesday,16,BD
19:01:00,Tuesday,24,YU
19:01:00,Tuesday,24,BD
19:34:00,Tuesday,20,YU
19:43:00,Tuesday,0,YU
20:12:00,Tuesday,3,BD
20:29:00,Tuesday,0,BD
20:38:00,Tuesday,0,YU
20:40:00,Tuesday,9,YU
20:42:00,Tuesday,0,BD
21:05:00,Tuesday,0,BD
21:05:00,Tuesday,0,YU
21:09:00,Tuesday,0,BD
22:00:00,Tuesday,0,YU/BD
22:08:00,Tuesday,0,BD
22:52:00,Tuesday,0,BD
23:33:00,Tuesday,4,BD
23:57:00,Tuesday,0,YU
23:59:00,Tuesday,0,YU
00:00:00,Tuesday,0,BD
00:08:00,Tuesday,5,BD
00:26:00,Tuesday,0,BD
01:45:00,Tuesday,0,YU
01:48:00,Tuesday,0,YU
01:48:00,Tuesday,11,BD
01:59:00,Tuesday,0,BD
05:27:00,Tuesday,0,SHP
05:39:00,Tuesday,0,SHP
16:07:00,Tuesday,4,SHP
02:42:00,Wednesday,0,YU
06:15:00,Wednesday,0,YU
06:49:00,Wednesday,0,BD
07:06:00,Wednesday,0,YU
07:17:00,Wednesday,3,YU
07:31:00,Wednesday,0,YU
07:46:00,Wednesday,0,YU
08:34:00,Wednesday,0,YU
08:48:00,Wednesday,0,YU
11:31:00,Wednesday,0,BD
11:32:00,Wednesday,4,BD
11:40:00,Wednesday,0,BD
11:54:00,Wednesday,0,BD
12:30:00,Wednesday,0,YU
12:50:00,Wednesday,5,YU
12:55:00,Wednesday,0,YU
13:06:00,Wednesday,0,BD
13:20:00,Wednesday,0,YU
13:30:00,Wednesday,9,BD
13:36:00,Wednesday,0,YU
14:34:00,Wednesday,0,BD
15:25:00,Wednesday,0,BD
15:26:00,Wednesday,5,YU
15:35:00,Wednesday,0,YU
15:37:00,Wednesday,0,BD
15:57:00,Wednesday,0,YU
16:08:00,Wednesday,0,BD
17:03:00,Wednesday,0,YU
17:17:00,Wednesday,0,YU
17:23:00,Wednesday,0,YU
17:26:00,Wednesday,0,BD
17:30:00,Wednesday,26,BD
17:42:00,Wednesday,12,YU
17:52:00,Wednesday,3,YU
18:02:00,Wednesday,0,BD
18:19:00,Wednesday,8,YU
18:27:00,Wednesday,0,YU
19:16:00,Wednesday,0,YU
19:34:00,Wednesday,5,BD
20:06:00,Wednesday,0,BD
20:10:00,Wednesday,43,YU
20:29:00,Wednesday,0,YU
20:47:00,Wednesday,4,BD
20:52:00,Wednesday,4,YU
21:02:00,Wednesday,6,YU
21:05:00,Wednesday,0,BD
21:32:00,Wednesday,0,YU
22:00:00,Wednesday,0,YU/BD
23:01:00,Wednesday,0,BD
23:06:00,Wednesday,0,YU
23:08:00,Wednesday,0,BD
23:22:00,Wednesday,0,BD
23:44:00,Wednesday,0,YU
00:13:00,Wednesday,0,YU
00:20:00,Wednesday,0,YU
00:24:00,Wednesday,8,YU
01:23:00,Wednesday,0,YU
01:35:00,Wednesday,3,BD
01:36:00,Wednesday,0,YU
01:47:00,Wednesday,0,YU
23:17:00,Wednesday,0,SHP
02:04:00,Thursday,0,BD
02:39:00,Thursday,0,YU
06:13:00,Thursday,0,YU
06:16:00,Thursday,0,YU
06:52:00,Thursday,5,YU
06:56:00,Thursday,0,YU
06:57:00,Thursday,0,YU
06:58:00,Thursday,3,YU
07:28:00,Thursday,4,BD
07:28:00,Thursday,0,BD
07:45:00,Thursday,0,YU
07:46:00,Thursday,6,YU
07:48:00,Thursday,7,YU
07:55:00,Thursday,4,BD
07:55:00,Thursday,4,BD
08:03:00,Thursday,9,YU
08:05:00,Thursday,0,YU
08:10:00,Thursday,0,BD
08:21:00,Thursday,7,YU
08:31:00,Thursday,0,BD
09:20:00,Thursday,5,YU
09:30:00,Thursday,8,BD
09:40:00,Thursday,0,BD
09:59:00,Thursday,6,YU
10:16:00,Thursday,5,YU
10:25:00,Thursday,6,BD
10:32:00,Thursday,6,YU
10:38:00,Thursday,3,YU
10:39:00,Thursday,4,YU
10:42:00,Thursday,3,YU
10:59:00,Thursday,8,BD
11:10:00,Thursday,92,BD
11:18:00,Thursday,3,YU
11:35:00,Thursday,4,YU
12:00:00,Thursday,0,BD
12:18:00,Thursday,0,BD
12:26:00,Thursday,6,BD
12:30:00,Thursday,4,YU
12:44:00,Thursday,0,YU
12:58:00,Thursday,0,BD
13:12:00,Thursday,0,YU
13:27:00,Thursday,0,BD
13:28:00,Thursday,0,YU
13:58:00,Thursday,5,YU
14:20:00,Thursday,17,YU
14:27:00,Thursday,0,BD
15:01:00,Thursday,0,BD
15:23:00,Thursday,3,BD
15:36:00,Thursday,0,BD
15:42:00,Thursday,0,YU
15:47:00,Thursday,0,YU
15:52:00,Thursday,0,YU
16:04:00,Thursday,0,YU
16:05:00,Thursday,14,YU
16:12:00,Thursday,0,BD
16:13:00,Thursday,0,BD
16:15:00,Thursday,0,BD
16:17:00,Thursday,0,YU
16:19:00,Thursday,0,BD
16:29:00,Thursday,0,BD
16:31:00,Thursday,4,YU
16:34:00,Thursday,0,YU
16:42:00,Thursday,3,YU
16:53:00,Thursday,0,BD
16:54:00,Thursday,5,YU
17:16:00,Thursday,0,YU
17:22:00,Thursday,0,YU
17:29:00,Thursday,0,BD
17:47:00,Thursday,0,BD
18:59:00,Thursday,3,BD
19:04:00,Thursday,0,YU
19:25:00,Thursday,4,YU
19:43:00,Thursday,5,YU
19:50:00,Thursday,0,YU
20:21:00,Thursday,0,YU
20:22:00,Thursday,0,BD
20:57:00,Thursday,0,YU
20:57:00,Thursday,0,BD
21:40:00,Thursday,0,YU
22:00:00,Thursday,0,YU/BD
22:02:00,Thursday,0,BD
22:30:00,Thursday,0,YU
22:38:00,Thursday,0,BD
22:38:00,Thursday,0,YU
23:08:00,Thursday,3,BD
23:21:00,Thursday,0,BD
23:35:00,Thursday,0,YU
00:15:00,Thursday,16,BD
00:31:00,Thursday,0,YU
00:45:00,Thursday,0,BD
01:29:00,Thursday,0,YU
01:58:00,Thursday,0,BD
11:40:00,Thursday,0,SHP
19:12:00,Thursday,5,SHP
23:56:00,Thursday,11,SHP
02:51:00,Friday,0,YU
06:27:00,Friday,4,YU
06:30:00,Friday,0,BD
06:30:00,Friday,0,BD
07:13:00,Friday,3,BD
07:24:00,Friday,3,YU
07:28:00,Friday,0,YU
07:56:00,Friday,0,BD
07:58:00,Friday,0,YU
08:18:00,Friday,0,YU
08:34:00,Friday,0,YU
08:38:00,Friday,3,YU
08:51:00,Friday,0,BD
08:53:00,Friday,8,YU
08:57:00,Friday,12,BD
09:11:00,Friday,0,YU
09:43:00,Friday,3,BD
10:23:00,Friday,0,BD
10:23:00,Friday,0,BD
11:16:00,Friday,0,YU
11:39:00,Friday,17,BD
11:54:00,Friday,0,YU
12:23:00,Friday,0,YU
12:43:00,Friday,0,YU
13:07:00,Friday,0,BD
13:26:00,Friday,4,YU
13:53:00,Friday,0,YU
13:59:00,Friday,0,BD
14:15:00,Friday,0,YU
15:24:00,Friday,0,YU
15:26:00,Friday,5,BD
15:45:00,Friday,0,BD
16:01:00,Friday,0,BD
16:27:00,Friday,0,BD
16:33:00,Friday,12,YU
16:46:00,Friday,0,YU
17:13:00,Friday,3,YU
17:25:00,Friday,4,YU
17:28:00,Friday,9,BD
17:50:00,Friday,7,YU
17:54:00,Friday,3,YU
18:09:00,Friday,0,BD
18:15:00,Friday,22,YU
18:20:00,Friday,22,BD
18:21:00,Friday,4,YU
18:51:00,Friday,0,YU
19:17:00,Friday,0,YU
19:34:00,Friday,13,BD
19:40:00,Friday,6,BD
19:45:00,Friday,4,BD
19:48:00,Friday,3,YU
19:53:00,Friday,0,YU
20:21:00,Friday,0,BD
21:01:00,Friday,8,BD
21:33:00,Friday,0,BD
21:37:00,Friday,3,YU
21:40:00,Friday,15,YU
21:50:00,Friday,0,YU
22:00:00,Friday,0,YU/BD
22:13:00,Friday,14,YU
00:52:00,Friday,0,BD
01:04:00,Friday,0,BD
01:08:00,Friday,0,BD
01:21:00,Friday,20,YU
02:42:00,Saturday,0,YU
02:59:00,Saturday,0,YU
04:29:00,Saturday,0,BD
05:50:00,Saturday,0,BD
06:25:00,Saturday,7,YU
06:33:00,Saturday,6,YU
08:52:00,Saturday,0,BD
08:54:00,Saturday,8,BD
09:16:00,Saturday,8,BD
10:05:00,Saturday,0,YU
10:27:00,Saturday,0,BD
10:35:00,Saturday,0,BD
10:44:00,Saturday,0,BD
10:44:00,Saturday,0,BD
11:36:00,Saturday,0,BD
12:03:00,Saturday,12,BD
12:09:00,Saturday,4,BD
12:21:00,Saturday,0,BD
12:39:00,Saturday,7,BD
12:43:00,Saturday,0,BD
12:59:00,Saturday,0,BD
12:59:00,Saturday,0,BD
13:08:00,Saturday,0,BD
13:11:00,Saturday,3,BD
13:23:00,Saturday,0,YU
13:31:00,Saturday,0,YU
13:33:00,Saturday,27,YU
13:45:00,Saturday,13,YU
13:48:00,Saturday,0,YU
14:05:00,Saturday,3,YU
14:17:00,Saturday,0,YU
14:24:00,Saturday,3,YU
14:29:00,Saturday,4,YU
14:33:00,Saturday,4,YU
14:44:00,Saturday,0,YU
14:45:00,Saturday,8,BD
15:16:00,Saturday,0,BD
15:31:00,Saturday,3,BD
15:54:00,Saturday,4,YU
15:55:00,Saturday,4,YU
16:49:00,Saturday,0,BD
16:51:00,Saturday,0,YU
17:31:00,Saturday,4,YU
17:34:00,Saturday,5,YU
17:51:00,Saturday,0,YU
18:48:00,Saturday,3,BD
18:49:00,Saturday,0,BD
19:12:00,Saturday,10,BD
19:13:00,Saturday,0,YU
19:15:00,Saturday,0,YU
19:40:00,Saturday,0,YU
19:59:00,Saturday,5,BD
20:30:00,Saturday,4,YU
20:42:00,Saturday,0,BD
20:43:00,Saturday,0,BD
22:00:00,Saturday,0,YU/BD
22:33:00,Saturday,6,YU
22:45:00,Saturday,6,BD
22:54:00,Saturday,0,BD
23:06:00,Saturday,0,BD
00:24:00,Saturday,6,YU
00:34:00,Saturday,7,YU
00:37:00,Saturday,0,BD
01:59:00,Saturday,6,YU
13:23:00,Saturday,8,SHP
16:53:00,Saturday,0,SHP
02:04:00,Sunday,0,YU
02:24:00,Sunday,0,BD
02:26:00,Sunday,0,YU
07:38:00,Sunday,12,YU
08:25:00,Sunday,3,YU
08:53:00,Sunday,0,BD
09:12:00,Sunday,0,BD
09:57:00,Sunday,0,YU
10:17:00,Sunday,50,SHP
11:09:00,Sunday,0,BD
11:11:00,Sunday,6,YU
11:18:00,Sunday,0,YU
11:19:00,Sunday,0,BD
11:51:00,Sunday,10,YU
11:53:00,Sunday,0,YU
12:03:00,Sunday,12,BD
12:06:00,Sunday,6,YU
13:18:00,Sunday,5,YU
13:33:00,Sunday,6,YU
13:59:00,Sunday,0,BD
14:02:00,Sunday,5,YU
14:22:00,Sunday,0,BD
15:18:00,Sunday,0,YU
15:35:00,Sunday,0,YU
15:40:00,Sunday,4,BD
16:27:00,Sunday,0,YU
16:38:00,Sunday,0,YU
17:14:00,Sunday,0,BD
17:33:00,Sunday,0,YU
17:43:00,Sunday,0,YU
17:57:00,Sunday,0,YU
18:41:00,Sunday,0,BD
19:34:00,Sunday,0,YU
19:43:00,Sunday,14,YU
20:19:00,Sunday,6,YU
20:49:00,Sunday,0,YU
22:00:00,Sunday,0,YU/BD
22:02:00,Sunday,0,YU
22:08:00,Sunday,6,BD
22:12:00,Sunday,0,BD
22:35:00,Sunday,0,BD
22:52:00,Sunday,0,YU
23:31:00,Sunday,4,YU
23:48:00,Sunday,0,YU
00:06:00,Sunday,0,YU
00:12:00,Sunday,6,YU
00:24:00,Sunday,0,YU
01:27:00,Sunday,0,BD
01:50:00,Sunday,0,BD
01:54:00,Sunday,0,YU
02:14:00,Monday,0,BD
02:40:00,Monday,0,YU
02:48:00,Monday,0,YU
06:58:00,Monday,0,BD
07:06:00,Monday,3,BD
08:01:00,Monday,3,BD
08:09:00,Monday,0,YU
08:43:00,Monday,0,YU
08:47:00,Monday,0,BD
09:42:00,Monday,0,YU
10:33:00,Monday,0,YU
11:19:00,Monday,0,YU
11:40:00,Monday,0,YU
12:10:00,Monday,12,YU
12:58:00,Monday,0,YU
14:17:00,Monday,0,BD
14:20:00,Monday,0,YU
14:38:00,Monday,0,BD
15:54:00,Monday,4,BD
16:05:00,Monday,3,BD
16:25:00,Monday,0,YU
17:08:00,Monday,0,BD
17:25:00,Monday,0,YU
17:31:00,Monday,3,YU
17:49:00,Monday,5,BD
17:54:00,Monday,6,BD
17:56:00,Monday,0,YU
18:53:00,Monday,7,YU
19:16:00,Monday,0,BD
19:17:00,Monday,0,BD
19:23:00,Monday,0,YU
19:24:00,Monday,0,YU
19:40:00,Monday,0,YU
19:46:00,Monday,4,BD
20:03:00,Monday,6,YU
20:28:00,Monday,13,YU
20:50:00,Monday,0,BD
21:27:00,Monday,5,YU
22:00:00,Monday,0,YU/BD
22:00:00,Monday,0,YU
22:14:00,Monday,0,BD
22:29:00,Monday,0,YU
23:18:00,Monday,0,BD
23:24:00,Monday,0,YU
23:30:00,Monday,3,YU
23:35:00,Monday,4,YU
00:32:00,Monday,3,YU
01:02:00,Monday,0,BD
01:17:00,Monday,9,BD
01:22:00,Monday,0,YU
01:27:00,Monday,0,YU
01:28:00,Monday,0,BD
01:44:00,Monday,0,YU
15:12:00,Monday,0,SHP
19:30:00,Monday,0,SHP
19:46:00,Monday,0,SHP
22:41:00,Monday,17,SHP
23:33:00,Monday,0,SHP
02:08:00,Tuesday,0,BD
02:13:00,Tuesday,0,BD
02:18:00,Tuesday,0,BD
02:29:00,Tuesday,0,YU
02:40:00,Tuesday,0,YU
04:53:00,Tuesday,0,YU
05:43:00,Tuesday,3,YU
05:48:00,Tuesday,0,YU
06:11:00,Tuesday,7,BD
06:14:00,Tuesday,0,YU
06:59:00,Tuesday,0,YU
07:02:00,Tuesday,0,YU
07:03:00,Tuesday,3,YU
07:33:00,Tuesday,6,YU
07:41:00,Tuesday,3,YU
07:47:00,Tuesday,0,YU
07:49:00,Tuesday,0,BD
07:58:00,Tuesday,0,BD
08:05:00,Tuesday,3,YU
08:08:00,Tuesday,3,YU
08:09:00,Tuesday,0,YU
08:13:00,Tuesday,0,YU
08:15:00,Tuesday,3,BD
08:48:00,Tuesday,0,BD
08:57:00,Tuesday,0,BD
09:05:00,Tuesday,0,YU
09:12:00,Tuesday,0,YU
09:31:00,Tuesday,4,YU
09:49:00,Tuesday,3,YU
09:52:00,Tuesday,0,BD
09:55:00,Tuesday,4,BD
10:19:00,Tuesday,0,YU
10:19:00,Tuesday,0,BD
10:22:00,Tuesday,4,YU
10:33:00,Tuesday,7,BD
10:51:00,Tuesday,0,YU
10:59:00,Tuesday,3,BD
11:40:00,Tuesday,26,YU
12:05:00,Tuesday,0,BD
13:16:00,Tuesday,3,YU
13:28:00,Tuesday,0,YU
13:51:00,Tuesday,4,YU
13:54:00,Tuesday,0,BD
13:56:00,Tuesday,7,YU
14:06:00,Tuesday,5,YU
14:13:00,Tuesday,0,YU
14:34:00,Tuesday,4,BD
14:56:00,Tuesday,0,BD
15:14:00,Tuesday,5,BD
15:27:00,Tuesday,4,YU
15:36:00,Tuesday,0,BD
16:35:00,Tuesday,0,YU
16:47:00,Tuesday,5,YU
18:20:00,Tuesday,4,YU
18:24:00,Tuesday,6,YU
18:30:00,Tuesday,3,YU
18:55:00,Tuesday,0,BD
18:55:00,Tuesday,0,BD
19:40:00,Tuesday,0,YU
19:46:00,Tuesday,3,BD
20:28:00,Tuesday,11,YU
20:38:00,Tuesday,3,YU
21:07:00,Tuesday,4,YU
21:39:00,Tuesday,0,YU
21:44:00,Tuesday,9,YU
21:59:00,Tuesday,0,YU
22:00:00,Tuesday,0,YU/BD
22:05:00,Tuesday,0,YU
22:06:00,Tuesday,0,BD
22:17:00,Tuesday,6,YU
22:58:00,Tuesday,3,YU
23:00:00,Tuesday,0,YU
23:39:00,Tuesday,0,YU
00:50:00,Tuesday,35,YU
01:16:00,Tuesday,0,YU
16:59:00,Tuesday,0,SHP
02:13:00,Wednesday,10,YU
02:29:00,Wednesday,0,YU
02:39:00,Wednesday,0,BD
04:14:00,Wednesday,0,YU
05:30:00,Wednesday,0,YU
05:41:00,Wednesday,0,BD
05:54:00,Wednesday,3,YU
06:08:00,Wednesday,7,YU
06:23:00,Wednesday,4,YU
06:26:00,Wednesday,3,YU
06:31:00,Wednesday,3,YU
07:19:00,Wednesday,0,BD
07:48:00,Wednesday,0,YU
07:50:00,Wednesday,0,YU
07:57:00,Wednesday,0,BD
08:00:00,Wednesday,0,YU
08:11:00,Wednesday,3,YU
08:24:00,Wednesday,0,YU
08:42:00,Wednesday,0,YU
08:47:00,Wednesday,4,YU
08:53:00,Wednesday,7,YU
09:00:00,Wednesday,0,BD
09:43:00,Wednesday,0,BD
10:26:00,Wednesday,0,YU
10:27:00,Wednesday,13,YU
10:57:00,Wednesday,7,BD
10:59:00,Wednesday,0,YU
11:20:00,Wednesday,5,YU
11:38:00,Wednesday,0,YU
12:06:00,Wednesday,5,YU
12:20:00,Wednesday,0,YU
12:34:00,Wednesday,0,YU
12:39:00,Wednesday,0,YU
12:46:00,Wednesday,3,BD
13:20:00,Wednesday,4,BD
13:30:00,Wednesday,0,YU
13:50:00,Wednesday,5,YU
14:24:00,Wednesday,0,BD
14:29:00,Wednesday,5,YU
15:48:00,Wednesday,0,BD
15:56:00,Wednesday,0,YU
16:19:00,Wednesday,0,BD
16:47:00,Wednesday,0,YU
16:50:00,Wednesday,0,YU
17:01:00,Wednesday,3,YU
17:06:00,Wednesday,11,YU
17:41:00,Wednesday,0,YU
18:00:00,Wednesday,0,YU
18:47:00,Wednesday,0,BD
19:13:00,Wednesday,0,YU
19:16:00,Wednesday,0,YU
19:17:00,Wednesday,0,BD
19:35:00,Wednesday,0,YU
20:03:00,Wednesday,0,YU
20:24:00,Wednesday,0,YU
20:56:00,Wednesday,0,YU
21:48:00,Wednesday,20,BD
21:58:00,Wednesday,0,YU
22:00:00,Wednesday,0,YU/BD
22:51:00,Wednesday,0,YU
23:24:00,Wednesday,0,YU
23:36:00,Wednesday,0,YU
23:38:00,Wednesday,0,YU
23:58:00,Wednesday,0,YU
01:00:00,Wednesday,0,YU
15:57:00,Wednesday,0,SHP
16:22:00,Wednesday,8,SHP
02:29:00,Thursday,0,YU
02:44:00,Thursday,0,BD
03:26:00,Thursday,0,BD
04:38:00,Thursday,0,YU
05:46:00,Thursday,4,YU
05:51:00,Thursday,8,YU
06:14:00,Thursday,5,YU
06:37:00,Thursday,8,YU
06:46:00,Thursday,5,YU
07:05:00,Thursday,0,YU
07:25:00,Thursday,3,YU
07:32:00,Thursday,7,YU
07:38:00,Thursday,0,BD
07:55:00,Thursday,4,BD
08:24:00,Thursday,3,YU
08:28:00,Thursday,0,YU
08:54:00,Thursday,0,YU
09:17:00,Thursday,0,YU
09:33:00,Thursday,0,YU
09:34:00,Thursday,3,YU
09:46:00,Thursday,3,BD
09:46:00,Thursday,3,YU
10:39:00,Thursday,0,BD
10:44:00,Thursday,0,BD
10:58:00,Thursday,0,BD
11:54:00,Thursday,0,YU
11:58:00,Thursday,0,YU
12:30:00,Thursday,0,YU
12:37:00,Thursday,0,BD
12:57:00,Thursday,0,YU
13:54:00,Thursday,0,YU
14:30:00,Thursday,0,BD
14:41:00,Thursday,0,BD
14:56:00,Thursday,0,YU
15:14:00,Thursday,0,YU
15:24:00,Thursday,0,YU
15:31:00,Thursday,0,YU
15:43:00,Thursday,12,YU
15:57:00,Thursday,23,YU
16:09:00,Thursday,0,YU
16:56:00,Thursday,0,BD
17:19:00,Thursday,0,BD
17:20:00,Thursday,4,BD
17:46:00,Thursday,0,BD
17:52:00,Thursday,0,BD
18:12:00,Thursday,0,YU
18:55:00,Thursday,0,YU
19:47:00,Thursday,0,BD
20:08:00,Thursday,0,BD
21:32:00,Thursday,0,BD
22:00:00,Thursday,0,YU/BD
22:08:00,Thursday,0,YU
23:54:00,Thursday,14,YU
01:13:00,Thursday,0,YU
05:33:00,Thursday,0,SHP
13:47:00,Thursday,0,SHP
14:39:00,Thursday,0,SHP
19:24:00,Thursday,5,SHP
02:05:00,Friday,0,BD
06:26:00,Friday,3,BD
06:34:00,Friday,0,BD
06:59:00,Friday,8,YU
07:22:00,Friday,0,BD
07:28:00,Friday,0,BD
07:37:00,Friday,3,YU
07:40:00,Friday,5,YU
07:49:00,Friday,0,YU
07:55:00,Friday,0,YU
07:57:00,Friday,3,YU
08:21:00,Friday,0,BD
08:28:00,Friday,0,YU
08:52:00,Friday,7,YU
08:59:00,Friday,0,YU
09:06:00,Friday,6,YU
10:15:00,Friday,0,YU
10:24:00,Friday,6,YU
10:31:00,Friday,0,YU
10:31:00,Friday,0,BD
11:30:00,Friday,0,YU
11:47:00,Friday,3,YU
11:58:00,Friday,0,BD
12:07:00,Friday,0,YU
12:12:00,Friday,8,BD
12:19:00,Friday,0,YU
13:02:00,Friday,7,YU
13:42:00,Friday,0,YU
13:53:00,Friday,0,BD
14:24:00,Friday,4,YU
14:40:00,Friday,0,BD
15:15:00,Friday,0,BD
15:28:00,Friday,3,BD
15:29:00,Friday,0,BD
15:54:00,Friday,0,BD
15:58:00,Friday,6,YU
16:17:00,Friday,0,YU
16:28:00,Friday,5,YU
16:44:00,Friday,3,YU
17:19:00,Friday,3,YU
17:26:00,Friday,0,YU
18:46:00,Friday,0,BD
18:52:00,Friday,0,BD
19:15:00,Friday,0,BD
19:25:00,Friday,0,BD
19:30:00,Friday,0,YU
19:52:00,Friday,0,BD
19:56:00,Friday,13,YU
19:57:00,Friday,0,BD
20:04:00,Friday,0,BD
20:07:00,Friday,0,BD
20:08:00,Friday,7,BD
20:50:00,Friday,8,BD
20:52:00,Friday,0,BD
21:16:00,Friday,12,BD
21:20:00,Friday,13,BD
21:30:00,Friday,5,YU
22:00:00,Friday,0,YU/BD
22:21:00,Friday,0,YU
23:02:00,Friday,4,YU
23:04:00,Friday,11,BD
23:31:00,Friday,0,BD
23:36:00,Friday,0,BD
00:02:00,Friday,3,BD
00:16:00,Friday,5,YU
00:30:00,Friday,0,BD
00:57:00,Friday,0,BD
15:48:00,Friday,0,SHP
17:33:00,Friday,0,SHP
23:54:00,Friday,0,SHP
02:19:00,Saturday,10,BD
02:30:00,Saturday,0,BD
02:30:00,Saturday,0,YU
02:43:00,Saturday,0,YU
05:05:00,Saturday,0,YU
05:39:00,Saturday,0,YU
05:48:00,Saturday,6,YU
05:53:00,Saturday,5,BD
05:59:00,Saturday,0,BD
05:59:00,Saturday,3,BD
05:59:00,Saturday,6,YU
07:18:00,Saturday,0,YU
08:32:00,Saturday,3,YU
09:09:00,Saturday,0,YU
10:05:00,Saturday,5,BD
10:14:00,Saturday,0,BD
10:23:00,Saturday,6,YU
10:29:00,Saturday,0,YU
10:38:00,Saturday,0,YU
10:42:00,Saturday,3,BD
11:12:00,Saturday,18,BD
11:19:00,Saturday,17,YU
11:31:00,Saturday,7,YU
11:39:00,Saturday,0,BD
12:12:00,Saturday,4,YU
12:20:00,Saturday,0,BD
12:49:00,Saturday,4,BD
13:02:00,Saturday,0,BD
13:40:00,Saturday,8,YU
13:55:00,Saturday,0,BD
14:08:00,Saturday,7,YU
14:19:00,Saturday,0,YU
14:21:00,Saturday,20,YU
14:24:00,Saturday,0,BD
15:18:00,Saturday,0,BD
15:19:00,Saturday,0,YU
16:01:00,Saturday,16,YU
16:13:00,Saturday,0,BD
16:14:00,Saturday,0,BD
16:17:00,Saturday,10,YU
16:38:00,Saturday,3,BD
16:55:00,Saturday,0,YU
17:07:00,Saturday,0,BD
17:43:00,Saturday,0,YU
18:38:00,Saturday,0,YU
18:39:00,Saturday,0,BD
18:41:00,Saturday,25,YU
18:55:00,Saturday,0,YU
18:59:00,Saturday,4,BD
19:11:00,Saturday,0,BD
19:21:00,Saturday,4,BD
19:29:00,Saturday,0,YU
20:04:00,Saturday,0,YU
20:22:00,Saturday,0,YU
20:32:00,Saturday,0,BD
21:30:00,Saturday,0,YU
22:00:00,Saturday,0,YU/BD
22:06:00,Saturday,0,BD
22:16:00,Saturday,0,BD
22:46:00,Saturday,7,YU
23:06:00,Saturday,0,YU
23:44:00,Saturday,0,BD
23:44:00,Saturday,0,YU
00:32:00,Saturday,0,YU
00:45:00,Saturday,0,YU
00:47:00,Saturday,0,BD
01:20:00,Saturday,0,YU
01:28:00,Saturday,0,YU
01:28:00,Saturday,0,BD
01:44:00,Saturday,0,YU
01:58:00,Saturday,0,YU
02:22:00,Sunday,0,BD
02:29:00,Sunday,0,YU
05:38:00,Sunday,0,YU
07:54:00,Sunday,0,YU
08:40:00,Sunday,0,BD
08:41:00,Sunday,7,YU
08:45:00,Sunday,4,BD
08:56:00,Sunday,0,BD
09:06:00,Sunday,3,YU
09:13:00,Sunday,4,YU
09:26:00,Sunday,4,BD
10:38:00,Sunday,0,YU
10:55:00,Sunday,0,YU
11:22:00,Sunday,66,YU
11:54:00,Sunday,0,YU
12:38:00,Sunday,0,YU
12:41:00,Sunday,6,BD
12:51:00,Sunday,0,YU
12:54:00,Sunday,0,BD
12:57:00,Sunday,0,BD
13:11:00,Sunday,0,YU
13:31:00,Sunday,0,BD
13:58:00,Sunday,3,YU
14:25:00,Sunday,4,BD
15:12:00,Sunday,0,YU
15:42:00,Sunday,0,BD
15:50:00,Sunday,0,YU
16:26:00,Sunday,0,YU
16:37:00,Sunday,0,BD
16:37:00,Sunday,4,YU
16:38:00,Sunday,8,BD
17:46:00,Sunday,0,YU
18:12:00,Sunday,4,BD
18:53:00,Sunday,0,YU
19:51:00,Sunday,0,YU
20:50:00,Sunday,0,YU
20:56:00,Sunday,5,YU
21:10:00,Sunday,7,BD
21:49:00,Sunday,15,YU
21:51:00,Sunday,0,BD
21:54:00,Sunday,0,BD
22:00:00,Sunday,0,YU/BD
22:15:00,Sunday,0,YU
22:32:00,Sunday,6,YU
22:34:00,Sunday,0,BD
22:55:00,Sunday,7,BD
23:33:00,Sunday,5,BD
23:53:00,Sunday,0,YU
00:02:00,Sunday,0,YU
00:23:00,Sunday,0,BD
01:51:00,Sunday,0,BD
01:55:00,Sunday,0,YU
01:58:00,Sunday,0,YU
07:53:00,Sunday,61,SHP
12:49:00,Sunday,0,SHP
13:11:00,Sunday,0,SHP
14:46:00,Sunday,7,SHP
18:31:00,Sunday,0,SHP
19:54:00,Sunday,0,SHP
00:28:00,Sunday,0,SHP
05:01:00,Monday,0,YU
05:48:00,Monday,5,BD
05:56:00,Monday,5,YU
06:04:00,Monday,3,YU
07:02:00,Monday,0,YU
08:09:00,Monday,3,YU
08:12:00,Monday,4,YU
08:16:00,Monday,0,BD
08:52:00,Monday,3,YU
08:58:00,Monday,4,BD
09:51:00,Monday,6,YU
09:53:00,Monday,3,YU
10:15:00,Monday,4,YU
10:16:00,Monday,3,YU
11:02:00,Monday,5,BD
12:15:00,Monday,0,YU
12:19:00,Monday,0,BD
12:35:00,Monday,0,BD
13:00:00,Monday,3,YU
13:14:00,Monday,0,YU
13:19:00,Monday,3,YU
13:34:00,Monday,0,BD
13:41:00,Monday,3,BD
13:45:00,Monday,0,YU
13:53:00,Monday,0,BD
14:13:00,Monday,6,BD
14:20:00,Monday,0,BD
14:26:00,Monday,0,BD
14:44:00,Monday,0,YU
14:46:00,Monday,0,BD
14:51:00,Monday,0,BD
15:26:00,Monday,0,YU
15:42:00,Monday,0,BD
15:54:00,Monday,6,YU
16:12:00,Monday,3,YU
16:17:00,Monday,4,YU
16:32:00,Monday,0,BD
16:33:00,Monday,0,YU
16:58:00,Monday,0,YU
17:01:00,Monday,0,BD
17:26:00,Monday,0,BD
17:27:00,Monday,0,BD
17:50:00,Monday,0,YU
18:19:00,Monday,0,YU
18:50:00,Monday,0,BD
19:21:00,Monday,0,YU
19:48:00,Monday,10,BD
20:10:00,Monday,0,YU
20:11:00,Monday,3,YU
20:35:00,Monday,0,YU
20:43:00,Monday,0,BD
21:01:00,Monday,3,BD
21:28:00,Monday,0,YU
22:00:00,Monday,0,YU/BD
22:12:00,Monday,0,YU
22:22:00,Monday,0,BD
22:24:00,Monday,0,YU
22:31:00,Monday,0,YU
22:39:00,Monday,0,BD
22:57:00,Monday,0,BD
23:00:00,Monday,0,YU
23:04:00,Monday,0,YU
23:04:00,Monday,0,BD
23:09:00,Monday,0,YU
00:01:00,Monday,0,BD
01:06:00,Monday,5,YU
01:22:00,Monday,0,YU
01:29:00,Monday,0,BD
01:36:00,Monday,0,YU
19:55:00,Monday,0,SHP
02:01:00,Tuesday,0,YU
02:05:00,Tuesday,0,BD
02:27:00,Tuesday,0,YU
04:33:00,Tuesday,0,YU
06:00:00,Tuesday,0,YU/BD
06:13:00,Tuesday,4,YU
06:25:00,Tuesday,0,YU
06:47:00,Tuesday,3,BD
06:49:00,Tuesday,3,BD
07:00:00,Tuesday,3,BD
07:04:00,Tuesday,3,YU
07:11:00,Tuesday,4,YU
07:18:00,Tuesday,0,YU
07:23:00,Tuesday,0,BD
07:43:00,Tuesday,0,BD
08:09:00,Tuesday,0,YU
09:01:00,Tuesday,0,YU
09:11:00,Tuesday,0,YU
09:18:00,Tuesday,0,BD
10:12:00,Tuesday,3,YU
10:14:00,Tuesday,4,BD
10:29:00,Tuesday,0,YU
10:34:00,Tuesday,0,YU
10:57:00,Tuesday,0,YU
12:16:00,Tuesday,0,YU
12:33:00,Tuesday,5,YU
12:41:00,Tuesday,5,BD
13:07:00,Tuesday,0,YU
14:14:00,Tuesday,5,YU
14:15:00,Tuesday,0,BD
14:46:00,Tuesday,3,YU
15:04:00,Tuesday,0,BD
15:19:00,Tuesday,0,YU
15:30:00,Tuesday,0,YU
15:33:00,Tuesday,0,BD
15:35:00,Tuesday,4,YU
15:45:00,Tuesday,0,BD
15:50:00,Tuesday,0,YU
15:56:00,Tuesday,0,BD
16:01:00,Tuesday,10,YU
16:28:00,Tuesday,0,BD
16:28:00,Tuesday,3,BD
16:29:00,Tuesday,8,YU
17:38:00,Tuesday,0,YU
17:42:00,Tuesday,0,YU
18:07:00,Tuesday,0,YU
18:11:00,Tuesday,0,BD
18:19:00,Tuesday,0,BD
18:21:00,Tuesday,15,YU
18:42:00,Tuesday,0,YU
18:55:00,Tuesday,5,BD
19:28:00,Tuesday,5,BD
19:49:00,Tuesday,3,YU
20:31:00,Tuesday,0,BD
20:44:00,Tuesday,0,YU
20:55:00,Tuesday,0,BD
20:59:00,Tuesday,0,BD
21:08:00,Tuesday,0,BD
21:14:00,Tuesday,0,YU
21:19:00,Tuesday,0,BD
21:28:00,Tuesday,0,BD
21:33:00,Tuesday,0,YU
21:36:00,Tuesday,6,BD
21:59:00,Tuesday,0,BD
22:00:00,Tuesday,0,YU/BD
22:08:00,Tuesday,0,YU
22:41:00,Tuesday,0,BD
23:00:00,Tuesday,0,YU
23:03:00,Tuesday,0,BD
23:20:00,Tuesday,13,YU
23:32:00,Tuesday,0,YU
23:34:00,Tuesday,5,YU
23:49:00,Tuesday,0,YU
23:50:00,Tuesday,7,YU
00:20:00,Tuesday,0,YU
01:31:00,Tuesday,0,YU
01:54:00,Tuesday,0,YU
05:33:00,Tuesday,7,SHP
05:58:00,Tuesday,7,SHP
06:00:00,Tuesday,0,SHP
13:46:00,Tuesday,9,SHP
14:01:00,Tuesday,10,SHP
19:01:00,Tuesday,0,SHP
20:39:00,Tuesday,0,SHP
20:42:00,Tuesday,0,SHP
20:47:00,Tuesday,19,SHP
22:13:00,Tuesday,0,SHP
00:40:00,Tuesday,0,SHP
02:34:00,Wednesday,0,BD
02:50:00,Wednesday,0,YU
02:50:00,Wednesday,0,BD
04:08:00,Wednesday,0,YU
05:40:00,Wednesday,16,BD
05:43:00,Wednesday,4,YU
06:25:00,Wednesday,3,BD
06:30:00,Wednesday,0,YU
06:33:00,Wednesday,6,YU
06:42:00,Wednesday,4,YU
07:01:00,Wednesday,3,BD
07:02:00,Wednesday,0,YU
07:05:00,Wednesday,0,YU
07:05:00,Wednesday,0,BD
07:10:00,Wednesday,10,YU
07:11:00,Wednesday,0,BD
07:50:00,Wednesday,3,BD
07:53:00,Wednesday,6,YU
08:11:00,Wednesday,3,YU
08:16:00,Wednesday,7,BD
08:22:00,Wednesday,4,YU
08:22:00,Wednesday,0,YU
08:24:00,Wednesday,6,BD
08:53:00,Wednesday,3,BD
09:17:00,Wednesday,0,YU
09:25:00,Wednesday,4,YU
09:26:00,Wednesday,0,BD
09:39:00,Wednesday,0,YU
09:43:00,Wednesday,4,BD
10:06:00,Wednesday,0,BD
10:31:00,Wednesday,0,YU
10:47:00,Wednesday,0,BD
11:01:00,Wednesday,0,BD
11:08:00,Wednesday,0,BD
11:15:00,Wednesday,0,BD
11:21:00,Wednesday,0,BD
11:52:00,Wednesday,4,BD
11:59:00,Wednesday,0,BD
12:13:00,Wednesday,0,BD
12:17:00,Wednesday,0,BD
12:20:00,Wednesday,0,BD
12:55:00,Wednesday,4,YU
13:30:00,Wednesday,0,YU
14:51:00,Wednesday,0,YU
14:54:00,Wednesday,0,BD
15:17:00,Wednesday,0,BD
15:20:00,Wednesday,0,YU
15:21:00,Wednesday,4,BD
15:25:00,Wednesday,4,BD
15:29:00,Wednesday,0,YU
15:56:00,Wednesday,0,YU
16:02:00,Wednesday,0,YU
16:04:00,Wednesday,0,BD
16:39:00,Wednesday,0,BD
16:42:00,Wednesday,0,YU
16:47:00,Wednesday,0,BD
16:52:00,Wednesday,7,YU
16:56:00,Wednesday,0,BD
17:05:00,Wednesday,4,BD
17:09:00,Wednesday,0,BD
17:33:00,Wednesday,6,YU
18:01:00,Wednesday,3,YU
18:38:00,Wednesday,0,YU
18:51:00,Wednesday,3,YU
18:57:00,Wednesday,3,YU
19:25:00,Wednesday,13,BD
19:48:00,Wednesday,0,BD
20:39:00,Wednesday,0,BD
20:45:00,Wednesday,3,YU
20:50:00,Wednesday,6,YU
21:05:00,Wednesday,5,YU
21:19:00,Wednesday,0,YU
21:32:00,Wednesday,0,BD
21:51:00,Wednesday,5,YU
22:00:00,Wednesday,0,YU/BD
22:00:00,Wednesday,0,YU
22:35:00,Wednesday,0,BD
22:49:00,Wednesday,0,YU
22:52:00,Wednesday,0,YU
22:58:00,Wednesday,0,BD
23:01:00,Wednesday,0,YU
23:10:00,Wednesday,0,BD
23:23:00,Wednesday,0,BD
23:24:00,Wednesday,0,YU
01:16:00,Wednesday,0,YU
15:41:00,Wednesday,0,SHP
02:33:00,Thursday,0,BD
06:02:00,Thursday,0,YU
06:42:00,Thursday,0,YU
06:52:00,Thursday,4,YU
07:25:00,Thursday,0,BD
07:37:00,Thursday,0,BD
07:50:00,Thursday,9,YU
07:51:00,Thursday,10,YU
08:22:00,Thursday,3,YU
08:30:00,Thursday,0,YU
08:43:00,Thursday,0,YU
08:45:00,Thursday,6,YU
09:13:00,Thursday,3,BD
09:34:00,Thursday,0,BD
10:35:00,Thursday,0,YU
10:36:00,Thursday,0,BD
11:20:00,Thursday,0,BD
11:34:00,Thursday,0,BD
11:41:00,Thursday,0,BD
11:58:00,Thursday,5,BD
12:02:00,Thursday,0,BD
12:22:00,Thursday,0,BD
13:00:00,Thursday,22,YU
13:25:00,Thursday,3,YU
13:27:00,Thursday,3,BD
13:37:00,Thursday,0,YU
14:20:00,Thursday,0,YU
14:36:00,Thursday,5,YU
14:43:00,Thursday,0,YU
14:43:00,Thursday,6,YU
14:45:00,Thursday,0,BD
15:25:00,Thursday,0,YU
15:50:00,Thursday,8,BD
16:04:00,Thursday,0,YU
16:07:00,Thursday,4,YU
16:11:00,Thursday,0,YU
16:18:00,Thursday,12,YU
16:25:00,Thursday,0,BD
16:43:00,Thursday,0,YU
16:44:00,Thursday,10,BD
16:44:00,Thursday,4,YU
16:47:00,Thursday,0,YU
16:52:00,Thursday,3,YU
17:04:00,Thursday,0,BD
17:05:00,Thursday,0,BD
17:12:00,Thursday,4,YU
17:59:00,Thursday,0,YU
18:00:00,Thursday,0,YU
18:17:00,Thursday,6,BD
18:31:00,Thursday,0,BD
18:35:00,Thursday,8,YU
18:36:00,Thursday,0,YU
18:48:00,Thursday,0,BD
19:08:00,Thursday,0,BD
19:30:00,Thursday,0,YU
19:50:00,Thursday,0,YU
20:05:00,Thursday,0,YU
20:05:00,Thursday,0,YU
20:44:00,Thursday,0,YU
20:51:00,Thursday,3,YU
21:26:00,Thursday,0,BD
21:33:00,Thursday,0,YU
21:38:00,Thursday,0,YU
22:00:00,Thursday,0,YU/BD
22:24:00,Thursday,5,BD
23:00:00,Thursday,0,YU
23:07:00,Thursday,0,BD
23:09:00,Thursday,8,BD
23:46:00,Thursday,3,BD
23:58:00,Thursday,3,YU
00:41:00,Thursday,0,YU
01:56:00,Thursday,0,BD
01:56:00,Thursday,0,BD
06:47:00,Thursday,6,SHP
07:15:00,Thursday,0,SHP
18:40:00,Thursday,0,SHP
02:15:00,Friday,0,BD
05:20:00,Friday,0,YU
05:30:00,Friday,0,YU
05:57:00,Friday,0,YU
06:32:00,Friday,0,YU
06:41:00,Friday,0,YU
06:44:00,Friday,5,YU
07:10:00,Friday,0,YU
07:17:00,Friday,3,YU
07:19:00,Friday,3,BD
07:39:00,Friday,2,BD
07:48:00,Friday,7,BD
07:59:00,Friday,5,YU
09:16:00,Friday,0,BD
09:23:00,Friday,0,BD
09:33:00,Friday,0,YU
09:53:00,Friday,16,YU
09:57:00,Friday,0,BD
09:58:00,Friday,3,YU
10:03:00,Friday,0,BD
10:14:00,Friday,0,BD
10:16:00,Friday,5,YU
10:17:00,Friday,3,BD
10:26:00,Friday,6,BD
10:39:00,Friday,4,YU
11:04:00,Friday,0,YU
11:30:00,Friday,0,BD
11:40:00,Friday,5,YU
11:53:00,Friday,4,BD
12:40:00,Friday,7,YU
13:01:00,Friday,0,YU
13:07:00,Friday,0,BD
13:09:00,Friday,0,BD
13:36:00,Friday,0,YU
13:39:00,Friday,0,YU
14:16:00,Friday,0,BD
14:36:00,Friday,0,YU
14:44:00,Friday,4,YU
14:58:00,Friday,3,YU
15:02:00,Friday,0,BD
15:05:00,Friday,0,BD
15:12:00,Friday,0,YU
15:22:00,Friday,7,YU
15:32:00,Friday,0,BD
15:37:00,Friday,3,YU
15:39:00,Friday,5,BD
15:44:00,Friday,0,BD
15:48:00,Friday,4,YU
15:52:00,Friday,0,YU/BD
16:19:00,Friday,0,BD
16:21:00,Friday,3,BD
16:28:00,Friday,3,BD
16:29:00,Friday,0,BD
16:29:00,Friday,0,YU
16:31:00,Friday,3,YU
16:53:00,Friday,4,YU
16:55:00,Friday,6,YU
17:09:00,Friday,0,BD
17:38:00,Friday,0,YU
17:40:00,Friday,5,YU
17:53:00,Friday,4,YU
17:55:00,Friday,13,BD
17:56:00,Friday,0,BD
18:04:00,Friday,3,YU
18:18:00,Friday,0,YU
18:39:00,Friday,9,BD
18:40:00,Friday,0,YU
18:47:00,Friday,5,YU
19:04:00,Friday,27,BD
19:07:00,Friday,0,YU
19:20:00,Friday,0,YU
19:40:00,Friday,0,YU
19:48:00,Friday,9,YU
20:03:00,Friday,0,YU
20:09:00,Friday,10,YU
20:52:00,Friday,0,YU
21:01:00,Friday,0,BD
21:30:00,Friday,0,YU
21:35:00,Friday,0,YU
21:43:00,Friday,0,BD
21:50:00,Friday,6,YU
21:54:00,Friday,0,BD
21:57:00,Friday,13,BD
22:00:00,Friday,0,YU/BD
23:00:00,Friday,0,BD
23:07:00,Friday,0,YU
23:41:00,Friday,0,BD
23:42:00,Friday,0,YU
00:00:00,Friday,0,BD
00:35:00,Friday,5,YU
01:03:00,Friday,0,BD
01:16:00,Friday,5,BD
01:22:00,Friday,7,BD
01:38:00,Friday,0,YU
01:39:00,Friday,0,YU
14:40:00,Friday,0,SHP
18:22:00,Friday,0,SHP
02:51:00,Saturday,0,YU
05:53:00,Saturday,5,BD
06:00:00,Saturday,0,YU
06:00:00,Saturday,3,YU
06:30:00,Saturday,3,BD
06:34:00,Saturday,0,BD
07:54:00,Saturday,0,BD
08:06:00,Saturday,9,YU
08:54:00,Saturday,4,YU
10:22:00,Saturday,0,BD
11:49:00,Saturday,5,YU
12:04:00,Saturday,4,YU
12:09:00,Saturday,0,YU
12:15:00,Saturday,5,YU
12:30:00,Saturday,0,YU
12:44:00,Saturday,0,BD
12:56:00,Saturday,102,BD
13:16:00,Saturday,0,YU
13:28:00,Saturday,0,YU
13:34:00,Saturday,0,BD
13:35:00,Saturday,0,YU
13:37:00,Saturday,0,BD
13:47:00,Saturday,0,YU
15:21:00,Saturday,0,BD
16:04:00,Saturday,0,BD
16:05:00,Saturday,0,BD
16:50:00,Saturday,0,BD
16:52:00,Saturday,0,BD
16:56:00,Saturday,3,YU
16:59:00,Saturday,0,YU
17:18:00,Saturday,3,BD
17:48:00,Saturday,0,YU
18:08:00,Saturday,0,BD
18:43:00,Saturday,3,BD
18:49:00,Saturday,0,BD
18:52:00,Saturday,0,BD
19:23:00,Saturday,0,BD
19:40:00,Saturday,5,BD
19:40:00,Saturday,5,BD
19:58:00,Saturday,3,YU
20:01:00,Saturday,0,YU
20:24:00,Saturday,0,YU
20:45:00,Saturday,40,YU
20:55:00,Saturday,7,YU
21:43:00,Saturday,0,BD
21:49:00,Saturday,6,BD
22:00:00,Saturday,0,YU/BD
22:00:00,Saturday,5,YU
22:07:00,Saturday,13,YU
22:18:00,Saturday,8,YU
22:39:00,Saturday,5,YU
22:45:00,Saturday,8,YU
22:47:00,Saturday,3,YU
23:05:00,Saturday,6,BD
23:11:00,Saturday,5,YU
23:21:00,Saturday,8,YU
23:31:00,Saturday,0,BD
23:58:00,Saturday,0,YU
00:09:00,Saturday,7,YU
00:41:00,Saturday,0,BD
01:27:00,Saturday,0,YU
01:35:00,Saturday,0,YU
01:45:00,Saturday,0,BD
01:46:00,Saturday,0,YU
01:50:00,Saturday,0,YU
02:05:00,Saturday,0,SHP
02:28:00,Saturday,0,SHP
19:44:00,Saturday,13,SHP
20:20:00,Saturday,6,SHP
22:50:00,Saturday,7,SHP
02:01:00,Sunday,0,BD
02:44:00,Sunday,0,YU
02:46:00,Sunday,0,YU
03:45:00,Sunday,0,BD
06:39:00,Sunday,0,YU
08:00:00,Sunday,0,YU
08:37:00,Sunday,5,YU
08:42:00,Sunday,3,BD
10:35:00,Sunday,0,YU
11:02:00,Sunday,3,YU
11:23:00,Sunday,0,YU
11:55:00,Sunday,0,YU
12:00:00,Sunday,0,BD
12:01:00,Sunday,0,YU
12:08:00,Sunday,6,YU
12:44:00,Sunday,5,YU
13:35:00,Sunday,0,YU
13:37:00,Sunday,7,YU
13:54:00,Sunday,0,BD
14:03:00,Sunday,0,YU
14:54:00,Sunday,4,YU
15:43:00,Sunday,0,BD
15:45:00,Sunday,7,YU
15:56:00,Sunday,0,YU
16:07:00,Sunday,0,BD
16:09:00,Sunday,0,YU
16:22:00,Sunday,0,BD
16:23:00,Sunday,3,YU
16:25:00,Sunday,0,YU
16:29:00,Sunday,0,YU
16:31:00,Sunday,0,YU
16:43:00,Sunday,0,YU
16:50:00,Sunday,11,YU
17:08:00,Sunday,7,BD
18:16:00,Sunday,5,YU
18:59:00,Sunday,12,YU
19:06:00,Sunday,4,YU
19:06:00,Sunday,0,YU
19:25:00,Sunday,8,YU
21:08:00,Sunday,0,YU
21:37:00,Sunday,0,YU
21:38:00,Sunday,0,YU
21:42:00,Sunday,0,YU
22:00:00,Sunday,0,YU/BD
22:01:00,Sunday,6,BD
22:29:00,Sunday,0,YU
22:41:00,Sunday,8,YU
23:21:00,Sunday,0,BD
23:41:00,Sunday,0,BD
23:52:00,Sunday,0,YU
00:13:00,Sunday,0,YU
00:47:00,Sunday,0,YU
00:53:00,Sunday,0,BD
01:07:00,Sunday,6,BD
01:44:00,Sunday,0,YU
01:51:00,Sunday,0,BD
01:52:00,Sunday,0,YU
16:38:00,Sunday,0,SHP
05:45:00,Monday,0,YU
06:06:00,Monday,3,YU
06:08:00,Monday,4,YU
06:14:00,Monday,6,YU
06:16:00,Monday,5,YU
06:24:00,Monday,4,YU
06:31:00,Monday,0,BD
06:41:00,Monday,0,BD
07:00:00,Monday,0,BD
08:02:00,Monday,0,YU
08:10:00,Monday,0,BD
08:21:00,Monday,4,YU
08:29:00,Monday,5,BD
08:34:00,Monday,6,YU
08:48:00,Monday,6,YU
08:56:00,Monday,6,YU
09:11:00,Monday,0,YU
10:01:00,Monday,5,YU
10:09:00,Monday,5,YU
10:27:00,Monday,5,BD
10:28:00,Monday,5,YU
10:34:00,Monday,0,BD
11:26:00,Monday,0,BD
12:07:00,Monday,9,YU
12:12:00,Monday,0,YU
12:29:00,Monday,5,YU
12:52:00,Monday,0,BD
13:24:00,Monday,0,BD
14:39:00,Monday,9,BD
14:45:00,Monday,0,BD
14:51:00,Monday,0,BD
14:56:00,Monday,3,BD
15:10:00,Monday,7,YU
15:21:00,Monday,3,YU
15:30:00,Monday,3,YU
15:34:00,Monday,0,BD
15:49:00,Monday,0,YU
15:55:00,Monday,6,BD
16:05:00,Monday,0,BD
16:16:00,Monday,5,YU
16:52:00,Monday,3,BD
16:56:00,Monday,0,YU
16:59:00,Monday,0,BD
17:48:00,Monday,0,YU
18:07:00,Monday,0,BD
18:08:00,Monday,3,BD
18:09:00,Monday,0,BD
18:28:00,Monday,0,YU
18:31:00,Monday,0,BD
18:37:00,Monday,3,YU
18:43:00,Monday,0,BD
18:46:00,Monday,4,YU
18:49:00,Monday,3,BD
18:57:00,Monday,3,BD
18:57:00,Monday,6,YU
19:08:00,Monday,4,YU
19:45:00,Monday,8,YU
19:57:00,Monday,9,YU
20:05:00,Monday,0,YU
20:06:00,Monday,0,YU
20:06:00,Monday,0,BD
20:09:00,Monday,5,YU
20:11:00,Monday,0,YU
20:31:00,Monday,0,YU
21:21:00,Monday,0,BD
21:35:00,Monday,0,YU
21:49:00,Monday,0,YU
22:00:00,Monday,0,YU/BD
22:23:00,Monday,7,YU
23:00:00,Monday,0,YU
23:01:00,Monday,9,BD
23:27:00,Monday,13,BD
23:41:00,Monday,0,YU
00:03:00,Monday,6,YU
00:07:00,Monday,0,YU
00:16:00,Monday,0,YU
00:38:00,Monday,0,YU
00:54:00,Monday,0,YU
00:57:00,Monday,0,YU
01:07:00,Monday,23,YU
01:10:00,Monday,0,YU
02:09:00,Tuesday,0,BD
02:10:00,Tuesday,0,BD
03:02:00,Tuesday,0,YU
05:36:00,Tuesday,4,YU
06:24:00,Tuesday,0,YU
06:33:00,Tuesday,3,YU
06:44:00,Tuesday,5,YU
06:55:00,Tuesday,3,YU
07:07:00,Tuesday,0,YU
07:17:00,Tuesday,4,YU
07:23:00,Tuesday,3,YU
07:26:00,Tuesday,9,YU
07:34:00,Tuesday,0,YU
07:35:00,Tuesday,0,YU
07:37:00,Tuesday,3,YU
08:10:00,Tuesday,0,BD
08:11:00,Tuesday,3,YU
08:20:00,Tuesday,3,BD
08:23:00,Tuesday,3,YU
08:35:00,Tuesday,3,BD
08:40:00,Tuesday,0,YU
08:41:00,Tuesday,3,YU
08:46:00,Tuesday,3,YU
08:46:00,Tuesday,5,YU
08:50:00,Tuesday,0,BD
08:52:00,Tuesday,3,YU
09:12:00,Tuesday,0,BD
09:13:00,Tuesday,0,BD
09:37:00,Tuesday,0,YU
10:39:00,Tuesday,5,YU
10:43:00,Tuesday,0,BD
10:52:00,Tuesday,0,BD
11:16:00,Tuesday,7,BD
11:17:00,Tuesday,4,YU
11:34:00,Tuesday,5,YU
11:43:00,Tuesday,3,YU
11:47:00,Tuesday,0,BD
12:11:00,Tuesday,4,BD
12:24:00,Tuesday,3,YU
12:31:00,Tuesday,0,YU
13:23:00,Tuesday,0,YU
13:23:00,Tuesday,0,YU
13:39:00,Tuesday,5,YU
13:58:00,Tuesday,4,BD
14:12:00,Tuesday,0,BD
14:18:00,Tuesday,5,YU
14:25:00,Tuesday,3,YU
14:33:00,Tuesday,5,YU
14:37:00,Tuesday,0,YU
15:07:00,Tuesday,0,YU
15:14:00,Tuesday,0,BD
15:15:00,Tuesday,0,BD
15:22:00,Tuesday,0,BD
15:34:00,Tuesday,3,YU
16:41:00,Tuesday,3,YU
16:58:00,Tuesday,3,YU
17:08:00,Tuesday,0,BD
17:29:00,Tuesday,5,YU
17:44:00,Tuesday,0,YU
18:29:00,Tuesday,0,YU
18:36:00,Tuesday,0,YU
18:40:00,Tuesday,0,YU
19:27:00,Tuesday,0,YU
19:36:00,Tuesday,0,YU
19:59:00,Tuesday,0,BD
20:00:00,Tuesday,6,YU
20:10:00,Tuesday,0,YU
20:24:00,Tuesday,0,BD
20:43:00,Tuesday,9,YU
20:56:00,Tuesday,3,YU
21:14:00,Tuesday,0,YU
21:30:00,Tuesday,0,YU
21:32:00,Tuesday,3,BD
21:50:00,Tuesday,3,BD
22:00:00,Tuesday,0,YU/BD
22:01:00,Tuesday,0,YU
22:21:00,Tuesday,0,BD
22:41:00,Tuesday,0,YU
23:23:00,Tuesday,0,BD
23:30:00,Tuesday,0,YU
23:33:00,Tuesday,14,YU
23:44:00,Tuesday,0,YU
23:45:00,Tuesday,0,BD
00:28:00,Tuesday,0,YU
00:35:00,Tuesday,0,YU
00:50:00,Tuesday,0,YU
00:57:00,Tuesday,4,YU
01:03:00,Tuesday,0,BD
01:20:00,Tuesday,0,BD
01:21:00,Tuesday,0,BD
01:40:00,Tuesday,9,BD
13:16:00,Tuesday,0,SHP
19:41:00,Tuesday,4,SHP
00:41:00,Tuesday,0,SHP
02:02:00,Wednesday,0,YU
02:43:00,Wednesday,0,BD
03:44:00,Wednesday,0,BD
05:38:00,Wednesday,0,BD
05:39:00,Wednesday,6,YU
05:39:00,Wednesday,0,BD
06:16:00,Wednesday,4,BD
06:17:00,Wednesday,5,BD
06:28:00,Wednesday,4,YU
06:30:00,Wednesday,3,BD
06:33:00,Wednesday,0,BD
07:06:00,Wednesday,5,YU
07:20:00,Wednesday,3,BD
07:57:00,Wednesday,5,BD
08:06:00,Wednesday,0,YU
08:28:00,Wednesday,6,YU
09:14:00,Wednesday,5,BD
09:23:00,Wednesday,0,BD
09:28:00,Wednesday,5,BD
10:12:00,Wednesday,0,YU
10:39:00,Wednesday,0,BD
10:50:00,Wednesday,0,YU
10:59:00,Wednesday,18,YU
11:22:00,Wednesday,3,BD
11:29:00,Wednesday,0,BD
11:48:00,Wednesday,0,BD
11:51:00,Wednesday,6,BD
11:55:00,Wednesday,28,BD
12:03:00,Wednesday,3,YU
12:08:00,Wednesday,4,YU
12:18:00,Wednesday,4,YU
12:30:00,Wednesday,10,YU
12:30:00,Wednesday,0,BD
12:51:00,Wednesday,7,YU
12:56:00,Wednesday,0,BD
13:00:00,Wednesday,0,YU
14:13:00,Wednesday,0,BD
14:39:00,Wednesday,0,BD
14:39:00,Wednesday,0,BD
15:10:00,Wednesday,4,BD
15:14:00,Wednesday,0,YU
15:27:00,Wednesday,3,BD
15:34:00,Wednesday,0,BD
16:01:00,Wednesday,0,BD
16:14:00,Wednesday,0,BD
16:25:00,Wednesday,4,BD
16:31:00,Wednesday,0,YU
16:36:00,Wednesday,0,YU
16:42:00,Wednesday,36,BD
16:49:00,Wednesday,0,YU
17:27:00,Wednesday,12,YU
17:43:00,Wednesday,0,YU
17:43:00,Wednesday,6,YU
18:28:00,Wednesday,0,YU
18:32:00,Wednesday,0,BD
18:40:00,Wednesday,0,BD
18:55:00,Wednesday,0,BD
19:27:00,Wednesday,4,BD
19:29:00,Wednesday,7,YU
19:36:00,Wednesday,4,BD
20:21:00,Wednesday,4,BD
20:31:00,Wednesday,0,BD
20:35:00,Wednesday,5,BD
20:38:00,Wednesday,4,YU
20:45:00,Wednesday,0,YU
21:12:00,Wednesday,5,BD
21:41:00,Wednesday,0,YU
22:00:00,Wednesday,0,YU/BD
22:06:00,Wednesday,0,YU
22:15:00,Wednesday,19,BD
22:46:00,Wednesday,0,BD
23:36:00,Wednesday,0,YU
23:55:00,Wednesday,5,YU
00:22:00,Wednesday,6,YU
00:43:00,Wednesday,0,YU
01:12:00,Wednesday,5,YU
01:14:00,Wednesday,0,YU
05:05:00,Thursday,0,YU
05:11:00,Thursday,0,YU
05:44:00,Thursday,7,BD
05:45:00,Thursday,0,YU
05:53:00,Thursday,4,YU
06:08:00,Thursday,5,YU
06:19:00,Thursday,6,BD
06:20:00,Thursday,5,YU
06:48:00,Thursday,0,BD
07:24:00,Thursday,10,BD
07:53:00,Thursday,5,YU
07:57:00,Thursday,0,BD
08:01:00,Thursday,0,YU
08:03:00,Thursday,0,YU
08:37:00,Thursday,0,YU
08:57:00,Thursday,3,YU
09:04:00,Thursday,0,YU
09:04:00,Thursday,10,BD
09:12:00,Thursday,38,YU
09:21:00,Thursday,3,YU
09:57:00,Thursday,0,YU
10:04:00,Thursday,4,YU
10:11:00,Thursday,5,YU
10:30:00,Thursday,0,YU
10:32:00,Thursday,0,BD
10:41:00,Thursday,6,YU
10:50:00,Thursday,0,YU
11:47:00,Thursday,5,YU
12:18:00,Thursday,9,BD
12:26:00,Thursday,0,YU
12:32:00,Thursday,10,YU
12:35:00,Thursday,5,YU
12:51:00,Thursday,0,BD
13:04:00,Thursday,0,YU
13:08:00,Thursday,0,BD
13:51:00,Thursday,0,BD
14:36:00,Thursday,12,YU
15:38:00,Thursday,9,YU
16:08:00,Thursday,16,YU
16:25:00,Thursday,10,YU
16:30:00,Thursday,0,YU
16:48:00,Thursday,5,YU
16:50:00,Thursday,5,YU
17:18:00,Thursday,3,YU
17:42:00,Thursday,0,YU
17:55:00,Thursday,0,BD
18:03:00,Thursday,0,BD
18:12:00,Thursday,0,BD
19:12:00,Thursday,7,YU
19:15:00,Thursday,0,YU
19:28:00,Thursday,0,BD
19:45:00,Thursday,14,BD
19:52:00,Thursday,14,YU
20:27:00,Thursday,9,YU
21:05:00,Thursday,0,BD
21:26:00,Thursday,14,YU
21:36:00,Thursday,27,YU
21:48:00,Thursday,0,BD
21:48:00,Thursday,0,YU
22:00:00,Thursday,0,YU/BD
22:59:00,Thursday,4,YU
23:11:00,Thursday,0,YU
23:11:00,Thursday,0,YU
23:12:00,Thursday,5,YU
23:15:00,Thursday,0,BD
23:18:00,Thursday,0,BD
23:31:00,Thursday,0,YU
23:48:00,Thursday,9,YU
00:24:00,Thursday,0,YU
01:01:00,Thursday,3,YU
01:01:00,Thursday,0,YU
01:41:00,Thursday,0,YU
01:46:00,Thursday,4,BD
01:47:00,Thursday,9,YU
06:02:00,Thursday,0,SHP
10:22:00,Thursday,0,SHP
12:39:00,Thursday,14,SHP
12:57:00,Thursday,0,SHP
02:19:00,Friday,0,YU
02:20:00,Friday,15,YU
02:49:00,Friday,0,YU
02:52:00,Friday,0,YU
03:12:00,Friday,0,YU
04:13:00,Friday,0,YU
04:49:00,Friday,0,YU
05:07:00,Friday,4,BD
05:42:00,Friday,4,YU
05:55:00,Friday,6,BD
05:57:00,Friday,3,BD
06:08:00,Friday,7,YU
06:37:00,Friday,5,YU
06:37:00,Friday,0,YU
06:47:00,Friday,0,BD
07:18:00,Friday,4,BD
07:27:00,Friday,0,BD
07:41:00,Friday,3,BD
07:45:00,Friday,0,YU
07:47:00,Friday,0,BD
08:07:00,Friday,10,BD
08:09:00,Friday,0,BD
08:26:00,Friday,16,YU
08:26:00,Friday,3,YU
08:29:00,Friday,0,BD
09:11:00,Friday,0,YU
09:20:00,Friday,0,BD
09:23:00,Friday,0,YU
09:26:00,Friday,0,BD
09:28:00,Friday,0,BD
10:37:00,Friday,0,BD
11:06:00,Friday,0,BD
11:25:00,Friday,0,YU
11:27:00,Friday,4,YU
11:37:00,Friday,5,YU
11:42:00,Friday,4,YU
11:55:00,Friday,3,BD
12:00:00,Friday,3,YU
12:19:00,Friday,4,BD
12:37:00,Friday,4,YU
13:24:00,Friday,0,YU
13:27:00,Friday,4,BD
13:27:00,Friday,0,BD
13:28:00,Friday,4,BD
13:42:00,Friday,0,YU
13:59:00,Friday,0,YU
14:05:00,Friday,5,YU
14:09:00,Friday,0,YU
14:10:00,Friday,3,YU
14:10:00,Friday,4,YU
14:14:00,Friday,4,BD
14:23:00,Friday,0,YU
14:35:00,Friday,0,BD
14:49:00,Friday,0,BD
15:27:00,Friday,0,YU
15:29:00,Friday,0,YU
15:37:00,Friday,0,YU
15:56:00,Friday,16,YU
17:12:00,Friday,0,YU
17:46:00,Friday,10,YU
17:55:00,Friday,0,YU
18:18:00,Friday,0,YU
18:28:00,Friday,7,YU
18:49:00,Friday,0,YU
19:15:00,Friday,0,YU
19:27:00,Friday,3,YU
19:41:00,Friday,5,YU
19:44:00,Friday,0,YU
20:01:00,Friday,9,YU
20:12:00,Friday,0,BD
20:29:00,Friday,0,YU
20:32:00,Friday,0,YU
20:35:00,Friday,5,YU
20:37:00,Friday,0,YU
20:43:00,Friday,11,BD
20:45:00,Friday,5,YU
20:50:00,Friday,0,YU
20:57:00,Friday,6,YU
21:02:00,Friday,6,BD
21:16:00,Friday,0,YU
21:16:00,Friday,11,BD
22:00:00,Friday,0,YU/BD
22:02:00,Friday,0,BD
22:07:00,Friday,0,YU
22:16:00,Friday,5,YU
22:22:00,Friday,0,BD
22:23:00,Friday,5,YU
22:27:00,Friday,0,YU
22:51:00,Friday,0,YU
23:35:00,Friday,0,BD
23:45:00,Friday,0,BD
00:01:00,Friday,0,YU
00:22:00,Friday,0,BD
00:23:00,Friday,0,YU
00:43:00,Friday,0,YU
01:05:00,Friday,6,YU
01:22:00,Friday,11,BD
01:26:00,Friday,0,YU
00:03:00,Friday,4,SHP
02:05:00,Saturday,0,YU
02:17:00,Saturday,0,YU
02:25:00,Saturday,0,BD
02:56:00,Saturday,0,YU
05:53:00,Saturday,6,BD
06:00:00,Saturday,0,YU
06:00:00,Saturday,0,BD
06:04:00,Saturday,5,BD
06:13:00,Saturday,3,YU
06:19:00,Saturday,7,YU
06:35:00,Saturday,6,BD
06:37:00,Saturday,4,YU
06:38:00,Saturday,5,YU
06:48:00,Saturday,0,YU
07:00:00,Saturday,0,YU
07:04:00,Saturday,0,BD
07:53:00,Saturday,0,BD
08:46:00,Saturday,0,BD
09:26:00,Saturday,0,BD
09:28:00,Saturday,0,YU
09:44:00,Saturday,5,YU
10:34:00,Saturday,0,BD
10:34:00,Saturday,0,BD
10:40:00,Saturday,0,BD
10:44:00,Saturday,5,BD
10:55:00,Saturday,16,BD
11:23:00,Saturday,4,YU
11:28:00,Saturday,0,BD
11:55:00,Saturday,4,YU
12:27:00,Saturday,0,YU
12:33:00,Saturday,0,BD
12:44:00,Saturday,7,YU
13:21:00,Saturday,6,YU
13:31:00,Saturday,5,BD
13:40:00,Saturday,0,BD
13:59:00,Saturday,0,YU
14:46:00,Saturday,0,YU
14:50:00,Saturday,6,YU
15:42:00,Saturday,0,YU
15:46:00,Saturday,0,YU
16:00:00,Saturday,0,YU
16:43:00,Saturday,0,YU
16:52:00,Saturday,5,BD
16:57:00,Saturday,0,BD
17:10:00,Saturday,0,BD
18:18:00,Saturday,3,BD
18:19:00,Saturday,0,YU
19:07:00,Saturday,5,YU
19:31:00,Saturday,0,BD
20:34:00,Saturday,0,BD
20:37:00,Saturday,3,BD
20:39:00,Saturday,7,YU
21:02:00,Saturday,5,YU
21:07:00,Saturday,0,BD
21:42:00,Saturday,5,BD
22:00:00,Saturday,0,YU/BD
22:01:00,Saturday,0,BD
22:08:00,Saturday,10,YU
22:24:00,Saturday,0,YU
22:30:00,Saturday,0,BD
22:30:00,Saturday,0,BD
22:46:00,Saturday,0,YU
22:51:00,Saturday,6,YU
23:13:00,Saturday,5,BD
23:21:00,Saturday,5,YU
23:46:00,Saturday,5,YU
23:52:00,Saturday,0,BD
01:14:00,Saturday,4,YU
01:24:00,Saturday,8,YU
01:48:00,Saturday,0,YU
10:54:00,Saturday,0,SHP
08:00:00,Sunday,0,YU
08:20:00,Sunday,4,BD
08:27:00,Sunday,0,YU
08:32:00,Sunday,0,YU
08:37:00,Sunday,0,YU
09:45:00,Sunday,0,YU
10:01:00,Sunday,8,YU
10:28:00,Sunday,6,YU
10:45:00,Sunday,0,BD
11:28:00,Sunday,0,BD
13:06:00,Sunday,10,YU
13:16:00,Sunday,4,YU
13:20:00,Sunday,6,YU
13:24:00,Sunday,22,BD
13:57:00,Sunday,7,YU
14:27:00,Sunday,0,YU
15:00:00,Sunday,4,BD
15:08:00,Sunday,0,YU
15:31:00,Sunday,0,YU
16:24:00,Sunday,0,BD
16:41:00,Sunday,0,YU
16:47:00,Sunday,3,BD
17:01:00,Sunday,0,YU
17:10:00,Sunday,0,BD
17:27:00,Sunday,5,YU
17:41:00,Sunday,12,YU
18:11:00,Sunday,17,YU
18:19:00,Sunday,3,YU
18:50:00,Sunday,8,YU
19:14:00,Sunday,0,YU
19:52:00,Sunday,0,YU
19:55:00,Sunday,0,YU
20:10:00,Sunday,5,BD
20:26:00,Sunday,4,YU
20:30:00,Sunday,0,BD
20:41:00,Sunday,0,YU
21:38:00,Sunday,0,BD
21:38:00,Sunday,0,YU
21:56:00,Sunday,0,BD
22:00:00,Sunday,0,YU/BD
22:12:00,Sunday,0,BD
22:29:00,Sunday,0,YU
22:31:00,Sunday,0,BD
22:40:00,Sunday,5,BD
22:41:00,Sunday,0,YU
22:54:00,Sunday,7,YU
23:40:00,Sunday,0,YU
23:45:00,Sunday,0,YU
23:56:00,Sunday,3,BD
23:57:00,Sunday,10,YU
00:13:00,Sunday,0,YU
00:15:00,Sunday,0,YU
01:34:00,Sunday,0,BD
07:32:00,Sunday,0,SHP
20:05:00,Sunday,0,SHP
02:17:00,Monday,0,YU
02:34:00,Monday,0,YU
02:44:00,Monday,0,YU
04:13:00,Monday,0,YU
05:31:00,Monday,0,BD
06:17:00,Monday,7,YU
06:39:00,Monday,0,YU
06:59:00,Monday,0,BD
07:18:00,Monday,6,BD
07:26:00,Monday,3,BD
08:06:00,Monday,10,YU
08:22:00,Monday,0,YU
08:30:00,Monday,0,BD
09:04:00,Monday,14,YU
09:22:00,Monday,11,YU
09:29:00,Monday,0,BD
09:50:00,Monday,0,YU
10:03:00,Monday,5,YU
10:12:00,Monday,6,YU
10:26:00,Monday,0,YU
11:31:00,Monday,0,YU
12:25:00,Monday,3,BD
12:54:00,Monday,0,BD
12:54:00,Monday,0,YU
13:19:00,Monday,0,YU
13:48:00,Monday,0,YU
13:51:00,Monday,7,YU
14:28:00,Monday,0,YU
14:38:00,Monday,4,BD
14:57:00,Monday,0,YU
15:02:00,Monday,0,BD
15:26:00,Monday,0,YU
15:39:00,Monday,0,YU
16:28:00,Monday,0,BD
16:29:00,Monday,5,BD
16:42:00,Monday,0,BD
17:02:00,Monday,3,YU
17:04:00,Monday,0,BD
17:12:00,Monday,0,BD
17:30:00,Monday,5,YU
17:36:00,Monday,0,BD
18:05:00,Monday,5,BD
18:05:00,Monday,15,BD
18:12:00,Monday,6,YU
18:26:00,Monday,3,BD
18:33:00,Monday,0,BD
18:37:00,Monday,0,YU
19:06:00,Monday,8,YU
19:15:00,Monday,0,YU
19:23:00,Monday,0,YU
19:53:00,Monday,0,YU
20:10:00,Monday,4,YU
20:45:00,Monday,0,YU
20:52:00,Monday,0,YU
21:07:00,Monday,4,YU
21:20:00,Monday,0,BD
21:38:00,Monday,5,BD
21:47:00,Monday,0,BD
21:59:00,Monday,4,YU
22:00:00,Monday,0,YU/BD
22:07:00,Monday,25,YU
23:00:00,Monday,0,YU
23:01:00,Monday,0,BD
23:20:00,Monday,36,YU
00:31:00,Monday,0,BD
00:58:00,Monday,0,YU
01:26:00,Monday,12,YU
01:27:00,Monday,0,YU
01:35:00,Monday,5,BD
01:42:00,Monday,0,YU
02:07:00,Tuesday,0,BD
02:09:00,Tuesday,0,YU
02:09:00,Tuesday,0,YU
02:44:00,Tuesday,0,YU
05:15:00,Tuesday,19,BD
05:36:00,Tuesday,0,BD
05:50:00,Tuesday,5,BD
06:00:00,Tuesday,5,BD
06:17:00,Tuesday,135,BD
06:24:00,Tuesday,0,YU
06:48:00,Tuesday,7,YU
07:10:00,Tuesday,0,BD
07:11:00,Tuesday,0,BD
08:39:00,Tuesday,3,YU
08:55:00,Tuesday,3,YU
08:58:00,Tuesday,3,YU
09:07:00,Tuesday,0,BD
09:20:00,Tuesday,0,YU
09:59:00,Tuesday,7,YU
10:28:00,Tuesday,0,BD
11:06:00,Tuesday,9,BD
11:58:00,Tuesday,4,BD
12:18:00,Tuesday,3,BD
12:34:00,Tuesday,3,BD
12:49:00,Tuesday,3,BD
13:11:00,Tuesday,0,BD
13:13:00,Tuesday,5,YU
13:35:00,Tuesday,0,YU
13:40:00,Tuesday,0,BD
13:41:00,Tuesday,0,YU
13:45:00,Tuesday,3,YU
13:53:00,Tuesday,0,BD
14:00:00,Tuesday,0,YU
14:02:00,Tuesday,0,YU
14:06:00,Tuesday,11,YU
14:45:00,Tuesday,0,YU
15:32:00,Tuesday,0,YU
15:42:00,Tuesday,0,BD
15:44:00,Tuesday,3,YU
15:50:00,Tuesday,3,YU
16:21:00,Tuesday,0,YU
16:28:00,Tuesday,0,YU
16:32:00,Tuesday,0,YU
17:04:00,Tuesday,0,YU
17:08:00,Tuesday,0,BD
17:11:00,Tuesday,0,YU
17:14:00,Tuesday,0,YU
17:15:00,Tuesday,0,YU
17:45:00,Tuesday,0,YU
17:47:00,Tuesday,0,BD
17:51:00,Tuesday,0,BD
17:59:00,Tuesday,0,BD
18:04:00,Tuesday,0,BD
18:11:00,Tuesday,3,YU
18:20:00,Tuesday,3,BD
18:30:00,Tuesday,0,BD
19:17:00,Tuesday,4,BD
19:25:00,Tuesday,0,YU
19:30:00,Tuesday,3,YU
20:02:00,Tuesday,0,YU
21:37:00,Tuesday,0,YU
22:00:00,Tuesday,0,YU/BD
22:33:00,Tuesday,0,YU
22:38:00,Tuesday,0,YU
22:42:00,Tuesday,11,YU
22:49:00,Tuesday,0,YU
23:05:00,Tuesday,59,YU
23:08:00,Tuesday,0,BD
23:13:00,Tuesday,0,YU
23:35:00,Tuesday,0,YU
00:55:00,Tuesday,0,YU
01:21:00,Tuesday,0,YU
01:21:00,Tuesday,5,BD
01:33:00,Tuesday,0,YU
01:36:00,Tuesday,0,YU
03:58:00,Wednesday,0,YU
04:49:00,Wednesday,11,BD
06:01:00,Wednesday,7,YU
06:01:00,Wednesday,5,YU
06:02:00,Wednesday,5,YU
06:43:00,Wednesday,0,YU
07:12:00,Wednesday,0,BD
07:38:00,Wednesday,7,YU
07:54:00,Wednesday,10,BD
08:32:00,Wednesday,5,YU
08:41:00,Wednesday,6,YU
08:43:00,Wednesday,0,YU
08:47:00,Wednesday,17,BD
08:47:00,Wednesday,3,YU
09:01:00,Wednesday,17,YU
09:19:00,Wednesday,5,BD
09:25:00,Wednesday,4,BD
09:28:00,Wednesday,0,BD
09:34:00,Wednesday,0,BD
09:37:00,Wednesday,0,YU
10:32:00,Wednesday,0,YU
10:45:00,Wednesday,0,YU
11:01:00,Wednesday,0,YU
11:23:00,Wednesday,0,BD
11:45:00,Wednesday,3,BD
11:47:00,Wednesday,0,YU
11:49:00,Wednesday,0,BD
12:46:00,Wednesday,8,YU
12:49:00,Wednesday,9,BD
13:07:00,Wednesday,0,BD
13:14:00,Wednesday,8,YU
13:15:00,Wednesday,0,YU
13:22:00,Wednesday,4,YU
13:40:00,Wednesday,3,YU
13:47:00,Wednesday,9,YU
13:54:00,Wednesday,29,BD
14:10:00,Wednesday,6,YU
14:17:00,Wednesday,0,BD
14:22:00,Wednesday,15,YU
14:23:00,Wednesday,3,YU
14:34:00,Wednesday,0,YU
15:02:00,Wednesday,0,YU
15:05:00,Wednesday,19,YU
15:24:00,Wednesday,10,BD
15:27:00,Wednesday,5,YU
16:15:00,Wednesday,0,YU
16:16:00,Wednesday,0,BD
16:21:00,Wednesday,3,YU
16:24:00,Wednesday,0,BD
16:39:00,Wednesday,3,YU
16:52:00,Wednesday,0,YU
16:59:00,Wednesday,12,BD
17:02:00,Wednesday,0,BD
17:03:00,Wednesday,3,YU
17:08:00,Wednesday,3,BD
17:09:00,Wednesday,3,YU
17:31:00,Wednesday,0,BD
18:00:00,Wednesday,0,BD
18:28:00,Wednesday,0,BD
18:33:00,Wednesday,0,BD
18:36:00,Wednesday,5,BD
18:44:00,Wednesday,0,BD
18:45:00,Wednesday,0,YU
18:50:00,Wednesday,0,YU
18:58:00,Wednesday,0,YU
19:29:00,Wednesday,0,BD
19:43:00,Wednesday,0,YU
19:44:00,Wednesday,5,YU
19:47:00,Wednesday,12,YU
20:01:00,Wednesday,0,YU
20:20:00,Wednesday,0,BD
20:35:00,Wednesday,5,BD
20:56:00,Wednesday,5,YU
21:02:00,Wednesday,4,YU
21:27:00,Wednesday,0,YU
21:29:00,Wednesday,0,YU
22:00:00,Wednesday,0,YU/BD
22:13:00,Wednesday,5,BD
22:14:00,Wednesday,3,BD
22:36:00,Wednesday,0,BD
22:52:00,Wednesday,0,YU
22:54:00,Wednesday,0,BD
23:00:00,Wednesday,0,YU
23:01:00,Wednesday,10,BD
23:21:00,Wednesday,0,YU
00:21:00,Wednesday,0,BD
00:31:00,Wednesday,0,YU
00:56:00,Wednesday,10,BD
00:59:00,Wednesday,0,YU
01:10:00,Wednesday,0,BD
01:21:00,Wednesday,0,YU
01:32:00,Wednesday,0,BD
20:53:00,Wednesday,5,SHP
02:04:00,Thursday,0,BD
02:14:00,Thursday,0,YU
02:33:00,Thursday,0,BD
02:38:00,Thursday,0,BD
05:22:00,Thursday,0,YU
05:53:00,Thursday,0,BD
06:02:00,Thursday,0,YU
06:32:00,Thursday,0,BD
06:57:00,Thursday,0,YU
07:04:00,Thursday,0,BD
07:19:00,Thursday,0,BD
07:55:00,Thursday,0,YU
08:17:00,Thursday,7,YU
08:23:00,Thursday,0,YU
08:28:00,Thursday,3,BD
08:36:00,Thursday,0,BD
08:50:00,Thursday,0,YU
08:58:00,Thursday,3,YU
09:25:00,Thursday,13,BD
09:57:00,Thursday,0,BD
11:03:00,Thursday,0,BD
11:12:00,Thursday,0,BD
11:32:00,Thursday,0,BD
11:53:00,Thursday,0,YU
12:05:00,Thursday,3,BD
12:11:00,Thursday,0,BD
12:15:00,Thursday,5,YU
12:32:00,Thursday,0,YU
12:57:00,Thursday,5,YU
13:17:00,Thursday,4,YU
13:33:00,Thursday,6,BD
13:34:00,Thursday,0,YU
13:38:00,Thursday,4,BD
13:40:00,Thursday,0,YU
13:45:00,Thursday,5,YU
13:57:00,Thursday,0,BD
14:19:00,Thursday,0,BD
14:35:00,Thursday,0,YU
15:41:00,Thursday,3,YU
16:35:00,Thursday,0,BD
16:52:00,Thursday,3,YU
17:59:00,Thursday,0,YU
18:26:00,Thursday,0,YU
18:31:00,Thursday,0,YU
19:03:00,Thursday,0,BD
19:16:00,Thursday,0,BD
19:17:00,Thursday,0,BD
19:28:00,Thursday,0,BD
19:29:00,Thursday,0,YU
19:40:00,Thursday,25,YU
19:46:00,Thursday,0,YU
20:14:00,Thursday,0,BD
21:39:00,Thursday,29,YU
21:42:00,Thursday,0,BD
22:00:00,Thursday,0,YU/BD
22:18:00,Thursday,0,BD
22:21:00,Thursday,0,YU
23:44:00,Thursday,12,BD
00:54:00,Thursday,12,BD
01:07:00,Thursday,0,BD
12:53:00,Thursday,0,SHP
05:38:00,Friday,0,BD
05:43:00,Friday,20,YU
05:59:00,Friday,8,YU
06:04:00,Friday,4,YU
06:10:00,Friday,0,BD
06:43:00,Friday,0,BD
07:03:00,Friday,3,YU
07:12:00,Friday,5,BD
07:15:00,Friday,0,YU
07:24:00,Friday,0,BD
08:06:00,Friday,0,BD
08:18:00,Friday,0,YU
08:32:00,Friday,4,BD
10:02:00,Friday,0,YU
10:28:00,Friday,0,BD
10:49:00,Friday,0,YU
11:04:00,Friday,5,YU
11:11:00,Friday,10,YU
11:15:00,Friday,10,BD
11:33:00,Friday,0,BD
11:35:00,Friday,0,YU
11:48:00,Friday,0,YU
12:21:00,Friday,0,BD
12:46:00,Friday,3,YU
13:11:00,Friday,0,YU
13:32:00,Friday,0,YU
13:35:00,Friday,0,BD
13:42:00,Friday,0,YU
13:49:00,Friday,3,YU
14:04:00,Friday,0,YU
14:13:00,Friday,5,YU
15:10:00,Friday,6,YU
15:33:00,Friday,0,YU
15:34:00,Friday,6,YU
16:01:00,Friday,78,YU
17:08:00,Friday,0,BD
17:10:00,Friday,0,YU
17:36:00,Friday,0,BD
17:37:00,Friday,10,YU
17:53:00,Friday,3,YU
18:08:00,Friday,9,YU
18:18:00,Friday,0,BD
18:43:00,Friday,3,YU
19:37:00,Friday,4,YU
20:03:00,Friday,6,YU
20:44:00,Friday,0,BD
21:15:00,Friday,0,BD
21:27:00,Friday,0,YU
22:00:00,Friday,0,YU/BD
22:14:00,Friday,17,YU
23:31:00,Friday,0,YU
23:35:00,Friday,17,BD
23:45:00,Friday,3,BD
00:54:00,Friday,15,YU
01:03:00,Friday,12,YU
01:24:00,Friday,0,YU
01:43:00,Friday,0,YU
10:46:00,Friday,3,SHP
13:48:00,Friday,0,SHP
00:22:00,Friday,0,SHP
04:44:00,Saturday,0,YU
05:31:00,Saturday,0,BD
05:48:00,Saturday,0,BD
05:59:00,Saturday,5,BD
06:10:00,Saturday,9,YU
06:34:00,Saturday,12,YU
06:43:00,Saturday,0,YU
07:43:00,Saturday,0,YU
09:33:00,Saturday,3,BD
09:47:00,Saturday,0,BD
09:50:00,Saturday,12,BD
10:33:00,Saturday,0,YU
10:43:00,Saturday,6,BD
10:54:00,Saturday,0,YU
11:04:00,Saturday,4,YU
11:21:00,Saturday,0,YU
11:22:00,Saturday,4,YU
11:42:00,Saturday,0,YU
11:43:00,Saturday,0,YU
11:45:00,Saturday,0,YU
11:46:00,Saturday,5,YU
12:08:00,Saturday,6,YU
12:09:00,Saturday,0,YU
12:25:00,Saturday,6,BD
13:09:00,Saturday,7,YU
13:26:00,Saturday,0,YU
13:32:00,Saturday,53,YU
14:05:00,Saturday,0,YU
14:23:00,Saturday,0,YU
14:25:00,Saturday,4,YU
15:37:00,Saturday,0,YU
15:52:00,Saturday,0,BD
17:11:00,Saturday,0,YU
18:22:00,Saturday,0,YU
18:26:00,Saturday,0,BD
18:45:00,Saturday,21,YU
19:00:00,Saturday,14,BD
19:15:00,Saturday,0,YU
19:15:00,Saturday,0,BD
19:28:00,Saturday,11,YU
19:44:00,Saturday,0,BD
20:02:00,Saturday,0,BD
20:09:00,Saturday,0,BD
20:31:00,Saturday,0,YU
20:54:00,Saturday,0,BD
21:38:00,Saturday,17,YU
22:00:00,Saturday,0,YU/BD
22:08:00,Saturday,5,YU
22:11:00,Saturday,0,YU
22:24:00,Saturday,14,YU
22:33:00,Saturday,5,YU
22:39:00,Saturday,0,YU
22:50:00,Saturday,0,BLOOR DANFORTH
23:19:00,Saturday,4,BD
23:44:00,Saturday,5,YU
23:46:00,Saturday,0,YU
00:06:00,Saturday,0,YU
00:31:00,Saturday,0,BD
01:27:00,Saturday,7,YU
01:30:00,Saturday,0,BD
01:50:00,Saturday,0,YU
02:36:00,Saturday,0,SHP
21:06:00,Saturday,0,SHP
02:17:00,Sunday,0,BD
02:41:00,Sunday,0,YU
02:55:00,Sunday,0,BD
04:06:00,Sunday,0,BD
04:49:00,Sunday,0,BD
06:46:00,Sunday,0,YU
07:36:00,Sunday,0,YU
07:57:00,Sunday,16,YU
08:00:00,Sunday,0,BD
08:06:00,Sunday,20,YU
08:14:00,Sunday,6,BD
08:38:00,Sunday,6,BD
09:32:00,Sunday,0,BD
09:53:00,Sunday,0,BD
09:56:00,Sunday,24,YU
10:02:00,Sunday,4,YU
10:28:00,Sunday,0,BD
10:41:00,Sunday,4,BD
10:57:00,Sunday,3,YU
11:42:00,Sunday,0,YU
12:15:00,Sunday,4,YU
12:29:00,Sunday,4,YU
12:45:00,Sunday,0,BD
13:03:00,Sunday,0,YU
13:03:00,Sunday,0,YU
14:00:00,Sunday,3,YU
14:01:00,Sunday,3,YU
14:28:00,Sunday,0,BD
14:49:00,Sunday,0,YU
14:58:00,Sunday,0,YU
15:22:00,Sunday,0,YU
15:52:00,Sunday,0,BD
16:01:00,Sunday,18,BD
16:01:00,Sunday,18,YU
16:03:00,Sunday,3,YU
16:11:00,Sunday,0,BD
16:26:00,Sunday,0,YU
17:01:00,Sunday,8,YU
17:05:00,Sunday,0,BD
17:08:00,Sunday,0,YU
17:09:00,Sunday,0,BD
17:14:00,Sunday,0,YU
17:20:00,Sunday,0,BD
17:54:00,Sunday,5,YU
18:14:00,Sunday,0,YU
18:53:00,Sunday,0,BD
19:00:00,Sunday,0,BD
19:18:00,Sunday,0,BD
21:56:00,Sunday,0,BD
22:00:00,Sunday,0,YU/BD
22:51:00,Sunday,0,BD
23:33:00,Sunday,16,YU
23:40:00,Sunday,6,YU
23:43:00,Sunday,0,BD
23:52:00,Sunday,10,YU
00:19:00,Sunday,0,BD
00:29:00,Sunday,0,BD
00:33:00,Sunday,6,YU
00:40:00,Sunday,0,YU
00:43:00,Sunday,6,YU
01:07:00,Sunday,0,YU
01:44:00,Sunday,0,BD
18:34:00,Sunday,0,SHP
03:31:00,Monday,0,YU
06:36:00,Monday,0,BD
06:46:00,Monday,0,YU
07:11:00,Monday,0,BD
07:41:00,Monday,0,YU
07:43:00,Monday,3,YU
08:04:00,Monday,0,BD
08:05:00,Monday,0,BD
08:11:00,Monday,3,YU
08:18:00,Monday,6,BD
08:24:00,Monday,0,YU
08:25:00,Monday,3,BD
08:45:00,Monday,3,YU
08:48:00,Monday,0,YU
08:52:00,Monday,5,YU
08:53:00,Monday,0,BD
09:52:00,Monday,0,YU
09:56:00,Monday,0,BD
10:24:00,Monday,0,YU
10:33:00,Monday,0,YU
11:20:00,Monday,0,BD
11:27:00,Monday,0,BD
11:31:00,Monday,0,YU
11:35:00,Monday,5,YU
11:45:00,Monday,0,YU
12:01:00,Monday,4,YU
12:02:00,Monday,0,YU
12:10:00,Monday,0,YU
12:11:00,Monday,3,YU
12:19:00,Monday,0,YU
12:45:00,Monday,0,BD
12:55:00,Monday,0,YU
13:26:00,Monday,0,YU
13:47:00,Monday,0,BD
15:47:00,Monday,12,YU
17:09:00,Monday,0,BD
17:30:00,Monday,4,BD
17:39:00,Monday,6,YU
17:57:00,Monday,0,YU
18:09:00,Monday,0,BD
18:12:00,Monday,0,BD
18:38:00,Monday,0,BD
19:39:00,Monday,6,YU
19:42:00,Monday,4,YU
19:53:00,Monday,6,YU
20:18:00,Monday,3,YU
20:26:00,Monday,5,BD
20:37:00,Monday,0,YU
20:46:00,Monday,5,BD
21:10:00,Monday,21,YU
21:10:00,Monday,0,YU
21:35:00,Monday,0,YU
21:45:00,Monday,0,YU
21:54:00,Monday,18,BD
22:00:00,Monday,0,YU/BD
22:05:00,Monday,9,YU
22:25:00,Monday,0,BD
22:26:00,Monday,0,YU
22:36:00,Monday,0,BD
22:42:00,Monday,7,YU
23:00:00,Monday,0,YU
23:37:00,Monday,10,YU
23:44:00,Monday,0,YU
00:10:00,Monday,0,BD
00:59:00,Monday,5,YU
01:08:00,Monday,5,YU
01:13:00,Monday,0,YU
01:13:00,Monday,5,BD
05:55:00,Monday,0,SHP
07:12:00,Monday,0,SHP
02:17:00,Tuesday,0,YU
02:44:00,Tuesday,0,BD
02:50:00,Tuesday,0,YU
04:33:00,Tuesday,0,YU
05:44:00,Tuesday,0,YU
05:44:00,Tuesday,3,YU
06:05:00,Tuesday,7,BD
06:09:00,Tuesday,0,BD
06:46:00,Tuesday,0,YU
06:49:00,Tuesday,5,YU
06:55:00,Tuesday,5,YU
07:32:00,Tuesday,0,YU
07:32:00,Tuesday,0,YU
07:49:00,Tuesday,0,YU
07:50:00,Tuesday,4,BD
08:52:00,Tuesday,3,YU
09:03:00,Tuesday,5,YU
09:40:00,Tuesday,15,YU
10:34:00,Tuesday,0,YU
10:48:00,Tuesday,0,BD
11:04:00,Tuesday,0,BD
11:43:00,Tuesday,7,YU
12:02:00,Tuesday,0,YU
12:03:00,Tuesday,0,YU
12:17:00,Tuesday,0,BD
12:38:00,Tuesday,5,YU
13:00:00,Tuesday,0,BD
13:05:00,Tuesday,0,BD
13:06:00,Tuesday,0,BD
13:17:00,Tuesday,0,BD
13:20:00,Tuesday,0,YU
13:36:00,Tuesday,0,YU
13:53:00,Tuesday,0,BD
14:00:00,Tuesday,3,BD
14:16:00,Tuesday,3,YU
14:18:00,Tuesday,0,BD
14:24:00,Tuesday,0,YU
14:30:00,Tuesday,0,YU
14:33:00,Tuesday,6,YU
14:51:00,Tuesday,0,BD
14:59:00,Tuesday,0,YU
15:16:00,Tuesday,5,YU
15:43:00,Tuesday,0,BD
15:52:00,Tuesday,0,BD
16:10:00,Tuesday,0,YU
16:16:00,Tuesday,0,YU
16:44:00,Tuesday,0,BD
16:45:00,Tuesday,0,BD
16:54:00,Tuesday,0,YU
16:56:00,Tuesday,0,BD
16:56:00,Tuesday,0,BD
17:04:00,Tuesday,0,YU
17:16:00,Tuesday,0,YU
17:21:00,Tuesday,0,YU
17:22:00,Tuesday,3,YU
17:27:00,Tuesday,4,YU
18:05:00,Tuesday,5,YU
18:10:00,Tuesday,0,BD
18:27:00,Tuesday,3,YU
18:38:00,Tuesday,3,YU
18:50:00,Tuesday,4,BD
18:57:00,Tuesday,0,YU
19:12:00,Tuesday,0,YU
19:23:00,Tuesday,3,YU
19:30:00,Tuesday,5,BD
19:32:00,Tuesday,0,YU
19:34:00,Tuesday,4,BD
20:10:00,Tuesday,0,BD
20:31:00,Tuesday,27,YU
20:32:00,Tuesday,25,BD
20:37:00,Tuesday,9,YU
21:11:00,Tuesday,0,YU
22:00:00,Tuesday,0,YU/BD
22:28:00,Tuesday,0,YU
22:49:00,Tuesday,12,BD
23:00:00,Tuesday,0,YU
23:02:00,Tuesday,6,BD
23:03:00,Tuesday,0,YU
23:06:00,Tuesday,0,YU
23:15:00,Tuesday,3,BD
23:32:00,Tuesday,0,YU
23:45:00,Tuesday,0,BD
00:09:00,Tuesday,3,YU
00:34:00,Tuesday,3,YU
00:42:00,Tuesday,0,YU
01:03:00,Tuesday,0,BD
01:07:00,Tuesday,0,YU
01:11:00,Tuesday,0,BD
01:33:00,Tuesday,6,BD
01:48:00,Tuesday,0,YU
01:48:00,Tuesday,0,YU
01:59:00,Tuesday,0,BD
08:02:00,Tuesday,0,SHP
23:45:00,Tuesday,15,SHP
02:02:00,Wednesday,0,BD
02:06:00,Wednesday,0,BD
03:09:00,Wednesday,0,YU
03:15:00,Wednesday,0,YU
05:25:00,Wednesday,0,YU
05:37:00,Wednesday,0,BD
07:34:00,Wednesday,4,YU
07:45:00,Wednesday,3,YU
08:24:00,Wednesday,0,BD
08:30:00,Wednesday,0,BD
08:46:00,Wednesday,0,YU
09:06:00,Wednesday,0,BD
09:39:00,Wednesday,0,BD
09:41:00,Wednesday,0,BD
10:01:00,Wednesday,0,BD
10:10:00,Wednesday,0,BD
10:46:00,Wednesday,0,YU
10:52:00,Wednesday,0,YU
11:46:00,Wednesday,0,YU
11:48:00,Wednesday,0,BD
11:57:00,Wednesday,0,BD
12:08:00,Wednesday,0,YU
13:58:00,Wednesday,0,BD
15:25:00,Wednesday,5,BD
15:35:00,Wednesday,5,YU
15:44:00,Wednesday,0,BD
15:48:00,Wednesday,3,BD
16:18:00,Wednesday,0,BD
16:20:00,Wednesday,0,YU
16:31:00,Wednesday,3,YU
16:57:00,Wednesday,0,YU
17:05:00,Wednesday,3,YU
17:10:00,Wednesday,4,YU
17:16:00,Wednesday,5,YU
17:24:00,Wednesday,0,YU
17:26:00,Wednesday,0,YU
17:28:00,Wednesday,0,BD
17:39:00,Wednesday,0,YU
18:07:00,Wednesday,0,BD
18:31:00,Wednesday,0,YU
19:01:00,Wednesday,0,BD
19:13:00,Wednesday,0,YU
19:26:00,Wednesday,3,YU
19:48:00,Wednesday,0,YU
20:01:00,Wednesday,0,BD
20:25:00,Wednesday,13,BD
20:29:00,Wednesday,0,BD
21:00:00,Wednesday,0,BD
21:17:00,Wednesday,0,YU
21:28:00,Wednesday,0,YU
21:32:00,Wednesday,0,YU
21:45:00,Wednesday,0,YU
21:53:00,Wednesday,0,BD
22:00:00,Wednesday,0,YU/BD
22:45:00,Wednesday,0,BD
23:00:00,Wednesday,0,YU
23:01:00,Wednesday,0,BD
23:19:00,Wednesday,0,BD
23:26:00,Wednesday,0,BD
23:42:00,Wednesday,0,BD
23:43:00,Wednesday,0,YU
00:08:00,Wednesday,0,BD
00:43:00,Wednesday,0,BD
01:15:00,Wednesday,3,YU
01:27:00,Wednesday,0,BD
01:27:00,Wednesday,0,YU
01:29:00,Wednesday,0,YU
01:33:00,Wednesday,17,YU
01:33:00,Wednesday,0,YU
01:41:00,Wednesday,0,BD
01:53:00,Wednesday,0,YU
11:10:00,Wednesday,7,SHP
11:22:00,Wednesday,4,SHP
19:50:00,Wednesday,10,SHP
02:00:00,Thursday,0,YU
02:11:00,Thursday,0,YU
02:20:00,Thursday,0,YU
02:32:00,Thursday,0,YU
03:41:00,Thursday,0,YU
04:58:00,Thursday,0,BD
05:00:00,Thursday,0,BD
05:46:00,Thursday,5,YU
05:48:00,Thursday,3,BD
05:56:00,Thursday,5,YU
06:01:00,Thursday,0,BD
06:02:00,Thursday,3,YU
06:12:00,Thursday,12,YU
06:22:00,Thursday,21,YU
06:50:00,Thursday,0,BD
07:09:00,Thursday,0,BD
07:38:00,Thursday,0,YU
07:59:00,Thursday,6,YU
08:11:00,Thursday,0,YU
08:13:00,Thursday,0,BD
08:21:00,Thursday,10,BD
08:44:00,Thursday,5,YU
08:58:00,Thursday,0,BD
09:08:00,Thursday,0,YU
09:08:00,Thursday,0,YU
10:11:00,Thursday,6,BD
10:23:00,Thursday,4,YU
10:27:00,Thursday,7,YU
11:05:00,Thursday,0,BD
11:17:00,Thursday,0,BD
11:17:00,Thursday,0,YU
12:05:00,Thursday,0,YU
12:59:00,Thursday,0,YU
13:16:00,Thursday,6,YU
14:45:00,Thursday,5,YU
15:00:00,Thursday,3,YU
15:11:00,Thursday,0,YU
15:39:00,Thursday,6,YU
16:08:00,Thursday,0,YU
16:08:00,Thursday,6,BD
16:21:00,Thursday,3,BD
16:36:00,Thursday,0,BD
17:51:00,Thursday,0,BD
18:02:00,Thursday,0,BD
18:42:00,Thursday,30,YU
19:12:00,Thursday,0,BD
20:06:00,Thursday,24,YU
20:21:00,Thursday,5,YU
20:46:00,Thursday,0,YU
20:46:00,Thursday,0,BD
20:47:00,Thursday,0,YU
21:17:00,Thursday,6,BD
21:30:00,Thursday,0,YU
21:59:00,Thursday,0,YU
22:00:00,Thursday,0,YU/BD
22:12:00,Thursday,0,YU
22:14:00,Thursday,0,BD
22:19:00,Thursday,5,BD
22:31:00,Thursday,0,BD
22:38:00,Thursday,4,BD
22:46:00,Thursday,0,BD
23:00:00,Thursday,0,YU
23:23:00,Thursday,0,BD
23:24:00,Thursday,0,YU
23:46:00,Thursday,0,BD
23:57:00,Thursday,5,YU
00:10:00,Thursday,0,YU
00:28:00,Thursday,0,BD
00:52:00,Thursday,0,YU
01:04:00,Thursday,3,YU
01:35:00,Thursday,0,YU
01:37:00,Thursday,0,YU
01:44:00,Thursday,0,BD
06:01:00,Thursday,6,SHP
15:55:00,Thursday,5,SHP
05:50:00,Friday,7,BD
05:55:00,Friday,3,BD
06:18:00,Friday,3,YU
06:30:00,Friday,0,YU
07:21:00,Friday,0,YU
07:28:00,Friday,0,BD
07:58:00,Friday,0,YU
08:11:00,Friday,3,YU
08:12:00,Friday,5,YU
08:24:00,Friday,0,YU
08:32:00,Friday,0,BD
09:03:00,Friday,5,BD
09:08:00,Friday,0,YU
09:13:00,Friday,3,YU
09:24:00,Friday,4,YU
11:32:00,Friday,0,BD
12:03:00,Friday,0,BD
12:15:00,Friday,34,BD
12:23:00,Friday,0,YU
12:43:00,Friday,0,YU
13:30:00,Friday,0,BD
13:39:00,Friday,0,BD
15:45:00,Friday,0,BD
16:04:00,Friday,4,YU
16:38:00,Friday,0,BD
16:38:00,Friday,4,YU
16:45:00,Friday,0,YU
16:48:00,Friday,0,BD
17:18:00,Friday,15,YU
17:22:00,Friday,6,YU
17:48:00,Friday,13,YU
18:32:00,Friday,0,BD
19:04:00,Friday,0,BD
19:06:00,Friday,0,BD
19:35:00,Friday,0,BD
19:38:00,Friday,0,YU
20:06:00,Friday,0,YU
20:10:00,Friday,0,YU
20:12:00,Friday,20,BD
20:40:00,Friday,0,YU
21:05:00,Friday,0,BD
21:18:00,Friday,3,YU
21:40:00,Friday,8,YU
22:00:00,Friday,0,YU/BD
22:09:00,Friday,12,YU
22:48:00,Friday,0,YU
22:59:00,Friday,0,YU
23:06:00,Friday,0,YU
23:08:00,Friday,7,YU
23:26:00,Friday,5,YU
23:41:00,Friday,0,YU
23:41:00,Friday,0,YU
23:56:00,Friday,11,BD
00:18:00,Friday,4,YU
00:46:00,Friday,0,BD
00:50:00,Friday,0,YU
01:25:00,Friday,0,YU
01:29:00,Friday,0,YU
01:42:00,Friday,0,YU
01:49:00,Friday,0,YU
10:24:00,Friday,0,SHP
14:28:00,Friday,0,SHP
21:44:00,Friday,0,SHP
02:18:00,Saturday,0,BD
02:36:00,Saturday,0,YU
03:55:00,Saturday,0,BD
05:00:00,Saturday,0,YU
05:42:00,Saturday,32,YU
05:52:00,Saturday,17,YU
06:02:00,Saturday,5,BD
06:47:00,Saturday,6,YU
06:58:00,Saturday,0,YU
07:34:00,Saturday,5,YU
08:39:00,Saturday,0,BD
10:13:00,Saturday,4,BD
10:43:00,Saturday,10,YU
11:08:00,Saturday,0,BD
12:02:00,Saturday,0,YU
12:05:00,Saturday,0,BD
13:41:00,Saturday,0,YU
14:08:00,Saturday,3,YU
14:45:00,Saturday,20,BD
14:48:00,Saturday,4,BD
15:53:00,Saturday,18,BD
16:14:00,Saturday,0,BD
16:38:00,Saturday,6,YU
17:02:00,Saturday,12,YU
17:05:00,Saturday,5,BD
17:28:00,Saturday,0,YU
17:53:00,Saturday,6,YU
18:07:00,Saturday,0,YU
18:07:00,Saturday,0,BD
18:19:00,Saturday,0,BD
18:28:00,Saturday,0,BD
18:52:00,Saturday,4,BD
19:01:00,Saturday,0,YU
19:34:00,Saturday,0,BD
19:41:00,Saturday,0,YU
19:58:00,Saturday,7,YU
20:06:00,Saturday,0,YU
20:31:00,Saturday,0,YU
20:54:00,Saturday,0,BD
20:58:00,Saturday,0,YU
21:05:00,Saturday,0,YU
21:19:00,Saturday,0,YU
21:34:00,Saturday,0,BD
22:00:00,Saturday,0,YU/BD
22:05:00,Saturday,3,YU
22:25:00,Saturday,0,YU
22:33:00,Saturday,0,BD
22:36:00,Saturday,10,YU
23:20:00,Saturday,0,YU
23:43:00,Saturday,0,YU
23:50:00,Saturday,3,YU
00:01:00,Saturday,0,BD
00:23:00,Saturday,0,YU
00:29:00,Saturday,0,YU
00:30:00,Saturday,4,BD
01:14:00,Saturday,14,YU
01:25:00,Saturday,6,BD
01:45:00,Saturday,5,YU
20:11:00,Saturday,0,SHP
22:53:00,Saturday,0,SHP
02:35:00,Sunday,0,BD
02:39:00,Sunday,0,YU
07:28:00,Sunday,0,BD
07:32:00,Sunday,0,YU
07:45:00,Sunday,0,YU
08:00:00,Sunday,0,YU
08:14:00,Sunday,4,BD
08:26:00,Sunday,0,BD
08:28:00,Sunday,5,BD
09:58:00,Sunday,0,BD
10:24:00,Sunday,12,YU
10:28:00,Sunday,7,BD
11:23:00,Sunday,3,YU
11:24:00,Sunday,0,YU
11:29:00,Sunday,6,YU
11:52:00,Sunday,15,BD
12:06:00,Sunday,0,YU
12:36:00,Sunday,0,YU
13:04:00,Sunday,4,BD
13:53:00,Sunday,0,BD
14:10:00,Sunday,6,YU
14:13:00,Sunday,0,YU
14:19:00,Sunday,8,YU
14:27:00,Sunday,0,BD
14:29:00,Sunday,0,BD
14:36:00,Sunday,0,BD
14:36:00,Sunday,0,BD
14:54:00,Sunday,4,BD
15:04:00,Sunday,0,BD
15:10:00,Sunday,0,YU
15:11:00,Sunday,0,YU
15:27:00,Sunday,6,YU
15:30:00,Sunday,8,BD
16:07:00,Sunday,0,BD
16:09:00,Sunday,4,YU
16:11:00,Sunday,6,YU
16:11:00,Sunday,0,BD
16:13:00,Sunday,14,BD
16:26:00,Sunday,4,BD
16:46:00,Sunday,18,BD
16:55:00,Sunday,0,YU
17:13:00,Sunday,0,BD
17:36:00,Sunday,26,YU
17:38:00,Sunday,6,YU
17:38:00,Sunday,6,YU
17:47:00,Sunday,0,YU
17:55:00,Sunday,0,YU
17:59:00,Sunday,0,BD
18:17:00,Sunday,6,YU
18:44:00,Sunday,0,BD
19:42:00,Sunday,0,YU
20:00:00,Sunday,6,YU
20:01:00,Sunday,6,YU
20:16:00,Sunday,9,YU
20:54:00,Sunday,0,BD
20:57:00,Sunday,6,YU
21:22:00,Sunday,0,BD
22:00:00,Sunday,0,YU/BD
22:06:00,Sunday,6,BD
22:11:00,Sunday,0,YU
22:37:00,Sunday,0,YU
23:07:00,Sunday,4,BD
23:40:00,Sunday,4,YU
23:51:00,Sunday,5,YU
00:08:00,Sunday,0,BD
00:47:00,Sunday,0,YU
00:58:00,Sunday,0,YU
01:11:00,Sunday,0,YU
01:17:00,Sunday,0,YU
09:58:00,Sunday,0,SHP
02:19:00,Monday,0,YU
04:18:00,Monday,0,BD
05:01:00,Monday,0,YU
06:13:00,Monday,3,YU
06:23:00,Monday,6,YU
06:29:00,Monday,6,YU
06:55:00,Monday,3,YU
07:04:00,Monday,4,YU
07:25:00,Monday,3,BD
07:28:00,Monday,3,BD
07:41:00,Monday,0,BD
07:45:00,Monday,0,BD
08:04:00,Monday,6,BD
08:05:00,Monday,0,YU
08:07:00,Monday,3,YU
08:45:00,Monday,0,BD
08:57:00,Monday,0,YU
09:04:00,Monday,12,YU
10:25:00,Monday,3,BD
10:29:00,Monday,4,BD
11:54:00,Monday,11,YU
12:06:00,Monday,7,YU
14:02:00,Monday,6,BD
14:46:00,Monday,0,YU
14:51:00,Monday,3,BD
15:04:00,Monday,4,BD
15:05:00,Monday,0,YU
15:21:00,Monday,0,YU
15:24:00,Monday,0,YU
15:24:00,Monday,0,YU
15:58:00,Monday,0,BD
16:29:00,Monday,0,BD
16:50:00,Monday,6,YU
17:07:00,Monday,32,YU
17:29:00,Monday,0,YU
17:41:00,Monday,5,YU
17:48:00,Monday,0,YU
18:03:00,Monday,0,YU
18:27:00,Monday,3,YU
18:44:00,Monday,0,YU
18:53:00,Monday,0,YU
18:57:00,Monday,0,BD
18:57:00,Monday,0,BD
19:37:00,Monday,0,BD
19:48:00,Monday,3,YU
19:53:00,Monday,0,YU
20:03:00,Monday,0,BD
20:54:00,Monday,6,YU
20:57:00,Monday,0,BD
21:06:00,Monday,0,BD
21:20:00,Monday,0,YU
21:30:00,Monday,0,YU
21:36:00,Monday,9,YU
21:44:00,Monday,0,YU
21:53:00,Monday,0,BD
22:00:00,Monday,0,YU/BD
22:15:00,Monday,0,YU
22:52:00,Monday,4,YU
23:00:00,Monday,0,YU
23:07:00,Monday,0,BD
23:25:00,Monday,0,BD
23:53:00,Monday,0,BD
00:07:00,Monday,7,BD
00:17:00,Monday,0,BD
00:19:00,Monday,0,BD
00:33:00,Monday,3,BD
01:17:00,Monday,5,YU
01:32:00,Monday,0,YU
01:33:00,Monday,0,BD
01:35:00,Monday,5,BD
01:37:00,Monday,0,BD
01:52:00,Monday,0,YU
16:07:00,Monday,0,SHP
16:43:00,Monday,31,SHP
17:36:00,Monday,5,SHP
18:19:00,Monday,3,SHP
02:11:00,Tuesday,0,YU
03:52:00,Tuesday,0,YU
05:00:00,Tuesday,0,BD
05:34:00,Tuesday,0,YU
05:35:00,Tuesday,0,YU
05:56:00,Tuesday,3,BD
06:02:00,Tuesday,0,YU
06:08:00,Tuesday,6,BD
06:25:00,Tuesday,0,YU
06:53:00,Tuesday,0,BD
06:56:00,Tuesday,0,YU
07:21:00,Tuesday,0,BD
07:23:00,Tuesday,0,YU
07:33:00,Tuesday,0,BD
07:51:00,Tuesday,3,BD
08:01:00,Tuesday,0,BD
08:07:00,Tuesday,0,YU
08:12:00,Tuesday,3,YU
08:43:00,Tuesday,9,YU
08:46:00,Tuesday,4,BD
08:55:00,Tuesday,4,YU
09:00:00,Tuesday,0,BD
09:02:00,Tuesday,0,YU
09:07:00,Tuesday,0,YU
09:20:00,Tuesday,3,YU
09:34:00,Tuesday,5,YU
09:37:00,Tuesday,3,YU
09:51:00,Tuesday,0,YU
09:57:00,Tuesday,0,YU
10:01:00,Tuesday,0,BD
10:25:00,Tuesday,0,BD
10:27:00,Tuesday,0,YU
10:31:00,Tuesday,0,YU
10:45:00,Tuesday,0,YU
10:46:00,Tuesday,0,YU
10:48:00,Tuesday,0,BD
11:13:00,Tuesday,0,YU
11:18:00,Tuesday,0,YU
11:36:00,Tuesday,0,YU
11:49:00,Tuesday,0,YU
11:59:00,Tuesday,0,YU
12:42:00,Tuesday,0,YU
12:48:00,Tuesday,4,YU
12:53:00,Tuesday,0,YU
12:55:00,Tuesday,5,BD
13:18:00,Tuesday,9,YU
14:14:00,Tuesday,3,YU
14:24:00,Tuesday,5,YU
14:37:00,Tuesday,4,BD
14:45:00,Tuesday,0,YU
14:47:00,Tuesday,0,YU
14:53:00,Tuesday,5,YU
15:01:00,Tuesday,0,YU
15:02:00,Tuesday,0,BD
15:08:00,Tuesday,4,YU
15:13:00,Tuesday,0,BD
15:49:00,Tuesday,0,BD
15:54:00,Tuesday,0,BD
16:17:00,Tuesday,3,BD
16:41:00,Tuesday,3,BD
16:43:00,Tuesday,0,YU
16:57:00,Tuesday,0,BD
17:02:00,Tuesday,18,BD
17:43:00,Tuesday,0,YU
18:13:00,Tuesday,3,YU
18:24:00,Tuesday,3,YU
18:24:00,Tuesday,0,YU
18:25:00,Tuesday,0,YU
18:46:00,Tuesday,3,YU
18:51:00,Tuesday,0,BD
19:09:00,Tuesday,0,BD
19:15:00,Tuesday,7,BD
19:20:00,Tuesday,0,BD
19:32:00,Tuesday,0,BD
19:32:00,Tuesday,0,YU
20:26:00,Tuesday,0,YU
20:44:00,Tuesday,7,YU
21:09:00,Tuesday,15,BD
21:18:00,Tuesday,0,BD
21:57:00,Tuesday,0,BD
22:00:00,Tuesday,0,YU/BD
22:03:00,Tuesday,8,YU
22:33:00,Tuesday,0,YU
23:00:00,Tuesday,0,YU
23:25:00,Tuesday,0,YU
23:37:00,Tuesday,0,BD
23:40:00,Tuesday,0,YU
00:03:00,Tuesday,5,YU
00:26:00,Tuesday,0,BD
00:35:00,Tuesday,0,YU
00:51:00,Tuesday,0,YU
01:23:00,Tuesday,5,YU
01:51:00,Tuesday,0,BD
01:51:00,Tuesday,0,BD
02:05:00,Wednesday,0,BD
02:15:00,Wednesday,0,BD
02:25:00,Wednesday,0,YU
02:34:00,Wednesday,0,YU
02:46:00,Wednesday,0,YU
03:19:00,Wednesday,0,YU
04:56:00,Wednesday,0,YU
05:38:00,Wednesday,5,YU
06:05:00,Wednesday,3,BD
06:26:00,Wednesday,0,BD
06:39:00,Wednesday,6,YU
06:51:00,Wednesday,0,YU
06:53:00,Wednesday,4,BD
07:02:00,Wednesday,0,BD
07:23:00,Wednesday,3,BD
08:07:00,Wednesday,0,YU
08:10:00,Wednesday,0,BD
08:33:00,Wednesday,0,BD
08:36:00,Wednesday,7,YU
08:47:00,Wednesday,0,YU
08:47:00,Wednesday,5,YU
08:50:00,Wednesday,6,BD
09:11:00,Wednesday,0,YU
09:37:00,Wednesday,3,BD
09:46:00,Wednesday,4,YU
09:52:00,Wednesday,0,YU
10:18:00,Wednesday,0,YU
10:39:00,Wednesday,0,YU
10:59:00,Wednesday,0,YU
11:02:00,Wednesday,0,BD
11:24:00,Wednesday,7,YU
11:41:00,Wednesday,5,YU
11:46:00,Wednesday,0,YU
11:48:00,Wednesday,5,YU
12:08:00,Wednesday,0,BD
12:23:00,Wednesday,9,BD
12:29:00,Wednesday,0,YU
12:59:00,Wednesday,4,BD
13:22:00,Wednesday,0,BD
13:32:00,Wednesday,0,YU
13:38:00,Wednesday,8,YU
13:38:00,Wednesday,5,YU
13:55:00,Wednesday,5,YU
14:00:00,Wednesday,0,YU
14:02:00,Wednesday,5,YU
14:18:00,Wednesday,0,BD
15:17:00,Wednesday,10,YU
15:18:00,Wednesday,0,BD
15:35:00,Wednesday,0,YU
15:39:00,Wednesday,0,YU
15:44:00,Wednesday,3,BD
15:52:00,Wednesday,0,YU
15:54:00,Wednesday,0,BD
15:58:00,Wednesday,0,YU
16:09:00,Wednesday,5,YU
16:25:00,Wednesday,0,YU
17:15:00,Wednesday,5,YU
17:28:00,Wednesday,3,YU
17:49:00,Wednesday,4,YU
18:31:00,Wednesday,0,BD
19:27:00,Wednesday,0,YU
20:25:00,Wednesday,0,YU
20:42:00,Wednesday,19,BD
20:44:00,Wednesday,25,YU
20:49:00,Wednesday,0,BD
20:58:00,Wednesday,0,YU
21:16:00,Wednesday,0,YU
21:33:00,Wednesday,0,YU
21:36:00,Wednesday,8,YU
21:43:00,Wednesday,0,YU
21:44:00,Wednesday,5,YU
21:53:00,Wednesday,0,YU
22:00:00,Wednesday,0,YU/BD
22:09:00,Wednesday,0,BD
22:32:00,Wednesday,5,BD
22:38:00,Wednesday,0,YU
22:47:00,Wednesday,7,YU
23:00:00,Wednesday,0,YU
23:19:00,Wednesday,0,BD
23:39:00,Wednesday,5,BD
23:51:00,Wednesday,7,YU
23:51:00,Wednesday,0,BD
00:00:00,Wednesday,0,YU
00:01:00,Wednesday,0,BD
00:05:00,Wednesday,0,BD
00:07:00,Wednesday,8,YU
00:32:00,Wednesday,0,YU
01:36:00,Wednesday,0,BD
09:31:00,Wednesday,7,SHP
09:31:00,Wednesday,7,SHP
09:44:00,Wednesday,7,SHP
02:23:00,Thursday,0,YU
05:01:00,Thursday,0,YU
06:06:00,Thursday,0,YU
06:44:00,Thursday,0,YU
06:47:00,Thursday,0,YU
07:03:00,Thursday,0,YU
07:16:00,Thursday,3,YU
07:23:00,Thursday,7,YU
07:31:00,Thursday,0,YU
08:00:00,Thursday,0,BD
08:18:00,Thursday,0,YU
08:24:00,Thursday,0,YU
08:40:00,Thursday,2,BD
08:43:00,Thursday,2,BD
09:05:00,Thursday,0,BD
09:07:00,Thursday,12,YU
09:13:00,Thursday,0,BD
09:41:00,Thursday,6,BD
09:47:00,Thursday,0,YU
10:03:00,Thursday,0,BD
10:04:00,Thursday,4,BD
10:20:00,Thursday,42,YU
11:14:00,Thursday,6,YU
11:22:00,Thursday,0,BD
12:26:00,Thursday,8,YU
13:11:00,Thursday,0,BD
13:12:00,Thursday,0,BD
13:23:00,Thursday,0,YU
13:50:00,Thursday,0,BD
13:58:00,Thursday,0,YU
14:02:00,Thursday,0,BD
14:18:00,Thursday,5,BD
14:19:00,Thursday,8,BD
14:21:00,Thursday,0,BD
14:37:00,Thursday,3,BD
14:38:00,Thursday,0,BD
15:13:00,Thursday,3,YU
15:35:00,Thursday,0,YU
15:54:00,Thursday,0,BD
15:58:00,Thursday,0,BD
16:06:00,Thursday,5,YU
16:09:00,Thursday,0,YU
16:25:00,Thursday,0,BD
16:31:00,Thursday,0,BD
16:34:00,Thursday,3,BD
16:43:00,Thursday,0,BD
16:45:00,Thursday,0,YU
16:59:00,Thursday,0,YU
17:06:00,Thursday,13,BD
17:15:00,Thursday,0,YU
17:16:00,Thursday,0,BD
17:29:00,Thursday,0,YU
17:34:00,Thursday,0,YU
17:57:00,Thursday,7,YU
18:16:00,Thursday,3,BD
18:18:00,Thursday,0,YU
18:27:00,Thursday,0,YU
19:44:00,Thursday,0,YU
20:43:00,Thursday,0,YU
20:56:00,Thursday,7,YU
21:12:00,Thursday,0,YU
21:28:00,Thursday,6,YU
21:37:00,Thursday,0,BD
21:57:00,Thursday,0,YU
22:00:00,Thursday,0,YU/BD
22:06:00,Thursday,0,BD
22:49:00,Thursday,3,BD
22:55:00,Thursday,0,BD
23:00:00,Thursday,0,YU
23:08:00,Thursday,0,BD
23:14:00,Thursday,0,BD
23:24:00,Thursday,0,YU
23:30:00,Thursday,0,BD
23:43:00,Thursday,0,YU
00:32:00,Thursday,0,BD
00:59:00,Thursday,0,BD
01:48:00,Thursday,0,BD
01:59:00,Thursday,0,YU
02:11:00,Thursday,0,SHP
14:24:00,Thursday,7,SHP
20:49:00,Thursday,3,SHP
23:35:00,Thursday,0,SHP
02:17:00,Friday,0,BD
02:41:00,Friday,0,YU
05:11:00,Friday,0,BD
05:32:00,Friday,0,YU
05:48:00,Friday,0,YU
06:07:00,Friday,0,YU
06:25:00,Friday,0,YU
07:18:00,Friday,5,BD
07:29:00,Friday,5,YU
07:31:00,Friday,0,YU
07:35:00,Friday,0,YU
07:35:00,Friday,3,BD
08:16:00,Friday,0,BD
08:37:00,Friday,5,BD
08:39:00,Friday,0,BD
08:53:00,Friday,0,BD
09:12:00,Friday,5,BD
09:21:00,Friday,0,YU
09:43:00,Friday,0,YU
09:56:00,Friday,16,BD
11:26:00,Friday,0,BD
11:37:00,Friday,0,YU
11:38:00,Friday,4,BD
11:43:00,Friday,8,BD
11:49:00,Friday,0,BD
12:14:00,Friday,4,BD
12:37:00,Friday,0,YU
13:31:00,Friday,15,YU
13:37:00,Friday,7,YU
13:55:00,Friday,0,BD
14:07:00,Friday,0,YU
14:17:00,Friday,7,YU
14:25:00,Friday,0,YU
16:15:00,Friday,0,YU
16:27:00,Friday,0,BD
16:30:00,Friday,4,YU
16:39:00,Friday,0,BD
16:40:00,Friday,5,YU
16:45:00,Friday,0,YU
17:16:00,Friday,4,YU
17:36:00,Friday,5,YU
17:46:00,Friday,0,YU
17:54:00,Friday,5,YU
17:57:00,Friday,0,YU
18:08:00,Friday,0,BD
18:08:00,Friday,3,BD
18:39:00,Friday,3,YU
18:43:00,Friday,0,BD
18:44:00,Friday,7,YU
18:48:00,Friday,0,YU
19:03:00,Friday,0,BD
19:11:00,Friday,0,BD
19:56:00,Friday,9,BD
20:55:00,Friday,5,BD
21:24:00,Friday,0,BD
21:48:00,Friday,0,BD
22:00:00,Friday,0,YU/BD
22:28:00,Friday,0,BD
22:44:00,Friday,12,YU
22:57:00,Friday,4,BD
23:00:00,Friday,12,BD
23:03:00,Friday,6,BD
23:55:00,Friday,0,YU
23:56:00,Friday,0,BD
00:06:00,Friday,6,YU
00:23:00,Friday,5,YU
01:15:00,Friday,4,YU
01:15:00,Friday,0,YU
01:27:00,Friday,5,YU
01:33:00,Friday,0,BD
01:34:00,Friday,0,YU
01:36:00,Friday,0,BD
01:58:00,Friday,8,YU
10:19:00,Friday,0,SHP
21:33:00,Friday,0,SHP
22:11:00,Friday,0,SHP
02:08:00,Saturday,5,YU
02:09:00,Saturday,0,YU
02:13:00,Saturday,0,BD
02:21:00,Saturday,0,BD
03:01:00,Saturday,0,YU
03:48:00,Saturday,0,YU
04:27:00,Saturday,0,YU
05:53:00,Saturday,13,YU
06:34:00,Saturday,8,YU
06:52:00,Saturday,0,YU
07:05:00,Saturday,5,YU
07:14:00,Saturday,5,YU
08:03:00,Saturday,0,YU
08:12:00,Saturday,5,YU
08:48:00,Saturday,0,YU
09:06:00,Saturday,0,BD
09:21:00,Saturday,3,BD
09:47:00,Saturday,3,YU
10:17:00,Saturday,0,YU
11:30:00,Saturday,0,YU
12:15:00,Saturday,0,BD
12:47:00,Saturday,0,YU
13:11:00,Saturday,3,BD
13:43:00,Saturday,0,BD
13:48:00,Saturday,0,YU
14:06:00,Saturday,14,BD
14:14:00,Saturday,10,YU
14:14:00,Saturday,24,YU
14:25:00,Saturday,4,YU
14:31:00,Saturday,16,BD
14:33:00,Saturday,5,BD
15:02:00,Saturday,4,BD
15:11:00,Saturday,4,YU
15:24:00,Saturday,4,BD
15:27:00,Saturday,0,BD
15:47:00,Saturday,4,YU
16:03:00,Saturday,0,BD
16:09:00,Saturday,0,YU
16:13:00,Saturday,0,BD
16:55:00,Saturday,4,YU
17:06:00,Saturday,0,BD
17:11:00,Saturday,0,BD
17:15:00,Saturday,0,YU
17:38:00,Saturday,0,YU
17:43:00,Saturday,0,YU
17:54:00,Saturday,0,BD
18:12:00,Saturday,0,YU
18:18:00,Saturday,14,YU
18:48:00,Saturday,4,YU
18:57:00,Saturday,0,BD
19:31:00,Saturday,0,BD
19:50:00,Saturday,0,YU
19:50:00,Saturday,5,BD
19:57:00,Saturday,5,YU
20:27:00,Saturday,5,BD
20:37:00,Saturday,0,YU
20:47:00,Saturday,5,YU
22:00:00,Saturday,0,YU / BD
22:00:00,Saturday,5,YU
22:02:00,Saturday,0,YU
22:53:00,Saturday,0,BD
23:03:00,Saturday,0,BD
23:07:00,Saturday,0,BD
23:19:00,Saturday,3,BD
23:27:00,Saturday,0,YU
00:00:00,Saturday,4,BD
00:03:00,Saturday,20,YU
00:09:00,Saturday,3,YU
00:35:00,Saturday,5,YU
01:12:00,Saturday,0,YU
01:28:00,Saturday,3,YU
02:06:00,Sunday,0,YU
02:46:00,Sunday,0,YU
05:52:00,Sunday,0,BD
07:17:00,Sunday,0,YU
07:47:00,Sunday,0,BD
08:03:00,Sunday,9,YU
08:21:00,Sunday,4,BD
08:24:00,Sunday,0,YU
08:48:00,Sunday,9,YU
08:51:00,Sunday,0,YU
08:55:00,Sunday,3,YU
09:07:00,Sunday,4,BD
09:33:00,Sunday,0,YU
09:55:00,Sunday,0,BD
10:16:00,Sunday,0,YU
10:33:00,Sunday,0,BD
10:33:00,Sunday,0,BD
10:55:00,Sunday,0,YU
11:24:00,Sunday,0,YU
11:37:00,Sunday,0,BD
11:48:00,Sunday,7,BD
11:52:00,Sunday,0,YU
11:55:00,Sunday,0,BD
12:25:00,Sunday,0,YU
12:25:00,Sunday,5,YU
12:25:00,Sunday,0,YU
12:32:00,Sunday,0,BD
12:39:00,Sunday,0,BD
13:43:00,Sunday,4,YU
14:39:00,Sunday,4,YU
14:40:00,Sunday,4,YU
15:19:00,Sunday,0,BD
15:46:00,Sunday,4,YU
15:47:00,Sunday,0,YU
16:18:00,Sunday,0,YU
16:18:00,Sunday,0,YU
16:27:00,Sunday,0,BD
16:32:00,Sunday,3,YU
16:41:00,Sunday,4,YU
17:02:00,Sunday,0,YU
17:35:00,Sunday,0,BD
18:17:00,Sunday,5,YU
18:30:00,Sunday,0,YU
18:56:00,Sunday,4,BD
18:57:00,Sunday,0,YU
19:14:00,Sunday,4,YU
19:16:00,Sunday,0,BD
19:20:00,Sunday,6,YU
19:35:00,Sunday,4,YU
19:39:00,Sunday,5,BD
19:55:00,Sunday,0,YU
19:56:00,Sunday,0,BD
20:00:00,Sunday,0,BD
20:11:00,Sunday,0,BD
20:16:00,Sunday,0,YU
21:03:00,Sunday,0,BD
21:05:00,Sunday,0,YU
21:08:00,Sunday,3,BD
22:00:00,Sunday,0,YU/BD
22:33:00,Sunday,0,BD
22:33:00,Sunday,3,YU
23:28:00,Sunday,32,YU
23:47:00,Sunday,0,BD
00:27:00,Sunday,0,YU
00:35:00,Sunday,0,BD
01:26:00,Sunday,0,YU
01:50:00,Sunday,0,YU
02:05:00,Monday,0,BD
02:14:00,Monday,0,BD
03:27:00,Monday,0,BD
03:36:00,Monday,0,YU
05:50:00,Monday,20,YU
05:55:00,Monday,3,YU
06:39:00,Monday,7,YU
06:43:00,Monday,3,BD
07:32:00,Monday,0,BD
07:35:00,Monday,0,BD
09:51:00,Monday,0,YU
10:20:00,Monday,8,YU
10:47:00,Monday,0,BD
11:27:00,Monday,0,YU
11:47:00,Monday,4,YU
12:39:00,Monday,0,YU
12:54:00,Monday,0,YU
13:00:00,Monday,3,BD
13:10:00,Monday,0,BD
14:01:00,Monday,0,YU
14:19:00,Monday,3,YU
14:40:00,Monday,0,YU
15:16:00,Monday,4,YU
16:16:00,Monday,0,BD
16:28:00,Monday,0,BD
16:29:00,Monday,0,BD
16:34:00,Monday,0,YU
17:11:00,Monday,0,YU
17:23:00,Monday,0,YU
17:51:00,Monday,12,YU
17:58:00,Monday,10,YU
18:01:00,Monday,0,BD
18:18:00,Monday,5,BD
18:23:00,Monday,0,BD
19:02:00,Monday,5,BD
19:23:00,Monday,0,YU
20:14:00,Monday,3,YU
20:27:00,Monday,0,YU
21:11:00,Monday,0,YU
21:22:00,Monday,0,YU
21:56:00,Monday,0,BD
22:00:00,Monday,0,YU/BD
22:28:00,Monday,0,BD
22:47:00,Monday,3,BD
22:50:00,Monday,6,BD
23:02:00,Monday,6,BD
23:04:00,Monday,0,YU
23:08:00,Monday,0,YU
23:14:00,Monday,0,YU
00:05:00,Monday,0,YU
00:16:00,Monday,0,YU
00:50:00,Monday,0,BD
01:37:00,Monday,0,YU
01:54:00,Monday,0,BD
03:12:00,Monday,0,SHP
12:33:00,Monday,0,SHP
22:38:00,Monday,0,SHP
02:28:00,Tuesday,0,YU
02:45:00,Tuesday,0,YU
05:20:00,Tuesday,0,YU
06:06:00,Tuesday,5,YU
06:33:00,Tuesday,0,YU
06:40:00,Tuesday,0,BD
06:51:00,Tuesday,0,BD
07:10:00,Tuesday,0,YU
07:16:00,Tuesday,3,YU
07:35:00,Tuesday,10,YU
07:37:00,Tuesday,10,BD
07:44:00,Tuesday,0,YU
07:58:00,Tuesday,3,BD
08:11:00,Tuesday,3,BD
08:23:00,Tuesday,0,BD
08:32:00,Tuesday,0,YU
09:19:00,Tuesday,0,YU
09:33:00,Tuesday,4,YU
09:34:00,Tuesday,0,BD
09:38:00,Tuesday,0,YU
09:45:00,Tuesday,0,YU
09:45:00,Tuesday,0,YU
09:48:00,Tuesday,3,YU
10:00:00,Tuesday,7,BD
11:05:00,Tuesday,6,YU
11:12:00,Tuesday,5,BD
11:13:00,Tuesday,0,YU
11:15:00,Tuesday,3,YU
11:15:00,Tuesday,0,YU
12:48:00,Tuesday,24,BD
12:56:00,Tuesday,7,YU
13:14:00,Tuesday,3,YU
13:24:00,Tuesday,0,YU
13:33:00,Tuesday,4,YU
13:59:00,Tuesday,0,YU
14:17:00,Tuesday,0,YU
14:27:00,Tuesday,0,YU
15:19:00,Tuesday,5,YU
15:44:00,Tuesday,9,YU
16:17:00,Tuesday,9,YU
16:19:00,Tuesday,0,BD
16:28:00,Tuesday,3,YU
17:03:00,Tuesday,0,BD
17:16:00,Tuesday,4,BD
18:26:00,Tuesday,7,YU
18:44:00,Tuesday,0,YU
18:53:00,Tuesday,0,BD
19:13:00,Tuesday,3,BD
19:27:00,Tuesday,0,YU
19:42:00,Tuesday,0,YU
19:57:00,Tuesday,0,BD
21:01:00,Tuesday,8,YU
21:03:00,Tuesday,0,YU
21:27:00,Tuesday,0,BD
21:47:00,Tuesday,0,YU
21:51:00,Tuesday,0,BD
21:55:00,Tuesday,0,YU
22:00:00,Tuesday,0,YU/BD
22:03:00,Tuesday,0,BD
22:15:00,Tuesday,0,YU
22:35:00,Tuesday,7,YU
22:41:00,Tuesday,0,YU
23:00:00,Tuesday,0,YU
23:01:00,Tuesday,7,YU
23:03:00,Tuesday,6,YU
23:08:00,Tuesday,12,BD
23:55:00,Tuesday,0,YU
00:06:00,Tuesday,10,YU
00:12:00,Tuesday,8,YU
00:17:00,Tuesday,12,BD
00:33:00,Tuesday,0,BD
01:01:00,Tuesday,0,BD
01:38:00,Tuesday,0,BD
01:45:00,Tuesday,0,YU
01:47:00,Tuesday,0,BD
20:31:00,Tuesday,0,SHP
23:43:00,Tuesday,19,SHP
00:27:00,Tuesday,17,SHP
02:01:00,Wednesday,9,YU
02:19:00,Wednesday,0,BD
02:23:00,Wednesday,0,BD
02:41:00,Wednesday,0,BD
02:56:00,Wednesday,0,BD
03:11:00,Wednesday,0,YU
04:53:00,Wednesday,0,BD
05:17:00,Wednesday,0,YU
06:13:00,Wednesday,6,YU
06:38:00,Wednesday,7,YU
06:46:00,Wednesday,0,YU
06:53:00,Wednesday,0,BD
07:01:00,Wednesday,5,YU
07:14:00,Wednesday,12,BD
07:36:00,Wednesday,0,YU
07:40:00,Wednesday,12,BD
08:03:00,Wednesday,0,YU
08:04:00,Wednesday,0,YU
08:09:00,Wednesday,10,BD
08:34:00,Wednesday,0,BD
08:42:00,Wednesday,6,YU
08:47:00,Wednesday,0,BD
08:50:00,Wednesday,0,BD
08:54:00,Wednesday,0,YU
08:58:00,Wednesday,3,YU
09:27:00,Wednesday,0,YU
10:01:00,Wednesday,6,YU
10:07:00,Wednesday,3,BD
10:08:00,Wednesday,5,YU
11:04:00,Wednesday,0,YU
11:07:00,Wednesday,0,YU
11:08:00,Wednesday,13,BD
11:39:00,Wednesday,7,BD
12:38:00,Wednesday,3,YU
13:15:00,Wednesday,0,BD
14:11:00,Wednesday,3,YU
14:14:00,Wednesday,0,YU
14:52:00,Wednesday,4,YU
15:56:00,Wednesday,0,YU
16:23:00,Wednesday,0,BD
16:27:00,Wednesday,15,YU
16:29:00,Wednesday,0,YU
16:30:00,Wednesday,0,BD
17:17:00,Wednesday,0,YU
17:21:00,Wednesday,0,YU
17:28:00,Wednesday,3,BD
17:43:00,Wednesday,0,YU
17:57:00,Wednesday,0,YU
18:10:00,Wednesday,0,BD
18:13:00,Wednesday,0,YU
19:15:00,Wednesday,0,YU
19:22:00,Wednesday,0,BD
19:26:00,Wednesday,3,BD
19:43:00,Wednesday,3,YU
20:07:00,Wednesday,5,YU
20:47:00,Wednesday,5,YU
20:48:00,Wednesday,0,BD
21:02:00,Wednesday,15,YU
21:13:00,Wednesday,18,BD
21:36:00,Wednesday,4,BD
21:57:00,Wednesday,0,YU
21:58:00,Wednesday,0,BD
22:00:00,Wednesday,0,YU/BD
22:20:00,Wednesday,0,YU
22:20:00,Wednesday,0,BD
22:22:00,Wednesday,0,BD
22:25:00,Wednesday,0,YU
23:00:00,Wednesday,0,BD
23:00:00,Wednesday,0,YU
23:00:00,Wednesday,0,BD
23:12:00,Wednesday,0,BD
23:28:00,Wednesday,5,YU
01:14:00,Wednesday,0,BD
01:30:00,Wednesday,0,BD
01:41:00,Wednesday,0,BD
01:52:00,Wednesday,0,YU
09:20:00,Wednesday,0,SHP
23:13:00,Wednesday,0,SHP
00:05:00,Wednesday,5,SHP
02:22:00,Thursday,0,YU
03:58:00,Thursday,0,BD
04:29:00,Thursday,0,YU
05:08:00,Thursday,0,YU
05:50:00,Thursday,10,YU
06:05:00,Thursday,11,YU
06:21:00,Thursday,11,BD
06:21:00,Thursday,5,BD
06:27:00,Thursday,0,YU
06:40:00,Thursday,40,BD
06:59:00,Thursday,0,YU
07:03:00,Thursday,4,YU
07:24:00,Thursday,0,BD
07:50:00,Thursday,3,YU
07:56:00,Thursday,0,BD
08:26:00,Thursday,0,BD
08:28:00,Thursday,0,BD
08:50:00,Thursday,0,BD
09:35:00,Thursday,0,BD
09:46:00,Thursday,0,YU
09:56:00,Thursday,0,YU
10:09:00,Thursday,4,YU
10:22:00,Thursday,4,YU
10:57:00,Thursday,0,BD
10:58:00,Thursday,0,YU
11:01:00,Thursday,0,YU
11:06:00,Thursday,6,YU
11:29:00,Thursday,0,BD
11:30:00,Thursday,0,YU
12:15:00,Thursday,0,YU
13:09:00,Thursday,7,BD
13:25:00,Thursday,0,BD
13:53:00,Thursday,0,BD
14:13:00,Thursday,0,BD
14:31:00,Thursday,0,BD
14:35:00,Thursday,0,YU
14:59:00,Thursday,0,BD
15:13:00,Thursday,20,YU
15:38:00,Thursday,4,BD
15:47:00,Thursday,0,BD
16:22:00,Thursday,0,YU
16:32:00,Thursday,0,BD
16:40:00,Thursday,0,YU
16:42:00,Thursday,0,YU
18:39:00,Thursday,0,BD
18:44:00,Thursday,6,YU
18:55:00,Thursday,0,YU
19:22:00,Thursday,3,BD
19:37:00,Thursday,0,YU
19:46:00,Thursday,0,YU
20:27:00,Thursday,7,YU
20:34:00,Thursday,0,YU
20:43:00,Thursday,5,BD
21:20:00,Thursday,0,YU
21:31:00,Thursday,6,BD
21:51:00,Thursday,0,YU
22:00:00,Thursday,0,YU/BD
22:16:00,Thursday,6,YU
23:00:00,Thursday,0,YU
23:07:00,Thursday,7,YU
23:31:00,Thursday,7,BD
23:35:00,Thursday,5,YU
00:31:00,Thursday,0,BD
01:06:00,Thursday,0,BD
01:53:00,Thursday,0,BD
15:25:00,Thursday,5,SHP
02:07:00,Friday,0,YU
04:34:00,Friday,0,YU
05:40:00,Friday,36,BD
05:54:00,Friday,4,BD
05:57:00,Friday,3,BD
06:03:00,Friday,29,BD
07:01:00,Friday,0,YU
07:37:00,Friday,0,BD
07:52:00,Friday,0,YU
07:57:00,Friday,0,BD
08:10:00,Friday,0,YU
08:50:00,Friday,4,YU
09:32:00,Friday,8,YU
10:16:00,Friday,6,YU
10:19:00,Friday,5,YU
10:49:00,Friday,0,BD
10:52:00,Friday,0,BD
11:00:00,Friday,0,BD
12:44:00,Friday,0,BD
13:01:00,Friday,0,YU
13:55:00,Friday,0,BD
13:57:00,Friday,0,YU
14:00:00,Friday,0,YU
14:33:00,Friday,0,YU
14:57:00,Friday,11,BD
15:19:00,Friday,3,BD
15:43:00,Friday,12,YU
16:13:00,Friday,0,YU
16:32:00,Friday,0,BD
16:46:00,Friday,0,BD
16:55:00,Friday,0,YU
16:56:00,Friday,0,BD
17:02:00,Friday,18,YU
17:04:00,Friday,20,BD
17:25:00,Friday,5,YU
17:36:00,Friday,3,YU
17:49:00,Friday,0,YU
18:31:00,Friday,5,BD
19:49:00,Friday,0,YU
20:57:00,Friday,0,YU
21:06:00,Friday,0,BD
21:07:00,Friday,0,YU
21:14:00,Friday,0,YU
21:15:00,Friday,0,BD
21:22:00,Friday,0,YU
21:36:00,Friday,7,BD
22:00:00,Friday,0,YU/BD
22:14:00,Friday,0,YU
22:46:00,Friday,0,YU
22:56:00,Friday,6,BD
23:00:00,Friday,0,YU
23:03:00,Friday,0,YU
23:12:00,Friday,0,YU
23:24:00,Friday,0,BD
23:49:00,Friday,0,BD
00:03:00,Friday,0,YU
00:11:00,Friday,0,YU
00:32:00,Friday,0,YU
00:34:00,Friday,0,BD
00:54:00,Friday,16,BD
01:21:00,Friday,0,BD
01:33:00,Friday,0,YU
01:48:00,Friday,0,YU
01:51:00,Friday,11,YU
01:52:00,Friday,0,YU
08:05:00,Friday,0,SHP
20:12:00,Friday,0,SHP
20:20:00,Friday,0,SHP
20:28:00,Friday,0,SHP
01:36:00,Friday,0,SHP
02:36:00,Saturday,0,YU
03:02:00,Saturday,0,YU
05:02:00,Saturday,0,BD
06:33:00,Saturday,6,BD
06:46:00,Saturday,3,YU
06:51:00,Saturday,0,YU
06:52:00,Saturday,6,YU
07:24:00,Saturday,0,YU
07:50:00,Saturday,0,BD
08:07:00,Saturday,15,YU
08:51:00,Saturday,0,BD
09:08:00,Saturday,0,YU
10:43:00,Saturday,0,YU
10:47:00,Saturday,4,YU
10:52:00,Saturday,3,YU
10:53:00,Saturday,0,YU
10:55:00,Saturday,0,YU
11:05:00,Saturday,0,YU
11:23:00,Saturday,3,YU
12:54:00,Saturday,0,YU
12:59:00,Saturday,0,BD
13:32:00,Saturday,0,BD
14:03:00,Saturday,0,BD
14:44:00,Saturday,9,BD
14:45:00,Saturday,0,BD
14:56:00,Saturday,4,YU
15:25:00,Saturday,0,YU
15:37:00,Saturday,0,YU
15:49:00,Saturday,0,YU
16:18:00,Saturday,0,BD
17:07:00,Saturday,0,YU
17:09:00,Saturday,3,YU
17:10:00,Saturday,0,BD
17:45:00,Saturday,0,BD
18:07:00,Saturday,3,YU
18:13:00,Saturday,5,YU
18:32:00,Saturday,0,BD
18:35:00,Saturday,4,YU
18:48:00,Saturday,5,YU
19:05:00,Saturday,5,YU
19:33:00,Saturday,0,YU
19:36:00,Saturday,0,YU
19:51:00,Saturday,4,YU
19:59:00,Saturday,0,YU
20:11:00,Saturday,0,BD
20:21:00,Saturday,0,YU
21:30:00,Saturday,8,YU
21:37:00,Saturday,0,BD
21:42:00,Saturday,9,YU
21:44:00,Saturday,4,BD
21:44:00,Saturday,7,YU
21:54:00,Saturday,4,BD
22:00:00,Saturday,0,YU/BD
23:07:00,Saturday,7,BD
23:21:00,Saturday,5,YU
00:00:00,Saturday,0,YU
00:10:00,Saturday,0,YU
00:25:00,Saturday,0,BD
01:08:00,Saturday,0,YU
11:32:00,Saturday,0,SHP
02:14:00,Sunday,0,BD
02:24:00,Sunday,0,YU
04:37:00,Sunday,0,YU
07:58:00,Sunday,4,YU
08:20:00,Sunday,3,BD
09:46:00,Sunday,0,BD
10:39:00,Sunday,10,BD
10:54:00,Sunday,0,YU
11:03:00,Sunday,25,BD
11:40:00,Sunday,4,YU
12:29:00,Sunday,3,BD
12:30:00,Sunday,19,BD
12:30:00,Sunday,16,BD
13:02:00,Sunday,32,YU
13:07:00,Sunday,0,BD
13:22:00,Sunday,0,YU
13:23:00,Sunday,5,BD
13:31:00,Sunday,0,BD
13:33:00,Sunday,0,BD
14:02:00,Sunday,0,BD
14:40:00,Sunday,0,YU
14:46:00,Sunday,4,YU
15:38:00,Sunday,3,BD
15:45:00,Sunday,4,YU
15:59:00,Sunday,0,BD
16:10:00,Sunday,0,BD
16:59:00,Sunday,0,YU
17:13:00,Sunday,0,BD
17:42:00,Sunday,0,BD
17:44:00,Sunday,0,YU
17:46:00,Sunday,0,YU
17:53:00,Sunday,0,BD
18:00:00,Sunday,8,YU
18:17:00,Sunday,3,YU
19:05:00,Sunday,4,YU
19:31:00,Sunday,0,YU
19:34:00,Sunday,4,BD
19:41:00,Sunday,0,YU
20:20:00,Sunday,4,BD
20:23:00,Sunday,0,YU
22:00:00,Sunday,0,YU/BD
22:43:00,Sunday,15,YU
23:33:00,Sunday,0,YU
23:44:00,Sunday,0,YU
00:35:00,Sunday,0,YU
00:55:00,Sunday,0,BD
01:24:00,Sunday,9,YU
01:46:00,Sunday,0,BD
18:53:00,Sunday,0,SHP
23:29:00,Sunday,0,SHP
02:14:00,Monday,0,BD
05:42:00,Monday,6,BD
05:56:00,Monday,3,BD
06:20:00,Monday,3,YU
06:24:00,Monday,0,YU
06:40:00,Monday,5,YU
06:46:00,Monday,3,YU
07:27:00,Monday,4,BD
07:28:00,Monday,8,YU
07:39:00,Monday,3,YU
07:50:00,Monday,4,YU
07:51:00,Monday,0,YU
08:16:00,Monday,0,YU
08:46:00,Monday,0,YU
09:10:00,Monday,3,BD
09:32:00,Monday,0,YU
09:56:00,Monday,5,YU
10:39:00,Monday,3,YU
10:44:00,Monday,0,BD
10:57:00,Monday,0,BD
11:05:00,Monday,0,BD
11:17:00,Monday,4,BD
11:24:00,Monday,0,BD
11:34:00,Monday,0,BD
11:43:00,Monday,0,YU
11:48:00,Monday,0,BD
12:41:00,Monday,7,BD
13:40:00,Monday,0,YU
14:09:00,Monday,4,YU
14:31:00,Monday,5,YU
14:34:00,Monday,3,YU
15:10:00,Monday,0,BD
15:29:00,Monday,5,YU
15:32:00,Monday,0,YU
15:33:00,Monday,4,BD
15:50:00,Monday,0,BD
15:54:00,Monday,0,BD
16:08:00,Monday,0,YU
16:18:00,Monday,0,YU
16:36:00,Monday,0,YU
17:36:00,Monday,0,YU
17:37:00,Monday,0,YU
18:08:00,Monday,10,YU
18:22:00,Monday,5,YU
18:44:00,Monday,0,YU
19:14:00,Monday,0,YU
19:16:00,Monday,0,BD
19:17:00,Monday,8,YU
19:39:00,Monday,4,YU
19:43:00,Monday,0,BD
19:55:00,Monday,5,YU
20:08:00,Monday,0,YU
20:18:00,Monday,0,BD
20:40:00,Monday,0,BD
21:21:00,Monday,0,BD
22:00:00,Monday,0,YU / BD
22:07:00,Monday,0,BD
22:32:00,Monday,0,BD
22:57:00,Monday,0,BD
23:00:00,Monday,0,YU
23:21:00,Monday,0,BD
00:15:00,Monday,0,BD
00:17:00,Monday,0,BD
01:05:00,Monday,4,YU
01:35:00,Monday,0,BD
01:38:00,Monday,5,YU
01:45:00,Monday,0,YU
19:07:00,Monday,0,SHP
02:37:00,Tuesday,0,BD
04:43:00,Tuesday,0,YU
06:12:00,Tuesday,4,YU
06:50:00,Tuesday,6,BD
06:53:00,Tuesday,7,YU
07:35:00,Tuesday,3,BD
07:54:00,Tuesday,0,BD
08:21:00,Tuesday,3,YU
08:58:00,Tuesday,3,BD
09:01:00,Tuesday,0,BD
09:03:00,Tuesday,0,YU
09:18:00,Tuesday,0,BD
09:46:00,Tuesday,0,BD
09:56:00,Tuesday,0,BD
10:02:00,Tuesday,0,BD
10:54:00,Tuesday,0,YU
10:59:00,Tuesday,0,YU
11:26:00,Tuesday,0,BD
11:55:00,Tuesday,0,BD
12:00:00,Tuesday,0,BD
12:56:00,Tuesday,0,BD
13:07:00,Tuesday,9,BD
13:10:00,Tuesday,0,YU
13:19:00,Tuesday,4,BD
13:52:00,Tuesday,0,BD
14:02:00,Tuesday,0,BD
14:42:00,Tuesday,0,BD
14:51:00,Tuesday,0,BD
15:03:00,Tuesday,0,YU
15:07:00,Tuesday,9,YU
15:46:00,Tuesday,0,BD
16:22:00,Tuesday,3,YU
16:28:00,Tuesday,0,BD
16:28:00,Tuesday,0,YU
16:31:00,Tuesday,0,YU
16:46:00,Tuesday,0,BD
16:50:00,Tuesday,0,YU
17:03:00,Tuesday,17,YU
17:14:00,Tuesday,0,BD
17:15:00,Tuesday,0,YU
17:25:00,Tuesday,0,YU
17:30:00,Tuesday,0,YU
17:36:00,Tuesday,0,BD
17:36:00,Tuesday,5,YU
17:43:00,Tuesday,0,BD
17:54:00,Tuesday,0,YU
18:18:00,Tuesday,0,YU
18:25:00,Tuesday,0,BD
18:41:00,Tuesday,0,YU
18:51:00,Tuesday,4,BD
18:58:00,Tuesday,8,BD
19:50:00,Tuesday,6,YU
19:52:00,Tuesday,0,YU
21:04:00,Tuesday,0,BD
21:12:00,Tuesday,0,BD
21:35:00,Tuesday,0,YU
21:47:00,Tuesday,5,BD
22:00:00,Tuesday,0,YU / BD
22:11:00,Tuesday,4,YU
22:17:00,Tuesday,0,BD
22:24:00,Tuesday,5,YU
22:24:00,Tuesday,0,BD
22:30:00,Tuesday,0,YU
22:31:00,Tuesday,0,BD
22:32:00,Tuesday,0,BD
22:37:00,Tuesday,0,BD
22:49:00,Tuesday,0,YU
23:00:00,Tuesday,0,YU
23:04:00,Tuesday,6,BD
23:45:00,Tuesday,5,BD
00:00:00,Tuesday,17,YU
00:04:00,Tuesday,0,YU
00:10:00,Tuesday,0,YU
00:21:00,Tuesday,0,BD
00:21:00,Tuesday,0,YU
00:47:00,Tuesday,0,BD
00:52:00,Tuesday,0,YU
01:11:00,Tuesday,0,YU
01:20:00,Tuesday,0,BD
01:37:00,Tuesday,7,BD
01:42:00,Tuesday,0,YU
01:45:00,Tuesday,15,BD
02:04:00,Wednesday,0,YU
02:13:00,Wednesday,0,YU
03:09:00,Wednesday,0,YU
04:12:00,Wednesday,0,YU
05:46:00,Wednesday,0,BD
06:08:00,Wednesday,4,YU
06:13:00,Wednesday,3,YU
06:31:00,Wednesday,0,BD
06:34:00,Wednesday,0,BD
07:09:00,Wednesday,10,YU
07:17:00,Wednesday,10,BD
07:35:00,Wednesday,0,YU
07:45:00,Wednesday,13,BD
07:58:00,Wednesday,4,BD
08:18:00,Wednesday,3,YU
08:48:00,Wednesday,0,YU
08:51:00,Wednesday,0,BD
09:16:00,Wednesday,0,BD
09:21:00,Wednesday,0,BD
09:37:00,Wednesday,0,YU
09:58:00,Wednesday,0,BD
10:50:00,Wednesday,3,YU
10:54:00,Wednesday,0,YU
11:04:00,Wednesday,0,BD
11:05:00,Wednesday,0,YU
11:06:00,Wednesday,0,YU
11:47:00,Wednesday,3,YU
11:52:00,Wednesday,0,YU
12:11:00,Wednesday,6,BD
12:20:00,Wednesday,7,YU
12:29:00,Wednesday,0,YU
12:31:00,Wednesday,0,YU
13:10:00,Wednesday,4,YU
13:54:00,Wednesday,0,BD
14:31:00,Wednesday,4,YU
14:51:00,Wednesday,0,BD
15:02:00,Wednesday,7,YU
15:10:00,Wednesday,0,BD
15:28:00,Wednesday,0,BD
15:29:00,Wednesday,0,YU
15:37:00,Wednesday,0,YU
15:40:00,Wednesday,5,YU
15:43:00,Wednesday,3,BD
15:52:00,Wednesday,0,BD
15:57:00,Wednesday,0,BD
15:58:00,Wednesday,0,BD
16:18:00,Wednesday,4,YU
16:28:00,Wednesday,0,BD
16:31:00,Wednesday,3,BD
16:40:00,Wednesday,8,YU
16:54:00,Wednesday,0,YU
17:27:00,Wednesday,0,YU
17:28:00,Wednesday,4,BD
17:36:00,Wednesday,0,BD
19:03:00,Wednesday,0,YU
19:22:00,Wednesday,0,BD
19:40:00,Wednesday,0,YU
19:51:00,Wednesday,0,BD
21:20:00,Wednesday,3,YU
21:52:00,Wednesday,0,YU
21:59:00,Wednesday,5,BD
22:00:00,Wednesday,0,YU/BD
22:05:00,Wednesday,0,YU
22:13:00,Wednesday,28,BD
22:18:00,Wednesday,0,BD
22:50:00,Wednesday,5,YU
23:00:00,Wednesday,0,YU
23:09:00,Wednesday,7,YU
23:20:00,Wednesday,0,BD
23:57:00,Wednesday,0,YU
00:24:00,Wednesday,0,YU
00:29:00,Wednesday,0,YU
00:37:00,Wednesday,0,YU
00:44:00,Wednesday,6,BD
00:55:00,Wednesday,6,YU
01:00:00,Wednesday,0,YU
01:04:00,Wednesday,5,YU
01:42:00,Wednesday,0,YU
01:56:00,Wednesday,17,BD
07:35:00,Wednesday,0,SHP
08:36:00,Wednesday,0,SHP
09:21:00,Wednesday,0,SHP
15:00:00,Wednesday,0,SHP
02:14:00,Thursday,0,YU
04:46:00,Thursday,0,BD
05:02:00,Thursday,0,YU
05:50:00,Thursday,0,BD
05:53:00,Thursday,0,YU
06:00:00,Thursday,0,YU/BD
06:17:00,Thursday,3,YU
06:55:00,Thursday,3,BD
07:16:00,Thursday,4,YU
07:19:00,Thursday,10,BD
07:42:00,Thursday,0,YU
07:43:00,Thursday,13,YU
07:49:00,Thursday,0,BD
08:32:00,Thursday,0,YU
09:04:00,Thursday,0,YU
09:04:00,Thursday,7,YU
09:17:00,Thursday,0,BD
09:39:00,Thursday,0,YU
10:09:00,Thursday,0,YU
10:12:00,Thursday,5,YU
10:15:00,Thursday,0,YU
10:33:00,Thursday,6,YU
10:42:00,Thursday,0,BD
11:12:00,Thursday,0,BD
11:19:00,Thursday,0,BD
11:58:00,Thursday,0,BD
11:59:00,Thursday,4,BD
12:15:00,Thursday,6,YU
12:51:00,Thursday,3,BD
12:55:00,Thursday,0,YU
13:00:00,Thursday,7,YU
13:04:00,Thursday,0,BD
13:11:00,Thursday,0,YU
13:24:00,Thursday,0,YU
14:24:00,Thursday,0,YU
14:45:00,Thursday,9,BD
15:04:00,Thursday,5,YU
15:09:00,Thursday,0,YU
15:46:00,Thursday,0,YU
16:22:00,Thursday,0,YU
16:26:00,Thursday,0,BD
16:31:00,Thursday,6,BD
16:34:00,Thursday,0,YU
16:58:00,Thursday,0,YU
17:04:00,Thursday,0,YU
17:05:00,Thursday,7,YU
17:13:00,Thursday,0,YU
17:14:00,Thursday,5,BD
17:41:00,Thursday,10,YU
17:46:00,Thursday,0,BD
17:46:00,Thursday,0,YU
17:57:00,Thursday,0,BD
18:11:00,Thursday,3,YU
18:23:00,Thursday,0,YU
18:27:00,Thursday,0,BD
18:53:00,Thursday,0,YU
19:19:00,Thursday,8,BD
19:41:00,Thursday,0,BD
19:47:00,Thursday,0,YU
19:50:00,Thursday,0,BD
20:00:00,Thursday,0,YU
20:11:00,Thursday,0,YU
20:12:00,Thursday,7,YU
20:22:00,Thursday,4,YU
20:26:00,Thursday,0,YU
20:31:00,Thursday,0,YU
20:45:00,Thursday,106,BD
21:08:00,Thursday,0,BD
21:10:00,Thursday,0,YU
21:18:00,Thursday,0,YU
21:20:00,Thursday,0,BD
21:28:00,Thursday,0,BD
21:45:00,Thursday,0,BD
21:47:00,Thursday,0,YU
22:00:00,Thursday,0,YU/ BD
22:20:00,Thursday,0,BD
22:29:00,Thursday,4,YU
22:37:00,Thursday,0,BD
22:54:00,Thursday,0,YU
23:00:00,Thursday,0,YU
23:07:00,Thursday,0,YU
23:14:00,Thursday,0,YU
23:29:00,Thursday,11,YU
23:32:00,Thursday,0,YU
23:53:00,Thursday,13,YU
23:57:00,Thursday,0,BD
00:07:00,Thursday,0,YU
00:22:00,Thursday,5,YU
00:41:00,Thursday,0,BD
00:41:00,Thursday,8,BD
00:50:00,Thursday,0,YU
01:09:00,Thursday,0,BD
01:27:00,Thursday,0,YU
01:49:00,Thursday,0,BD
01:53:00,Thursday,0,YU
06:00:00,Thursday,0,SHP
02:00:00,Friday,0,YU
02:11:00,Friday,0,YU
02:36:00,Friday,0,YU
04:23:00,Friday,0,BD
04:23:00,Friday,0,BD
05:05:00,Friday,0,YU
05:35:00,Friday,41,YU
05:39:00,Friday,49,YU
05:39:00,Friday,0,BD
05:53:00,Friday,19,YU
05:55:00,Friday,12,YU
06:07:00,Friday,5,YU
06:08:00,Friday,491,YU
06:40:00,Friday,0,YU
07:20:00,Friday,0,YU
07:25:00,Friday,0,BD
07:51:00,Friday,0,BD
08:03:00,Friday,0,YU
08:10:00,Friday,10,BD
08:38:00,Friday,3,YU
08:48:00,Friday,6,YU
09:13:00,Friday,0,BD
09:14:00,Friday,0,BD
09:29:00,Friday,0,BD
10:22:00,Friday,0,BD
11:09:00,Friday,3,BD
11:16:00,Friday,0,YU
11:22:00,Friday,0,BD
11:36:00,Friday,4,BD
11:55:00,Friday,0,YU
12:16:00,Friday,0,YU
12:18:00,Friday,0,YU
12:34:00,Friday,0,BD
12:40:00,Friday,0,BD
12:49:00,Friday,10,BD
12:53:00,Friday,13,YU
13:17:00,Friday,0,YU
13:21:00,Friday,4,YU
13:48:00,Friday,7,YU
13:51:00,Friday,3,YU
13:56:00,Friday,5,BD
13:59:00,Friday,0,BD
14:16:00,Friday,5,BD
14:34:00,Friday,0,BD
14:54:00,Friday,0,BD
15:01:00,Friday,10,BD
15:12:00,Friday,0,BD
15:40:00,Friday,0,YU
15:43:00,Friday,0,YU
15:53:00,Friday,7,YU
16:29:00,Friday,3,BD
16:51:00,Friday,0,BD
16:53:00,Friday,0,BD
17:29:00,Friday,0,YU
17:35:00,Friday,8,YU
17:43:00,Friday,0,BD
17:54:00,Friday,6,YU
18:00:00,Friday,0,YU
18:27:00,Friday,0,YU
18:42:00,Friday,0,BD
18:55:00,Friday,4,YU
19:08:00,Friday,0,YU
19:21:00,Friday,16,YU
19:35:00,Friday,6,BD
19:42:00,Friday,0,BD
19:58:00,Friday,0,YU
20:11:00,Friday,0,BD
20:17:00,Friday,0,BD
21:13:00,Friday,5,YU
21:14:00,Friday,0,BD
21:33:00,Friday,0,BD
21:36:00,Friday,4,YU
22:00:00,Friday,0,YU/BD
22:02:00,Friday,3,YU
22:20:00,Friday,5,YU
22:55:00,Friday,0,YU
23:20:00,Friday,5,BD
23:55:00,Friday,0,BD
00:18:00,Friday,0,BD
00:24:00,Friday,0,YU
00:26:00,Friday,0,BD
00:40:00,Friday,4,YU
00:58:00,Friday,5,BD
01:16:00,Friday,0,BD
01:33:00,Friday,0,YU
01:38:00,Friday,0,BD
01:43:00,Friday,0,BD
01:55:00,Friday,0,YU
02:22:00,Saturday,0,BD
05:48:00,Saturday,15,BD
05:49:00,Saturday,0,YU
05:49:00,Saturday,5,BD
06:02:00,Saturday,7,BD
08:37:00,Saturday,0,BD
08:43:00,Saturday,0,YU
09:34:00,Saturday,0,BD
09:46:00,Saturday,0,BD
10:28:00,Saturday,0,BD
10:39:00,Saturday,0,BD
10:40:00,Saturday,0,YU
10:48:00,Saturday,5,YU
11:10:00,Saturday,3,BD
11:37:00,Saturday,0,BD
11:49:00,Saturday,7,YU
12:19:00,Saturday,4,BD
12:21:00,Saturday,0,BD
12:51:00,Saturday,3,YU
12:58:00,Saturday,8,YU
13:02:00,Saturday,4,BD
13:51:00,Saturday,0,YU
14:45:00,Saturday,0,BD
15:11:00,Saturday,0,YU
15:22:00,Saturday,3,BD
16:41:00,Saturday,0,YU
18:00:00,Saturday,0,BD
18:00:00,Saturday,0,YU
18:16:00,Saturday,0,BD
18:18:00,Saturday,0,YU
18:35:00,Saturday,0,BD
19:36:00,Saturday,4,YU
19:45:00,Saturday,0,BD
20:14:00,Saturday,4,BD
21:36:00,Saturday,4,BD
21:58:00,Saturday,0,BD
22:00:00,Saturday,0,YU/BD
22:16:00,Saturday,0,YU
22:19:00,Saturday,4,BD
23:57:00,Saturday,0,YU
00:18:00,Saturday,6,BD
01:15:00,Saturday,3,BD
01:54:00,Saturday,0,YU
02:06:00,Sunday,0,BD
05:50:00,Sunday,0,BD
08:22:00,Sunday,12,YU
08:44:00,Sunday,4,YU
09:12:00,Sunday,10,BD
09:44:00,Sunday,0,YU
09:44:00,Sunday,0,BD
10:01:00,Sunday,3,BD
10:09:00,Sunday,0,YU
10:20:00,Sunday,0,YU
10:50:00,Sunday,0,YU
11:29:00,Sunday,0,YU
12:26:00,Sunday,8,BD
12:31:00,Sunday,0,YU
13:01:00,Sunday,0,YU
13:26:00,Sunday,6,YU
13:29:00,Sunday,4,YU
13:29:00,Sunday,0,BD
13:30:00,Sunday,0,BD
14:04:00,Sunday,0,BD
14:36:00,Sunday,0,YU
14:43:00,Sunday,0,YU
14:48:00,Sunday,9,YU
15:50:00,Sunday,0,YU
16:01:00,Sunday,0,YU
16:17:00,Sunday,4,BD
17:07:00,Sunday,5,YU
17:22:00,Sunday,0,BD
17:30:00,Sunday,0,YU
18:07:00,Sunday,0,BD
18:13:00,Sunday,0,YU
18:50:00,Sunday,0,BD
19:23:00,Sunday,0,YU
19:50:00,Sunday,0,YU
20:25:00,Sunday,0,YU
20:41:00,Sunday,6,BD
20:42:00,Sunday,25,BD
20:44:00,Sunday,3,YU
21:40:00,Sunday,32,YU
21:44:00,Sunday,0,BD
22:00:00,Sunday,0,YU/BD
22:09:00,Sunday,13,YU
22:14:00,Sunday,6,BD
23:00:00,Sunday,0,BD
23:06:00,Sunday,0,BD
23:20:00,Sunday,5,YU
23:36:00,Sunday,7,BD
23:48:00,Sunday,4,BD
00:43:00,Sunday,0,YU
06:50:00,Sunday,0,SHP
16:46:00,Sunday,0,SHP
20:09:00,Sunday,0,SHP
02:01:00,Monday,0,BD
02:16:00,Monday,0,BD
03:09:00,Monday,0,BD
05:54:00,Monday,0,BD
06:02:00,Monday,0,BD
06:18:00,Monday,3,YU
06:19:00,Monday,9,BD
06:29:00,Monday,0,BD
07:03:00,Monday,0,BD
07:10:00,Monday,3,YU
07:12:00,Monday,9,YU
07:46:00,Monday,0,BD
07:52:00,Monday,7,BD
08:03:00,Monday,3,YU
08:11:00,Monday,4,YU
08:12:00,Monday,0,BD
08:20:00,Monday,0,YU
08:31:00,Monday,3,BD
09:16:00,Monday,0,BD
09:37:00,Monday,0,YU
09:56:00,Monday,0,YU
10:08:00,Monday,0,YU
10:54:00,Monday,0,BD
11:06:00,Monday,0,BD
11:47:00,Monday,0,BD
12:10:00,Monday,3,BD
13:08:00,Monday,6,YU
15:26:00,Monday,0,BD
15:56:00,Monday,9,BD
16:39:00,Monday,7,YU
16:41:00,Monday,0,YU
16:42:00,Monday,0,BD
16:54:00,Monday,0,YU
16:57:00,Monday,0,BD
17:00:00,Monday,14,YU
17:12:00,Monday,0,YU
17:19:00,Monday,0,YU
17:20:00,Monday,6,YU
17:25:00,Monday,3,YU
17:37:00,Monday,0,YU
17:57:00,Monday,0,YU
18:00:00,Monday,0,YU
18:30:00,Monday,0,YU
19:30:00,Monday,7,YU
19:37:00,Monday,0,YU
20:03:00,Monday,0,BD
20:12:00,Monday,5,BD
20:32:00,Monday,0,BD
20:42:00,Monday,0,BD
20:50:00,Monday,0,YU
20:56:00,Monday,0,BD
21:10:00,Monday,0,BD
21:38:00,Monday,0,BD
22:00:00,Monday,0,YU/BD
22:18:00,Monday,7,BD
22:26:00,Monday,0,BD
22:37:00,Monday,0,BD
22:45:00,Monday,0,YU
22:49:00,Monday,0,BD
22:50:00,Monday,0,YU
23:00:00,Monday,0,YU
23:00:00,Monday,0,YU
23:10:00,Monday,11,BD
23:13:00,Monday,0,YU
23:18:00,Monday,7,YU
23:41:00,Monday,0,YU
23:47:00,Monday,0,YU
23:56:00,Monday,0,BD
00:07:00,Monday,0,BD
01:23:00,Monday,3,BD
01:37:00,Monday,0,BD
09:52:00,Monday,16,SHP
18:04:00,Monday,0,SHP
21:39:00,Monday,0,SHP
22:12:00,Monday,5,SHP
02:30:00,Tuesday,0,BD
03:02:00,Tuesday,0,BD
05:40:00,Tuesday,5,BD
06:04:00,Tuesday,0,YU
06:29:00,Tuesday,0,BD
06:55:00,Tuesday,0,YU
07:11:00,Tuesday,0,YU
07:41:00,Tuesday,0,YU
07:55:00,Tuesday,0,YU
08:05:00,Tuesday,0,YU
08:14:00,Tuesday,0,BD
08:17:00,Tuesday,5,BD
08:20:00,Tuesday,0,BD
08:39:00,Tuesday,0,BD
08:57:00,Tuesday,0,BD
09:14:00,Tuesday,0,YU
09:17:00,Tuesday,0,YU
09:44:00,Tuesday,10,YU
10:09:00,Tuesday,0,BD
10:15:00,Tuesday,0,BD
10:17:00,Tuesday,31,YU
10:41:00,Tuesday,8,BD
10:45:00,Tuesday,0,YU
11:08:00,Tuesday,7,YU
11:16:00,Tuesday,0,YU
11:21:00,Tuesday,0,BD
11:37:00,Tuesday,20,YU
11:46:00,Tuesday,5,YU
12:18:00,Tuesday,0,BD
12:38:00,Tuesday,0,YU
13:48:00,Tuesday,3,YU
14:24:00,Tuesday,0,YU
14:42:00,Tuesday,3,YU
15:12:00,Tuesday,0,YU
15:19:00,Tuesday,0,BD
15:33:00,Tuesday,0,YU
15:36:00,Tuesday,4,YU
15:47:00,Tuesday,0,BD
16:17:00,Tuesday,0,YU
16:26:00,Tuesday,0,YU
16:39:00,Tuesday,4,BD
16:42:00,Tuesday,0,BD
16:51:00,Tuesday,3,YU
16:53:00,Tuesday,12,BD
17:25:00,Tuesday,0,BD
17:32:00,Tuesday,3,BD
17:52:00,Tuesday,19,YU
17:58:00,Tuesday,0,BD
18:30:00,Tuesday,7,BD
19:49:00,Tuesday,0,BD
19:53:00,Tuesday,0,BD
20:54:00,Tuesday,0,BD
21:20:00,Tuesday,0,YU
21:31:00,Tuesday,9,YU
21:50:00,Tuesday,7,YU
22:00:00,Tuesday,0,YU/BD
22:23:00,Tuesday,3,BD
22:33:00,Tuesday,5,BD
22:45:00,Tuesday,0,YU
22:48:00,Tuesday,9,BD
23:00:00,Tuesday,0,YU
23:24:00,Tuesday,8,BD
23:57:00,Tuesday,0,YU
00:40:00,Tuesday,0,BD
01:28:00,Tuesday,0,YU
01:35:00,Tuesday,0,BD
11:48:00,Tuesday,8,SHP
17:16:00,Tuesday,0,SHP
18:07:00,Tuesday,0,SHP
02:45:00,Wednesday,0,BD
03:52:00,Wednesday,0,BD
05:43:00,Wednesday,10,BD
05:50:00,Wednesday,5,BD
05:55:00,Wednesday,5,BD
05:55:00,Wednesday,10,BD
06:10:00,Wednesday,3,YU
07:20:00,Wednesday,3,YU
07:23:00,Wednesday,7,BD
07:36:00,Wednesday,3,BD
08:09:00,Wednesday,0,BD
08:56:00,Wednesday,0,YU
09:41:00,Wednesday,16,BD
10:25:00,Wednesday,3,YU
10:48:00,Wednesday,0,YU
10:59:00,Wednesday,0,BD
11:08:00,Wednesday,0,YU
11:52:00,Wednesday,0,YU
11:52:00,Wednesday,0,BD
11:59:00,Wednesday,0,YU
12:05:00,Wednesday,0,BD
12:28:00,Wednesday,0,BD
13:39:00,Wednesday,0,BD
13:53:00,Wednesday,4,YU
13:55:00,Wednesday,0,YU
14:34:00,Wednesday,0,YU
14:44:00,Wednesday,0,BD
14:55:00,Wednesday,0,BD
14:59:00,Wednesday,0,BD
15:06:00,Wednesday,0,BD
15:07:00,Wednesday,3,YU
15:41:00,Wednesday,18,YU
16:17:00,Wednesday,0,YU
16:18:00,Wednesday,0,YU
16:19:00,Wednesday,0,YU
16:32:00,Wednesday,4,YU
16:45:00,Wednesday,0,BD
16:54:00,Wednesday,0,BD
17:09:00,Wednesday,0,YU
17:13:00,Wednesday,0,BD
17:29:00,Wednesday,6,YU
17:40:00,Wednesday,21,BD
17:42:00,Wednesday,10,BD
18:21:00,Wednesday,0,YU
18:34:00,Wednesday,0,BD
18:43:00,Wednesday,22,BD
18:52:00,Wednesday,0,YU
19:17:00,Wednesday,0,BD
19:25:00,Wednesday,0,BD
20:07:00,Wednesday,0,YU
20:11:00,Wednesday,0,BD
20:19:00,Wednesday,0,YU
20:35:00,Wednesday,4,YU
20:46:00,Wednesday,0,BD
20:55:00,Wednesday,5,YU
21:15:00,Wednesday,5,YU
21:20:00,Wednesday,0,YU
21:25:00,Wednesday,0,BD
21:32:00,Wednesday,0,BD
21:43:00,Wednesday,11,YU
21:47:00,Wednesday,0,BD
22:00:00,Wednesday,0,YU/BD
22:02:00,Wednesday,0,YU
22:20:00,Wednesday,3,BD
22:31:00,Wednesday,10,YU
22:35:00,Wednesday,0,YU
22:53:00,Wednesday,0,YU
23:01:00,Wednesday,0,YU
23:04:00,Wednesday,5,BD
23:06:00,Wednesday,0,YU
23:10:00,Wednesday,0,BD
23:12:00,Wednesday,7,BD
23:20:00,Wednesday,0,BD
23:35:00,Wednesday,0,YU
23:41:00,Wednesday,6,BD
23:58:00,Wednesday,0,BD
00:13:00,Wednesday,0,BD
00:19:00,Wednesday,0,YU
00:38:00,Wednesday,0,YU
01:57:00,Wednesday,0,BD
14:27:00,Wednesday,3,SHP
02:04:00,Thursday,0,YU
02:23:00,Thursday,0,YU
04:58:00,Thursday,0,YU
05:43:00,Thursday,9,YU
05:56:00,Thursday,0,BD
06:14:00,Thursday,0,YU
06:15:00,Thursday,4,YU
06:41:00,Thursday,0,BD
06:45:00,Thursday,0,BD
07:14:00,Thursday,0,YU
08:45:00,Thursday,3,BD
09:03:00,Thursday,3,YU
09:23:00,Thursday,3,BD
09:43:00,Thursday,7,YU
11:06:00,Thursday,0,YU
11:12:00,Thursday,0,BD
11:29:00,Thursday,0,BD
11:29:00,Thursday,0,YU
12:22:00,Thursday,0,BD
13:39:00,Thursday,4,YU
13:40:00,Thursday,0,BD
13:45:00,Thursday,0,YU
13:59:00,Thursday,0,YU
14:22:00,Thursday,4,BD
14:46:00,Thursday,7,YU
14:47:00,Thursday,16,YU
15:34:00,Thursday,3,YU
15:44:00,Thursday,3,YU
16:35:00,Thursday,0,BD
16:41:00,Thursday,3,YU
16:42:00,Thursday,5,BD
16:44:00,Thursday,0,BD
17:36:00,Thursday,3,YU
17:51:00,Thursday,0,YU
17:54:00,Thursday,4,YU
18:19:00,Thursday,15,YU
18:21:00,Thursday,12,BD
18:24:00,Thursday,23,YU
18:36:00,Thursday,0,YU
19:06:00,Thursday,0,BD
19:07:00,Thursday,10,YU
19:31:00,Thursday,0,BD
19:46:00,Thursday,0,BD
20:13:00,Thursday,0,BD
20:18:00,Thursday,0,BD
20:28:00,Thursday,22,BD
20:31:00,Thursday,0,BD
22:00:00,Thursday,0,YU/BD
23:00:00,Thursday,0,YU
23:08:00,Thursday,3,YU
00:12:00,Thursday,0,YU
00:46:00,Thursday,0,YU
01:36:00,Thursday,5,BD
01:41:00,Thursday,0,YU
16:49:00,Thursday,6,SHP
22:03:00,Thursday,7,SHP
05:43:00,Friday,0,BD
05:58:00,Friday,0,BD
05:58:00,Friday,9,YU
06:17:00,Friday,0,YU
06:58:00,Friday,0,BD
07:45:00,Friday,0,YU
08:00:00,Friday,0,BD
08:26:00,Friday,10,BD
09:50:00,Friday,11,BD
09:53:00,Friday,7,YU
10:05:00,Friday,0,BD
10:32:00,Friday,0,YU
10:34:00,Friday,0,BD
11:20:00,Friday,5,YU
11:37:00,Friday,0,BD
11:59:00,Friday,3,YU
12:25:00,Friday,11,BD
12:37:00,Friday,0,YU
12:51:00,Friday,3,YU
12:52:00,Friday,3,BD
12:57:00,Friday,4,BD
13:20:00,Friday,0,YU
13:27:00,Friday,0,YU
13:45:00,Friday,0,YU
13:49:00,Friday,15,BD
14:18:00,Friday,6,YU
14:36:00,Friday,3,BD
15:03:00,Friday,6,BD
15:12:00,Friday,0,BD
15:27:00,Friday,14,YU
15:41:00,Friday,0,YU
15:54:00,Friday,0,BD
15:57:00,Friday,0,BD
16:01:00,Friday,0,BD
16:06:00,Friday,6,YU
16:17:00,Friday,0,YU
16:25:00,Friday,0,BD
16:32:00,Friday,0,BD
16:55:00,Friday,0,BD
17:21:00,Friday,3,BD
17:28:00,Friday,0,BD
17:47:00,Friday,0,BD
17:56:00,Friday,24,BD
18:48:00,Friday,0,BD
19:28:00,Friday,4,YU
19:28:00,Friday,0,YU
19:35:00,Friday,6,YU
20:15:00,Friday,3,BD
20:20:00,Friday,0,YU
20:37:00,Friday,0,BD
21:11:00,Friday,0,BD
21:40:00,Friday,0,YU
22:00:00,Friday,0,YU/BD
22:44:00,Friday,4,YU
22:49:00,Friday,16,YU
23:00:00,Friday,0,YU
23:18:00,Friday,0,YU
23:19:00,Friday,6,YU
23:31:00,Friday,0,BD
23:45:00,Friday,0,YU
23:57:00,Friday,3,YU
01:15:00,Friday,0,BD
01:16:00,Friday,0,BD
01:25:00,Friday,0,YU
01:26:00,Friday,0,BD
01:44:00,Friday,0,BD
15:34:00,Friday,0,SHP
17:53:00,Friday,0,SHP
18:10:00,Friday,0,SHP
18:50:00,Friday,0,SHP
23:40:00,Friday,0,SHP
02:22:00,Saturday,0,BD
03:54:00,Saturday,5,BD
05:36:00,Saturday,0,BD
06:25:00,Saturday,0,BD
06:34:00,Saturday,7,YU
07:06:00,Saturday,0,YU
07:12:00,Saturday,0,YU
08:36:00,Saturday,0,YU
08:38:00,Saturday,6,YU
09:33:00,Saturday,0,YU
10:26:00,Saturday,0,YU
10:34:00,Saturday,3,YU
10:50:00,Saturday,0,YU
11:02:00,Saturday,0,BD
11:03:00,Saturday,4,BD
11:40:00,Saturday,0,BD
12:39:00,Saturday,0,YU
12:52:00,Saturday,10,BD
12:59:00,Saturday,0,BD
13:09:00,Saturday,0,BD
13:27:00,Saturday,0,YU
14:02:00,Saturday,5,BD
14:04:00,Saturday,0,YU
14:08:00,Saturday,0,YU
14:24:00,Saturday,0,YU
14:51:00,Saturday,3,BD
15:04:00,Saturday,0,BD
15:33:00,Saturday,0,YU
15:57:00,Saturday,3,YU
16:02:00,Saturday,0,YU
16:13:00,Saturday,0,BD
16:16:00,Saturday,5,YU
16:33:00,Saturday,0,BD
17:21:00,Saturday,13,YU
17:22:00,Saturday,5,YU
17:50:00,Saturday,0,YU
17:52:00,Saturday,0,BD
17:53:00,Saturday,9,YU
17:57:00,Saturday,0,BD
18:03:00,Saturday,4,BD
18:13:00,Saturday,0,BD
18:45:00,Saturday,0,BD
18:50:00,Saturday,0,YU
19:26:00,Saturday,0,BD
19:29:00,Saturday,5,BD
19:33:00,Saturday,0,BD
19:45:00,Saturday,5,BD
20:18:00,Saturday,0,YU
20:22:00,Saturday,3,BD
21:12:00,Saturday,6,YU
21:36:00,Saturday,0,YU
21:43:00,Saturday,0,YU
22:00:00,Saturday,0,YU/BD
22:08:00,Saturday,0,BD
22:14:00,Saturday,0,BD
22:17:00,Saturday,0,YU
22:54:00,Saturday,0,YU
23:16:00,Saturday,28,YU
23:17:00,Saturday,0,BD
23:20:00,Saturday,4,YU
23:52:00,Saturday,4,YU
00:02:00,Saturday,23,YU
00:12:00,Saturday,5,YU
00:20:00,Saturday,0,BD
01:06:00,Saturday,0,BD
01:10:00,Saturday,0,YU
01:19:00,Saturday,0,BD
12:39:00,Saturday,7,SHP
13:10:00,Saturday,0,SHP
13:30:00,Saturday,0,SHP
07:36:00,Sunday,0,BD
07:49:00,Sunday,0,YU
08:15:00,Sunday,5,BD
08:20:00,Sunday,9,BD
08:21:00,Sunday,0,YU
08:22:00,Sunday,5,BD
09:04:00,Sunday,4,BD
09:11:00,Sunday,0,BD
11:09:00,Sunday,0,BD
12:19:00,Sunday,0,BD
12:21:00,Sunday,0,YU
12:29:00,Sunday,0,YU
12:42:00,Sunday,0,YU
12:45:00,Sunday,0,YU
13:06:00,Sunday,0,BD
13:29:00,Sunday,0,YU
13:32:00,Sunday,0,BD
13:37:00,Sunday,0,YU
13:52:00,Sunday,0,BD
14:06:00,Sunday,4,YU
14:17:00,Sunday,0,YU
14:56:00,Sunday,0,YU
15:39:00,Sunday,0,YU
15:56:00,Sunday,0,YU
15:58:00,Sunday,7,YU
16:06:00,Sunday,6,YU
16:45:00,Sunday,3,BD
17:08:00,Sunday,0,BD
17:38:00,Sunday,0,YU
19:15:00,Sunday,0,YU
19:30:00,Sunday,0,YU
19:48:00,Sunday,0,BD
20:20:00,Sunday,3,BD
21:38:00,Sunday,6,YU
22:00:00,Sunday,0,YU/BD
22:08:00,Sunday,0,YU
22:11:00,Sunday,0,YU
22:13:00,Sunday,0,BD
22:48:00,Sunday,0,YU
22:50:00,Sunday,0,BD
22:57:00,Sunday,0,YU
23:00:00,Sunday,0,YU
23:10:00,Sunday,7,YU
23:19:00,Sunday,12,YU
00:10:00,Sunday,0,YU
00:14:00,Sunday,0,YU
00:18:00,Sunday,0,YU
00:44:00,Sunday,6,BD
00:49:00,Sunday,0,YU
00:54:00,Sunday,9,YU
01:02:00,Sunday,7,BD
01:56:00,Sunday,0,YU
22:04:00,Sunday,0,SHP
02:09:00,Monday,0,BD
02:17:00,Monday,0,BD
02:35:00,Monday,0,BD
02:38:00,Monday,0,BD
04:23:00,Monday,0,YU
05:04:00,Monday,0,BD
05:38:00,Monday,4,YU
05:41:00,Monday,0,BD
06:01:00,Monday,0,YU
06:14:00,Monday,4,YU
06:18:00,Monday,0,YU
06:26:00,Monday,0,YU
07:00:00,Monday,0,BD
07:06:00,Monday,4,BD
08:06:00,Monday,0,BD
08:21:00,Monday,3,BD
08:27:00,Monday,3,YU
08:35:00,Monday,3,YU
08:46:00,Monday,4,YU
08:57:00,Monday,15,BD
10:05:00,Monday,0,BD
10:38:00,Monday,8,BD
11:22:00,Monday,0,BD
11:32:00,Monday,0,YU
11:42:00,Monday,0,YU
12:16:00,Monday,0,YU
12:18:00,Monday,0,BD
12:35:00,Monday,0,YU
13:32:00,Monday,4,BD
15:04:00,Monday,3,BD
15:40:00,Monday,0,YU
15:52:00,Monday,0,BD
15:57:00,Monday,8,YU
16:02:00,Monday,0,YU
16:11:00,Monday,14,YU
16:15:00,Monday,0,BD
16:22:00,Monday,0,YU
16:28:00,Monday,0,BD
16:58:00,Monday,9,YU
17:01:00,Monday,7,YU
17:04:00,Monday,0,YU
17:12:00,Monday,0,BD
17:22:00,Monday,19,BD
17:29:00,Monday,6,BD
17:45:00,Monday,0,BD
17:57:00,Monday,0,YU
18:12:00,Monday,14,BD
18:13:00,Monday,0,BD
18:23:00,Monday,0,YU
19:18:00,Monday,7,YU
19:20:00,Monday,0,BD
19:49:00,Monday,0,BD
19:52:00,Monday,7,YU
21:34:00,Monday,0,BD
22:00:00,Monday,0,YU/BD
22:30:00,Monday,0,BD
22:34:00,Monday,13,YU
22:51:00,Monday,0,BD
23:00:00,Monday,0,YU
23:50:00,Monday,4,BD
23:55:00,Monday,5,YU
00:16:00,Monday,0,YU
00:36:00,Monday,3,YU
01:44:00,Monday,3,YU
11:21:00,Monday,6,SHP
13:01:00,Monday,0,SHP
17:47:00,Monday,0,SHP
17:53:00,Monday,0,SHP
02:00:00,Tuesday,0,BD
02:05:00,Tuesday,0,YU
03:00:00,Tuesday,0,BD
05:58:00,Tuesday,3,YU
05:58:00,Tuesday,10,YU
06:17:00,Tuesday,0,BD
06:49:00,Tuesday,4,YU
06:55:00,Tuesday,4,YU
07:04:00,Tuesday,0,BD
07:06:00,Tuesday,0,YU
07:39:00,Tuesday,0,YU
07:49:00,Tuesday,3,YU
07:50:00,Tuesday,0,BD
07:50:00,Tuesday,0,YU
07:50:00,Tuesday,3,BD
08:29:00,Tuesday,3,YU
08:51:00,Tuesday,0,BD
08:58:00,Tuesday,6,YU
09:40:00,Tuesday,5,YU
11:19:00,Tuesday,3,YU
11:24:00,Tuesday,5,BD
11:47:00,Tuesday,3,BD
11:19:00,Tuesday,3,YU
11:24:00,Tuesday,5,YU
11:47:00,Tuesday,3,YU
12:01:00,Tuesday,4,YU
12:40:00,Tuesday,0,BD
12:42:00,Tuesday,0,BD
13:22:00,Tuesday,5,YU
14:03:00,Tuesday,0,BD
14:33:00,Tuesday,0,YU
14:58:00,Tuesday,0,YU
15:19:00,Tuesday,24,BD
15:45:00,Tuesday,0,YU
15:45:00,Tuesday,0,YU
15:53:00,Tuesday,3,BD
16:16:00,Tuesday,4,YU
16:24:00,Tuesday,8,YU
16:25:00,Tuesday,0,BD
16:34:00,Tuesday,0,YU
16:47:00,Tuesday,0,BD
16:57:00,Tuesday,6,BD
17:00:00,Tuesday,0,BD
17:16:00,Tuesday,4,BD
17:25:00,Tuesday,4,BD
17:29:00,Tuesday,5,YU
17:43:00,Tuesday,3,YU
17:45:00,Tuesday,3,YU
17:52:00,Tuesday,5,YU
17:57:00,Tuesday,3,YU
18:25:00,Tuesday,0,YU
18:39:00,Tuesday,0,YU
19:20:00,Tuesday,0,BD
20:02:00,Tuesday,11,BD
20:04:00,Tuesday,8,YU
20:21:00,Tuesday,0,BD
20:22:00,Tuesday,10,YU
21:00:00,Tuesday,0,YU
21:08:00,Tuesday,5,YU
21:44:00,Tuesday,5,BD
21:52:00,Tuesday,17,BD
22:00:00,Tuesday,0,YU/BD
22:23:00,Tuesday,0,YU
22:25:00,Tuesday,0,YU
22:39:00,Tuesday,5,BD
22:45:00,Tuesday,0,YU
23:05:00,Tuesday,0,YU
23:26:00,Tuesday,0,BD
23:43:00,Tuesday,0,YU
23:52:00,Tuesday,0,BD
23:52:00,Tuesday,0,BD
00:33:00,Tuesday,0,YU
00:38:00,Tuesday,0,BD
09:22:00,Tuesday,3,SHP
14:20:00,Tuesday,0,SHP
20:09:00,Tuesday,4,SHP
02:21:00,Wednesday,0,YU
02:32:00,Wednesday,0,YU
02:51:00,Wednesday,0,YU
06:10:00,Wednesday,5,YU
06:12:00,Wednesday,6,YU
06:32:00,Wednesday,0,YU
06:41:00,Wednesday,0,YU
06:51:00,Wednesday,5,BD
07:06:00,Wednesday,0,YU
07:11:00,Wednesday,0,YU
07:30:00,Wednesday,0,BD
07:34:00,Wednesday,0,YU
08:18:00,Wednesday,5,YU
08:31:00,Wednesday,3,BD
09:25:00,Wednesday,0,YU
10:15:00,Wednesday,0,BD
10:21:00,Wednesday,5,YU
10:36:00,Wednesday,0,BD
10:41:00,Wednesday,0,BD
11:08:00,Wednesday,6,YU
12:10:00,Wednesday,0,BD
12:13:00,Wednesday,0,YU
13:20:00,Wednesday,11,BD
13:47:00,Wednesday,3,YU
13:50:00,Wednesday,5,YU
14:50:00,Wednesday,0,YU
15:01:00,Wednesday,0,BD
16:37:00,Wednesday,0,YU
16:48:00,Wednesday,5,YU
16:50:00,Wednesday,0,YU
17:16:00,Wednesday,0,YU
17:17:00,Wednesday,0,YU
17:25:00,Wednesday,0,YU
17:30:00,Wednesday,0,BD
18:07:00,Wednesday,15,YU
19:41:00,Wednesday,0,YU
19:53:00,Wednesday,6,BD
20:19:00,Wednesday,10,YU
20:23:00,Wednesday,0,YU
20:36:00,Wednesday,0,BD
20:39:00,Wednesday,0,BD
21:08:00,Wednesday,0,YU
21:22:00,Wednesday,0,BD
22:00:00,Wednesday,0,YU/BD
22:14:00,Wednesday,4,YU
22:19:00,Wednesday,0,YU
22:43:00,Wednesday,0,BD
22:50:00,Wednesday,5,YU
22:55:00,Wednesday,0,BD
22:58:00,Wednesday,0,BD
23:00:00,Wednesday,0,YU
23:11:00,Wednesday,0,BD
23:19:00,Wednesday,5,YU
23:43:00,Wednesday,0,YU
00:49:00,Wednesday,0,BD
01:02:00,Wednesday,8,BD
01:12:00,Wednesday,0,YU
01:22:00,Wednesday,0,YU
01:51:00,Wednesday,0,BD
10:27:00,Wednesday,0,SHP
21:29:00,Wednesday,7,SHP
22:38:00,Wednesday,33,SHP
22:50:00,Wednesday,5,SHP
23:31:00,Wednesday,0,SHP
02:00:00,Thursday,0,YU
02:39:00,Thursday,0,YU
06:09:00,Thursday,5,YU
06:17:00,Thursday,6,YU
06:25:00,Thursday,8,YU
06:50:00,Thursday,9,YU
07:05:00,Thursday,4,YU
07:11:00,Thursday,6,YU
07:13:00,Thursday,4,YU
07:45:00,Thursday,3,YU
07:56:00,Thursday,0,BD
09:39:00,Thursday,0,BD
10:05:00,Thursday,8,BD
11:06:00,Thursday,5,BD
11:50:00,Thursday,0,YU
12:28:00,Thursday,0,YU
12:48:00,Thursday,0,YU
12:48:00,Thursday,0,YU
13:31:00,Thursday,0,BD
13:33:00,Thursday,4,YU
13:55:00,Thursday,6,YU
14:02:00,Thursday,0,BD
14:10:00,Thursday,5,YU
14:28:00,Thursday,0,BD
14:46:00,Thursday,7,YU
14:56:00,Thursday,5,YU
15:06:00,Thursday,0,BD
15:10:00,Thursday,13,YU
15:14:00,Thursday,9,BD
15:38:00,Thursday,0,YU
15:57:00,Thursday,15,YU
16:04:00,Thursday,0,BD
16:55:00,Thursday,0,YU
17:01:00,Thursday,0,BD
17:36:00,Thursday,0,YU
18:06:00,Thursday,9,YU
18:13:00,Thursday,0,YU
18:19:00,Thursday,0,YU
18:26:00,Thursday,0,YU
19:11:00,Thursday,0,BD
19:27:00,Thursday,0,YU
19:28:00,Thursday,14,BD
19:29:00,Thursday,0,YU
19:38:00,Thursday,6,YU
19:42:00,Thursday,4,YU
19:45:00,Thursday,0,YU
20:14:00,Thursday,4,YU
20:20:00,Thursday,0,YU
20:37:00,Thursday,7,YU
20:39:00,Thursday,0,YU
20:44:00,Thursday,0,YU
21:03:00,Thursday,0,YU
21:10:00,Thursday,0,BD
21:46:00,Thursday,4,YU
21:52:00,Thursday,4,YU
22:00:00,Thursday,0,YU/BD
22:25:00,Thursday,0,YU
23:00:00,Thursday,0,YU
23:17:00,Thursday,0,YU
00:39:00,Thursday,0,YU
01:04:00,Thursday,0,BD
14:33:00,Thursday,3,SHP
19:23:00,Thursday,8,SHP
20:37:00,Thursday,0,SHP
05:46:00,Friday,0,BD
06:47:00,Friday,0,YU
07:02:00,Friday,0,YU
07:15:00,Friday,0,BD
08:41:00,Friday,0,BD
08:46:00,Friday,0,YU
09:34:00,Friday,0,YU
09:36:00,Friday,4,YU
09:59:00,Friday,3,BD
10:07:00,Friday,0,YU
10:09:00,Friday,0,BD
10:17:00,Friday,8,YU
10:45:00,Friday,0,YU
10:46:00,Friday,4,BD
11:05:00,Friday,4,BD
11:19:00,Friday,4,BD
11:37:00,Friday,3,BD
11:54:00,Friday,0,YU
11:56:00,Friday,5,YU
12:46:00,Friday,0,YU
13:04:00,Friday,0,YU
13:18:00,Friday,0,YU
13:36:00,Friday,7,YU
14:05:00,Friday,0,BD
14:19:00,Friday,5,YU
14:20:00,Friday,0,BD
14:48:00,Friday,5,YU
14:50:00,Friday,0,YU
15:25:00,Friday,4,YU
15:35:00,Friday,0,YU
15:35:00,Friday,0,YU
15:59:00,Friday,9,YU
16:20:00,Friday,3,BD
16:30:00,Friday,4,YU
16:30:00,Friday,0,BD
16:39:00,Friday,0,YU
16:58:00,Friday,0,YU
17:03:00,Friday,3,BD
17:31:00,Friday,4,YU
17:48:00,Friday,0,BD
18:41:00,Friday,0,YU
18:47:00,Friday,5,YU
18:48:00,Friday,7,YU
18:57:00,Friday,0,YU
19:00:00,Friday,0,BD
19:03:00,Friday,0,BD
19:16:00,Friday,4,YU
19:33:00,Friday,0,YU
19:41:00,Friday,0,BD
19:43:00,Friday,0,BD
19:43:00,Friday,0,YU
20:18:00,Friday,0,YU
21:27:00,Friday,3,YU
22:00:00,Friday,0,YU/BD
22:03:00,Friday,0,YU
22:11:00,Friday,3,BD
23:12:00,Friday,4,BD
23:22:00,Friday,0,YU
23:24:00,Friday,0,BD
23:28:00,Friday,0,YU
23:50:00,Friday,0,BD
00:11:00,Friday,4,BD
00:27:00,Friday,0,YU
00:35:00,Friday,19,YU
00:46:00,Friday,0,YU
01:02:00,Friday,9,YU
01:04:00,Friday,3,YU
01:13:00,Friday,4,BD
05:25:00,Friday,0,SHP
18:25:00,Friday,0,SHP
03:49:00,Saturday,0,YU
05:33:00,Saturday,0,BD
06:05:00,Saturday,3,YU
06:43:00,Saturday,0,YU
06:56:00,Saturday,3,YU
07:09:00,Saturday,0,BD
07:35:00,Saturday,0,YU
08:14:00,Saturday,0,YU
08:52:00,Saturday,0,BD
09:16:00,Saturday,0,YU
09:42:00,Saturday,0,BD
10:16:00,Saturday,0,BD
11:15:00,Saturday,3,BD
11:35:00,Saturday,0,YU
11:48:00,Saturday,4,BD
11:51:00,Saturday,0,BD
11:55:00,Saturday,0,YU
12:01:00,Saturday,0,BD
12:05:00,Saturday,0,YU
12:26:00,Saturday,3,BD
12:32:00,Saturday,0,BD
12:46:00,Saturday,7,YU
12:53:00,Saturday,9,YU
13:03:00,Saturday,3,YU
13:12:00,Saturday,4,YU
13:20:00,Saturday,4,YU
13:32:00,Saturday,15,BD
13:56:00,Saturday,3,YU
13:59:00,Saturday,3,YU
14:07:00,Saturday,0,BD
14:08:00,Saturday,0,BD
14:27:00,Saturday,0,YU
14:39:00,Saturday,0,BD
14:41:00,Saturday,3,YU
14:50:00,Saturday,0,YU
14:53:00,Saturday,3,YU
14:58:00,Saturday,8,YU
15:01:00,Saturday,0,YU
15:30:00,Saturday,0,YU
15:57:00,Saturday,0,YU
16:08:00,Saturday,4,YU
16:16:00,Saturday,0,BD
16:19:00,Saturday,0,YU
16:19:00,Saturday,5,YU
16:35:00,Saturday,0,YU
16:39:00,Saturday,17,YU
17:11:00,Saturday,4,BD
17:25:00,Saturday,0,YU
17:45:00,Saturday,4,YU
17:54:00,Saturday,0,BD
18:21:00,Saturday,0,YU
18:23:00,Saturday,0,YU
18:34:00,Saturday,0,BD
18:51:00,Saturday,0,BD
19:19:00,Saturday,48,YU
19:20:00,Saturday,0,BD
19:23:00,Saturday,0,BD
19:34:00,Saturday,0,BD
19:41:00,Saturday,0,YU
19:42:00,Saturday,0,YU
19:42:00,Saturday,0,YU
19:58:00,Saturday,0,BD
20:10:00,Saturday,4,BD
20:13:00,Saturday,20,YU
20:15:00,Saturday,0,BD
20:33:00,Saturday,10,YU
20:47:00,Saturday,0,BD
20:48:00,Saturday,0,YU
21:08:00,Saturday,12,YU
22:00:00,Saturday,0,YU/BD
22:13:00,Saturday,0,YU
22:21:00,Saturday,0,BD
22:23:00,Saturday,0,YU
22:50:00,Saturday,0,BD
23:29:00,Saturday,0,YU
23:30:00,Saturday,0,BD
23:36:00,Saturday,5,YU
23:41:00,Saturday,0,BD
23:41:00,Saturday,0,BD
23:52:00,Saturday,0,YU
00:08:00,Saturday,3,YU
00:45:00,Saturday,0,YU
00:51:00,Saturday,11,YU
01:29:00,Saturday,6,BD
01:32:00,Saturday,0,YU
01:44:00,Saturday,6,YU
01:47:00,Saturday,0,BD
13:31:00,Saturday,0,SHP
14:35:00,Saturday,3,SHP
20:26:00,Saturday,0,SHP
23:07:00,Saturday,0,SHP
02:07:00,Sunday,0,YU
04:53:00,Sunday,0,YU
07:20:00,Sunday,0,BD
08:01:00,Sunday,0,YU
08:10:00,Sunday,5,BD
08:13:00,Sunday,4,BD
08:21:00,Sunday,0,BD
08:25:00,Sunday,8,BD
08:28:00,Sunday,4,BD
09:00:00,Sunday,0,YU
09:17:00,Sunday,0,YU
10:02:00,Sunday,0,YU
10:27:00,Sunday,21,BD
10:37:00,Sunday,7,YU
11:08:00,Sunday,0,BD
12:14:00,Sunday,0,BD
12:37:00,Sunday,0,YU
12:47:00,Sunday,0,YU
13:22:00,Sunday,0,BD
13:23:00,Sunday,7,BD
13:25:00,Sunday,7,BD
13:42:00,Sunday,0,YU
13:51:00,Sunday,0,YU
14:28:00,Sunday,3,BD
15:19:00,Sunday,0,BD
15:33:00,Sunday,0,YU
15:47:00,Sunday,6,YU
15:57:00,Sunday,4,BD
16:23:00,Sunday,4,BD
16:49:00,Sunday,3,YU
17:27:00,Sunday,0,BD
18:00:00,Sunday,0,YU
18:21:00,Sunday,13,YU
18:31:00,Sunday,0,BD
19:11:00,Sunday,0,YU
19:14:00,Sunday,0,BD
19:17:00,Sunday,0,BD
19:28:00,Sunday,15,YU
20:20:00,Sunday,9,BD
20:54:00,Sunday,0,BD
21:26:00,Sunday,0,YU
21:31:00,Sunday,0,YU
21:37:00,Sunday,0,YU
21:54:00,Sunday,0,YU
22:00:00,Sunday,0,YU/BD
22:01:00,Sunday,0,YU
23:00:00,Sunday,0,YU
23:02:00,Sunday,17,YU
23:13:00,Sunday,7,YU
23:30:00,Sunday,0,YU
23:43:00,Sunday,0,BD
23:45:00,Sunday,0,BD
00:26:00,Sunday,0,BD
00:43:00,Sunday,6,YU
00:53:00,Sunday,0,YU
08:34:00,Sunday,0,SHP
02:02:00,Monday,0,BD
02:50:00,Monday,0,YU
04:58:00,Monday,0,BD
06:15:00,Monday,3,BD
06:18:00,Monday,3,YU
06:26:00,Monday,0,BD
06:48:00,Monday,0,YU
07:00:00,Monday,3,BD
07:05:00,Monday,0,BD
07:10:00,Monday,0,YU
07:18:00,Monday,0,BD
07:35:00,Monday,0,YU
07:39:00,Monday,0,YU
07:42:00,Monday,0,BD
07:43:00,Monday,3,BD
07:53:00,Monday,3,YU
07:54:00,Monday,0,YU
08:06:00,Monday,8,YU
08:35:00,Monday,10,BD
08:57:00,Monday,0,BD
09:11:00,Monday,0,YU
09:19:00,Monday,0,BD
09:28:00,Monday,0,BD
09:34:00,Monday,0,BD
09:47:00,Monday,5,BD
09:59:00,Monday,0,YU
10:14:00,Monday,0,YU
10:16:00,Monday,0,YU
10:17:00,Monday,0,YU
10:41:00,Monday,3,BD
11:58:00,Monday,3,BD
11:59:00,Monday,6,BD
12:08:00,Monday,0,YU
12:15:00,Monday,0,YU
12:53:00,Monday,4,YU
13:13:00,Monday,0,YU
13:29:00,Monday,0,BD
13:30:00,Monday,5,YU
13:38:00,Monday,0,BD
13:40:00,Monday,0,BD
13:43:00,Monday,6,BD
15:01:00,Monday,4,BD
15:49:00,Monday,0,YU
15:50:00,Monday,3,YU
15:53:00,Monday,0,YU
16:24:00,Monday,0,YU
16:26:00,Monday,5,BD
16:49:00,Monday,0,BD
17:00:00,Monday,3,YU
17:05:00,Monday,0,YU
17:19:00,Monday,0,BD
17:36:00,Monday,0,BD
17:39:00,Monday,0,YU
18:40:00,Monday,4,YU
18:43:00,Monday,7,YU
18:55:00,Monday,0,YU
19:00:00,Monday,0,BD
19:09:00,Monday,0,YU
19:10:00,Monday,0,YU
19:16:00,Monday,3,YU
19:34:00,Monday,0,BD
19:54:00,Monday,4,YU
20:02:00,Monday,0,BD
20:11:00,Monday,7,YU
20:51:00,Monday,5,YU
20:58:00,Monday,0,YU
21:13:00,Monday,0,YU
21:23:00,Monday,3,BD
21:29:00,Monday,0,BD
21:47:00,Monday,0,BD
21:48:00,Monday,0,YU
21:57:00,Monday,6,YU
22:00:00,Monday,0,YU/BD
23:00:00,Monday,5,YU
23:00:00,Monday,0,BD
23:04:00,Monday,0,BD
23:21:00,Monday,0,YU
23:22:00,Monday,8,BD
00:05:00,Monday,7,YU
00:11:00,Monday,0,YU
01:16:00,Monday,0,YU
01:27:00,Monday,0,BD
05:31:00,Monday,4,SHP
07:22:00,Monday,0,SHP
20:56:00,Monday,0,SHP
02:31:00,Tuesday,0,YU
02:40:00,Tuesday,0,YU
03:06:00,Tuesday,0,BD
05:42:00,Tuesday,8,BD
06:12:00,Tuesday,9,YU
06:28:00,Tuesday,0,YU
06:36:00,Tuesday,3,YU
06:42:00,Tuesday,0,YU
07:32:00,Tuesday,3,BD
07:38:00,Tuesday,7,YU
08:02:00,Tuesday,3,YU
08:03:00,Tuesday,0,BD
08:43:00,Tuesday,0,YU
08:44:00,Tuesday,6,YU
09:46:00,Tuesday,0,BD
09:50:00,Tuesday,8,YU
10:17:00,Tuesday,0,BD
12:25:00,Tuesday,5,YU
12:40:00,Tuesday,0,YU
12:53:00,Tuesday,14,YU
13:18:00,Tuesday,12,YU
13:34:00,Tuesday,3,YU
13:43:00,Tuesday,0,YU
13:45:00,Tuesday,0,YU
14:46:00,Tuesday,5,YU
14:52:00,Tuesday,0,YU
16:02:00,Tuesday,0,YU
16:10:00,Tuesday,0,YU
16:22:00,Tuesday,0,BD
16:36:00,Tuesday,4,YU
16:38:00,Tuesday,0,YU
17:05:00,Tuesday,0,BD
17:14:00,Tuesday,0,YU
17:18:00,Tuesday,3,YU
17:22:00,Tuesday,0,YU
17:45:00,Tuesday,0,YU
17:50:00,Tuesday,5,BD
18:09:00,Tuesday,4,BD
18:11:00,Tuesday,6,YU
18:43:00,Tuesday,24,YU
18:46:00,Tuesday,3,BD
19:01:00,Tuesday,159,BD
19:12:00,Tuesday,0,BD
20:11:00,Tuesday,12,YU
20:17:00,Tuesday,15,BD
20:38:00,Tuesday,5,BD
20:49:00,Tuesday,0,YU
20:56:00,Tuesday,0,BD
21:31:00,Tuesday,0,BD
22:00:00,Tuesday,0,YU/BD
22:15:00,Tuesday,4,YU
22:28:00,Tuesday,11,YU
22:29:00,Tuesday,0,YU
22:55:00,Tuesday,0,YU
23:00:00,Tuesday,0,BD
23:00:00,Tuesday,0,YU
23:00:00,Tuesday,0,BD
00:10:00,Tuesday,0,BD
01:48:00,Tuesday,0,YU
01:59:00,Tuesday,0,YU
01:59:00,Tuesday,0,BD
07:59:00,Tuesday,0,SHP
22:08:00,Tuesday,0,SHP
05:03:00,Wednesday,0,BD
06:00:00,Wednesday,0,YU
06:09:00,Wednesday,9,YU
06:14:00,Wednesday,5,YU
06:15:00,Wednesday,0,BD
06:28:00,Wednesday,4,YU
07:19:00,Wednesday,3,BD
07:27:00,Wednesday,3,YU
07:35:00,Wednesday,0,YU
07:37:00,Wednesday,0,BD
07:46:00,Wednesday,0,YU
07:52:00,Wednesday,0,BD
08:08:00,Wednesday,0,BD
08:22:00,Wednesday,0,YU
08:25:00,Wednesday,3,YU
08:36:00,Wednesday,6,YU
08:56:00,Wednesday,0,YU
09:37:00,Wednesday,0,BD
09:48:00,Wednesday,7,YU
10:01:00,Wednesday,0,BD
10:13:00,Wednesday,0,BD
11:15:00,Wednesday,4,BD
12:08:00,Wednesday,4,YU
12:17:00,Wednesday,5,YU
12:57:00,Wednesday,5,YU
13:03:00,Wednesday,5,YU
13:04:00,Wednesday,5,YU
13:42:00,Wednesday,0,BD
14:42:00,Wednesday,0,YU
14:57:00,Wednesday,0,YU
15:02:00,Wednesday,0,BD
15:09:00,Wednesday,0,YU
15:17:00,Wednesday,0,YU
15:18:00,Wednesday,0,YU
15:21:00,Wednesday,22,YU
15:37:00,Wednesday,0,BD
15:45:00,Wednesday,0,YU
15:48:00,Wednesday,0,BD
15:58:00,Wednesday,0,BD
16:08:00,Wednesday,0,YU
16:24:00,Wednesday,12,YU
16:33:00,Wednesday,0,BD
16:55:00,Wednesday,3,YU
17:07:00,Wednesday,3,BD
17:09:00,Wednesday,3,BD
17:17:00,Wednesday,0,BD
17:48:00,Wednesday,17,BD
17:52:00,Wednesday,0,BD
18:06:00,Wednesday,0,YU
18:17:00,Wednesday,0,YU
18:40:00,Wednesday,0,YU
18:47:00,Wednesday,0,BD
18:49:00,Wednesday,0,BD
19:19:00,Wednesday,8,YU
19:29:00,Wednesday,10,YU
19:42:00,Wednesday,0,BD
19:44:00,Wednesday,5,YU
19:57:00,Wednesday,4,YU
20:20:00,Wednesday,6,YU
20:24:00,Wednesday,0,BD
21:14:00,Wednesday,16,BD
21:42:00,Wednesday,0,BD
21:57:00,Wednesday,0,BD
21:57:00,Wednesday,0,YU
22:00:00,Wednesday,0,YU/BD
22:19:00,Wednesday,5,BD
22:34:00,Wednesday,0,BD
22:50:00,Wednesday,22,YU
22:50:00,Wednesday,0,BD
23:00:00,Wednesday,14,BD
23:00:00,Wednesday,0,BD
23:11:00,Wednesday,0,BD
23:12:00,Wednesday,0,YU
23:19:00,Wednesday,0,YU
23:39:00,Wednesday,0,YU
23:47:00,Wednesday,0,BD
00:08:00,Wednesday,3,YU
00:08:00,Wednesday,0,BD
01:01:00,Wednesday,3,YU
01:12:00,Wednesday,0,BD
01:22:00,Wednesday,0,BD
01:27:00,Wednesday,0,YU
01:31:00,Wednesday,0,YU
01:31:00,Wednesday,0,YU
06:00:00,Wednesday,0,SHP
17:53:00,Wednesday,0,SHP
21:26:00,Wednesday,0,SHP
02:16:00,Thursday,0,YU
04:56:00,Thursday,0,BD
05:31:00,Thursday,0,BD
05:54:00,Thursday,7,BD
05:54:00,Thursday,7,YU
06:32:00,Thursday,0,BD
07:15:00,Thursday,7,YU
07:19:00,Thursday,0,YU
07:55:00,Thursday,4,BD
07:56:00,Thursday,17,BD
08:16:00,Thursday,0,YU
08:26:00,Thursday,0,YU
08:49:00,Thursday,10,BD
09:03:00,Thursday,0,YU
09:10:00,Thursday,4,YU
09:12:00,Thursday,4,YU
09:21:00,Thursday,4,YU
09:27:00,Thursday,0,YU
09:30:00,Thursday,34,YU
09:37:00,Thursday,0,BD
10:09:00,Thursday,0,YU
10:29:00,Thursday,3,YU
10:34:00,Thursday,3,YU
10:40:00,Thursday,5,YU
11:05:00,Thursday,0,YU
11:07:00,Thursday,5,YU
11:19:00,Thursday,0,BD
11:46:00,Thursday,0,BD
11:57:00,Thursday,0,YU
12:07:00,Thursday,0,BD
12:24:00,Thursday,14,YU
12:38:00,Thursday,4,BD
12:44:00,Thursday,0,YU
13:08:00,Thursday,0,YU
14:17:00,Thursday,0,BD
14:27:00,Thursday,0,BD
14:29:00,Thursday,0,BD
14:38:00,Thursday,0,BD
14:40:00,Thursday,3,YU
14:58:00,Thursday,0,BD
15:00:00,Thursday,3,YU
15:12:00,Thursday,4,BD
15:31:00,Thursday,0,YU
15:34:00,Thursday,3,BD
16:00:00,Thursday,0,YU
16:06:00,Thursday,8,YU
16:10:00,Thursday,35,YU
16:25:00,Thursday,0,YU
16:27:00,Thursday,0,YU
16:40:00,Thursday,0,BD
16:43:00,Thursday,0,BD
16:47:00,Thursday,0,YU
16:56:00,Thursday,0,YU
16:57:00,Thursday,5,YU
16:59:00,Thursday,0,YU
17:03:00,Thursday,0,BD
17:08:00,Thursday,0,YU
17:44:00,Thursday,5,YU
17:45:00,Thursday,0,YU
17:54:00,Thursday,0,BD
17:58:00,Thursday,3,YU
18:33:00,Thursday,0,BD
18:40:00,Thursday,0,YU
18:41:00,Thursday,0,BD
19:04:00,Thursday,0,YU
19:18:00,Thursday,0,YU
19:18:00,Thursday,0,YU
19:34:00,Thursday,0,YU
19:38:00,Thursday,0,YU
19:42:00,Thursday,0,BD
20:10:00,Thursday,0,BD
20:25:00,Thursday,0,YU
20:56:00,Thursday,0,BD
21:08:00,Thursday,0,YU
21:13:00,Thursday,5,BD
21:14:00,Thursday,0,YU
21:29:00,Thursday,5,YU
21:33:00,Thursday,5,BD
21:48:00,Thursday,0,BD
21:54:00,Thursday,11,BD
22:00:00,Thursday,0,YU/BD
22:04:00,Thursday,0,BD
22:30:00,Thursday,0,YU
22:31:00,Thursday,3,YU
22:36:00,Thursday,0,BD
22:51:00,Thursday,9,YU
23:00:00,Thursday,0,BD
23:11:00,Thursday,0,BD
23:22:00,Thursday,7,YU
23:23:00,Thursday,0,BD
23:31:00,Thursday,4,BD
23:31:00,Thursday,0,BD
23:49:00,Thursday,0,BD
23:50:00,Thursday,0,YU
01:35:00,Thursday,0,BD
01:54:00,Thursday,0,BD
03:51:00,Thursday,0,SHP
16:51:00,Thursday,27,SHP
18:50:00,Thursday,0,SHP
03:20:00,Friday,0,BD
06:06:00,Friday,0,BD
06:36:00,Friday,7,BD
07:31:00,Friday,3,YU
07:48:00,Friday,3,YU
07:52:00,Friday,0,YU
08:07:00,Friday,5,YU
08:22:00,Friday,3,YU
08:23:00,Friday,5,YU
08:41:00,Friday,0,YU
08:45:00,Friday,5,BD
09:34:00,Friday,0,YU
09:39:00,Friday,0,BD
09:52:00,Friday,3,BD
09:53:00,Friday,0,BD
10:16:00,Friday,5,BD
10:16:00,Friday,0,BD
10:20:00,Friday,0,BD
10:23:00,Friday,0,BD
10:25:00,Friday,4,BD
10:48:00,Friday,3,BD
10:49:00,Friday,0,BD
10:50:00,Friday,0,BD
11:00:00,Friday,0,YU
11:05:00,Friday,5,YU
11:25:00,Friday,0,YU
11:27:00,Friday,0,BD
11:34:00,Friday,0,YU
11:36:00,Friday,0,BD
12:07:00,Friday,0,BD
12:14:00,Friday,0,YU
12:16:00,Friday,0,YU
13:00:00,Friday,0,BD
13:01:00,Friday,0,YU
13:03:00,Friday,3,BD
13:29:00,Friday,4,YU
13:53:00,Friday,0,BD
14:08:00,Friday,0,BD
14:13:00,Friday,13,YU
15:36:00,Friday,8,YU
15:39:00,Friday,0,YU
15:42:00,Friday,3,BD
15:45:00,Friday,4,YU
15:47:00,Friday,6,BD
15:54:00,Friday,0,YU
15:57:00,Friday,3,BD
16:04:00,Friday,0,YU
16:30:00,Friday,0,YU
16:36:00,Friday,0,YU
16:43:00,Friday,0,YU
16:48:00,Friday,0,YU
17:15:00,Friday,0,YU
17:16:00,Friday,5,YU
17:27:00,Friday,0,YU
17:43:00,Friday,3,BD
17:49:00,Friday,0,YU
17:53:00,Friday,0,YU
18:01:00,Friday,6,BD
18:03:00,Friday,0,YU
18:14:00,Friday,3,YU
18:14:00,Friday,0,YU
18:22:00,Friday,0,BD
18:32:00,Friday,4,BD
18:35:00,Friday,0,BD
18:43:00,Friday,5,YU
18:59:00,Friday,0,BD
19:01:00,Friday,4,YU
19:03:00,Friday,4,BD
19:44:00,Friday,0,YU
19:45:00,Friday,5,YU
19:51:00,Friday,4,YU
19:59:00,Friday,5,BD
20:03:00,Friday,3,BD
20:32:00,Friday,0,BD
20:41:00,Friday,0,YU
20:47:00,Friday,0,BD
20:48:00,Friday,6,YU
21:03:00,Friday,0,YU
21:18:00,Friday,11,YU
21:18:00,Friday,11,YU
21:31:00,Friday,0,YU
21:41:00,Friday,31,YU
21:50:00,Friday,3,YU
21:56:00,Friday,0,YU
22:00:00,Friday,0,YU/BD
22:20:00,Friday,0,BD
22:21:00,Friday,18,YU
23:00:00,Friday,0,BD
23:06:00,Friday,0,BD
23:10:00,Friday,0,YU
23:23:00,Friday,0,YU
23:34:00,Friday,5,YU
23:56:00,Friday,0,BD
00:46:00,Friday,13,YU
00:51:00,Friday,12,YU
01:17:00,Friday,4,BD
01:26:00,Friday,0,BD
01:30:00,Friday,0,YU
01:30:00,Friday,0,YU
01:33:00,Friday,0,BD
01:34:00,Friday,0,BD
01:46:00,Friday,0,BD
06:42:00,Friday,0,SHP
14:12:00,Friday,3,SHP
14:22:00,Friday,6,SHP
17:09:00,Friday,4,SHP
17:27:00,Friday,0,SHP
18:15:00,Friday,3,SHP
21:23:00,Friday,4,SHP
02:08:00,Saturday,0,YU
02:12:00,Saturday,0,BD
05:35:00,Saturday,0,YU
05:57:00,Saturday,4,YU
06:25:00,Saturday,0,YU
06:36:00,Saturday,0,BD
07:02:00,Saturday,3,YU
07:16:00,Saturday,0,YU
07:20:00,Saturday,32,YU
07:21:00,Saturday,0,BD
08:49:00,Saturday,0,YU
09:22:00,Saturday,4,BD
09:31:00,Saturday,0,BD
09:39:00,Saturday,4,BD
09:41:00,Saturday,0,YU
10:00:00,Saturday,0,BD
10:21:00,Saturday,0,YU
10:23:00,Saturday,5,YU
10:50:00,Saturday,0,BD
11:16:00,Saturday,0,YU
11:25:00,Saturday,4,BD
11:29:00,Saturday,0,YU
11:31:00,Saturday,8,BD
11:39:00,Saturday,4,BD
12:00:00,Saturday,0,BD
12:02:00,Saturday,8,YU
12:44:00,Saturday,4,YU
12:57:00,Saturday,0,YU
14:23:00,Saturday,0,YU
15:02:00,Saturday,4,YU
15:21:00,Saturday,6,BD
16:03:00,Saturday,0,YU
16:25:00,Saturday,10,BD
16:59:00,Saturday,4,YU
17:03:00,Saturday,0,BD
17:09:00,Saturday,0,BD
17:13:00,Saturday,5,YU
17:32:00,Saturday,0,YU
18:13:00,Saturday,0,YU
18:46:00,Saturday,0,YU
18:52:00,Saturday,0,BD
19:21:00,Saturday,9,YU
19:25:00,Saturday,13,YU
19:40:00,Saturday,0,BD
19:44:00,Saturday,4,YU
19:54:00,Saturday,0,YU
20:02:00,Saturday,0,BD
20:03:00,Saturday,0,YU
20:08:00,Saturday,0,BD
20:08:00,Saturday,0,BD
20:10:00,Saturday,0,BD
20:35:00,Saturday,0,YU
21:54:00,Saturday,0,YU
22:00:00,Saturday,9,BD
22:00:00,Saturday,0,YU/BD
22:00:00,Saturday,6,YU
22:24:00,Saturday,5,BD
22:50:00,Saturday,0,BD
23:33:00,Saturday,16,BD
23:38:00,Saturday,0,YU
23:54:00,Saturday,5,YU
00:28:00,Saturday,4,BD
01:22:00,Saturday,0,BD
01:37:00,Saturday,32,BD
17:02:00,Saturday,3,SHP
19:21:00,Saturday,19,SHP
21:17:00,Saturday,0,SHP
23:52:00,Saturday,0,SHP
02:06:00,Sunday,8,YU
02:17:00,Sunday,0,BD
02:38:00,Sunday,0,YU
05:34:00,Sunday,0,BD
05:48:00,Sunday,0,YU
07:58:00,Sunday,0,YU
08:07:00,Sunday,7,YU
08:21:00,Sunday,4,YU
08:31:00,Sunday,5,BD
08:32:00,Sunday,0,BD
08:55:00,Sunday,0,BD
09:00:00,Sunday,0,YU
09:04:00,Sunday,0,YU
10:44:00,Sunday,5,BD
11:30:00,Sunday,8,BD
12:19:00,Sunday,0,YU
12:23:00,Sunday,0,BD
12:56:00,Sunday,6,YU
13:09:00,Sunday,0,YU
13:55:00,Sunday,7,BD
14:10:00,Sunday,6,YU
14:20:00,Sunday,3,BD
14:27:00,Sunday,4,YU
14:30:00,Sunday,0,BD
14:35:00,Sunday,0,YU
14:36:00,Sunday,4,YU
14:37:00,Sunday,0,BD
14:49:00,Sunday,5,YU
15:08:00,Sunday,5,YU
15:50:00,Sunday,0,YU
16:02:00,Sunday,0,BD
16:43:00,Sunday,0,BD
17:16:00,Sunday,0,YU
17:35:00,Sunday,0,YU
17:57:00,Sunday,3,BD
18:18:00,Sunday,6,YU
18:24:00,Sunday,0,YU
18:24:00,Sunday,3,BD
18:42:00,Sunday,0,YU
18:42:00,Sunday,3,BD
18:47:00,Sunday,0,YU
18:55:00,Sunday,0,YU
19:05:00,Sunday,0,BD
19:21:00,Sunday,4,YU
19:23:00,Sunday,0,YU
19:25:00,Sunday,0,BD
19:35:00,Sunday,0,YU
19:37:00,Sunday,4,BD
19:45:00,Sunday,5,BD
19:49:00,Sunday,0,YU
19:58:00,Sunday,3,YU
21:46:00,Sunday,0,BD
21:55:00,Sunday,0,BD
21:59:00,Sunday,0,BD
22:00:00,Sunday,0,YU/BD
22:03:00,Sunday,0,YU
22:24:00,Sunday,0,BD
23:00:00,Sunday,0,YU
23:06:00,Sunday,0,YU
23:40:00,Sunday,0,YU
23:58:00,Sunday,0,YU
00:34:00,Sunday,4,BD
01:13:00,Sunday,30,YU
01:24:00,Sunday,5,YU
01:49:00,Sunday,0,BD
13:54:00,Sunday,0,SHP
23:26:00,Sunday,0,SHP
01:31:00,Sunday,0,SHP
02:20:00,Monday,0,YU
02:21:00,Monday,0,YU
03:54:00,Monday,0,YU
04:53:00,Monday,0,YU
06:03:00,Monday,5,YU
06:12:00,Monday,9,YU
06:44:00,Monday,0,YU
07:20:00,Monday,13,BD
07:32:00,Monday,0,BD
08:17:00,Monday,0,YU
08:24:00,Monday,5,BD
08:35:00,Monday,3,BD
08:35:00,Monday,15,BD
08:46:00,Monday,0,BD
09:09:00,Monday,14,BD
09:46:00,Monday,0,BD
09:47:00,Monday,0,YU
10:32:00,Monday,21,BD
10:38:00,Monday,0,YU
10:48:00,Monday,3,YU
10:50:00,Monday,4,YU
11:24:00,Monday,0,YU
11:34:00,Monday,0,YU
12:12:00,Monday,0,BD
12:25:00,Monday,0,YU
12:27:00,Monday,0,BD
13:25:00,Monday,10,YU
13:42:00,Monday,0,BD
13:46:00,Monday,3,YU
14:06:00,Monday,0,BD
14:11:00,Monday,0,BD
14:27:00,Monday,0,BD
14:35:00,Monday,0,YU
14:42:00,Monday,0,YU
14:54:00,Monday,5,YU
15:01:00,Monday,0,YU
15:30:00,Monday,0,YU
15:33:00,Monday,3,YU
15:56:00,Monday,0,YU
16:27:00,Monday,3,YU
16:32:00,Monday,0,YU
17:24:00,Monday,4,YU
17:27:00,Monday,3,YU
17:30:00,Monday,0,BD
17:33:00,Monday,0,BD
17:35:00,Monday,13,YU
17:46:00,Monday,3,YU
18:12:00,Monday,27,YU
18:25:00,Monday,0,BD
18:32:00,Monday,0,YU
18:51:00,Monday,0,YU
19:58:00,Monday,6,YU
20:20:00,Monday,0,BD
20:27:00,Monday,6,YU
21:01:00,Monday,0,YU
21:57:00,Monday,0,BD
22:00:00,Monday,0,YU/BD
22:02:00,Monday,0,YU
22:17:00,Monday,3,YU
22:39:00,Monday,6,YU
22:41:00,Monday,0,YU
23:00:00,Monday,0,BD
23:11:00,Monday,0,YU
23:18:00,Monday,0,BD
23:36:00,Monday,3,YU
23:37:00,Monday,0,YU
00:47:00,Monday,0,BD
01:03:00,Monday,6,YU
07:14:00,Monday,0,SHP
07:25:00,Monday,5,SHP
19:05:00,Monday,0,SHP
02:03:00,Tuesday,0,BD
02:21:00,Tuesday,0,BD
02:25:00,Tuesday,0,YU
05:50:00,Tuesday,0,YU
06:00:00,Tuesday,0,YU
06:02:00,Tuesday,4,YU
06:02:00,Tuesday,4,YU
06:11:00,Tuesday,0,YU
06:12:00,Tuesday,3,YU
06:47:00,Tuesday,0,YU
07:03:00,Tuesday,3,BD
07:05:00,Tuesday,9,BD
07:23:00,Tuesday,0,BD
07:29:00,Tuesday,0,YU
08:23:00,Tuesday,4,YU
08:39:00,Tuesday,0,YU
09:50:00,Tuesday,0,YU
10:53:00,Tuesday,12,YU
11:00:00,Tuesday,4,BD
11:03:00,Tuesday,0,YU
11:26:00,Tuesday,4,BD
11:31:00,Tuesday,0,BD
11:35:00,Tuesday,3,YU
11:52:00,Tuesday,0,BD
11:55:00,Tuesday,5,YU
11:57:00,Tuesday,0,YU
12:05:00,Tuesday,0,YU
12:32:00,Tuesday,0,YU
13:13:00,Tuesday,0,YU
13:41:00,Tuesday,3,BD
13:43:00,Tuesday,0,YU
14:00:00,Tuesday,0,YU
14:03:00,Tuesday,4,BD
14:20:00,Tuesday,0,YU
14:22:00,Tuesday,0,YU
14:33:00,Tuesday,0,BD
15:13:00,Tuesday,0,YU
15:48:00,Tuesday,0,YU
15:53:00,Tuesday,3,YU
16:32:00,Tuesday,0,YU
16:35:00,Tuesday,0,YU
16:38:00,Tuesday,0,YU
16:43:00,Tuesday,7,BD
17:13:00,Tuesday,13,BD
17:37:00,Tuesday,0,YU
17:48:00,Tuesday,0,YU
17:52:00,Tuesday,6,YU
18:31:00,Tuesday,0,YU
18:36:00,Tuesday,0,YU
18:51:00,Tuesday,0,BD
18:51:00,Tuesday,0,YU
18:56:00,Tuesday,7,BD
19:11:00,Tuesday,0,YU
19:18:00,Tuesday,8,BD
19:22:00,Tuesday,3,YU
19:37:00,Tuesday,0,BD
19:46:00,Tuesday,4,BD
19:49:00,Tuesday,3,BD
20:37:00,Tuesday,0,BD
21:37:00,Tuesday,3,BD
21:47:00,Tuesday,8,BD
22:00:00,Tuesday,0,YU/BD
22:13:00,Tuesday,12,BD
22:15:00,Tuesday,7,BD
22:27:00,Tuesday,0,YU
23:00:00,Tuesday,0,YU
23:00:00,Tuesday,0,BD
23:00:00,Tuesday,0,YU
23:01:00,Tuesday,0,YU
23:03:00,Tuesday,0,YU
23:16:00,Tuesday,0,YU
23:17:00,Tuesday,0,BD
23:42:00,Tuesday,9,YU
00:03:00,Tuesday,0,BD
00:48:00,Tuesday,0,YU
00:50:00,Tuesday,15,YU
01:06:00,Tuesday,0,BD
01:06:00,Tuesday,0,BD
01:12:00,Tuesday,0,BD
01:18:00,Tuesday,0,BD
06:00:00,Tuesday,0,SHP
12:24:00,Tuesday,0,SHP
17:56:00,Tuesday,0,SHP
19:14:00,Tuesday,20,SHP
02:37:00,Wednesday,0,BD
02:46:00,Wednesday,0,YU
05:04:00,Wednesday,0,BD
05:42:00,Wednesday,20,BD
05:57:00,Wednesday,7,BD
06:26:00,Wednesday,0,BD
06:46:00,Wednesday,3,YU
07:25:00,Wednesday,0,BD
07:28:00,Wednesday,0,BD
07:31:00,Wednesday,4,YU
07:48:00,Wednesday,0,BD
07:48:00,Wednesday,3,BD
07:51:00,Wednesday,4,YU
08:06:00,Wednesday,0,BD
08:30:00,Wednesday,6,YU
08:46:00,Wednesday,0,BD
08:50:00,Wednesday,0,BD
09:10:00,Wednesday,4,YU
09:33:00,Wednesday,0,YU
11:56:00,Wednesday,0,YU
12:16:00,Wednesday,7,BD
13:13:00,Wednesday,0,BD
13:31:00,Wednesday,5,YU
14:07:00,Wednesday,0,YU
14:07:00,Wednesday,0,BD
14:33:00,Wednesday,0,BD
14:36:00,Wednesday,0,YU
14:37:00,Wednesday,5,YU
14:49:00,Wednesday,0,BD
15:22:00,Wednesday,5,BD
15:31:00,Wednesday,0,BD
15:59:00,Wednesday,0,YU
16:14:00,Wednesday,3,BD
16:32:00,Wednesday,37,BD
17:00:00,Wednesday,6,YU
17:04:00,Wednesday,14,BD
17:15:00,Wednesday,6,YU
17:15:00,Wednesday,0,BD
17:21:00,Wednesday,0,YU
17:26:00,Wednesday,0,BD
17:26:00,Wednesday,0,YU
18:01:00,Wednesday,0,YU
18:02:00,Wednesday,15,YU
18:11:00,Wednesday,0,YU
18:16:00,Wednesday,0,BD
18:37:00,Wednesday,3,YU
18:58:00,Wednesday,0,BD
19:57:00,Wednesday,0,YU
20:16:00,Wednesday,0,BD
20:38:00,Wednesday,0,BD
20:42:00,Wednesday,0,YU
21:01:00,Wednesday,3,BD
21:02:00,Wednesday,0,BD
21:02:00,Wednesday,0,YU
21:19:00,Wednesday,0,BD
21:39:00,Wednesday,0,BD
21:46:00,Wednesday,0,YU
22:00:00,Wednesday,0,YU/BD
22:32:00,Wednesday,0,BD
22:41:00,Wednesday,0,YU
22:43:00,Wednesday,0,YU
23:00:00,Wednesday,0,BD
23:00:00,Wednesday,0,YU
23:18:00,Wednesday,0,YU
23:24:00,Wednesday,5,YU
23:54:00,Wednesday,10,YU
00:08:00,Wednesday,8,YU
00:27:00,Wednesday,6,BD
00:34:00,Wednesday,11,YU
00:54:00,Wednesday,6,YU
01:32:00,Wednesday,0,BD
01:32:00,Wednesday,0,BD
02:02:00,Thursday,0,YU
05:03:00,Thursday,0,BD
05:21:00,Thursday,0,BD
05:46:00,Thursday,12,BD
06:02:00,Thursday,5,BD
06:04:00,Thursday,4,BD
06:08:00,Thursday,0,BD
06:35:00,Thursday,0,BD
07:08:00,Thursday,0,YU
07:21:00,Thursday,0,BD
07:23:00,Thursday,0,BD
07:40:00,Thursday,4,YU
07:44:00,Thursday,0,YU
07:56:00,Thursday,0,BD
08:11:00,Thursday,3,YU
08:38:00,Thursday,4,BD
08:54:00,Thursday,0,YU
08:58:00,Thursday,0,BD
09:01:00,Thursday,0,BD
09:04:00,Thursday,0,BD
09:06:00,Thursday,7,YU
09:42:00,Thursday,0,YU
09:43:00,Thursday,4,BD
09:46:00,Thursday,0,YU
09:57:00,Thursday,0,BD
10:29:00,Thursday,0,BD
10:40:00,Thursday,5,YU
10:58:00,Thursday,0,BD
11:42:00,Thursday,3,BD
13:13:00,Thursday,0,YU
13:14:00,Thursday,5,YU
14:32:00,Thursday,0,YU
14:37:00,Thursday,5,YU
14:42:00,Thursday,0,BD
14:47:00,Thursday,9,YU
14:50:00,Thursday,8,BD
14:57:00,Thursday,0,BD
15:12:00,Thursday,3,BD
15:18:00,Thursday,4,BD
15:19:00,Thursday,0,BD
15:20:00,Thursday,4,YU
15:26:00,Thursday,0,BD
15:28:00,Thursday,0,YU
15:42:00,Thursday,0,BD
15:44:00,Thursday,0,BD
16:09:00,Thursday,3,YU
16:20:00,Thursday,7,YU
16:22:00,Thursday,7,BD
16:23:00,Thursday,0,YU
16:24:00,Thursday,8,YU
16:48:00,Thursday,0,YU
17:11:00,Thursday,7,BD
17:20:00,Thursday,8,BD
17:53:00,Thursday,3,BD
18:00:00,Thursday,0,BD
18:30:00,Thursday,0,BD
18:53:00,Thursday,0,BD
18:56:00,Thursday,0,YU
19:01:00,Thursday,13,YU
19:07:00,Thursday,0,YU
19:22:00,Thursday,0,BD
19:37:00,Thursday,5,BD
19:42:00,Thursday,0,YU
19:53:00,Thursday,0,BD
19:56:00,Thursday,7,BD
19:56:00,Thursday,4,YU
20:01:00,Thursday,7,YU
20:21:00,Thursday,0,YU
20:32:00,Thursday,10,BD
20:34:00,Thursday,0,BD
20:36:00,Thursday,5,YU
20:42:00,Thursday,5,BD
20:44:00,Thursday,0,YU
21:35:00,Thursday,0,BD
21:37:00,Thursday,0,BD
21:45:00,Thursday,0,YU
22:00:00,Thursday,0,YU/BD
22:17:00,Thursday,0,BD
22:26:00,Thursday,0,BD
22:49:00,Thursday,7,YU
22:58:00,Thursday,3,YU
23:01:00,Thursday,0,BD
23:04:00,Thursday,0,SHP
23:13:00,Thursday,0,BD
23:38:00,Thursday,0,YU
23:39:00,Thursday,0,BD
23:56:00,Thursday,0,YU
00:29:00,Thursday,0,BD
00:50:00,Thursday,0,YU
01:18:00,Thursday,0,YU
01:19:00,Thursday,0,YU
01:46:00,Thursday,0,BD
01:47:00,Thursday,0,BD
01:51:00,Thursday,0,BD
02:00:00,Friday,0,YU
02:38:00,Friday,0,YU
02:45:00,Friday,0,YU
05:30:00,Friday,0,YU
05:53:00,Friday,4,YU
05:57:00,Friday,6,YU
06:09:00,Friday,0,YU
07:21:00,Friday,0,BD
07:45:00,Friday,0,BD
08:33:00,Friday,6,YU
09:22:00,Friday,0,BD
09:39:00,Friday,5,BD
10:13:00,Friday,0,YU
11:09:00,Friday,0,BD
11:18:00,Friday,0,BD
11:21:00,Friday,0,YU
11:52:00,Friday,9,BD
11:57:00,Friday,0,BD
12:35:00,Friday,5,BD
13:08:00,Friday,3,BD
13:22:00,Friday,16,YU
13:37:00,Friday,0,BD
13:55:00,Friday,0,BD
14:25:00,Friday,15,BD
15:03:00,Friday,0,YU
15:23:00,Friday,4,YU
15:25:00,Friday,0,BD
15:31:00,Friday,0,YU
15:50:00,Friday,0,BD
15:59:00,Friday,0,BD
16:02:00,Friday,7,BD
16:48:00,Friday,0,YU
17:00:00,Friday,0,BD
17:19:00,Friday,7,YU
17:24:00,Friday,34,BD
18:43:00,Friday,0,YU
19:01:00,Friday,0,YU
19:12:00,Friday,6,YU
19:27:00,Friday,0,YU
20:01:00,Friday,12,YU
20:03:00,Friday,0,BD
20:11:00,Friday,0,BD
20:24:00,Friday,0,YU
20:30:00,Friday,0,YU
20:41:00,Friday,0,BD
21:15:00,Friday,4,BD
21:41:00,Friday,0,BD
22:00:00,Friday,0,YU/BD
22:09:00,Friday,0,YU
23:00:00,Friday,0,YU
23:00:00,Friday,0,BD
23:04:00,Friday,4,YU
23:24:00,Friday,5,YU
23:25:00,Friday,0,BD
00:20:00,Friday,0,YU
00:40:00,Friday,0,BD
00:44:00,Friday,0,YU
01:16:00,Friday,0,YU
01:34:00,Friday,0,YU
01:58:00,Friday,0,YU
09:06:00,Friday,0,SHP
01:24:00,Friday,0,SHP
03:39:00,Saturday,0,BD
05:51:00,Saturday,0,BD
05:57:00,Saturday,7,YU
06:00:00,Saturday,0,BD
06:05:00,Saturday,6,YU
06:05:00,Saturday,6,BD
06:07:00,Saturday,0,BD
06:53:00,Saturday,6,YU
06:56:00,Saturday,5,YU
07:59:00,Saturday,0,BD
08:39:00,Saturday,0,BD
08:40:00,Saturday,0,YU
09:09:00,Saturday,6,YU
09:23:00,Saturday,0,YU
09:26:00,Saturday,0,YU
09:42:00,Saturday,13,BD
09:44:00,Saturday,0,YU
10:10:00,Saturday,0,BD
11:27:00,Saturday,3,YU
13:15:00,Saturday,0,YU
14:09:00,Saturday,0,YU
14:19:00,Saturday,0,YU
14:19:00,Saturday,0,YU
14:30:00,Saturday,5,YU
14:44:00,Saturday,0,BD
14:57:00,Saturday,0,YU
14:57:00,Saturday,0,YU
15:06:00,Saturday,0,YU
15:22:00,Saturday,0,BD
15:26:00,Saturday,0,BD
15:40:00,Saturday,0,YU
16:37:00,Saturday,0,YU
17:18:00,Saturday,4,BD
17:50:00,Saturday,0,YU
17:58:00,Saturday,0,YU
18:05:00,Saturday,5,BD
18:22:00,Saturday,0,YU
18:28:00,Saturday,0,YU
18:57:00,Saturday,3,YU
19:13:00,Saturday,0,BD
19:19:00,Saturday,0,YU
19:49:00,Saturday,3,YU
20:01:00,Saturday,0,YU
20:13:00,Saturday,0,BD
21:08:00,Saturday,5,YU
21:23:00,Saturday,8,YU
21:30:00,Saturday,0,YU
21:40:00,Saturday,0,YU
22:00:00,Saturday,7,BD
22:00:00,Saturday,0,YU/BD
22:14:00,Saturday,9,YU
22:32:00,Saturday,0,YU
22:32:00,Saturday,0,YU
22:53:00,Saturday,0,BD
23:01:00,Saturday,187,BD
23:04:00,Saturday,0,YU
23:48:00,Saturday,0,YU
00:38:00,Saturday,0,BD
01:24:00,Saturday,0,BD
01:36:00,Saturday,0,YU
01:44:00,Saturday,0,YU
01:48:00,Saturday,0,BD
01:06:00,Saturday,0,SHP
02:11:00,Sunday,0,YU
02:17:00,Sunday,0,BD
02:23:00,Sunday,0,YU
05:07:00,Sunday,0,BD
07:47:00,Sunday,0,YU
07:53:00,Sunday,5,YU
08:01:00,Sunday,12,YU
08:01:00,Sunday,0,YU
08:16:00,Sunday,6,BD
09:43:00,Sunday,6,BD
09:48:00,Sunday,0,BD
10:12:00,Sunday,5,YU
10:52:00,Sunday,4,YU
11:41:00,Sunday,0,BD
12:54:00,Sunday,0,YU
12:55:00,Sunday,6,BD
13:34:00,Sunday,0,YU
13:54:00,Sunday,0,BD
13:55:00,Sunday,0,YU
14:39:00,Sunday,0,YU
15:20:00,Sunday,0,YU
16:34:00,Sunday,3,YU
16:35:00,Sunday,0,YU
17:03:00,Sunday,0,YU
17:39:00,Sunday,0,YU
18:13:00,Sunday,0,YU
18:36:00,Sunday,4,BD
18:56:00,Sunday,6,YU
19:33:00,Sunday,0,BD
19:42:00,Sunday,27,BD
19:54:00,Sunday,6,YU
19:56:00,Sunday,0,YU
20:33:00,Sunday,24,YU
21:10:00,Sunday,0,YU
21:38:00,Sunday,0,YU
21:42:00,Sunday,3,YU
21:50:00,Sunday,5,BD
22:00:00,Sunday,0,YU/BD
22:01:00,Sunday,0,BD
23:24:00,Sunday,4,BD
23:30:00,Sunday,0,YU
23:34:00,Sunday,0,BD
23:34:00,Sunday,0,YU
00:44:00,Sunday,0,BD
01:56:00,Sunday,0,YU
09:06:00,Sunday,0,SHP
16:38:00,Sunday,0,SHP
02:18:00,Monday,0,BD
02:20:00,Monday,0,YU
02:33:00,Monday,0,BD
02:43:00,Monday,0,YU
04:44:00,Monday,0,BD
05:00:00,Monday,0,YU
05:08:00,Monday,0,YU
07:17:00,Monday,6,BD
07:59:00,Monday,8,BD
08:55:00,Monday,8,YU
09:00:00,Monday,10,BD
10:08:00,Monday,3,YU
10:22:00,Monday,0,BD
10:51:00,Monday,0,BD
11:23:00,Monday,5,YU
11:36:00,Monday,0,BD
12:00:00,Monday,7,BD
12:35:00,Monday,0,YU
12:56:00,Monday,0,YU
13:13:00,Monday,0,YU
13:33:00,Monday,0,BD
13:52:00,Monday,4,BD
13:57:00,Monday,0,YU
14:32:00,Monday,0,BD
14:57:00,Monday,5,YU
15:15:00,Monday,0,YU
15:56:00,Monday,4,BD
16:19:00,Monday,3,YU
16:24:00,Monday,0,YU
16:41:00,Monday,8,BD
16:56:00,Monday,0,BD
17:00:00,Monday,0,BD
17:21:00,Monday,0,BD
17:23:00,Monday,13,YU
17:24:00,Monday,13,YU
17:57:00,Monday,3,YU
18:05:00,Monday,3,YU
18:28:00,Monday,5,BD
18:29:00,Monday,0,BD
18:39:00,Monday,0,YU
19:02:00,Monday,0,YU
19:03:00,Monday,55,YU
19:34:00,Monday,0,YU
19:47:00,Monday,0,BD
19:52:00,Monday,0,YU
20:02:00,Monday,0,YU
20:50:00,Monday,24,YU
22:00:00,Monday,0,YU/BD
22:41:00,Monday,22,YU
22:47:00,Monday,0,YU
22:54:00,Monday,0,YU
23:00:00,Monday,0,YU
23:41:00,Monday,0,YU
23:52:00,Monday,0,BD
00:11:00,Monday,0,YU
00:31:00,Monday,0,BD
00:55:00,Monday,0,YU
00:57:00,Monday,0,YU
01:12:00,Monday,20,YU
01:33:00,Monday,0,YU
01:40:00,Monday,0,YU
01:41:00,Monday,0,YU
18:42:00,Monday,0,SHP
19:06:00,Monday,0,SHP
02:06:00,Tuesday,0,BD
02:28:00,Tuesday,0,YU
04:33:00,Tuesday,0,BD
05:34:00,Tuesday,0,BD
05:46:00,Tuesday,0,BD
07:27:00,Tuesday,0,BD
07:55:00,Tuesday,0,YU
08:08:00,Tuesday,10,YU
08:24:00,Tuesday,0,YU
08:57:00,Tuesday,0,YU
09:07:00,Tuesday,0,YU
09:22:00,Tuesday,0,YU
10:15:00,Tuesday,4,YU
10:19:00,Tuesday,0,YU
10:51:00,Tuesday,0,YU
11:00:00,Tuesday,0,YU
11:05:00,Tuesday,6,YU
11:26:00,Tuesday,0,BD
11:27:00,Tuesday,0,YU
11:45:00,Tuesday,8,YU
11:55:00,Tuesday,0,YU
11:58:00,Tuesday,0,BD
12:14:00,Tuesday,0,YU
12:38:00,Tuesday,6,YU
12:50:00,Tuesday,9,YU
12:54:00,Tuesday,0,YU
13:04:00,Tuesday,0,YU
13:43:00,Tuesday,0,YU
13:55:00,Tuesday,0,BD
14:33:00,Tuesday,0,YU
15:32:00,Tuesday,3,BD
15:48:00,Tuesday,3,YU
16:03:00,Tuesday,0,BD
16:16:00,Tuesday,0,YU
16:36:00,Tuesday,0,YU
16:39:00,Tuesday,4,YU
17:11:00,Tuesday,0,YU
17:17:00,Tuesday,8,YU
17:21:00,Tuesday,14,YU
17:21:00,Tuesday,0,YU
17:24:00,Tuesday,0,YU
17:30:00,Tuesday,0,YU
17:33:00,Tuesday,8,YU
17:47:00,Tuesday,8,YU
17:58:00,Tuesday,0,BD
17:59:00,Tuesday,0,YU
18:33:00,Tuesday,0,YU
18:37:00,Tuesday,0,YU
18:43:00,Tuesday,0,YU
18:44:00,Tuesday,0,BD
19:03:00,Tuesday,0,BD
19:15:00,Tuesday,0,YU
19:25:00,Tuesday,0,BD
19:37:00,Tuesday,5,YU
20:26:00,Tuesday,0,BD
20:27:00,Tuesday,0,BD
21:30:00,Tuesday,0,YU
21:50:00,Tuesday,0,BD
22:00:00,Tuesday,0,YU/BD
22:19:00,Tuesday,0,YU
22:29:00,Tuesday,5,BD
22:41:00,Tuesday,0,BD
22:56:00,Tuesday,0,YU
23:05:00,Tuesday,0,YU
23:20:00,Tuesday,0,YU
23:30:00,Tuesday,0,BD
23:36:00,Tuesday,0,YU
23:57:00,Tuesday,0,YU
00:43:00,Tuesday,0,BD
00:52:00,Tuesday,0,YU
01:03:00,Tuesday,0,BD
01:16:00,Tuesday,0,BD
01:23:00,Tuesday,0,YU
01:27:00,Tuesday,0,BD
01:27:00,Tuesday,0,BD
01:42:00,Tuesday,0,BD
01:47:00,Tuesday,0,BD
01:55:00,Tuesday,0,BD
01:58:00,Tuesday,0,BD
07:37:00,Tuesday,6,SHP
09:43:00,Tuesday,0,SHP
23:14:00,Tuesday,4,SHP
02:02:00,Wednesday,0,YU
02:03:00,Wednesday,0,YU
02:19:00,Wednesday,0,YU
02:21:00,Wednesday,0,BD
02:29:00,Wednesday,0,YU
03:50:00,Wednesday,0,BD
05:36:00,Wednesday,0,YU
05:43:00,Wednesday,7,BD
06:31:00,Wednesday,0,BD
06:36:00,Wednesday,0,BD
06:49:00,Wednesday,18,YU
06:52:00,Wednesday,18,BD
07:00:00,Wednesday,7,BD
07:10:00,Wednesday,0,BD
07:52:00,Wednesday,0,BD
08:09:00,Wednesday,0,YU
08:10:00,Wednesday,0,BD
08:15:00,Wednesday,0,YU
08:19:00,Wednesday,0,BD
08:43:00,Wednesday,0,BD
09:14:00,Wednesday,8,YU
09:19:00,Wednesday,0,BD
09:30:00,Wednesday,4,YU
09:59:00,Wednesday,0,BD
10:44:00,Wednesday,0,BD
11:33:00,Wednesday,5,YU
12:42:00,Wednesday,0,BD
12:46:00,Wednesday,0,BD
13:27:00,Wednesday,10,YU
14:07:00,Wednesday,0,BD
14:31:00,Wednesday,0,BD
15:03:00,Wednesday,0,BD
15:39:00,Wednesday,29,BD
15:49:00,Wednesday,0,BD
15:51:00,Wednesday,0,YU
16:17:00,Wednesday,0,BD
16:21:00,Wednesday,0,YU
16:35:00,Wednesday,0,BD
16:54:00,Wednesday,0,BD
16:59:00,Wednesday,0,BD
16:59:00,Wednesday,0,YU
17:06:00,Wednesday,6,YU
17:22:00,Wednesday,0,BD
17:27:00,Wednesday,3,YU
17:31:00,Wednesday,0,YU
17:39:00,Wednesday,0,YU
17:51:00,Wednesday,11,BD
18:18:00,Wednesday,0,BD
18:20:00,Wednesday,8,YU
18:21:00,Wednesday,12,YU
18:24:00,Wednesday,0,YU
18:47:00,Wednesday,0,YU
19:26:00,Wednesday,0,YU
19:38:00,Wednesday,0,YU
19:41:00,Wednesday,0,BD
20:05:00,Wednesday,0,BD
20:09:00,Wednesday,8,BD
20:35:00,Wednesday,0,BD
20:44:00,Wednesday,29,YU
20:49:00,Wednesday,0,YU
21:03:00,Wednesday,0,YU
22:00:00,Wednesday,0,YU/BD
22:01:00,Wednesday,0,YU
22:07:00,Wednesday,0,YU
22:33:00,Wednesday,0,YU
23:00:00,Wednesday,0,YU
23:15:00,Wednesday,0,YU
23:17:00,Wednesday,0,BD
23:18:00,Wednesday,0,BD
23:30:00,Wednesday,0,BD
23:36:00,Wednesday,0,BD
23:45:00,Wednesday,0,BD
00:31:00,Wednesday,0,BD
00:32:00,Wednesday,0,YU
01:18:00,Wednesday,0,BD
01:36:00,Wednesday,3,YU
02:33:00,Wednesday,0,SHP
06:54:00,Wednesday,6,SHP
10:36:00,Wednesday,0,SHP
11:45:00,Wednesday,3,SHP
13:53:00,Wednesday,8,SHP
15:01:00,Wednesday,0,SHP
16:49:00,Wednesday,0,SHP
02:35:00,Thursday,0,YU
04:37:00,Thursday,0,YU
06:02:00,Thursday,5,YU
06:18:00,Thursday,3,YU
07:02:00,Thursday,0,YU
07:09:00,Thursday,4,YU
07:12:00,Thursday,0,BD
07:13:00,Thursday,0,BD
07:16:00,Thursday,0,YU
07:27:00,Thursday,5,BD
07:28:00,Thursday,0,BD
07:31:00,Thursday,0,YU
08:11:00,Thursday,5,YU
08:23:00,Thursday,0,BD
08:40:00,Thursday,4,BD
09:27:00,Thursday,0,YU
09:30:00,Thursday,0,BD
09:41:00,Thursday,6,BD
09:53:00,Thursday,0,YU
10:01:00,Thursday,0,YU
10:30:00,Thursday,0,YU
10:37:00,Thursday,4,BD
10:45:00,Thursday,5,YU
11:19:00,Thursday,4,YU
12:03:00,Thursday,0,BD
12:04:00,Thursday,0,YU
12:21:00,Thursday,3,BD
12:44:00,Thursday,0,YU
12:51:00,Thursday,0,BD
12:55:00,Thursday,0,YU
13:29:00,Thursday,0,BD
13:36:00,Thursday,5,YU
13:46:00,Thursday,0,BD
14:00:00,Thursday,5,BD
14:11:00,Thursday,5,YU
14:13:00,Thursday,4,YU
14:21:00,Thursday,0,YU
14:28:00,Thursday,0,BD
14:54:00,Thursday,14,YU
15:09:00,Thursday,0,YU
15:44:00,Thursday,7,YU
15:45:00,Thursday,0,BD
15:58:00,Thursday,0,BD
16:02:00,Thursday,0,BD
16:16:00,Thursday,0,BD
16:27:00,Thursday,0,BD
16:30:00,Thursday,6,YU
16:34:00,Thursday,0,YU
16:39:00,Thursday,0,YU
16:40:00,Thursday,0,BD
16:52:00,Thursday,3,YU
16:59:00,Thursday,0,BD
17:05:00,Thursday,0,BD
17:15:00,Thursday,5,YU
17:25:00,Thursday,0,YU
17:27:00,Thursday,0,BD
17:49:00,Thursday,0,BD
18:23:00,Thursday,0,YU
18:36:00,Thursday,5,BD
18:52:00,Thursday,5,YU
19:03:00,Thursday,0,YU
19:07:00,Thursday,0,YU
19:10:00,Thursday,0,YU
19:26:00,Thursday,0,YU
19:27:00,Thursday,0,BD
20:06:00,Thursday,0,YU
20:36:00,Thursday,3,YU
20:38:00,Thursday,0,BD
20:59:00,Thursday,0,YU
21:12:00,Thursday,5,BD
21:14:00,Thursday,0,YU
21:53:00,Thursday,5,YU
21:58:00,Thursday,0,YU
22:00:00,Thursday,0,YU/BD
22:24:00,Thursday,0,BD
22:42:00,Thursday,16,BD
22:51:00,Thursday,0,BD
23:00:00,Thursday,0,YU
23:23:00,Thursday,0,YU
23:37:00,Thursday,0,BD
23:44:00,Thursday,12,BD
23:46:00,Thursday,0,BD
23:58:00,Thursday,0,BD
00:03:00,Thursday,3,YU
00:04:00,Thursday,0,YU
00:07:00,Thursday,0,BD
00:23:00,Thursday,8,YU
00:26:00,Thursday,36,BD
00:29:00,Thursday,7,BD
00:36:00,Thursday,6,YU
00:37:00,Thursday,0,YU
00:40:00,Thursday,8,YU
01:01:00,Thursday,15,YU
01:29:00,Thursday,5,YU
08:46:00,Thursday,3,SHP
12:29:00,Thursday,7,SHP
20:44:00,Thursday,0,SHP
00:50:00,Thursday,0,SHP
01:05:00,Thursday,0,SHP
02:19:00,Friday,0,YU
02:20:00,Friday,0,YU
02:28:00,Friday,0,BD
05:20:00,Friday,0,YU
05:53:00,Friday,5,YU
05:56:00,Friday,6,YU
06:00:00,Friday,0,YU/BD
06:11:00,Friday,3,BD
06:13:00,Friday,35,YU
06:36:00,Friday,0,YU
06:43:00,Friday,0,BD
07:14:00,Friday,0,YU
07:31:00,Friday,9,BD
07:44:00,Friday,0,BD
07:48:00,Friday,3,BD
08:22:00,Friday,9,BD
08:55:00,Friday,0,YU
09:08:00,Friday,3,YU
09:10:00,Friday,0,YU
09:26:00,Friday,5,YU
09:33:00,Friday,7,BD
09:50:00,Friday,0,YU
10:00:00,Friday,4,BD
10:05:00,Friday,0,BD
10:26:00,Friday,0,YU
10:49:00,Friday,0,BD
11:05:00,Friday,0,YU
11:10:00,Friday,5,YU
11:39:00,Friday,4,BD
12:32:00,Friday,0,YU
12:33:00,Friday,0,BD
12:42:00,Friday,0,YU
12:56:00,Friday,0,BD
13:21:00,Friday,0,YU
13:43:00,Friday,0,YU
14:12:00,Friday,0,BD
14:22:00,Friday,0,BD
14:27:00,Friday,0,BD
14:30:00,Friday,0,BD
14:39:00,Friday,6,YU
14:40:00,Friday,0,BD
14:42:00,Friday,5,YU
14:48:00,Friday,0,YU
14:48:00,Friday,3,BD
15:39:00,Friday,0,YU
15:50:00,Friday,0,YU
15:55:00,Friday,0,YU
15:57:00,Friday,0,YU
16:38:00,Friday,0,YU
16:42:00,Friday,3,BD
17:05:00,Friday,0,BD
17:10:00,Friday,0,BD
17:15:00,Friday,0,BD
18:03:00,Friday,3,YU
18:14:00,Friday,0,BD
18:18:00,Friday,0,BD
18:21:00,Friday,0,BD
18:55:00,Friday,5,YU
19:14:00,Friday,0,BD
19:25:00,Friday,0,BD
19:54:00,Friday,0,BD
19:56:00,Friday,0,BD
20:05:00,Friday,4,BD
22:00:00,Friday,0,YU/BD
22:23:00,Friday,17,BD
22:59:00,Friday,0,YU
23:02:00,Friday,0,YU
23:05:00,Friday,3,BD
23:11:00,Friday,8,YU
23:18:00,Friday,5,YU
23:35:00,Friday,6,YU
23:43:00,Friday,3,YU
23:45:00,Friday,5,YU
23:56:00,Friday,0,YU
00:00:00,Friday,7,YU
00:36:00,Friday,8,YU
01:02:00,Friday,0,YU
01:09:00,Friday,0,YU
01:33:00,Friday,3,BD
01:34:00,Friday,4,YU
01:48:00,Friday,0,BD
05:31:00,Friday,0,SHP
06:00:00,Friday,0,SHP
22:59:00,Friday,0,SHP
23:25:00,Friday,0,SHP
02:34:00,Saturday,0,BD
05:52:00,Saturday,0,BD
07:17:00,Saturday,5,BD
07:26:00,Saturday,0,YU
08:09:00,Saturday,0,YU
09:29:00,Saturday,0,YU
09:50:00,Saturday,7,YU
09:55:00,Saturday,0,YU
09:59:00,Saturday,4,YU
11:53:00,Saturday,0,BD
12:28:00,Saturday,5,YU
12:28:00,Saturday,0,BD
12:49:00,Saturday,0,BD
13:15:00,Saturday,4,BD
13:54:00,Saturday,3,BD
14:05:00,Saturday,3,BD
15:39:00,Saturday,0,YU
15:48:00,Saturday,9,YU
15:56:00,Saturday,4,YU
15:56:00,Saturday,0,BD
16:31:00,Saturday,0,BD
16:45:00,Saturday,0,BD
17:04:00,Saturday,3,YU
17:08:00,Saturday,4,YU
17:20:00,Saturday,0,YU
17:26:00,Saturday,0,YU
17:47:00,Saturday,3,BD
17:57:00,Saturday,4,YU
18:30:00,Saturday,0,BD
18:41:00,Saturday,0,BD
19:03:00,Saturday,4,YU
19:24:00,Saturday,0,YU
19:40:00,Saturday,0,BD
20:10:00,Saturday,5,YU
20:12:00,Saturday,3,YU
20:33:00,Saturday,0,YU
21:52:00,Saturday,0,YU
22:00:00,Saturday,0,YU / BD
22:07:00,Saturday,3,YU
22:10:00,Saturday,0,YU
23:26:00,Saturday,6,YU
23:41:00,Saturday,3,YU
23:52:00,Saturday,0,YU
00:13:00,Saturday,5,BD
01:15:00,Saturday,0,YU
01:24:00,Saturday,9,YU
01:40:00,Saturday,0,YU
11:36:00,Saturday,0,SHP
20:37:00,Saturday,0,SHP
21:11:00,Saturday,5,SHP
02:10:00,Sunday,0,BD
02:32:00,Sunday,0,YU
04:11:00,Sunday,5,BD
04:45:00,Sunday,0,YU
04:55:00,Sunday,0,YU
04:55:00,Sunday,0,BD
06:10:00,Sunday,0,BD
06:58:00,Sunday,0,YU
07:16:00,Sunday,5,BD
08:00:00,Sunday,5,BD
09:41:00,Sunday,4,YU
10:03:00,Sunday,4,YU
11:27:00,Sunday,4,YU
11:39:00,Sunday,3,BD
11:52:00,Sunday,0,BD
12:15:00,Sunday,0,YU
12:19:00,Sunday,7,YU
12:40:00,Sunday,0,YU
13:34:00,Sunday,0,BD
13:49:00,Sunday,0,BD
15:16:00,Sunday,0,BD
15:51:00,Sunday,0,BD
15:55:00,Sunday,0,YU
15:56:00,Sunday,5,YU
16:16:00,Sunday,0,BD
16:21:00,Sunday,16,BD
16:42:00,Sunday,0,YU
16:57:00,Sunday,0,YU
17:49:00,Sunday,0,YU
17:55:00,Sunday,0,YU
17:59:00,Sunday,6,YU
18:16:00,Sunday,5,YU
18:22:00,Sunday,0,YU
18:34:00,Sunday,5,BD
19:24:00,Sunday,0,YU
20:00:00,Sunday,0,BD
20:08:00,Sunday,0,BD
20:09:00,Sunday,0,BD
20:58:00,Sunday,0,BD
21:06:00,Sunday,0,BD
21:44:00,Sunday,0,YU
22:00:00,Sunday,0,YU/BD
22:13:00,Sunday,5,BD
22:25:00,Sunday,0,YU
22:26:00,Sunday,0,YU
23:00:00,Sunday,25,YU
23:24:00,Sunday,4,BD
23:24:00,Sunday,0,BD
23:41:00,Sunday,6,BD
00:09:00,Sunday,7,YU
00:28:00,Sunday,0,YU
00:37:00,Sunday,0,BD
01:54:00,Sunday,0,YU
01:56:00,Sunday,0,YU
01:59:00,Sunday,11,YU
11:19:00,Sunday,0,SHP
12:53:00,Sunday,0,SHP
17:23:00,Sunday,7,SHP
02:03:00,Monday,0,BD
05:42:00,Monday,0,YU
06:12:00,Monday,0,YU
06:33:00,Monday,0,YU
07:17:00,Monday,0,YU
07:58:00,Monday,4,YU
08:10:00,Monday,3,YU
08:22:00,Monday,6,YU
08:38:00,Monday,3,YU
08:41:00,Monday,6,YU
08:56:00,Monday,0,YU
08:56:00,Monday,0,YU
09:05:00,Monday,4,YU
09:24:00,Monday,6,YU
10:01:00,Monday,7,BD
10:03:00,Monday,3,YU
10:15:00,Monday,0,YU
10:32:00,Monday,0,YU
10:34:00,Monday,5,YU
10:56:00,Monday,3,YU
11:08:00,Monday,3,YU
11:10:00,Monday,4,YU
11:21:00,Monday,0,BD
11:40:00,Monday,0,BD
11:47:00,Monday,3,BD
11:50:00,Monday,6,BD
11:58:00,Monday,0,BD
11:59:00,Monday,9,BD
13:37:00,Monday,0,YU
14:03:00,Monday,8,YU
14:17:00,Monday,0,YU
14:29:00,Monday,0,YU
14:54:00,Monday,0,YU
15:01:00,Monday,0,YU
15:15:00,Monday,0,YU
17:03:00,Monday,0,BD
17:12:00,Monday,0,YU
17:32:00,Monday,0,YU
18:15:00,Monday,0,BD
18:24:00,Monday,0,BD
18:29:00,Monday,0,YU
18:38:00,Monday,3,YU
18:41:00,Monday,0,YU
19:07:00,Monday,9,YU
19:26:00,Monday,3,BD
19:52:00,Monday,0,YU
19:54:00,Monday,7,YU
20:06:00,Monday,0,BD
20:42:00,Monday,0,BD
20:46:00,Monday,0,BD
20:51:00,Monday,0,BD
21:23:00,Monday,0,BD
21:24:00,Monday,0,YU
21:36:00,Monday,0,YU
21:53:00,Monday,4,YU
22:00:00,Monday,0,YU/BD
22:41:00,Monday,3,YU
22:56:00,Monday,0,YU
23:00:00,Monday,0,BD
23:04:00,Monday,8,BD
23:55:00,Monday,0,YU
23:57:00,Monday,0,YU
01:15:00,Monday,0,YU
01:18:00,Monday,3,BD
01:19:00,Monday,5,BD
01:20:00,Monday,4,YU
01:49:00,Monday,20,YU
01:53:00,Monday,0,YU
05:28:00,Monday,0,SHP
05:36:00,Monday,7,SHP
06:55:00,Monday,0,SHP
02:41:00,Tuesday,0,YU
03:04:00,Tuesday,0,BD
03:24:00,Tuesday,0,YU
04:25:00,Tuesday,0,BD
06:04:00,Tuesday,30,BD
06:09:00,Tuesday,0,BD
06:10:00,Tuesday,6,YU
06:45:00,Tuesday,0,BD
06:52:00,Tuesday,3,BD
06:57:00,Tuesday,0,YU
07:12:00,Tuesday,20,BD
07:22:00,Tuesday,0,BD
07:24:00,Tuesday,20,BD
07:27:00,Tuesday,3,BD
07:45:00,Tuesday,0,BD
07:46:00,Tuesday,6,BD
07:52:00,Tuesday,15,YU
07:55:00,Tuesday,0,YU
08:11:00,Tuesday,0,YU
08:15:00,Tuesday,0,BD
08:22:00,Tuesday,0,YU
08:35:00,Tuesday,6,YU
08:36:00,Tuesday,33,BD
08:41:00,Tuesday,5,BD
08:50:00,Tuesday,0,BD
10:31:00,Tuesday,15,BD
10:43:00,Tuesday,0,YU
11:44:00,Tuesday,3,YU
11:51:00,Tuesday,0,YU
12:08:00,Tuesday,3,YU
12:37:00,Tuesday,0,YU
13:34:00,Tuesday,0,BD
13:43:00,Tuesday,0,BD
13:44:00,Tuesday,0,YU
13:54:00,Tuesday,7,YU
14:17:00,Tuesday,0,YU
14:20:00,Tuesday,19,BD
14:24:00,Tuesday,0,BD
14:40:00,Tuesday,0,BD
15:02:00,Tuesday,0,BD
15:02:00,Tuesday,0,YU
15:14:00,Tuesday,10,YU
15:21:00,Tuesday,0,YU
15:40:00,Tuesday,0,YU
15:48:00,Tuesday,0,BD
15:57:00,Tuesday,3,BD
16:20:00,Tuesday,0,BD
16:20:00,Tuesday,0,BD
16:28:00,Tuesday,0,YU
16:31:00,Tuesday,3,BD
16:34:00,Tuesday,8,YU
16:45:00,Tuesday,0,YU
17:15:00,Tuesday,0,BD
17:19:00,Tuesday,5,BD
17:25:00,Tuesday,0,BD
17:36:00,Tuesday,0,YU
17:46:00,Tuesday,0,BD
18:13:00,Tuesday,7,YU
18:18:00,Tuesday,0,YU
18:22:00,Tuesday,0,BD
18:39:00,Tuesday,28,YU
18:42:00,Tuesday,0,BD
18:45:00,Tuesday,0,YU
18:51:00,Tuesday,11,BD
19:05:00,Tuesday,3,YU
19:12:00,Tuesday,14,YU
19:16:00,Tuesday,0,BD
19:24:00,Tuesday,4,YU
19:42:00,Tuesday,0,BD
19:44:00,Tuesday,7,YU
19:48:00,Tuesday,0,YU
19:52:00,Tuesday,7,YU
19:58:00,Tuesday,0,YU
20:04:00,Tuesday,0,BD
20:37:00,Tuesday,0,YU
20:50:00,Tuesday,0,YU
20:53:00,Tuesday,0,BD
21:29:00,Tuesday,0,BD
21:35:00,Tuesday,0,YU
22:00:00,Tuesday,0,YU/BD
22:12:00,Tuesday,0,BD
22:24:00,Tuesday,5,YU
22:37:00,Tuesday,0,YU
22:39:00,Tuesday,0,YU
23:00:00,Tuesday,0,BD
23:08:00,Tuesday,0,BD
23:53:00,Tuesday,7,YU
00:08:00,Tuesday,0,YU
00:15:00,Tuesday,7,YU
00:28:00,Tuesday,0,YU
00:33:00,Tuesday,0,BD
00:44:00,Tuesday,0,YU
01:08:00,Tuesday,5,YU
01:41:00,Tuesday,0,YU
05:41:00,Tuesday,6,SHP
05:46:00,Tuesday,6,SHP
13:50:00,Tuesday,0,SHP
13:52:00,Tuesday,5,SHP
14:13:00,Tuesday,0,SHP
14:18:00,Tuesday,0,SHP
14:19:00,Tuesday,13,SHP
14:36:00,Tuesday,0,SHP
21:05:00,Tuesday,8,SHP
02:37:00,Wednesday,0,BD
05:06:00,Wednesday,0,YU
05:24:00,Wednesday,0,BD
05:25:00,Wednesday,0,BD
05:41:00,Wednesday,3,YU
05:55:00,Wednesday,6,BD
06:04:00,Wednesday,0,YU
06:08:00,Wednesday,0,BD
06:12:00,Wednesday,0,YU
06:12:00,Wednesday,0,BD
06:35:00,Wednesday,0,YU
06:54:00,Wednesday,3,YU
07:31:00,Wednesday,0,YU
07:53:00,Wednesday,3,YU
08:08:00,Wednesday,6,YU
08:27:00,Wednesday,0,BD
08:33:00,Wednesday,3,YU
08:35:00,Wednesday,0,YU
08:40:00,Wednesday,3,BD
08:43:00,Wednesday,0,YU
08:47:00,Wednesday,3,YU
08:58:00,Wednesday,0,YU
09:24:00,Wednesday,0,BD
09:36:00,Wednesday,0,YU
09:47:00,Wednesday,3,BD
09:58:00,Wednesday,3,YU
10:03:00,Wednesday,0,BD
10:28:00,Wednesday,0,BD
11:00:00,Wednesday,5,YU
11:36:00,Wednesday,0,BD
11:46:00,Wednesday,0,YU
11:54:00,Wednesday,3,YU
12:18:00,Wednesday,0,YU
12:51:00,Wednesday,0,YU
13:10:00,Wednesday,0,BD
13:10:00,Wednesday,22,YU
13:20:00,Wednesday,4,BD
13:24:00,Wednesday,3,YU
13:26:00,Wednesday,8,YU
13:34:00,Wednesday,0,BD
13:40:00,Wednesday,0,YU
13:46:00,Wednesday,0,YU
13:59:00,Wednesday,7,BD
14:10:00,Wednesday,0,YU
14:24:00,Wednesday,0,YU
14:25:00,Wednesday,0,BD
14:35:00,Wednesday,0,YU
15:19:00,Wednesday,3,BD
15:19:00,Wednesday,0,YU
15:23:00,Wednesday,0,BD
15:27:00,Wednesday,0,YU
15:51:00,Wednesday,0,YU
16:33:00,Wednesday,6,YU
16:54:00,Wednesday,4,BD
17:09:00,Wednesday,21,YU
17:15:00,Wednesday,0,YU
17:17:00,Wednesday,0,YU
17:19:00,Wednesday,0,BD
17:35:00,Wednesday,0,YU
17:54:00,Wednesday,9,YU
18:19:00,Wednesday,0,YU
18:41:00,Wednesday,0,BD
18:51:00,Wednesday,0,BD
19:10:00,Wednesday,0,YU
19:29:00,Wednesday,0,YU
19:34:00,Wednesday,0,BD
20:15:00,Wednesday,3,YU
20:23:00,Wednesday,0,BD
20:53:00,Wednesday,3,YU
21:37:00,Wednesday,0,YU
21:42:00,Wednesday,4,YU
22:00:00,Wednesday,0,YU/BD
22:19:00,Wednesday,0,YU
22:38:00,Wednesday,4,BD
22:43:00,Wednesday,0,BD
22:49:00,Wednesday,0,BD
23:00:00,Wednesday,0,BD
23:07:00,Wednesday,4,BD
23:19:00,Wednesday,0,YU
23:21:00,Wednesday,6,BD
23:59:00,Wednesday,61,YU
00:09:00,Wednesday,51,BD
01:32:00,Wednesday,17,YU
10:07:00,Wednesday,0,SHP
13:31:00,Wednesday,0,SHP
16:47:00,Wednesday,0,SHP
02:20:00,Thursday,0,YU
03:12:00,Thursday,0,BD
05:04:00,Thursday,0,YU
05:39:00,Thursday,0,BD
05:45:00,Thursday,0,YU
05:55:00,Thursday,0,BD
06:12:00,Thursday,0,YU
06:28:00,Thursday,6,YU
06:31:00,Thursday,0,BD
06:52:00,Thursday,0,BD
07:13:00,Thursday,4,YU
07:24:00,Thursday,0,BD
07:48:00,Thursday,0,BD
07:55:00,Thursday,0,BD
08:19:00,Thursday,0,BD
08:25:00,Thursday,3,YU
09:19:00,Thursday,0,BD
10:01:00,Thursday,0,YU
10:07:00,Thursday,0,YU
10:21:00,Thursday,0,BD
10:55:00,Thursday,0,YU
11:00:00,Thursday,174,BD
11:12:00,Thursday,9,BD
11:24:00,Thursday,0,YU
11:41:00,Thursday,0,YU
11:52:00,Thursday,0,YU
12:23:00,Thursday,12,BD
12:27:00,Thursday,5,YU
12:42:00,Thursday,0,BD
13:08:00,Thursday,0,YU
13:39:00,Thursday,0,YU
13:59:00,Thursday,5,YU
14:08:00,Thursday,0,BD
14:10:00,Thursday,0,YU
14:36:00,Thursday,0,BD
15:05:00,Thursday,5,YU
15:17:00,Thursday,0,BD
15:20:00,Thursday,0,BD
15:24:00,Thursday,5,YU
15:34:00,Thursday,0,BD
15:39:00,Thursday,0,YU
15:45:00,Thursday,0,YU
15:52:00,Thursday,8,YU
16:15:00,Thursday,5,YU
16:20:00,Thursday,4,YU
16:36:00,Thursday,4,YU
16:44:00,Thursday,5,YU
16:53:00,Thursday,0,BD
17:09:00,Thursday,0,BD
18:18:00,Thursday,15,BD
18:32:00,Thursday,0,BD
18:50:00,Thursday,7,BD
19:46:00,Thursday,0,YU
19:49:00,Thursday,5,YU
19:58:00,Thursday,0,YU
20:17:00,Thursday,0,YU
20:17:00,Thursday,0,BD
20:36:00,Thursday,3,YU
20:40:00,Thursday,4,YU
21:19:00,Thursday,6,YU
21:24:00,Thursday,0,YU
21:48:00,Thursday,0,BD
22:00:00,Thursday,0,YU/BD
22:06:00,Thursday,9,BD
22:12:00,Thursday,0,YU
22:16:00,Thursday,0,YU
22:23:00,Thursday,14,YU
22:32:00,Thursday,0,YU
22:38:00,Thursday,0,YU
22:40:00,Thursday,0,YU
23:00:00,Thursday,0,BD
00:28:00,Thursday,5,YU
00:37:00,Thursday,13,BD
00:58:00,Thursday,0,BD
01:00:00,Thursday,0,YU
01:41:00,Thursday,5,BD
06:09:00,Thursday,0,SHP
16:28:00,Thursday,0,SHP
21:59:00,Thursday,0,SHP
23:44:00,Thursday,0,SHP
02:02:00,Friday,0,BD
02:02:00,Friday,0,BD
02:26:00,Friday,0,BD
05:42:00,Friday,0,BD
05:42:00,Friday,12,BD
05:45:00,Friday,10,BD
05:47:00,Friday,5,YU
06:16:00,Friday,0,BD
07:21:00,Friday,4,YU
07:28:00,Friday,5,YU
07:31:00,Friday,5,YU
07:56:00,Friday,0,BD
07:57:00,Friday,0,YU
07:57:00,Friday,0,YU
08:05:00,Friday,4,YU
08:09:00,Friday,4,BD
08:12:00,Friday,9,YU
08:20:00,Friday,0,BD
08:51:00,Friday,0,BD
08:55:00,Friday,6,YU
08:57:00,Friday,0,YU
09:06:00,Friday,10,YU
09:17:00,Friday,0,YU
09:30:00,Friday,0,YU
09:35:00,Friday,0,YU
09:44:00,Friday,3,YU
09:59:00,Friday,7,YU
10:18:00,Friday,7,YU
10:40:00,Friday,0,YU
11:29:00,Friday,0,BD
11:38:00,Friday,0,BD
11:38:00,Friday,20,YU
11:46:00,Friday,4,YU
12:06:00,Friday,0,YU
12:16:00,Friday,0,YU
12:20:00,Friday,0,BD
12:34:00,Friday,0,YU
12:40:00,Friday,0,BD
12:40:00,Friday,6,YU
12:52:00,Friday,10,YU
13:00:00,Friday,7,BD
15:05:00,Friday,0,BD
15:34:00,Friday,0,YU
16:11:00,Friday,0,YU
16:24:00,Friday,3,YU
16:32:00,Friday,0,YU
16:49:00,Friday,3,YU
17:02:00,Friday,0,YU
17:09:00,Friday,3,YU
17:19:00,Friday,0,BD
17:33:00,Friday,0,YU
17:40:00,Friday,4,BD
17:49:00,Friday,0,YU
18:21:00,Friday,3,YU
18:33:00,Friday,0,BD
18:36:00,Friday,0,BD
18:48:00,Friday,5,YU
19:16:00,Friday,3,BD
19:35:00,Friday,17,YU
19:39:00,Friday,0,BD
20:19:00,Friday,5,YU
20:25:00,Friday,5,YU
20:32:00,Friday,11,YU
20:51:00,Friday,0,BD
20:57:00,Friday,0,BD
20:59:00,Friday,0,YU
21:23:00,Friday,0,YU
21:34:00,Friday,8,BD
21:35:00,Friday,0,YU
22:00:00,Friday,0,YU/BD
22:04:00,Friday,0,YU
22:47:00,Friday,0,BD
22:56:00,Friday,0,BD
22:57:00,Friday,8,BD
23:00:00,Friday,0,BD
23:11:00,Friday,0,YU
23:31:00,Friday,0,BD
23:45:00,Friday,0,YU
00:56:00,Friday,0,BD
01:36:00,Friday,0,YU
01:50:00,Friday,0,BD
10:25:00,Friday,0,SHP
13:27:00,Friday,7,SHP
14:30:00,Friday,0,SHP
23:39:00,Friday,0,SHP
00:30:00,Friday,0,SHP
02:06:00,Saturday,0,BD
02:12:00,Saturday,0,YU
04:51:00,Saturday,5,BD
04:54:00,Saturday,5,BD
05:33:00,Saturday,0,BD
05:50:00,Saturday,0,BD
06:00:00,Saturday,0,BD
06:41:00,Saturday,0,YU
06:53:00,Saturday,0,YU
10:02:00,Saturday,5,BD
10:04:00,Saturday,0,YU
11:28:00,Saturday,0,YU
11:32:00,Saturday,0,BD
12:21:00,Saturday,0,BD
12:50:00,Saturday,0,YU
12:53:00,Saturday,0,YU
13:11:00,Saturday,0,YU
14:08:00,Saturday,3,YU
14:24:00,Saturday,0,YU
14:25:00,Saturday,0,YU
14:25:00,Saturday,0,YU
14:31:00,Saturday,8,YU
14:57:00,Saturday,0,YU
15:10:00,Saturday,0,YU
15:28:00,Saturday,0,BD
15:38:00,Saturday,0,BD
15:52:00,Saturday,0,YU
16:24:00,Saturday,0,BD
16:28:00,Saturday,0,YU
16:34:00,Saturday,3,YU
16:48:00,Saturday,7,YU
17:11:00,Saturday,0,YU
17:11:00,Saturday,5,YU
17:20:00,Saturday,0,YU
17:31:00,Saturday,0,YU
17:46:00,Saturday,0,BD
17:56:00,Saturday,0,YU
18:07:00,Saturday,3,YU
18:07:00,Saturday,0,BD
18:14:00,Saturday,0,BD
18:16:00,Saturday,3,YU
18:37:00,Saturday,13,BD
18:47:00,Saturday,0,YU
19:25:00,Saturday,3,BD
19:27:00,Saturday,0,YU
19:42:00,Saturday,5,BD
20:09:00,Saturday,4,YU
20:10:00,Saturday,0,YU
20:16:00,Saturday,10,YU
20:16:00,Saturday,6,YU
20:22:00,Saturday,0,BD
20:40:00,Saturday,0,BD
20:47:00,Saturday,0,YU
21:04:00,Saturday,0,YU
21:11:00,Saturday,5,BD
21:41:00,Saturday,0,BD
21:47:00,Saturday,0,YU
22:00:00,Saturday,0,YU/BD
22:26:00,Saturday,3,BD
22:52:00,Saturday,0,YU
23:01:00,Saturday,4,BD
23:13:00,Saturday,0,YU
23:23:00,Saturday,0,YU
23:54:00,Saturday,9,BD
00:11:00,Saturday,0,YU
01:01:00,Saturday,0,YU
01:30:00,Saturday,0,YU
01:49:00,Saturday,0,BD
01:49:00,Saturday,0,YU
01:51:00,Saturday,0,BD
02:15:00,Saturday,0,SHP
02:39:00,Saturday,0,SHP
17:25:00,Saturday,0,SHP
17:49:00,Saturday,0,SHP
18:10:00,Saturday,0,SHP
18:49:00,Saturday,4,SHP
02:07:00,Sunday,0,YU
02:36:00,Sunday,0,YU
03:01:00,Sunday,0,BD
04:58:00,Sunday,0,BD
07:44:00,Sunday,0,YU
08:48:00,Sunday,0,YU
09:18:00,Sunday,8,YU
09:19:00,Sunday,0,BD
09:19:00,Sunday,0,BD
09:27:00,Sunday,3,YU
10:52:00,Sunday,0,BD
11:09:00,Sunday,0,YU
11:10:00,Sunday,0,BD
11:21:00,Sunday,0,YU
11:32:00,Sunday,11,YU
13:28:00,Sunday,5,BD
15:08:00,Sunday,0,YU
15:19:00,Sunday,0,YU
15:59:00,Sunday,4,YU
16:15:00,Sunday,0,BD
16:20:00,Sunday,0,YU
17:07:00,Sunday,3,YU
18:17:00,Sunday,0,BD
19:43:00,Sunday,0,YU
20:02:00,Sunday,0,BD
20:15:00,Sunday,10,BD
20:17:00,Sunday,0,YU
20:40:00,Sunday,0,YU
20:52:00,Sunday,17,YU
20:58:00,Sunday,3,YU
21:30:00,Sunday,5,YU
21:37:00,Sunday,5,BD
21:39:00,Sunday,0,YU
22:00:00,Sunday,0,YU/BD
22:08:00,Sunday,0,BD
22:10:00,Sunday,0,YU
23:17:00,Sunday,0,BD
23:18:00,Sunday,0,YU
00:26:00,Sunday,0,BD
00:31:00,Sunday,0,YU
00:45:00,Sunday,0,YU
00:46:00,Sunday,0,BD
01:28:00,Sunday,0,YU
01:40:00,Sunday,0,YU
01:45:00,Sunday,0,YU
12:01:00,Sunday,0,SHP
14:28:00,Sunday,0,SHP
03:13:00,Monday,0,BD
03:41:00,Monday,0,YU
06:12:00,Monday,5,BD
06:27:00,Monday,0,BD
06:40:00,Monday,4,YU
06:43:00,Monday,0,YU
06:48:00,Monday,7,YU
08:25:00,Monday,3,YU
08:49:00,Monday,4,BD
09:36:00,Monday,3,YU
10:05:00,Monday,0,BD
10:12:00,Monday,7,YU
10:18:00,Monday,3,YU
10:23:00,Monday,5,YU
10:40:00,Monday,5,YU
11:19:00,Monday,13,YU
11:35:00,Monday,8,BD
11:41:00,Monday,5,YU
12:09:00,Monday,0,BD
12:37:00,Monday,0,BD
13:02:00,Monday,0,BD
13:15:00,Monday,0,BD
13:24:00,Monday,0,YU
13:37:00,Monday,3,YU
13:45:00,Monday,0,BD
13:59:00,Monday,0,BD
14:20:00,Monday,0,BD
15:11:00,Monday,0,YU
15:14:00,Monday,5,BD
15:20:00,Monday,3,BD
15:21:00,Monday,34,YU
15:39:00,Monday,0,BD
15:48:00,Monday,0,BD
15:49:00,Monday,6,YU
15:54:00,Monday,0,BD
16:35:00,Monday,5,BD
16:40:00,Monday,0,YU
17:00:00,Monday,25,BD
17:12:00,Monday,0,BD
17:22:00,Monday,3,YU
17:46:00,Monday,0,YU
18:10:00,Monday,18,YU
19:16:00,Monday,0,BD
19:41:00,Monday,9,YU
19:59:00,Monday,0,YU
20:35:00,Monday,0,YU
20:56:00,Monday,8,BD
21:18:00,Monday,30,BD
22:00:00,Monday,0,YU/BD
22:14:00,Monday,0,YU
22:26:00,Monday,0,YU
22:55:00,Monday,0,YU
23:00:00,Monday,0,BD
23:00:00,Monday,0,BD
23:24:00,Monday,0,YU
23:30:00,Monday,15,YU
23:40:00,Monday,0,YU
00:00:00,Monday,0,YU
01:15:00,Monday,0,YU
01:58:00,Monday,0,YU
03:06:00,Monday,0,SHP
08:00:00,Monday,5,SHP
14:36:00,Monday,0,SHP
16:55:00,Monday,0,SHP
20:24:00,Monday,22,SHP
20:47:00,Monday,7,SHP
00:31:00,Monday,0,SHP
07:21:00,Tuesday,0,BD
07:48:00,Tuesday,0,YU
08:08:00,Tuesday,0,BD
08:32:00,Tuesday,3,YU
08:47:00,Tuesday,3,BD
09:06:00,Tuesday,4,YU
09:15:00,Tuesday,0,YU
09:26:00,Tuesday,0,YU
09:42:00,Tuesday,0,BD
09:44:00,Tuesday,4,BD
10:02:00,Tuesday,4,YU
10:11:00,Tuesday,0,YU
10:31:00,Tuesday,4,YU
10:35:00,Tuesday,0,YU
10:47:00,Tuesday,0,YU
11:01:00,Tuesday,0,SRT
11:18:00,Tuesday,5,YU
11:48:00,Tuesday,4,YU
12:18:00,Tuesday,3,BD
12:53:00,Tuesday,0,BD
14:01:00,Tuesday,0,BD
14:30:00,Tuesday,0,BD
14:36:00,Tuesday,0,BD
14:49:00,Tuesday,0,YU
14:55:00,Tuesday,0,YU
15:00:00,Tuesday,7,BD
15:02:00,Tuesday,5,YU
15:06:00,Tuesday,0,YU
16:00:00,Tuesday,5,YU
16:06:00,Tuesday,0,YU
16:13:00,Tuesday,0,BD
16:13:00,Tuesday,0,YU
16:30:00,Tuesday,0,YU
16:34:00,Tuesday,7,BD
16:35:00,Tuesday,0,YU
16:41:00,Tuesday,3,YU
16:47:00,Tuesday,3,YU
16:51:00,Tuesday,0,YU
16:53:00,Tuesday,3,YU
17:06:00,Tuesday,0,BD
17:27:00,Tuesday,0,YU
17:34:00,Tuesday,5,YU
17:36:00,Tuesday,0,YU
17:50:00,Tuesday,0,YU
17:50:00,Tuesday,3,YU
18:25:00,Tuesday,0,YU
18:58:00,Tuesday,5,YU
19:03:00,Tuesday,3,YU
19:05:00,Tuesday,0,YU
19:07:00,Tuesday,5,BD
19:29:00,Tuesday,0,BD
20:13:00,Tuesday,0,YU
20:13:00,Tuesday,3,YU
20:23:00,Tuesday,0,YU
20:51:00,Tuesday,3,BD
20:52:00,Tuesday,3,YU
21:04:00,Tuesday,0,YU
21:25:00,Tuesday,5,BD
21:36:00,Tuesday,0,YU
21:41:00,Tuesday,3,YU
21:46:00,Tuesday,0,BD
22:00:00,Tuesday,0,YU/BD
22:19:00,Tuesday,0,YU
22:25:00,Tuesday,0,BD
22:29:00,Tuesday,0,YU
22:33:00,Tuesday,11,YU
22:37:00,Tuesday,0,YU
22:40:00,Tuesday,0,YU
22:43:00,Tuesday,0,BD
22:45:00,Tuesday,0,YU
22:48:00,Tuesday,0,YU
23:00:00,Tuesday,0,BD
23:21:00,Tuesday,0,YU
23:27:00,Tuesday,0,YU
23:35:00,Tuesday,0,YU
00:03:00,Tuesday,6,YU
01:29:00,Tuesday,0,BD
01:39:00,Tuesday,0,BD
01:48:00,Tuesday,0,BD
01:54:00,Tuesday,0,BD
02:00:00,Tuesday,0,SHP
05:37:00,Tuesday,0,SHP
05:39:00,Tuesday,14,SHP
05:40:00,Tuesday,7,SHP
05:50:00,Tuesday,17,SHP
06:20:00,Tuesday,0,SHP
09:30:00,Tuesday,0,SHP
17:05:00,Tuesday,6,SHP
17:08:00,Tuesday,0,SHP
18:37:00,Tuesday,4,SHP
05:41:00,Wednesday,4,YU
05:48:00,Wednesday,5,BD
05:49:00,Wednesday,4,YU
05:54:00,Wednesday,5,YU
07:02:00,Wednesday,0,YU
07:28:00,Wednesday,3,YU
07:32:00,Wednesday,0,YU
07:34:00,Wednesday,0,YU
08:58:00,Wednesday,3,YU
09:01:00,Wednesday,0,BD
10:29:00,Wednesday,0,BD
10:44:00,Wednesday,0,YU
11:08:00,Wednesday,0,BD
11:33:00,Wednesday,0,YU
11:38:00,Wednesday,0,YU
11:47:00,Wednesday,12,YU
11:50:00,Wednesday,0,BD
12:02:00,Wednesday,0,BD
12:21:00,Wednesday,3,YU
12:38:00,Wednesday,0,BD
13:01:00,Wednesday,0,YU
13:23:00,Wednesday,0,YU
13:24:00,Wednesday,0,BD
13:46:00,Wednesday,0,BD
13:51:00,Wednesday,3,YU
14:18:00,Wednesday,115,YU
15:19:00,Wednesday,0,BD
15:20:00,Wednesday,0,BD
15:44:00,Wednesday,0,BD
15:58:00,Wednesday,0,YU
16:01:00,Wednesday,22,YU
16:16:00,Wednesday,7,YU
16:22:00,Wednesday,0,YU
16:35:00,Wednesday,0,BD
16:47:00,Wednesday,10,YU
16:54:00,Wednesday,0,YU
17:09:00,Wednesday,4,YU
17:23:00,Wednesday,0,YU
17:35:00,Wednesday,0,YU
17:59:00,Wednesday,0,YU
18:04:00,Wednesday,0,YU
18:09:00,Wednesday,0,YU
18:35:00,Wednesday,30,YU
18:37:00,Wednesday,0,YU
19:07:00,Wednesday,0,YU
19:18:00,Wednesday,0,BD
19:43:00,Wednesday,0,YU
19:48:00,Wednesday,0,YU
19:57:00,Wednesday,0,YU
20:10:00,Wednesday,0,YU
20:16:00,Wednesday,8,YU
20:41:00,Wednesday,0,YU
21:43:00,Wednesday,0,YU
22:00:00,Wednesday,0,YU/BD
22:07:00,Wednesday,0,BD
22:33:00,Wednesday,0,YU
22:46:00,Wednesday,5,YUS
23:00:00,Wednesday,0,BD
23:08:00,Wednesday,7,YU
23:14:00,Wednesday,0,BD
23:21:00,Wednesday,0,BD
23:32:00,Wednesday,0,YU
23:36:00,Wednesday,0,YU
23:42:00,Wednesday,3,YU
00:21:00,Wednesday,10,BD
01:00:00,Wednesday,10,YU
01:03:00,Wednesday,0,YU
01:27:00,Wednesday,5,YU
01:49:00,Wednesday,0,YU
01:52:00,Wednesday,0,YU
03:12:00,Wednesday,0,SHP
08:12:00,Wednesday,0,SHP
14:13:00,Wednesday,0,SHP
19:25:00,Wednesday,7,SHP
19:48:00,Wednesday,4,SHP
23:14:00,Wednesday,0,SHP
02:09:00,Thursday,0,YU
04:50:00,Thursday,0,YU
05:31:00,Thursday,13,YU
05:38:00,Thursday,7,YU
05:43:00,Thursday,4,YU
06:03:00,Thursday,5,YU
06:04:00,Thursday,0,YU
06:13:00,Thursday,0,BD
06:18:00,Thursday,4,YU
06:24:00,Thursday,0,YU
06:25:00,Thursday,0,BD
06:46:00,Thursday,6,YU
06:47:00,Thursday,0,BD
06:47:00,Thursday,0,YU
06:53:00,Thursday,0,YU
07:04:00,Thursday,0,BD
07:17:00,Thursday,0,YU
07:28:00,Thursday,6,BD
07:29:00,Thursday,6,YU
07:36:00,Thursday,6,YU
07:54:00,Thursday,0,YU
08:26:00,Thursday,0,YU
08:31:00,Thursday,0,YU
08:43:00,Thursday,0,YU
09:05:00,Thursday,5,BD
09:26:00,Thursday,10,YU
09:33:00,Thursday,0,BD
09:42:00,Thursday,10,BD
09:50:00,Thursday,0,YU
10:12:00,Thursday,3,YU
11:25:00,Thursday,0,BD
11:29:00,Thursday,0,YU
11:50:00,Thursday,0,BD
11:53:00,Thursday,0,BD
12:01:00,Thursday,0,YU
12:35:00,Thursday,0,BD
12:47:00,Thursday,0,YU
13:11:00,Thursday,0,BD
13:16:00,Thursday,0,YU
13:20:00,Thursday,0,BD
13:40:00,Thursday,5,BD
14:08:00,Thursday,3,YU
14:15:00,Thursday,0,BD
14:15:00,Thursday,0,BD
14:20:00,Thursday,4,YU
14:54:00,Thursday,0,BD
15:03:00,Thursday,5,YU
15:04:00,Thursday,3,BD
15:07:00,Thursday,0,BD
15:30:00,Thursday,3,YU
15:34:00,Thursday,0,YU
15:36:00,Thursday,0,BD
15:41:00,Thursday,18,BD
15:44:00,Thursday,0,YU
15:57:00,Thursday,0,BD
16:07:00,Thursday,3,YU
16:11:00,Thursday,0,BD
16:37:00,Thursday,9,YU
16:39:00,Thursday,12,YU
16:39:00,Thursday,0,BD
17:26:00,Thursday,0,BD
17:28:00,Thursday,0,BD
17:40:00,Thursday,0,YU
18:01:00,Thursday,0,YU
18:02:00,Thursday,0,BD
18:09:00,Thursday,0,BD
18:14:00,Thursday,7,YU
18:26:00,Thursday,0,BD
18:27:00,Thursday,17,YU
18:43:00,Thursday,0,YU
18:44:00,Thursday,3,BD
18:50:00,Thursday,0,YU
19:13:00,Thursday,0,BD
19:15:00,Thursday,0,BD
20:48:00,Thursday,0,BD
21:54:00,Thursday,0,BD
22:00:00,Thursday,0,YU/BD
22:05:00,Thursday,0,BD
22:26:00,Thursday,0,BD
22:26:00,Thursday,0,YU
23:00:00,Thursday,0,YUS/BD
23:09:00,Thursday,0,YU
23:22:00,Thursday,0,YU
23:23:00,Thursday,0,YU
23:56:00,Thursday,0,BD
00:47:00,Thursday,0,YU
01:17:00,Thursday,0,YU
01:19:00,Thursday,0,BD
01:20:00,Thursday,0,BD
01:37:00,Thursday,0,YU
01:45:00,Thursday,0,YU
01:50:00,Thursday,0,BD
01:55:00,Thursday,0,BD
05:58:00,Thursday,4,SHP
20:13:00,Thursday,0,SHP
02:26:00,Friday,0,BD
03:16:00,Friday,0,BD
03:20:00,Friday,0,YU
04:54:00,Friday,0,BD
06:32:00,Friday,4,YU
06:41:00,Friday,0,BD
07:08:00,Friday,0,YU
07:48:00,Friday,0,BD
09:03:00,Friday,0,BD
09:03:00,Friday,0,BD
09:30:00,Friday,8,BD
09:40:00,Friday,6,BD
09:49:00,Friday,4,BD
10:15:00,Friday,0,BD
11:03:00,Friday,0,YU
11:06:00,Friday,10,YU
11:22:00,Friday,0,BD
12:09:00,Friday,0,YU
12:17:00,Friday,0,BD
12:34:00,Friday,0,YU
12:50:00,Friday,0,BD
13:06:00,Friday,4,YU
13:16:00,Friday,0,YU
13:33:00,Friday,5,YU
14:36:00,Friday,0,BD
14:44:00,Friday,3,BD
14:51:00,Friday,0,BD
15:01:00,Friday,0,BD
15:12:00,Friday,4,YU
15:43:00,Friday,0,YU
15:56:00,Friday,0,BD
16:22:00,Friday,13,BD
16:51:00,Friday,0,YU
17:47:00,Friday,0,YU
18:18:00,Friday,0,BD
18:27:00,Friday,20,BD
18:51:00,Friday,8,YU
19:08:00,Friday,0,BD
19:10:00,Friday,0,YU
19:14:00,Friday,0,YU
19:18:00,Friday,0,YU
19:47:00,Friday,0,YU
20:04:00,Friday,0,YU
20:31:00,Friday,0,YU
20:44:00,Friday,0,BD
20:50:00,Friday,0,YU
21:10:00,Friday,0,BD
21:11:00,Friday,0,YU
21:34:00,Friday,0,YU
21:39:00,Friday,28,BD
22:00:00,Friday,0,YU/BD
22:13:00,Friday,0,YU
22:24:00,Friday,7,YU
22:38:00,Friday,0,BD
22:44:00,Friday,6,YU
23:01:00,Friday,0,YU
23:08:00,Friday,0,BD
23:46:00,Friday,0,BD
23:56:00,Friday,5,BD
00:08:00,Friday,0,YU
00:21:00,Friday,0,BD
00:45:00,Friday,0,YU
00:55:00,Friday,0,YU
00:57:00,Friday,0,BD
01:23:00,Friday,0,YU
01:29:00,Friday,3,YU
23:13:00,Friday,0,SHP
01:22:00,Friday,0,SHP
02:13:00,Saturday,0,YU
02:34:00,Saturday,0,YU
03:59:00,Saturday,0,YU
05:40:00,Saturday,0,BD
05:50:00,Saturday,4,YU
05:56:00,Saturday,3,YU
05:58:00,Saturday,3,YU
06:33:00,Saturday,3,YU
06:50:00,Saturday,0,BD
08:40:00,Saturday,0,BD
08:52:00,Saturday,17,YU
09:02:00,Saturday,14,YU
09:08:00,Saturday,5,YU
09:55:00,Saturday,0,BD
09:58:00,Saturday,0,YU
10:26:00,Saturday,4,YU
10:59:00,Saturday,0,YU
11:12:00,Saturday,4,YU
11:12:00,Saturday,0,BD
11:40:00,Saturday,0,BD
11:59:00,Saturday,0,BD
12:00:00,Saturday,0,YU
12:04:00,Saturday,0,YU
12:13:00,Saturday,0,BD
12:17:00,Saturday,5,BD
12:20:00,Saturday,11,YU
12:58:00,Saturday,0,YU
12:59:00,Saturday,10,BD
13:25:00,Saturday,0,BD
13:46:00,Saturday,0,BD
13:52:00,Saturday,0,BD
14:22:00,Saturday,0,YU
15:11:00,Saturday,27,BD
15:18:00,Saturday,29,YU
15:24:00,Saturday,3,BD
15:37:00,Saturday,0,YU
16:04:00,Saturday,0,BD
16:20:00,Saturday,0,YU
16:28:00,Saturday,0,BD
16:55:00,Saturday,12,BD
17:03:00,Saturday,0,BD
17:11:00,Saturday,4,BD
17:15:00,Saturday,0,BD
17:16:00,Saturday,5,BD
17:18:00,Saturday,11,YU
17:42:00,Saturday,0,BD
19:22:00,Saturday,0,YU
19:36:00,Saturday,0,BD
19:44:00,Saturday,21,BD
19:48:00,Saturday,80,YU
19:48:00,Saturday,10,BD
19:52:00,Saturday,4,YU
20:04:00,Saturday,0,YU
20:15:00,Saturday,0,YU
20:17:00,Saturday,20,YU
20:32:00,Saturday,0,BD
20:38:00,Saturday,0,YU
20:40:00,Saturday,19,YU
20:49:00,Saturday,19,YU
21:05:00,Saturday,0,BD
21:09:00,Saturday,5,YU
21:31:00,Saturday,0,BD
21:44:00,Saturday,0,YU
21:48:00,Saturday,0,YU
21:55:00,Saturday,3,YU
22:00:00,Saturday,0,YU/ BD
22:09:00,Saturday,7,YU
22:52:00,Saturday,0,BD
23:33:00,Saturday,0,YU
23:33:00,Saturday,0,YU
23:52:00,Saturday,0,YU
00:26:00,Saturday,0,YU
00:40:00,Saturday,4,YU
00:43:00,Saturday,0,BD
00:48:00,Saturday,0,BD
01:10:00,Saturday,6,YU
01:36:00,Saturday,0,BD
01:39:00,Saturday,0,YU
08:14:00,Saturday,0,SHP
11:33:00,Saturday,5,SHP
11:49:00,Saturday,0,SHP
12:35:00,Saturday,0,SHP
02:17:00,Sunday,0,YU
02:57:00,Sunday,0,YU
03:10:00,Sunday,0,BD
07:57:00,Sunday,10,BD
07:59:00,Sunday,0,BD
08:05:00,Sunday,5,BD
08:07:00,Sunday,3,BD
08:44:00,Sunday,4,BD
08:51:00,Sunday,5,BD
09:24:00,Sunday,5,BD
10:04:00,Sunday,0,YU
10:06:00,Sunday,0,BD
10:11:00,Sunday,0,BD
10:15:00,Sunday,4,BD
10:18:00,Sunday,12,BD
10:51:00,Sunday,0,BD
11:11:00,Sunday,0,BD
11:11:00,Sunday,14,YU
11:25:00,Sunday,0,YU
11:37:00,Sunday,0,SHEP
11:45:00,Sunday,0,BD
11:47:00,Sunday,0,YU
12:04:00,Sunday,0,BD
12:10:00,Sunday,5,YU
12:43:00,Sunday,9,YU
13:33:00,Sunday,0,BD
13:40:00,Sunday,9,YU
14:53:00,Sunday,0,BD
15:13:00,Sunday,4,YU
16:02:00,Sunday,0,YU
16:27:00,Sunday,0,YU
16:43:00,Sunday,0,YU
16:47:00,Sunday,0,BD
16:57:00,Sunday,0,YU
17:07:00,Sunday,0,YU
17:07:00,Sunday,4,YU
17:56:00,Sunday,0,YU
18:55:00,Sunday,0,YU
19:00:00,Sunday,0,BD
19:05:00,Sunday,0,BD
19:10:00,Sunday,6,BD
19:46:00,Sunday,0,YU
19:51:00,Sunday,0,BD
19:55:00,Sunday,0,BD
20:08:00,Sunday,0,YU
21:19:00,Sunday,0,BD
21:26:00,Sunday,0,BD
22:00:00,Sunday,0,YU/ BD
22:48:00,Sunday,0,BD
22:50:00,Sunday,20,BD
23:41:00,Sunday,9,YU
23:49:00,Sunday,0,BD
00:12:00,Sunday,0,YU
00:48:00,Sunday,0,BD
01:50:00,Sunday,0,YU
02:08:00,Monday,0,YU
02:10:00,Monday,0,YU
02:29:00,Monday,0,YU
06:01:00,Monday,0,BD
06:07:00,Monday,0,BD
07:32:00,Monday,0,YU
07:39:00,Monday,0,YU
07:42:00,Monday,0,BD
07:45:00,Monday,7,BD
08:21:00,Monday,32,BD
09:07:00,Monday,0,BD
09:09:00,Monday,0,BD
09:40:00,Monday,0,BD
12:14:00,Monday,0,YU
12:50:00,Monday,5,YU
13:06:00,Monday,0,YU
13:08:00,Monday,7,YU
13:47:00,Monday,0,YU
14:04:00,Monday,0,YU
15:00:00,Monday,22,YU
15:20:00,Monday,0,BD
15:24:00,Monday,4,YU
15:30:00,Monday,8,YU
15:57:00,Monday,15,YU
15:58:00,Monday,5,YU
16:20:00,Monday,3,YU
16:41:00,Monday,92,YU
16:44:00,Monday,0,YU
16:46:00,Monday,0,YU
16:52:00,Monday,0,YU
17:16:00,Monday,5,YU
17:24:00,Monday,3,YU
17:45:00,Monday,5,YU
18:07:00,Monday,0,BD
18:18:00,Monday,0,YU
18:21:00,Monday,4,YU
19:33:00,Monday,4,YU
19:52:00,Monday,6,YU
20:11:00,Monday,9,BD
20:19:00,Monday,0,BD
20:27:00,Monday,0,BD
20:43:00,Monday,0,YU
21:05:00,Monday,0,BD
21:19:00,Monday,9,YU
21:26:00,Monday,62,BD
22:00:00,Monday,0,YU/BD
22:00:00,Monday,0,YU/ BD
22:09:00,Monday,0,YU
22:27:00,Monday,0,BD
22:28:00,Monday,0,YU
23:14:00,Monday,6,YU
23:21:00,Monday,12,YU
23:25:00,Monday,16,BD
23:26:00,Monday,0,YU
23:26:00,Monday,0,YU
23:31:00,Monday,8,BD
23:51:00,Monday,0,BD
23:57:00,Monday,0,BD
00:09:00,Monday,5,BD
00:20:00,Monday,0,YU
00:23:00,Monday,0,BD
00:24:00,Monday,0,YU
01:01:00,Monday,0,YU
01:27:00,Monday,0,YU
10:27:00,Monday,0,SHP
15:54:00,Monday,0,SHP
23:27:00,Monday,8,SHP
02:15:00,Tuesday,0,BD
05:03:00,Tuesday,0,YU
05:54:00,Tuesday,7,BD
06:22:00,Tuesday,7,YU
06:28:00,Tuesday,5,BD
06:28:00,Tuesday,0,BD
06:36:00,Tuesday,14,YU
06:52:00,Tuesday,12,YU
07:23:00,Tuesday,4,BD
07:55:00,Tuesday,0,BD
09:10:00,Tuesday,0,BD
10:17:00,Tuesday,4,BD
11:12:00,Tuesday,0,YU
11:12:00,Tuesday,6,YU
11:18:00,Tuesday,7,BD
11:32:00,Tuesday,3,YU
11:44:00,Tuesday,7,BD
12:13:00,Tuesday,0,YU
12:23:00,Tuesday,6,BD
12:46:00,Tuesday,0,BD
12:49:00,Tuesday,0,BD
13:19:00,Tuesday,0,BD
13:21:00,Tuesday,0,YU
13:43:00,Tuesday,3,BD
13:53:00,Tuesday,3,BD
14:23:00,Tuesday,0,YU
14:48:00,Tuesday,10,YU
15:27:00,Tuesday,0,YU
15:41:00,Tuesday,7,YU
15:46:00,Tuesday,0,BD
15:46:00,Tuesday,0,YU
16:15:00,Tuesday,0,BD
16:18:00,Tuesday,13,YU
16:30:00,Tuesday,3,BD
16:32:00,Tuesday,3,YU
16:43:00,Tuesday,12,YU
16:47:00,Tuesday,3,YU
17:01:00,Tuesday,4,YU
17:31:00,Tuesday,0,YU
17:37:00,Tuesday,0,BD
17:51:00,Tuesday,4,YU
17:59:00,Tuesday,0,BD
18:09:00,Tuesday,3,YU
18:36:00,Tuesday,0,YU
18:59:00,Tuesday,5,YU
19:40:00,Tuesday,0,YU
19:48:00,Tuesday,0,YU
20:23:00,Tuesday,0,BD
20:33:00,Tuesday,0,YU
20:56:00,Tuesday,15,BD
21:15:00,Tuesday,0,YU
21:39:00,Tuesday,3,BD
21:51:00,Tuesday,36,BD
21:54:00,Tuesday,0,BD
22:00:00,Tuesday,0,YU/BD
22:39:00,Tuesday,0,BD
23:02:00,Tuesday,0,YU
23:13:00,Tuesday,0,YU
23:45:00,Tuesday,0,BD
00:00:00,Tuesday,4,YU
00:13:00,Tuesday,12,YU
00:21:00,Tuesday,0,BD
00:36:00,Tuesday,17,BD
00:49:00,Tuesday,0,YU
01:30:00,Tuesday,0,BD
03:34:00,Tuesday,0,SHP
21:15:00,Tuesday,3,SHP
02:00:00,Wednesday,0,BD
02:24:00,Wednesday,0,YU
02:53:00,Wednesday,0,BD
02:55:00,Wednesday,0,YU
03:50:00,Wednesday,0,BD
05:41:00,Wednesday,10,BD
05:48:00,Wednesday,5,BD
05:49:00,Wednesday,0,BD
05:56:00,Wednesday,5,BD
05:57:00,Wednesday,4,YU
06:00:00,Wednesday,0,YUS/BD
06:13:00,Wednesday,0,BD
06:20:00,Wednesday,12,BD
07:33:00,Wednesday,3,BD
07:37:00,Wednesday,0,BD
07:52:00,Wednesday,0,BD
08:05:00,Wednesday,0,BD
08:29:00,Wednesday,0,BD
08:46:00,Wednesday,0,YU
08:57:00,Wednesday,4,YU
09:10:00,Wednesday,0,BD
09:13:00,Wednesday,0,YU
09:34:00,Wednesday,0,BD
09:52:00,Wednesday,0,BD
09:58:00,Wednesday,0,YU
10:02:00,Wednesday,0,BD
10:26:00,Wednesday,0,YU
11:00:00,Wednesday,0,BD
11:35:00,Wednesday,0,YU
11:39:00,Wednesday,0,BD
11:46:00,Wednesday,0,BD
12:01:00,Wednesday,10,YU
12:17:00,Wednesday,13,YU
12:50:00,Wednesday,0,YU
12:52:00,Wednesday,0,YU
13:17:00,Wednesday,0,YU
13:17:00,Wednesday,0,YU
13:18:00,Wednesday,0,BD
13:24:00,Wednesday,6,YU
13:46:00,Wednesday,0,YU
13:50:00,Wednesday,0,BD
13:59:00,Wednesday,0,BD
14:17:00,Wednesday,17,YU
14:22:00,Wednesday,4,BD
14:40:00,Wednesday,10,BD
14:42:00,Wednesday,4,BD
15:05:00,Wednesday,0,YU
15:18:00,Wednesday,0,YU
15:27:00,Wednesday,4,BD
15:48:00,Wednesday,7,YU
16:20:00,Wednesday,0,YU
16:29:00,Wednesday,0,BD
16:42:00,Wednesday,3,YU
16:48:00,Wednesday,0,BD
17:09:00,Wednesday,7,YU
17:12:00,Wednesday,0,YU
17:18:00,Wednesday,6,YU
17:25:00,Wednesday,0,YU
17:26:00,Wednesday,0,YU
17:26:00,Wednesday,0,YU
17:32:00,Wednesday,0,BD
17:59:00,Wednesday,3,YU
18:07:00,Wednesday,0,BD
18:46:00,Wednesday,0,BD
18:50:00,Wednesday,0,YU
18:51:00,Wednesday,0,YU
18:55:00,Wednesday,3,YU
19:39:00,Wednesday,0,BD
20:07:00,Wednesday,6,YU
20:12:00,Wednesday,34,BD
20:18:00,Wednesday,0,YU
20:32:00,Wednesday,5,YU
21:12:00,Wednesday,4,YU
21:25:00,Wednesday,4,YU
21:28:00,Wednesday,0,YU
22:00:00,Wednesday,0,YU/ BD
22:01:00,Wednesday,4,YU
22:13:00,Wednesday,0,BD
22:13:00,Wednesday,0,YU
22:18:00,Wednesday,0,BD
23:13:00,Wednesday,22,YU
23:28:00,Wednesday,3,BD
23:56:00,Wednesday,0,BD
00:20:00,Wednesday,0,BD
00:43:00,Wednesday,0,YU
00:46:00,Wednesday,0,YU
00:52:00,Wednesday,0,BD
01:14:00,Wednesday,0,BD
01:19:00,Wednesday,0,BD
01:20:00,Wednesday,0,YU
01:46:00,Wednesday,0,BD
01:53:00,Wednesday,0,BD
01:57:00,Wednesday,0,BD
05:31:00,Wednesday,0,SHP
06:00:00,Wednesday,0,SHP
15:25:00,Wednesday,0,SHP
16:25:00,Wednesday,5,SHP
19:37:00,Wednesday,23,SHP
19:42:00,Wednesday,22,SHP
02:05:00,Thursday,0,YU
02:20:00,Thursday,0,BD
02:48:00,Thursday,0,YU
02:53:00,Thursday,0,YU
04:45:00,Thursday,0,YU
05:32:00,Thursday,0,YU
05:55:00,Thursday,3,YU
06:04:00,Thursday,0,BD
06:35:00,Thursday,0,BD
06:38:00,Thursday,10,YU
07:09:00,Thursday,0,YU
08:17:00,Thursday,0,YU
08:33:00,Thursday,15,YU
08:40:00,Thursday,0,YU
08:49:00,Thursday,3,BD
09:41:00,Thursday,0,BD
09:56:00,Thursday,0,BD
11:02:00,Thursday,0,BD
11:11:00,Thursday,0,YU
11:32:00,Thursday,5,BD
12:11:00,Thursday,9,BD
12:13:00,Thursday,0,YU
13:28:00,Thursday,11,BD
13:43:00,Thursday,5,BD
14:01:00,Thursday,0,YU
14:11:00,Thursday,0,BD
14:28:00,Thursday,5,YU
14:30:00,Thursday,5,YU
14:40:00,Thursday,0,BD
14:58:00,Thursday,7,YU
15:10:00,Thursday,3,YU
15:31:00,Thursday,7,BD
15:36:00,Thursday,640,BD
16:09:00,Thursday,0,BD
16:20:00,Thursday,0,BD
17:11:00,Thursday,0,YU
18:53:00,Thursday,46,YU
18:59:00,Thursday,4,BD
19:25:00,Thursday,10,YU
19:51:00,Thursday,4,YU
19:58:00,Thursday,0,YU
20:04:00,Thursday,0,BD
20:04:00,Thursday,5,BD
20:21:00,Thursday,0,YU
20:46:00,Thursday,0,BD
20:48:00,Thursday,0,YU
21:18:00,Thursday,5,YU
21:19:00,Thursday,0,BD
21:49:00,Thursday,0,BD
22:00:00,Thursday,0,YU/BD
22:21:00,Thursday,0,YU
22:27:00,Thursday,0,BD
22:45:00,Thursday,22,YU
22:49:00,Thursday,0,BD
22:50:00,Thursday,4,YU
22:57:00,Thursday,0,YU
23:10:00,Thursday,0,YU
23:27:00,Thursday,8,BD
23:38:00,Thursday,0,BD
23:52:00,Thursday,0,BD
00:47:00,Thursday,0,YU
00:50:00,Thursday,0,YU
01:42:00,Thursday,0,YU
01:51:00,Thursday,0,YU
01:53:00,Thursday,0,BD
01:55:00,Thursday,5,YU
12:04:00,Thursday,0,SHP
12:09:00,Thursday,0,SHP
02:03:00,Friday,0,BD
02:28:00,Friday,0,YU
02:44:00,Friday,0,YU
05:40:00,Friday,0,BD
06:28:00,Friday,0,YU
06:45:00,Friday,0,YU
06:51:00,Friday,4,YU
06:54:00,Friday,4,YU
07:39:00,Friday,0,BD
07:44:00,Friday,0,BD
07:45:00,Friday,3,YU
08:20:00,Friday,0,BD
08:23:00,Friday,4,YU
09:50:00,Friday,0,BD
09:56:00,Friday,6,YU
09:56:00,Friday,0,BD
10:13:00,Friday,4,YU
10:52:00,Friday,0,YU
11:48:00,Friday,0,YU
11:51:00,Friday,0,BD
12:06:00,Friday,217,BD
12:17:00,Friday,0,YU
12:37:00,Friday,4,BD
12:45:00,Friday,0,BD
12:50:00,Friday,0,YU
13:08:00,Friday,5,BD
13:51:00,Friday,0,BD
13:58:00,Friday,14,YU
14:01:00,Friday,0,YU
14:15:00,Friday,7,YU
14:21:00,Friday,4,YU
14:43:00,Friday,3,YU
15:08:00,Friday,6,YU
15:45:00,Friday,0,BD
15:53:00,Friday,0,BD
16:10:00,Friday,3,YU
16:14:00,Friday,5,YU
16:24:00,Friday,6,YU
16:38:00,Friday,6,YU
16:47:00,Friday,5,YU
17:02:00,Friday,0,YU
17:10:00,Friday,6,YU
17:59:00,Friday,3,BD
18:19:00,Friday,0,YU
18:41:00,Friday,0,BD
18:43:00,Friday,0,YU
19:08:00,Friday,4,YU
19:50:00,Friday,12,BD
20:00:00,Friday,0,BD
20:06:00,Friday,3,YU
20:08:00,Friday,0,YU
20:29:00,Friday,0,YU
20:38:00,Friday,5,YU
20:40:00,Friday,0,BD
20:43:00,Friday,0,YU
20:50:00,Friday,5,BD
21:25:00,Friday,0,BD
22:00:00,Friday,0,YU/BD
22:18:00,Friday,5,YU
23:46:00,Friday,0,YU
00:17:00,Friday,0,YU
00:36:00,Friday,0,YU
00:51:00,Friday,6,BD
00:58:00,Friday,0,BD
01:14:00,Friday,0,YU
01:57:00,Friday,0,YU
06:20:00,Friday,0,SHP
12:56:00,Friday,3,SHP
20:46:00,Friday,0,SHP
02:33:00,Saturday,0,YU
03:26:00,Saturday,6,BD
05:48:00,Saturday,0,BD
05:59:00,Saturday,0,YU
06:04:00,Saturday,5,BD
06:34:00,Saturday,3,YU
07:07:00,Saturday,22,YU
07:15:00,Saturday,20,YU
07:49:00,Saturday,0,YU
09:21:00,Saturday,0,BD
09:39:00,Saturday,0,BD
09:58:00,Saturday,0,BD
10:08:00,Saturday,0,YU
10:20:00,Saturday,14,YU
10:46:00,Saturday,3,YU
10:54:00,Saturday,0,YU
11:03:00,Saturday,5,YU
12:09:00,Saturday,17,BD
13:50:00,Saturday,0,BD
14:35:00,Saturday,0,YU
14:45:00,Saturday,4,BD
14:54:00,Saturday,0,YU
15:04:00,Saturday,0,YU
15:33:00,Saturday,0,YU
15:41:00,Saturday,0,YU
16:04:00,Saturday,0,YU
16:18:00,Saturday,0,BD
17:07:00,Saturday,0,YU
17:18:00,Saturday,5,BD
17:36:00,Saturday,4,BD
18:02:00,Saturday,5,BD
20:09:00,Saturday,4,YU
20:29:00,Saturday,9,YU
21:15:00,Saturday,0,YU
21:20:00,Saturday,5,YU
21:28:00,Saturday,9,YU
21:31:00,Saturday,4,YU
21:37:00,Saturday,0,YU
21:48:00,Saturday,0,BD
22:00:00,Saturday,0,YU/ BD
23:09:00,Saturday,0,YU
23:27:00,Saturday,0,YU
23:29:00,Saturday,0,YU
23:58:00,Saturday,6,YU
00:23:00,Saturday,0,BD
01:42:00,Saturday,0,BD
01:55:00,Saturday,0,YU
01:58:00,Saturday,4,YU
01:58:00,Saturday,0,YU
02:12:00,Sunday,0,YU
05:00:00,Sunday,0,BD
07:02:00,Sunday,0,BD
07:59:00,Sunday,0,BD
08:19:00,Sunday,9,YU
08:47:00,Sunday,0,BD
10:32:00,Sunday,3,BD
10:35:00,Sunday,3,BD
10:41:00,Sunday,0,BD
10:56:00,Sunday,0,BD
11:20:00,Sunday,0,YU
11:36:00,Sunday,0,YU
11:38:00,Sunday,6,YU
11:49:00,Sunday,0,BD
12:36:00,Sunday,0,BD
13:26:00,Sunday,4,YU
13:58:00,Sunday,4,BD
15:03:00,Sunday,0,YU
16:28:00,Sunday,0,YU
16:35:00,Sunday,0,YU
16:38:00,Sunday,0,YU
17:21:00,Sunday,0,YU
17:53:00,Sunday,0,BD
18:20:00,Sunday,0,YU
18:25:00,Sunday,0,YU
19:09:00,Sunday,6,YU
19:15:00,Sunday,0,YU
19:40:00,Sunday,0,YU
19:56:00,Sunday,18,YU
21:09:00,Sunday,0,YU
22:00:00,Sunday,0,YU/BD
22:07:00,Sunday,0,YU
22:17:00,Sunday,0,BD
22:48:00,Sunday,0,BD
23:46:00,Sunday,0,YU
00:43:00,Sunday,0,YU
01:45:00,Sunday,0,YU
01:48:00,Sunday,0,YU
01:52:00,Sunday,0,BD
00:20:00,Sunday,7,SHP
05:42:00,Monday,5,BD
05:47:00,Monday,0,YU
05:49:00,Monday,4,BD
05:50:00,Monday,8,BD
05:53:00,Monday,0,BD
06:05:00,Monday,5,YU
06:11:00,Monday,5,YU
06:14:00,Monday,0,BD
07:28:00,Monday,3,BD
07:37:00,Monday,0,YU
07:43:00,Monday,0,BD
07:57:00,Monday,3,YU
08:12:00,Monday,5,YU
08:18:00,Monday,0,YU
08:19:00,Monday,0,BD
08:36:00,Monday,8,BD
08:42:00,Monday,3,YU
08:48:00,Monday,4,YU
08:53:00,Monday,5,YU
08:55:00,Monday,0,YU
09:07:00,Monday,3,BD
09:09:00,Monday,0,BD
09:13:00,Monday,0,YU
09:57:00,Monday,0,BD
09:58:00,Monday,3,YU
10:24:00,Monday,9,BD
10:39:00,Monday,5,YU
10:44:00,Monday,4,BD
10:47:00,Monday,5,BD
11:18:00,Monday,10,YU
11:29:00,Monday,58,YU
11:41:00,Monday,8,BD
11:51:00,Monday,0,BD
12:02:00,Monday,5,YU
12:04:00,Monday,3,YU
12:04:00,Monday,14,BD
12:40:00,Monday,5,YU
12:44:00,Monday,7,YU
12:50:00,Monday,8,YU
13:04:00,Monday,8,BD
13:44:00,Monday,0,YU
14:17:00,Monday,0,YU
14:33:00,Monday,18,YU
14:42:00,Monday,0,YU
14:51:00,Monday,0,YU
14:55:00,Monday,0,YU
15:43:00,Monday,3,YU
15:49:00,Monday,4,YU
16:01:00,Monday,10,YU
16:11:00,Monday,3,BD
16:23:00,Monday,0,YU
16:39:00,Monday,19,BD
16:48:00,Monday,0,YU
16:58:00,Monday,0,BD
17:11:00,Monday,0,YU
17:20:00,Monday,4,YU
17:35:00,Monday,0,YU
17:45:00,Monday,5,BD
18:08:00,Monday,0,YU
18:28:00,Monday,0,YU
18:32:00,Monday,9,YU
19:21:00,Monday,0,YU
19:49:00,Monday,0,YU
20:04:00,Monday,0,YU
20:18:00,Monday,0,YU
20:19:00,Monday,0,BD
20:30:00,Monday,0,YU
20:50:00,Monday,0,YU
21:08:00,Monday,0,BD
21:43:00,Monday,0,YU
21:50:00,Monday,5,BD
22:00:00,Monday,0,YU / BD
22:11:00,Monday,0,BD
22:47:00,Monday,8,YU
23:00:00,Monday,0,YU
23:04:00,Monday,5,YU
23:15:00,Monday,0,YU
23:57:00,Monday,0,YU
00:43:00,Monday,0,BD
01:25:00,Monday,0,YU
01:26:00,Monday,0,YU
01:42:00,Monday,0,BD
05:31:00,Monday,6,SHP
05:32:00,Monday,5,SHP
06:52:00,Monday,7,SHP
02:08:00,Tuesday,0,BD
02:12:00,Tuesday,0,YU
02:25:00,Tuesday,0,YU
02:44:00,Tuesday,0,YU
05:19:00,Tuesday,0,BD
05:22:00,Tuesday,0,YU
05:42:00,Tuesday,5,YU
06:21:00,Tuesday,3,YU
06:27:00,Tuesday,0,YU
07:15:00,Tuesday,0,BD
07:35:00,Tuesday,4,YU
07:53:00,Tuesday,5,YU
08:10:00,Tuesday,0,BD
08:21:00,Tuesday,0,YU
08:24:00,Tuesday,4,BD
08:30:00,Tuesday,0,YU
08:41:00,Tuesday,0,YU
09:02:00,Tuesday,0,YU
09:12:00,Tuesday,0,BD
09:23:00,Tuesday,0,BD
09:44:00,Tuesday,3,BD
09:45:00,Tuesday,0,YU
09:57:00,Tuesday,0,YU
09:57:00,Tuesday,0,YU
10:01:00,Tuesday,0,BD
10:20:00,Tuesday,4,YU
10:26:00,Tuesday,0,BD
10:34:00,Tuesday,0,YU
10:54:00,Tuesday,0,YU
10:57:00,Tuesday,0,BD
11:07:00,Tuesday,0,YU
11:49:00,Tuesday,0,BD
12:36:00,Tuesday,0,YU
12:52:00,Tuesday,5,YU
13:06:00,Tuesday,0,YU
13:10:00,Tuesday,3,YU
13:14:00,Tuesday,5,YU
13:15:00,Tuesday,0,YU
13:42:00,Tuesday,4,YU
13:52:00,Tuesday,3,YU
14:03:00,Tuesday,0,BD
14:36:00,Tuesday,0,YU
14:37:00,Tuesday,0,BD
15:02:00,Tuesday,6,BD
15:55:00,Tuesday,5,YU
15:55:00,Tuesday,4,YU
16:03:00,Tuesday,0,YU
16:18:00,Tuesday,0,BD
16:18:00,Tuesday,0,YU
16:44:00,Tuesday,4,BD
16:47:00,Tuesday,0,YU
16:54:00,Tuesday,0,BD
17:03:00,Tuesday,0,YU
17:04:00,Tuesday,0,YU
17:11:00,Tuesday,0,BD
17:22:00,Tuesday,0,BD
17:42:00,Tuesday,0,BD
17:45:00,Tuesday,0,YU
17:56:00,Tuesday,0,BD
18:09:00,Tuesday,0,BD
18:13:00,Tuesday,0,BD
18:21:00,Tuesday,6,YU
18:31:00,Tuesday,0,YU
18:51:00,Tuesday,5,BD
19:09:00,Tuesday,4,BD
19:14:00,Tuesday,5,YU
19:47:00,Tuesday,0,YU
19:48:00,Tuesday,0,BD
20:10:00,Tuesday,5,YU
20:18:00,Tuesday,0,BD
20:51:00,Tuesday,7,YU
20:53:00,Tuesday,0,BD
21:07:00,Tuesday,0,YU
21:27:00,Tuesday,0,BD
21:44:00,Tuesday,0,YU
21:44:00,Tuesday,0,BD
21:48:00,Tuesday,5,BD
21:51:00,Tuesday,11,BD
22:00:00,Tuesday,0,YU/BD
23:00:00,Tuesday,0,YU
23:00:00,Tuesday,0,YU
00:12:00,Tuesday,0,BD
00:18:00,Tuesday,0,YU
00:24:00,Tuesday,14,BD
00:29:00,Tuesday,0,YU
00:40:00,Tuesday,12,YU
00:46:00,Tuesday,0,YU
01:14:00,Tuesday,0,YU
01:15:00,Tuesday,0,BD
01:33:00,Tuesday,0,YU
01:41:00,Tuesday,0,YU
01:41:00,Tuesday,5,YU
01:42:00,Tuesday,3,BD
01:47:00,Tuesday,4,BD
11:46:00,Tuesday,0,SHP
14:27:00,Tuesday,4,SHP
18:04:00,Tuesday,0,SHP
05:48:00,Wednesday,0,BD
06:20:00,Wednesday,0,BD
06:21:00,Wednesday,0,BD
06:35:00,Wednesday,0,YU
07:19:00,Wednesday,10,YU
07:37:00,Wednesday,0,YU
07:52:00,Wednesday,3,YU
08:19:00,Wednesday,3,BD
08:27:00,Wednesday,0,BD
08:44:00,Wednesday,0,BD
08:55:00,Wednesday,0,YU
09:27:00,Wednesday,0,YU
09:31:00,Wednesday,8,YU
09:51:00,Wednesday,4,YU
10:33:00,Wednesday,4,BD
11:02:00,Wednesday,0,BD
11:03:00,Wednesday,0,YU
11:54:00,Wednesday,4,BD
12:00:00,Wednesday,14,YU
12:00:00,Wednesday,0,BD
12:21:00,Wednesday,0,BD
12:24:00,Wednesday,4,BD
12:49:00,Wednesday,0,BD
13:13:00,Wednesday,4,YU
13:16:00,Wednesday,0,YU
13:32:00,Wednesday,0,BD
13:34:00,Wednesday,3,YU
13:53:00,Wednesday,9,BD
14:10:00,Wednesday,0,YU
14:16:00,Wednesday,8,YU
14:28:00,Wednesday,9,YU
14:57:00,Wednesday,3,YU
15:02:00,Wednesday,4,BD
15:05:00,Wednesday,0,YU
15:18:00,Wednesday,0,BD
16:03:00,Wednesday,11,BD
16:06:00,Wednesday,9,BD
16:16:00,Wednesday,0,BD
16:21:00,Wednesday,9,YU
16:22:00,Wednesday,0,YU
16:42:00,Wednesday,7,BD
18:12:00,Wednesday,0,YU
18:21:00,Wednesday,0,BD
18:21:00,Wednesday,25,YU
18:22:00,Wednesday,0,BD
18:24:00,Wednesday,3,BD
18:37:00,Wednesday,0,BD
18:45:00,Wednesday,9,YU
18:46:00,Wednesday,3,BD
18:53:00,Wednesday,0,YU
19:09:00,Wednesday,5,YU
19:18:00,Wednesday,0,BD
19:35:00,Wednesday,0,YU
19:44:00,Wednesday,4,BD
20:09:00,Wednesday,0,YU
20:11:00,Wednesday,0,BD
20:19:00,Wednesday,0,YU
20:19:00,Wednesday,0,BD
20:21:00,Wednesday,0,YU
20:36:00,Wednesday,0,BD
20:49:00,Wednesday,0,YU
20:53:00,Wednesday,3,BD
20:54:00,Wednesday,0,YU
21:16:00,Wednesday,0,YU
21:29:00,Wednesday,0,BD
21:48:00,Wednesday,0,BD
22:00:00,Wednesday,0,YU/BD
22:16:00,Wednesday,0,BD
22:22:00,Wednesday,0,BD
22:57:00,Wednesday,0,YU
23:00:00,Wednesday,0,YU
23:00:00,Wednesday,0,YU
23:00:00,Wednesday,0,YU
23:00:00,Wednesday,5,YU
23:14:00,Wednesday,0,BD
00:17:00,Wednesday,0,BD
00:25:00,Wednesday,0,YU
01:27:00,Wednesday,0,BD
01:32:00,Wednesday,0,BD
02:05:00,Thursday,0,YU
02:07:00,Thursday,0,BD
04:32:00,Thursday,0,YU
05:26:00,Thursday,0,YU
05:43:00,Thursday,0,BD
05:47:00,Thursday,7,BD
06:10:00,Thursday,0,BD
06:52:00,Thursday,0,YU
07:01:00,Thursday,0,YU
07:24:00,Thursday,0,YU
07:31:00,Thursday,3,BD
07:57:00,Thursday,3,YU
07:59:00,Thursday,3,YU
08:08:00,Thursday,0,YU
08:11:00,Thursday,0,BD
08:13:00,Thursday,3,YU
08:13:00,Thursday,0,BD
08:25:00,Thursday,0,BD
08:31:00,Thursday,0,YU
08:34:00,Thursday,0,YU
08:42:00,Thursday,0,YU
08:48:00,Thursday,0,YU
08:48:00,Thursday,7,YU
09:07:00,Thursday,3,YU
09:11:00,Thursday,0,BD
09:24:00,Thursday,3,YU
09:45:00,Thursday,0,BD
10:15:00,Thursday,3,YU
10:59:00,Thursday,3,YU
11:02:00,Thursday,0,YU
11:14:00,Thursday,0,BD
11:42:00,Thursday,17,BD
12:00:00,Thursday,0,BD
12:09:00,Thursday,0,YU
12:43:00,Thursday,0,YU
12:44:00,Thursday,0,YU
12:48:00,Thursday,0,YU
13:10:00,Thursday,0,BD
13:26:00,Thursday,12,BD
13:36:00,Thursday,0,BD
13:44:00,Thursday,0,YU
13:48:00,Thursday,0,YU
14:22:00,Thursday,0,YU
14:51:00,Thursday,10,BD
15:52:00,Thursday,0,YU
16:42:00,Thursday,0,YU
16:47:00,Thursday,0,YU
17:21:00,Thursday,0,BD
17:24:00,Thursday,0,BD
17:28:00,Thursday,3,YU
17:47:00,Thursday,32,YU
18:07:00,Thursday,0,BD
18:11:00,Thursday,0,BD
18:18:00,Thursday,0,BD
18:24:00,Thursday,0,BD
18:47:00,Thursday,0,YU
18:54:00,Thursday,0,YU
18:56:00,Thursday,15,BD
19:06:00,Thursday,5,YU
19:07:00,Thursday,0,YU
19:44:00,Thursday,0,BD
20:11:00,Thursday,0,YU
20:28:00,Thursday,11,YU
20:44:00,Thursday,0,YU
20:44:00,Thursday,0,YU
20:49:00,Thursday,0,YU
21:23:00,Thursday,0,BD
21:32:00,Thursday,3,BD
21:32:00,Thursday,0,BD
21:35:00,Thursday,5,YU
21:37:00,Thursday,0,BD
21:41:00,Thursday,0,BD
21:48:00,Thursday,0,BD
22:00:00,Thursday,0,YU/BD
22:11:00,Thursday,29,BD
22:14:00,Thursday,0,BD
22:17:00,Thursday,0,BD
22:53:00,Thursday,3,BD
23:00:00,Thursday,0,YU
23:00:00,Thursday,0,YU
23:16:00,Thursday,4,YU
23:26:00,Thursday,6,YU
23:44:00,Thursday,0,YU
00:12:00,Thursday,0,YU
00:22:00,Thursday,4,BD
00:27:00,Thursday,0,BD
00:39:00,Thursday,0,YU
00:43:00,Thursday,0,YU
00:49:00,Thursday,5,YU
00:51:00,Thursday,0,YU
01:42:00,Thursday,17,BD
01:50:00,Thursday,0,BD
09:37:00,Thursday,0,SHP
11:06:00,Thursday,0,SHP
02:44:00,Friday,0,BD
04:02:00,Friday,0,YU
05:25:00,Friday,0,YU
05:42:00,Friday,0,BD
05:58:00,Friday,5,YU
06:07:00,Friday,19,YU
06:27:00,Friday,6,YU
06:42:00,Friday,3,BD
06:42:00,Friday,0,YU
06:43:00,Friday,0,YU
06:51:00,Friday,0,YU
07:04:00,Friday,3,BD
07:54:00,Friday,0,BD
08:00:00,Friday,0,YU
08:43:00,Friday,0,BD
08:54:00,Friday,28,YU
08:57:00,Friday,5,BD
08:57:00,Friday,0,BD
09:04:00,Friday,11,BD
09:08:00,Friday,5,YU
09:10:00,Friday,0,BD
09:17:00,Friday,3,YU
09:18:00,Friday,0,BD
09:25:00,Friday,0,YU
10:01:00,Friday,0,BD
10:02:00,Friday,0,BD
10:10:00,Friday,0,BD
10:22:00,Friday,0,BD
10:37:00,Friday,0,YU
10:58:00,Friday,4,YU
11:19:00,Friday,0,BD
11:24:00,Friday,0,YU
11:26:00,Friday,5,YU
11:28:00,Friday,0,YU
12:02:00,Friday,0,YU
12:04:00,Friday,0,YU
12:14:00,Friday,0,BD
12:28:00,Friday,4,YU
12:33:00,Friday,0,YU
12:39:00,Friday,7,YU
12:48:00,Friday,0,YU
13:12:00,Friday,0,BD
14:12:00,Friday,0,YU
14:21:00,Friday,3,YU
14:24:00,Friday,0,YU
14:50:00,Friday,13,YU
14:55:00,Friday,0,BD
14:58:00,Friday,3,YU
15:04:00,Friday,0,BD
15:16:00,Friday,6,BD
15:20:00,Friday,0,BD
15:26:00,Friday,0,BD
15:43:00,Friday,0,BD
15:54:00,Friday,0,YU
15:56:00,Friday,15,BD
16:10:00,Friday,0,YU
16:26:00,Friday,0,BD
16:27:00,Friday,11,YU
16:54:00,Friday,7,BD
16:55:00,Friday,5,YU
16:55:00,Friday,5,YU
17:40:00,Friday,11,YU
17:42:00,Friday,0,YU
17:53:00,Friday,8,YU
18:01:00,Friday,0,YU
18:37:00,Friday,0,YU
18:46:00,Friday,0,BD
19:00:00,Friday,0,BD
19:02:00,Friday,0,BD
19:10:00,Friday,3,YU
19:21:00,Friday,7,YU
19:31:00,Friday,0,BD
19:35:00,Friday,0,BD
19:52:00,Friday,0,YU
19:56:00,Friday,13,BD
19:59:00,Friday,0,YU
20:05:00,Friday,0,YU
20:16:00,Friday,0,YU
21:16:00,Friday,0,YU
21:20:00,Friday,0,BD
21:31:00,Friday,0,BD
21:40:00,Friday,0,BD
22:00:00,Friday,0,YU/BD
22:22:00,Friday,0,YU
22:45:00,Friday,0,BD
23:04:00,Friday,4,YU
23:45:00,Friday,22,BD
00:29:00,Friday,0,BD
00:42:00,Friday,0,YU
01:03:00,Friday,0,BD
01:24:00,Friday,5,YU
01:35:00,Friday,5,YU
02:35:00,Friday,0,SHP
05:25:00,Friday,0,SHP
14:29:00,Friday,0,SHP
14:35:00,Friday,0,SHP
05:00:00,Saturday,0,YU
05:30:00,Saturday,0,YU
05:51:00,Saturday,0,YU
06:05:00,Saturday,6,YU
06:21:00,Saturday,20,YU
06:23:00,Saturday,22,YU
06:37:00,Saturday,0,YU
08:26:00,Saturday,5,YU
08:29:00,Saturday,3,BD
08:33:00,Saturday,0,YU
08:50:00,Saturday,0,YU
08:53:00,Saturday,8,BD
09:21:00,Saturday,0,BD
09:43:00,Saturday,4,YU
10:04:00,Saturday,4,BD
10:09:00,Saturday,4,YU
10:51:00,Saturday,0,YU
10:53:00,Saturday,0,BD
11:01:00,Saturday,0,YU
11:32:00,Saturday,0,BD
11:32:00,Saturday,0,YU
11:32:00,Saturday,7,YU
11:48:00,Saturday,11,YU
12:35:00,Saturday,0,YU
12:43:00,Saturday,0,YU
13:06:00,Saturday,0,BD
14:03:00,Saturday,6,YU
14:06:00,Saturday,0,YU
14:22:00,Saturday,10,BD
14:28:00,Saturday,0,BD
14:33:00,Saturday,5,YU
14:34:00,Saturday,3,YU
14:40:00,Saturday,5,YU
15:22:00,Saturday,4,BD
15:25:00,Saturday,14,YU
15:26:00,Saturday,0,YU
15:37:00,Saturday,0,BD
15:58:00,Saturday,0,BD
16:07:00,Saturday,0,YU
16:10:00,Saturday,6,YU
16:38:00,Saturday,12,BD
16:41:00,Saturday,0,BD
16:47:00,Saturday,3,BD
17:02:00,Saturday,3,YU
17:05:00,Saturday,0,YU
17:10:00,Saturday,3,YU
17:11:00,Saturday,0,BD
17:20:00,Saturday,10,YU
17:31:00,Saturday,8,BD
17:43:00,Saturday,0,YU
17:50:00,Saturday,18,BD
17:52:00,Saturday,0,YU
18:06:00,Saturday,0,BD
18:13:00,Saturday,0,BD
18:34:00,Saturday,0,YU
18:47:00,Saturday,5,YU
19:15:00,Saturday,6,YU
19:18:00,Saturday,0,BD
19:25:00,Saturday,3,BD
20:03:00,Saturday,4,YU
20:24:00,Saturday,0,YU
20:31:00,Saturday,0,YU
20:41:00,Saturday,0,BD
21:08:00,Saturday,4,YU
21:25:00,Saturday,4,YU
21:47:00,Saturday,0,BD
22:00:00,Saturday,0,YU/ BD
22:07:00,Saturday,0,YU
22:10:00,Saturday,0,YU
22:14:00,Saturday,0,YU
22:19:00,Saturday,0,YU
22:35:00,Saturday,0,BD
22:42:00,Saturday,17,YU
22:47:00,Saturday,0,YU
22:49:00,Saturday,0,YU
23:02:00,Saturday,0,YU
23:11:00,Saturday,0,YU
23:22:00,Saturday,0,BD
23:41:00,Saturday,0,YU
23:47:00,Saturday,0,BD
00:17:00,Saturday,0,YU
00:23:00,Saturday,0,YU
00:50:00,Saturday,29,YU
01:05:00,Saturday,12,BD
01:05:00,Saturday,0,YU
01:07:00,Saturday,3,YU
01:42:00,Saturday,0,YU
11:02:00,Saturday,0,SHP
11:16:00,Saturday,0,SHP
19:36:00,Saturday,16,SHP
19:46:00,Saturday,3,SHP
19:59:00,Saturday,4,SHP
02:34:00,Sunday,0,BD
06:11:00,Sunday,0,BD
06:34:00,Sunday,0,BD
07:00:00,Sunday,0,YU
08:12:00,Sunday,5,BD
08:15:00,Sunday,6,YU
08:17:00,Sunday,0,BD
08:18:00,Sunday,4,YU
08:40:00,Sunday,5,BD
08:44:00,Sunday,4,BD
10:20:00,Sunday,0,YU
10:21:00,Sunday,0,BD
10:32:00,Sunday,0,YU
11:10:00,Sunday,0,BD
11:30:00,Sunday,4,BD
11:40:00,Sunday,0,BD
11:59:00,Sunday,0,BD
13:34:00,Sunday,4,YU
14:05:00,Sunday,6,YU
14:26:00,Sunday,13,BD
14:43:00,Sunday,0,BD
14:48:00,Sunday,0,BD
14:51:00,Sunday,4,YU
15:12:00,Sunday,0,BD
16:24:00,Sunday,0,YU
16:30:00,Sunday,0,YU
16:36:00,Sunday,0,BD
17:46:00,Sunday,0,YU
18:16:00,Sunday,0,BD
18:29:00,Sunday,9,YU
18:36:00,Sunday,0,BD
18:50:00,Sunday,0,YU
18:54:00,Sunday,5,BD
19:13:00,Sunday,0,BD
19:13:00,Sunday,15,BD
19:21:00,Sunday,3,YU
19:30:00,Sunday,5,BD
19:33:00,Sunday,0,BD
19:35:00,Sunday,0,YU
20:03:00,Sunday,5,BD
21:50:00,Sunday,0,YU
22:00:00,Sunday,0,YU/BD
22:13:00,Sunday,0,YU
22:32:00,Sunday,0,BD
22:42:00,Sunday,0,BD
23:34:00,Sunday,4,BD
00:00:00,Sunday,13,BD
00:01:00,Sunday,9,YU
00:12:00,Sunday,0,BD
01:38:00,Sunday,0,YU
01:41:00,Sunday,0,YU
02:09:00,Monday,0,YU
02:32:00,Monday,0,YU
05:52:00,Monday,0,YU
06:02:00,Monday,7,YU
06:02:00,Monday,3,YU
06:39:00,Monday,0,YU
06:44:00,Monday,0,YU
07:07:00,Monday,9,BD
07:57:00,Monday,3,BD
08:03:00,Monday,0,BD
08:05:00,Monday,5,YU
08:07:00,Monday,5,BD
08:07:00,Monday,3,BD
08:18:00,Monday,6,BD
08:22:00,Monday,0,BD
08:28:00,Monday,3,YU
08:30:00,Monday,0,YU
08:40:00,Monday,0,YU
08:50:00,Monday,0,YU
08:54:00,Monday,0,YU
09:03:00,Monday,0,YU
09:41:00,Monday,0,BD
10:06:00,Monday,4,YU
10:43:00,Monday,3,YU
10:52:00,Monday,3,YU
10:59:00,Monday,21,YU
11:00:00,Monday,0,BD
11:21:00,Monday,0,YU
11:55:00,Monday,0,YU
12:00:00,Monday,4,BD
12:51:00,Monday,0,BD
13:16:00,Monday,0,BD
13:19:00,Monday,3,YU
13:32:00,Monday,0,YU
13:44:00,Monday,0,YU
13:49:00,Monday,3,YU
14:09:00,Monday,0,BD
14:10:00,Monday,10,YU
14:32:00,Monday,0,YU
14:42:00,Monday,0,BD
14:46:00,Monday,0,BD
14:46:00,Monday,0,YU
14:55:00,Monday,5,YU
14:56:00,Monday,19,YU
15:03:00,Monday,6,BD
15:08:00,Monday,0,BD
15:09:00,Monday,5,YU
15:15:00,Monday,0,BD
15:16:00,Monday,7,YU
15:34:00,Monday,8,YU
15:40:00,Monday,5,YU
15:50:00,Monday,5,YU
16:02:00,Monday,0,YU
16:06:00,Monday,3,YU
16:27:00,Monday,0,BD
16:32:00,Monday,0,YU
16:34:00,Monday,0,BD
16:45:00,Monday,7,BD
16:54:00,Monday,6,YU
17:05:00,Monday,0,YU
17:08:00,Monday,0,YU
17:28:00,Monday,9,BD
17:39:00,Monday,0,YU
17:43:00,Monday,4,YU
17:56:00,Monday,0,YU
18:05:00,Monday,4,YU
18:09:00,Monday,0,YU
18:11:00,Monday,0,BD
18:43:00,Monday,0,BD
18:55:00,Monday,12,YU
18:59:00,Monday,0,YU
19:04:00,Monday,10,YU
19:10:00,Monday,5,YU
20:10:00,Monday,0,YU
20:10:00,Monday,0,YU
20:22:00,Monday,0,YU
20:25:00,Monday,15,BD
20:43:00,Monday,0,YU
20:58:00,Monday,0,YU
21:09:00,Monday,0,BD
21:44:00,Monday,0,YU
21:57:00,Monday,0,BD
22:00:00,Monday,0,YU/BD
22:10:00,Monday,5,YU
22:18:00,Monday,0,BD
22:47:00,Monday,0,YU
22:54:00,Monday,0,BD
23:00:00,Monday,0,YU
23:03:00,Monday,0,BD
23:04:00,Monday,0,BD
23:14:00,Monday,5,YU
23:44:00,Monday,0,YU
00:31:00,Monday,0,BD
00:50:00,Monday,14,YU
01:06:00,Monday,8,YU
01:07:00,Monday,9,YU
01:49:00,Monday,6,BD
02:29:00,Tuesday,0,BD
04:25:00,Tuesday,0,BD
05:54:00,Tuesday,5,BD
05:59:00,Tuesday,5,BD
05:59:00,Tuesday,5,BD
06:23:00,Tuesday,0,YU
07:02:00,Tuesday,0,YU
07:12:00,Tuesday,8,BD
07:26:00,Tuesday,0,YU
07:56:00,Tuesday,3,YU
08:23:00,Tuesday,0,BD
08:33:00,Tuesday,6,YU
08:38:00,Tuesday,0,BD
08:58:00,Tuesday,0,YU
08:59:00,Tuesday,15,YU
09:31:00,Tuesday,3,YU
09:58:00,Tuesday,0,YU
10:01:00,Tuesday,0,BD
10:56:00,Tuesday,0,BD
11:01:00,Tuesday,4,YU
11:16:00,Tuesday,4,YU
11:41:00,Tuesday,3,YU
11:50:00,Tuesday,0,YU
11:57:00,Tuesday,0,BD
12:16:00,Tuesday,0,YU
12:51:00,Tuesday,0,YU
12:58:00,Tuesday,7,YU
13:20:00,Tuesday,5,YU
13:22:00,Tuesday,0,YU
13:26:00,Tuesday,0,BD
13:31:00,Tuesday,0,YU
13:41:00,Tuesday,4,BD
13:45:00,Tuesday,5,YU
13:54:00,Tuesday,0,YU
14:47:00,Tuesday,0,YU
14:51:00,Tuesday,0,YU
15:09:00,Tuesday,0,BD
15:26:00,Tuesday,0,YU
15:49:00,Tuesday,5,YU
15:52:00,Tuesday,3,BD
16:04:00,Tuesday,0,YU
16:11:00,Tuesday,0,YU
16:33:00,Tuesday,7,BD
16:45:00,Tuesday,3,YU
17:06:00,Tuesday,3,BD
17:08:00,Tuesday,0,YU
17:19:00,Tuesday,0,YU
17:48:00,Tuesday,7,BD
18:00:00,Tuesday,0,BD
18:34:00,Tuesday,0,BD
18:40:00,Tuesday,3,YU
18:46:00,Tuesday,3,YU
18:55:00,Tuesday,0,YU
19:16:00,Tuesday,6,BD
19:27:00,Tuesday,4,BD
19:51:00,Tuesday,12,YU
20:11:00,Tuesday,0,YU
21:18:00,Tuesday,0,YU
21:30:00,Tuesday,0,YU
21:32:00,Tuesday,0,YU
21:55:00,Tuesday,0,YU
22:00:00,Tuesday,7,YU
22:00:00,Tuesday,0,YU/BD
22:09:00,Tuesday,10,BD
22:28:00,Tuesday,0,BD
22:54:00,Tuesday,7,YU
23:00:00,Tuesday,0,LINE 1
23:15:00,Tuesday,0,YU
23:48:00,Tuesday,0,BD
23:50:00,Tuesday,0,YU
00:05:00,Tuesday,0,BD
00:57:00,Tuesday,0,BD
01:11:00,Tuesday,0,YU
01:19:00,Tuesday,8,YU
01:25:00,Tuesday,0,BD
01:45:00,Tuesday,0,BD
01:56:00,Tuesday,0,BD
23:34:00,Tuesday,0,SHP
02:24:00,Wednesday,5,YU
02:31:00,Wednesday,0,BD
04:09:00,Wednesday,0,YU
05:10:00,Wednesday,0,YU
05:50:00,Wednesday,0,BD
05:56:00,Wednesday,0,BD
06:09:00,Wednesday,3,YU
06:49:00,Wednesday,3,YU
07:02:00,Wednesday,30,BD
07:08:00,Wednesday,0,YU
07:31:00,Wednesday,0,BD
07:43:00,Wednesday,63,BD
07:44:00,Wednesday,0,YU
08:47:00,Wednesday,9,BD
09:13:00,Wednesday,3,YU
09:20:00,Wednesday,0,YU
09:23:00,Wednesday,0,YU
09:41:00,Wednesday,0,YU
09:48:00,Wednesday,0,YU
10:56:00,Wednesday,0,BD
11:09:00,Wednesday,0,BD
11:14:00,Wednesday,0,YU
11:26:00,Wednesday,0,YU
11:51:00,Wednesday,7,YU
11:52:00,Wednesday,6,BD
11:54:00,Wednesday,0,BD
12:04:00,Wednesday,4,BD
13:20:00,Wednesday,0,YU
13:28:00,Wednesday,0,YU
13:35:00,Wednesday,0,YU
13:40:00,Wednesday,0,YU
13:50:00,Wednesday,0,YU
13:52:00,Wednesday,6,YU
14:06:00,Wednesday,0,YU
14:12:00,Wednesday,5,BD
14:16:00,Wednesday,3,YU
15:09:00,Wednesday,0,YU
15:15:00,Wednesday,6,YU
15:28:00,Wednesday,0,YU
16:21:00,Wednesday,18,YU
16:29:00,Wednesday,4,BD
16:30:00,Wednesday,0,YU
16:33:00,Wednesday,3,YU
16:42:00,Wednesday,0,YU
16:46:00,Wednesday,3,BD
16:47:00,Wednesday,0,YU
16:51:00,Wednesday,25,YU
16:52:00,Wednesday,0,YU
17:00:00,Wednesday,0,BD
17:02:00,Wednesday,0,YU
17:02:00,Wednesday,29,YU
17:10:00,Wednesday,3,YU
17:18:00,Wednesday,0,YU
17:40:00,Wednesday,11,YU
17:44:00,Wednesday,0,YU
17:54:00,Wednesday,0,BD
18:04:00,Wednesday,0,YU
18:05:00,Wednesday,0,YU
18:14:00,Wednesday,4,YU
18:21:00,Wednesday,3,YU
18:23:00,Wednesday,0,YU
18:24:00,Wednesday,0,YU
18:32:00,Wednesday,3,BD
18:42:00,Wednesday,0,BD
18:46:00,Wednesday,0,YU
18:56:00,Wednesday,3,BD
19:20:00,Wednesday,0,YU
20:15:00,Wednesday,0,YU
20:18:00,Wednesday,0,YU
20:26:00,Wednesday,0,YU
20:44:00,Wednesday,0,YU
21:50:00,Wednesday,4,YU
22:00:00,Wednesday,0,YU/BD
22:00:00,Wednesday,0,BD
22:12:00,Wednesday,0,YU
22:18:00,Wednesday,5,BD
22:28:00,Wednesday,4,BD
22:40:00,Wednesday,0,YU
22:45:00,Wednesday,4,YU
22:49:00,Wednesday,6,BD
22:51:00,Wednesday,0,YU
23:00:00,Wednesday,0,YU
23:07:00,Wednesday,0,YU
23:17:00,Wednesday,0,YU
23:19:00,Wednesday,0,YU
23:29:00,Wednesday,0,YU
23:46:00,Wednesday,3,YU
23:58:00,Wednesday,5,BD
00:30:00,Wednesday,3,BD
00:33:00,Wednesday,0,YU
00:38:00,Wednesday,5,BD
01:02:00,Wednesday,0,YU
01:13:00,Wednesday,0,BD
15:39:00,Wednesday,0,SHP
20:13:00,Wednesday,4,SHP
02:04:00,Thursday,0,YU
02:41:00,Thursday,0,YU
04:33:00,Thursday,0,BD
05:48:00,Thursday,5,YU
05:49:00,Thursday,5,BD
05:50:00,Thursday,0,BD
05:53:00,Thursday,4,YU
06:06:00,Thursday,4,YU
06:15:00,Thursday,0,BD
06:20:00,Thursday,0,YU
06:30:00,Thursday,4,YU
06:35:00,Thursday,0,YU
06:35:00,Thursday,0,BD
06:37:00,Thursday,0,YU
07:00:00,Thursday,47,BD
07:16:00,Thursday,0,YU
07:21:00,Thursday,0,YU
07:22:00,Thursday,27,BD
07:23:00,Thursday,3,YU
07:36:00,Thursday,6,BD
07:57:00,Thursday,3,YU
08:05:00,Thursday,0,BD
08:09:00,Thursday,0,YU
08:48:00,Thursday,3,YU
08:59:00,Thursday,5,YU
09:12:00,Thursday,4,YU
09:13:00,Thursday,0,BD
09:18:00,Thursday,7,YU
09:20:00,Thursday,0,YU
10:05:00,Thursday,0,BD
10:57:00,Thursday,0,YU
13:03:00,Thursday,0,BD
13:14:00,Thursday,9,BD
13:14:00,Thursday,0,YU
13:32:00,Thursday,0,YU
13:54:00,Thursday,5,YU
14:00:00,Thursday,0,YU
14:07:00,Thursday,5,YU
14:12:00,Thursday,0,BD
14:14:00,Thursday,0,BD
14:31:00,Thursday,15,YU
14:42:00,Thursday,5,YU
14:46:00,Thursday,0,BD
15:16:00,Thursday,0,BD
15:21:00,Thursday,3,YU
15:28:00,Thursday,0,BD
15:28:00,Thursday,0,BD
15:32:00,Thursday,0,YU
15:35:00,Thursday,0,BD
15:49:00,Thursday,0,BD
16:12:00,Thursday,0,BD
16:26:00,Thursday,0,BD
16:28:00,Thursday,0,BD
16:29:00,Thursday,0,BD
17:50:00,Thursday,3,YU
17:50:00,Thursday,0,YU
17:59:00,Thursday,4,BD
18:16:00,Thursday,0,BD
18:24:00,Thursday,0,YU
18:26:00,Thursday,4,YU
18:36:00,Thursday,0,YU
18:41:00,Thursday,38,YU
18:44:00,Thursday,4,YU
18:52:00,Thursday,4,YU
18:55:00,Thursday,0,YU
18:55:00,Thursday,0,YU
19:11:00,Thursday,0,BD
19:24:00,Thursday,0,YU
21:02:00,Thursday,7,YU
21:15:00,Thursday,0,YU
22:00:00,Thursday,0,YU/BD
23:00:00,Thursday,0,YU
23:15:00,Thursday,0,BD
00:22:00,Thursday,0,YU
00:27:00,Thursday,0,YU
00:43:00,Thursday,0,BD
00:59:00,Thursday,6,BD
01:01:00,Thursday,0,YU
01:36:00,Thursday,9,BD
01:42:00,Thursday,7,YU
01:50:00,Thursday,0,BD
09:34:00,Thursday,3,SHP
09:57:00,Thursday,3,SHP
11:09:00,Thursday,5,SHP
14:54:00,Thursday,0,SHP
19:00:00,Thursday,3,SHP
20:00:00,Thursday,4,SHP
02:00:00,Friday,0,YU
02:13:00,Friday,0,BD
02:53:00,Friday,0,YU
03:24:00,Friday,0,YU
04:26:00,Friday,0,BD
05:50:00,Friday,6,BD
05:57:00,Friday,4,BD
06:33:00,Friday,3,YU
06:43:00,Friday,0,YU
06:55:00,Friday,3,YU
06:56:00,Friday,0,YU
07:21:00,Friday,0,YU
08:07:00,Friday,0,YU
08:21:00,Friday,11,YU
09:40:00,Friday,4,BD
09:43:00,Friday,9,YU
09:53:00,Friday,0,YU
10:07:00,Friday,0,BD
10:27:00,Friday,0,YU
10:32:00,Friday,0,BD
10:41:00,Friday,3,BD
11:37:00,Friday,0,BD
11:38:00,Friday,0,YU
11:58:00,Friday,4,BD
12:56:00,Friday,4,YU
13:33:00,Friday,0,YU
13:42:00,Friday,6,YU
14:43:00,Friday,3,BD
14:45:00,Friday,0,BD
15:22:00,Friday,0,BD
15:30:00,Friday,0,BD
15:31:00,Friday,4,BD
16:05:00,Friday,3,BD
16:08:00,Friday,4,BD
16:16:00,Friday,19,YU
16:46:00,Friday,4,YU
17:02:00,Friday,3,YU
17:17:00,Friday,4,YU
17:20:00,Friday,3,YU
17:49:00,Friday,13,YU
18:30:00,Friday,17,YU
18:53:00,Friday,0,BD
19:15:00,Friday,0,BD
19:35:00,Friday,0,BD
19:49:00,Friday,5,YU
20:28:00,Friday,0,YU
20:55:00,Friday,0,BD
21:06:00,Friday,0,YU
21:46:00,Friday,0,BD
21:55:00,Friday,0,BD
22:00:00,Friday,0,YU/ BD
22:03:00,Friday,6,YU
22:15:00,Friday,0,YU
22:49:00,Friday,7,YU
22:54:00,Friday,0,YU
23:16:00,Friday,5,BD
23:26:00,Friday,12,YU
23:46:00,Friday,4,YU
23:58:00,Friday,0,YU
23:58:00,Friday,0,BD
00:03:00,Friday,0,YU
00:05:00,Friday,3,YU
00:09:00,Friday,0,YU
00:28:00,Friday,0,YU
01:04:00,Friday,0,BD
01:04:00,Friday,0,YU
01:06:00,Friday,0,BD
01:41:00,Friday,6,BD
01:51:00,Friday,0,BD
05:30:00,Friday,0,SHP
05:37:00,Friday,0,SHP
13:59:00,Friday,0,SHP
22:44:00,Friday,0,SHP
02:19:00,Saturday,0,YU
05:11:00,Saturday,0,YU
06:27:00,Saturday,0,BD
07:08:00,Saturday,15,YU
07:14:00,Saturday,0,YU
07:27:00,Saturday,19,YU
07:35:00,Saturday,0,YU
08:39:00,Saturday,0,YU
08:43:00,Saturday,0,YU
09:29:00,Saturday,0,YU
09:36:00,Saturday,3,BD
11:32:00,Saturday,0,YU
11:35:00,Saturday,0,YU
11:50:00,Saturday,0,YU
12:10:00,Saturday,0,YU
12:39:00,Saturday,0,YU
12:50:00,Saturday,0,YU
13:07:00,Saturday,3,YU
13:11:00,Saturday,0,BD
13:19:00,Saturday,8,YU
13:42:00,Saturday,0,YU
13:42:00,Saturday,5,YU
13:45:00,Saturday,5,YU
14:04:00,Saturday,0,BD
14:17:00,Saturday,0,YU
14:39:00,Saturday,0,YU
14:48:00,Saturday,0,BD
14:56:00,Saturday,0,BD
15:02:00,Saturday,18,BD
15:16:00,Saturday,0,BD
15:38:00,Saturday,0,YU
15:58:00,Saturday,0,BD
16:04:00,Saturday,0,BD
16:16:00,Saturday,6,YU
16:23:00,Saturday,6,YU
16:24:00,Saturday,0,BD
16:27:00,Saturday,5,BD
17:27:00,Saturday,0,BD
17:28:00,Saturday,0,YU
17:45:00,Saturday,0,YU
18:39:00,Saturday,0,YU
19:30:00,Saturday,6,YU
19:54:00,Saturday,7,YU
19:59:00,Saturday,0,BD
20:16:00,Saturday,0,YU
20:41:00,Saturday,0,YU
21:06:00,Saturday,0,YU
21:08:00,Saturday,0,YU
21:15:00,Saturday,9,YU
21:18:00,Saturday,0,BD
21:34:00,Saturday,6,YU
21:44:00,Saturday,0,BD
21:45:00,Saturday,0,YU
21:45:00,Saturday,0,YU
21:54:00,Saturday,0,BD
21:56:00,Saturday,0,YU
22:00:00,Saturday,0,YU/BD
22:06:00,Saturday,0,YU
22:14:00,Saturday,3,BD
22:22:00,Saturday,3,YU
22:36:00,Saturday,5,YU
22:39:00,Saturday,0,BD
23:14:00,Saturday,7,YU
23:16:00,Saturday,0,YU
23:35:00,Saturday,0,BD
23:54:00,Saturday,17,BD
01:03:00,Saturday,0,YU
01:04:00,Saturday,0,BD
01:23:00,Saturday,0,YU
01:50:00,Saturday,18,BD
01:54:00,Saturday,0,YU
10:09:00,Saturday,5,SHP
16:54:00,Saturday,4,SHP
02:44:00,Sunday,0,YU
07:41:00,Sunday,4,YU
08:10:00,Sunday,5,BD
08:21:00,Sunday,3,YU
08:40:00,Sunday,0,YU
09:13:00,Sunday,3,YU
09:45:00,Sunday,7,YU
10:53:00,Sunday,10,YU
11:15:00,Sunday,0,YU
11:15:00,Sunday,0,YU
11:34:00,Sunday,4,YU
11:51:00,Sunday,0,YU
12:33:00,Sunday,0,YU
13:09:00,Sunday,0,BD
13:21:00,Sunday,5,YU
13:22:00,Sunday,5,YU
13:37:00,Sunday,0,YU
14:26:00,Sunday,16,YU
14:27:00,Sunday,0,BD
14:36:00,Sunday,0,YU
14:46:00,Sunday,0,YU
14:59:00,Sunday,9,BD
15:43:00,Sunday,0,YU
16:05:00,Sunday,3,BD
16:27:00,Sunday,7,YU
16:52:00,Sunday,0,YU
17:00:00,Sunday,0,YU
17:05:00,Sunday,12,BD
17:35:00,Sunday,0,YU
17:36:00,Sunday,0,YU
18:00:00,Sunday,0,YU
18:26:00,Sunday,14,YU
18:33:00,Sunday,0,YU
18:49:00,Sunday,0,YU
19:02:00,Sunday,0,YU
19:55:00,Sunday,0,BD
20:00:00,Sunday,0,YU
20:05:00,Sunday,0,YU
20:15:00,Sunday,0,BD
20:24:00,Sunday,0,YU
20:25:00,Sunday,0,YU
20:30:00,Sunday,0,YU
20:47:00,Sunday,0,YU
20:58:00,Sunday,0,BD
21:48:00,Sunday,3,BD
21:51:00,Sunday,0,BD
22:00:00,Sunday,0,YU/BD
22:03:00,Sunday,0,YU
22:06:00,Sunday,10,BD
22:14:00,Sunday,6,YU
22:27:00,Sunday,4,YU
22:36:00,Sunday,10,YU
22:41:00,Sunday,0,BD
22:44:00,Sunday,0,YU
22:56:00,Sunday,15,YU
23:12:00,Sunday,0,YU
23:39:00,Sunday,0,YU
23:51:00,Sunday,0,YU
00:00:00,Sunday,0,YU
00:10:00,Sunday,0,BD
00:26:00,Sunday,0,YU
00:27:00,Sunday,6,YU
00:50:00,Sunday,0,YU
01:27:00,Sunday,0,YU
01:42:00,Sunday,0,BD
01:49:00,Sunday,0,YU
09:54:00,Sunday,3,SHP
22:10:00,Sunday,15,SHP
22:23:00,Sunday,15,SHP
04:17:00,Monday,0,YU
05:27:00,Monday,0,BD
06:01:00,Monday,7,YU
06:02:00,Monday,15,YU
06:05:00,Monday,4,BD
06:14:00,Monday,4,BD
06:20:00,Monday,6,YU
06:21:00,Monday,0,BD
06:23:00,Monday,0,BD
06:36:00,Monday,0,BD
06:41:00,Monday,0,BD
06:53:00,Monday,5,BD
07:01:00,Monday,716,BD
07:01:00,Monday,0,BD
07:03:00,Monday,0,BD
07:08:00,Monday,10,YU
07:11:00,Monday,3,YU
07:13:00,Monday,3,BD
07:15:00,Monday,0,YU
07:24:00,Monday,0,BD
07:24:00,Monday,6,YU
07:27:00,Monday,0,BD
07:33:00,Monday,7,YU
07:39:00,Monday,0,BD
07:43:00,Monday,0,YU
07:48:00,Monday,5,YU
08:08:00,Monday,3,YU
08:25:00,Monday,4,BD
08:41:00,Monday,0,BD
08:49:00,Monday,6,YU
09:04:00,Monday,0,YU
09:22:00,Monday,0,YU
09:35:00,Monday,3,BD
09:49:00,Monday,0,BD
11:04:00,Monday,0,YU
11:07:00,Monday,0,YU
11:42:00,Monday,4,YU
12:12:00,Monday,0,YU
13:25:00,Monday,4,BD
13:33:00,Monday,0,YU
13:38:00,Monday,0,BD
13:46:00,Monday,0,YU
13:51:00,Monday,10,BD
13:57:00,Monday,11,BD
13:58:00,Monday,0,YU
14:14:00,Monday,0,BD
14:26:00,Monday,3,YU
14:37:00,Monday,0,YU
14:48:00,Monday,0,YU
14:49:00,Monday,10,BD
15:05:00,Monday,0,YU
15:11:00,Monday,0,BD
15:21:00,Monday,0,BD
15:36:00,Monday,0,YU
15:52:00,Monday,0,YU
16:02:00,Monday,4,YU
16:05:00,Monday,4,YU
16:06:00,Monday,0,YU
16:17:00,Monday,0,YU
16:27:00,Monday,3,YU
16:47:00,Monday,0,YU
16:58:00,Monday,7,YU
16:58:00,Monday,0,YU
17:14:00,Monday,0,BD
17:20:00,Monday,0,BD
17:32:00,Monday,7,YU
17:36:00,Monday,3,BD
18:14:00,Monday,5,YU
18:26:00,Monday,0,YU
18:31:00,Monday,10,YU
18:45:00,Monday,0,YU
18:50:00,Monday,4,YU
18:55:00,Monday,0,YU
19:04:00,Monday,19,YU
19:08:00,Monday,0,YU
19:09:00,Monday,0,YU
19:27:00,Monday,19,YU
20:21:00,Monday,0,BD
20:24:00,Monday,0,YU
20:25:00,Monday,0,BD
20:37:00,Monday,10,BD
21:42:00,Monday,0,BD
21:48:00,Monday,0,BD
22:00:00,Monday,0,YU/BD
22:52:00,Monday,0,BD
22:57:00,Monday,0,YU
23:00:00,Monday,0,YU
23:26:00,Monday,0,YU
23:42:00,Monday,0,YU
00:30:00,Monday,0,BD
00:58:00,Monday,0,YU
01:21:00,Monday,0,YU
01:42:00,Monday,0,YU
02:09:00,Monday,0,SHP
04:47:00,Tuesday,0,BD
05:42:00,Tuesday,0,YU
06:24:00,Tuesday,5,BD
06:29:00,Tuesday,0,BD
07:22:00,Tuesday,0,YU
07:26:00,Tuesday,6,YU
07:49:00,Tuesday,0,BD
08:12:00,Tuesday,0,YU
08:17:00,Tuesday,0,BD
08:37:00,Tuesday,3,BD
08:43:00,Tuesday,0,YU
08:48:00,Tuesday,0,YU
08:51:00,Tuesday,0,YU
09:36:00,Tuesday,0,BD
09:57:00,Tuesday,0,YU
10:01:00,Tuesday,12,YU
10:07:00,Tuesday,10,BD
10:39:00,Tuesday,0,YU
11:04:00,Tuesday,0,BD
11:14:00,Tuesday,5,YU
11:24:00,Tuesday,7,YU
12:10:00,Tuesday,0,BD
12:50:00,Tuesday,0,YU
12:50:00,Tuesday,0,BD
13:15:00,Tuesday,3,YU
13:57:00,Tuesday,18,BD
14:03:00,Tuesday,3,YU
14:07:00,Tuesday,0,YU
14:07:00,Tuesday,0,BD
14:10:00,Tuesday,5,BD
14:33:00,Tuesday,0,BD
14:34:00,Tuesday,4,BD
14:36:00,Tuesday,4,YU
15:05:00,Tuesday,4,BD
15:42:00,Tuesday,0,BD
16:07:00,Tuesday,0,YU
16:21:00,Tuesday,0,YU
16:24:00,Tuesday,0,YU
16:33:00,Tuesday,5,YU
16:42:00,Tuesday,0,BD
16:46:00,Tuesday,0,BD
17:09:00,Tuesday,0,YU
17:25:00,Tuesday,0,YU
17:26:00,Tuesday,0,YU
17:39:00,Tuesday,0,BD
17:43:00,Tuesday,0,BD
17:54:00,Tuesday,4,YU
18:03:00,Tuesday,0,YU
18:21:00,Tuesday,3,BD
18:26:00,Tuesday,17,YU
18:47:00,Tuesday,9,BD
18:56:00,Tuesday,0,BD
19:02:00,Tuesday,7,BD
19:02:00,Tuesday,14,YU
19:26:00,Tuesday,0,BD
20:30:00,Tuesday,0,YU
21:15:00,Tuesday,0,YU
21:52:00,Tuesday,0,YU
22:00:00,Tuesday,0,YU/BD
22:04:00,Tuesday,0,BD
22:24:00,Tuesday,0,BD
22:26:00,Tuesday,0,BD
22:35:00,Tuesday,3,BD
22:39:00,Tuesday,0,BD
22:42:00,Tuesday,0,BD
22:44:00,Tuesday,0,YU
22:51:00,Tuesday,0,YU
22:54:00,Tuesday,3,BD
23:00:00,Tuesday,0,YU
23:05:00,Tuesday,0,BD
00:00:00,Tuesday,0,YU
00:11:00,Tuesday,0,BD
00:12:00,Tuesday,4,BD
00:13:00,Tuesday,0,YU
00:13:00,Tuesday,0,YU
00:24:00,Tuesday,0,YU
00:48:00,Tuesday,0,BD
01:04:00,Tuesday,0,YU
01:13:00,Tuesday,0,YU
01:31:00,Tuesday,6,YU
01:50:00,Tuesday,0,YU
02:53:00,Tuesday,0,SHP
15:56:00,Tuesday,3,SHP
16:09:00,Tuesday,0,SHP
16:17:00,Tuesday,0,SHP
16:55:00,Tuesday,3,SHP
20:49:00,Tuesday,7,SHP
05:05:00,Wednesday,0,YU
05:38:00,Wednesday,3,YU
05:38:00,Wednesday,8,YU
05:54:00,Wednesday,0,BD
05:57:00,Wednesday,0,YU
06:01:00,Wednesday,3,YU
06:02:00,Wednesday,0,BD
06:13:00,Wednesday,0,YU
06:20:00,Wednesday,0,YU
06:40:00,Wednesday,3,YU
06:44:00,Wednesday,0,YU
07:05:00,Wednesday,4,BD
07:16:00,Wednesday,0,YU
07:25:00,Wednesday,0,YU
07:32:00,Wednesday,0,YU
07:37:00,Wednesday,0,YU
07:42:00,Wednesday,0,YU
07:45:00,Wednesday,0,BD
07:56:00,Wednesday,0,YU
08:10:00,Wednesday,3,YU
08:29:00,Wednesday,3,YU
08:49:00,Wednesday,4,YU
08:49:00,Wednesday,3,BD
08:54:00,Wednesday,4,YU
09:16:00,Wednesday,4,YU
09:21:00,Wednesday,7,YU
09:37:00,Wednesday,0,YU
09:48:00,Wednesday,0,BD
09:52:00,Wednesday,4,BD
10:00:00,Wednesday,0,YU
10:00:00,Wednesday,0,YU
10:24:00,Wednesday,0,BD
10:39:00,Wednesday,5,BD
10:44:00,Wednesday,4,YU
10:47:00,Wednesday,4,BD
11:05:00,Wednesday,0,BD
11:12:00,Wednesday,0,YU
11:43:00,Wednesday,3,YU
11:52:00,Wednesday,3,YU
12:19:00,Wednesday,4,BD
12:19:00,Wednesday,3,YU
12:30:00,Wednesday,0,BD
12:40:00,Wednesday,4,YU
12:52:00,Wednesday,0,YU
12:58:00,Wednesday,0,YU
13:04:00,Wednesday,0,BD
13:10:00,Wednesday,0,BD
13:25:00,Wednesday,4,BD
13:26:00,Wednesday,0,YU
13:30:00,Wednesday,7,YU
13:49:00,Wednesday,0,BD
13:59:00,Wednesday,0,BD
14:07:00,Wednesday,0,BD
14:14:00,Wednesday,0,YU
14:25:00,Wednesday,3,YU
14:44:00,Wednesday,0,YU
14:55:00,Wednesday,0,BD
14:57:00,Wednesday,0,YU
15:02:00,Wednesday,0,BD
15:31:00,Wednesday,10,BD
15:35:00,Wednesday,0,YU
16:14:00,Wednesday,0,YU
16:26:00,Wednesday,0,YU
16:28:00,Wednesday,0,BD
16:38:00,Wednesday,0,YU
17:11:00,Wednesday,0,BD
17:17:00,Wednesday,7,YU
17:41:00,Wednesday,0,YU
17:47:00,Wednesday,0,YU
18:28:00,Wednesday,0,YU
18:37:00,Wednesday,0,BD
18:42:00,Wednesday,0,BD
18:52:00,Wednesday,7,YU
18:59:00,Wednesday,0,BD
19:00:00,Wednesday,0,BD
19:05:00,Wednesday,15,BD
19:17:00,Wednesday,19,YU
19:23:00,Wednesday,5,YU
19:57:00,Wednesday,3,YU
20:17:00,Wednesday,6,BD
20:28:00,Wednesday,5,BD
21:13:00,Wednesday,6,BD
22:00:00,Wednesday,0,YU/BD
22:08:00,Wednesday,10,YU
22:37:00,Wednesday,8,YU
23:00:00,Wednesday,0,YU
23:15:00,Wednesday,0,BD
23:30:00,Wednesday,5,YU
23:39:00,Wednesday,0,BD
01:03:00,Wednesday,0,BD
01:27:00,Wednesday,0,BD
01:47:00,Wednesday,7,BD
02:37:00,Wednesday,0,SHP
05:46:00,Wednesday,0,SHP
02:12:00,Thursday,0,BD
02:40:00,Thursday,0,BD
02:43:00,Thursday,0,YU
03:44:00,Thursday,0,BD
05:33:00,Thursday,0,BD
05:37:00,Thursday,0,BD
05:50:00,Thursday,6,BD
06:27:00,Thursday,0,YU
08:11:00,Thursday,0,YU
08:18:00,Thursday,0,YU
08:25:00,Thursday,0,YU
08:37:00,Thursday,0,BD
08:49:00,Thursday,4,YU
08:54:00,Thursday,0,BD
09:34:00,Thursday,0,YU
09:45:00,Thursday,0,YU
09:54:00,Thursday,0,YU
10:55:00,Thursday,0,YU
11:25:00,Thursday,3,BD
11:25:00,Thursday,3,YU
11:46:00,Thursday,3,YU
12:02:00,Thursday,0,YU
12:13:00,Thursday,3,BD
12:22:00,Thursday,0,YU
12:22:00,Thursday,0,YU
12:49:00,Thursday,0,YU
13:05:00,Thursday,3,BD
13:05:00,Thursday,0,YU
13:12:00,Thursday,15,YU
13:17:00,Thursday,0,YU
13:30:00,Thursday,0,BD
13:44:00,Thursday,4,BD
14:05:00,Thursday,3,BD
14:10:00,Thursday,10,BD
14:13:00,Thursday,22,YU
14:28:00,Thursday,0,YU
15:00:00,Thursday,0,YU
15:07:00,Thursday,3,YU
15:10:00,Thursday,0,YU
15:14:00,Thursday,0,YU
15:17:00,Thursday,5,BD
15:19:00,Thursday,0,YU
15:21:00,Thursday,10,YU
15:37:00,Thursday,7,YU
15:47:00,Thursday,0,BD
16:36:00,Thursday,3,BD
16:51:00,Thursday,0,BD
17:09:00,Thursday,0,YU
17:23:00,Thursday,0,YU
17:44:00,Thursday,0,YU
17:46:00,Thursday,5,YU
18:57:00,Thursday,0,YU
18:58:00,Thursday,0,YU
19:00:00,Thursday,0,BD
19:09:00,Thursday,0,YU
19:27:00,Thursday,15,YU
19:51:00,Thursday,24,BD
20:14:00,Thursday,0,YU
20:15:00,Thursday,0,YU
21:21:00,Thursday,0,BD
21:38:00,Thursday,0,BD
22:00:00,Thursday,0,YU/BD
22:07:00,Thursday,0,BD
22:09:00,Thursday,0,BD
22:43:00,Thursday,6,BD
22:47:00,Thursday,12,BD
22:50:00,Thursday,0,YU
23:00:00,Thursday,0,YU
23:05:00,Thursday,0,YU
23:16:00,Thursday,3,BD
01:37:00,Thursday,5,YU
13:13:00,Thursday,16,SHP
22:55:00,Thursday,3,SHP
02:18:00,Friday,0,BD
03:43:00,Friday,0,BD
06:00:00,Friday,0,YU/BD
06:20:00,Friday,3,BD
06:25:00,Friday,0,YU
06:31:00,Friday,0,BD
07:16:00,Friday,4,YU
07:22:00,Friday,5,YU
07:55:00,Friday,0,BD
08:46:00,Friday,0,BD
09:22:00,Friday,0,BD
09:35:00,Friday,5,YU
09:43:00,Friday,5,YU
09:54:00,Friday,0,BD
11:14:00,Friday,0,YU
11:57:00,Friday,0,YU
12:13:00,Friday,0,YU
12:27:00,Friday,0,YU
12:57:00,Friday,0,BD
13:17:00,Friday,3,YU
13:30:00,Friday,12,BD
13:31:00,Friday,0,YU
14:11:00,Friday,0,BD
14:12:00,Friday,0,YU
14:13:00,Friday,0,YU
14:17:00,Friday,0,BD
14:34:00,Friday,0,BD
14:43:00,Friday,0,BD
14:49:00,Friday,0,YU
15:09:00,Friday,4,YU
15:27:00,Friday,0,YU
15:34:00,Friday,3,BD
15:44:00,Friday,4,YU
15:47:00,Friday,3,YU
16:06:00,Friday,0,YU
16:11:00,Friday,0,BD
16:29:00,Friday,0,BD
17:13:00,Friday,0,YU
17:15:00,Friday,0,YU
17:16:00,Friday,0,BD
17:22:00,Friday,0,YU
18:07:00,Friday,0,BD
18:07:00,Friday,7,YU
18:22:00,Friday,3,YU
18:59:00,Friday,0,YU
19:10:00,Friday,3,YU
19:27:00,Friday,5,YU
20:49:00,Friday,10,YU
21:10:00,Friday,3,YU
21:15:00,Friday,0,BD
21:21:00,Friday,0,BD
21:42:00,Friday,5,YU
22:00:00,Friday,0,YU/BD
22:30:00,Friday,32,BD
22:46:00,Friday,0,YU
22:50:00,Friday,0,YU
22:50:00,Friday,17,BD
22:57:00,Friday,0,YU
23:09:00,Friday,0,YU
23:09:00,Friday,0,YU
23:13:00,Friday,0,BD
23:14:00,Friday,0,YU
23:29:00,Friday,0,YU
23:52:00,Friday,29,BD
00:04:00,Friday,6,YU
00:11:00,Friday,0,YU
00:37:00,Friday,5,YU
00:54:00,Friday,0,BD
01:11:00,Friday,0,YU
01:17:00,Friday,0,BD
06:00:00,Friday,0,SHP
19:29:00,Friday,0,SHP
20:31:00,Friday,0,SHP
23:36:00,Friday,0,SHP
01:13:00,Friday,0,SHP
02:37:00,Saturday,0,BD
02:38:00,Saturday,0,YU
05:54:00,Saturday,7,BD
06:47:00,Saturday,7,YU
07:06:00,Saturday,0,YU
08:13:00,Saturday,0,YU
09:40:00,Saturday,6,YU
09:50:00,Saturday,4,YU
09:50:00,Saturday,0,YU
10:13:00,Saturday,0,YU
10:43:00,Saturday,4,YU
10:55:00,Saturday,0,YU
11:22:00,Saturday,0,BD
11:57:00,Saturday,12,BD
12:00:00,Saturday,0,YU
12:15:00,Saturday,6,YU
12:23:00,Saturday,0,BD
12:51:00,Saturday,0,YU
12:53:00,Saturday,5,BD
13:17:00,Saturday,0,YU
13:28:00,Saturday,3,BD
13:31:00,Saturday,0,BD
13:48:00,Saturday,0,YU
14:03:00,Saturday,19,BD
14:29:00,Saturday,20,YU
14:43:00,Saturday,0,YU
15:03:00,Saturday,3,BD
15:24:00,Saturday,0,YU
15:27:00,Saturday,53,YU
15:28:00,Saturday,0,YU
16:16:00,Saturday,0,YU
16:25:00,Saturday,0,YU
16:30:00,Saturday,0,BD
16:36:00,Saturday,4,YU
16:42:00,Saturday,4,YU
16:46:00,Saturday,3,YU
17:04:00,Saturday,4,YU
17:09:00,Saturday,0,BD
17:22:00,Saturday,0,YU
18:11:00,Saturday,0,YU
18:19:00,Saturday,0,BD
18:31:00,Saturday,0,YU
19:13:00,Saturday,6,YU
19:13:00,Saturday,0,BD
19:19:00,Saturday,0,BD
19:31:00,Saturday,0,BD
20:33:00,Saturday,0,YU
20:33:00,Saturday,0,BD
20:36:00,Saturday,0,BD
20:51:00,Saturday,0,BD
20:55:00,Saturday,6,BD
21:20:00,Saturday,0,YU
21:25:00,Saturday,3,BD
21:35:00,Saturday,0,BD
21:49:00,Saturday,17,YU
22:00:00,Saturday,0,YU/ BD
22:06:00,Saturday,0,YU
22:15:00,Saturday,0,YU
22:44:00,Saturday,18,BD
22:46:00,Saturday,0,YU
23:03:00,Saturday,0,YU
23:14:00,Saturday,12,BD
23:52:00,Saturday,0,BD
00:15:00,Saturday,0,YU
00:24:00,Saturday,6,BD
00:31:00,Saturday,0,YU
00:52:00,Saturday,0,BD
01:02:00,Saturday,0,BD
01:06:00,Saturday,0,BD
01:21:00,Saturday,0,YU
01:25:00,Saturday,12,YU
16:09:00,Saturday,0,SHP
23:02:00,Saturday,0,SHP
08:31:00,Sunday,18,YU
09:17:00,Sunday,0,YU
11:03:00,Sunday,5,BD
12:03:00,Sunday,0,YU
12:03:00,Sunday,0,BD
13:48:00,Sunday,0,YU
14:51:00,Sunday,7,YU
15:04:00,Sunday,0,BD
15:09:00,Sunday,0,YU
15:21:00,Sunday,0,YU
15:45:00,Sunday,0,YU
15:52:00,Sunday,0,BD
16:01:00,Sunday,5,BD
16:22:00,Sunday,0,BD
16:29:00,Sunday,0,BD
16:29:00,Sunday,0,YU
17:19:00,Sunday,4,YU
17:50:00,Sunday,0,BD
18:09:00,Sunday,0,BD
18:26:00,Sunday,4,YU
18:48:00,Sunday,0,BD
18:50:00,Sunday,18,YU
18:52:00,Sunday,0,YU
19:50:00,Sunday,0,YU
20:19:00,Sunday,3,YU
20:52:00,Sunday,7,YU
20:58:00,Sunday,0,YU
21:14:00,Sunday,0,YU
22:00:00,Sunday,0,YUS/BD
22:43:00,Sunday,0,BD
22:43:00,Sunday,17,YU
22:46:00,Sunday,10,BD
22:51:00,Sunday,0,BD
22:58:00,Sunday,4,YU
23:00:00,Sunday,7,YU
23:43:00,Sunday,7,YU
00:27:00,Sunday,0,BD
00:34:00,Sunday,0,BD
01:05:00,Sunday,0,BD
01:30:00,Sunday,3,YU
01:36:00,Sunday,0,BD
01:53:00,Sunday,0,BD
01:53:00,Sunday,0,YU
09:26:00,Sunday,0,SHP
12:04:00,Sunday,0,SHP
22:16:00,Sunday,0,SHP
01:22:00,Sunday,0,SHP
02:31:00,Monday,0,BD
05:34:00,Monday,0,BD
06:27:00,Monday,9,YU
06:32:00,Monday,0,YU
08:57:00,Monday,0,BD
10:36:00,Monday,0,BD
11:11:00,Monday,0,BD
12:29:00,Monday,0,YU
12:31:00,Monday,4,YU
12:58:00,Monday,0,BD
14:04:00,Monday,5,YU
14:08:00,Monday,12,YU
16:00:00,Monday,0,YU
16:13:00,Monday,4,BD
16:20:00,Monday,4,YU
16:37:00,Monday,0,YU
16:40:00,Monday,0,YU
17:34:00,Monday,17,BD
17:40:00,Monday,0,BD
17:57:00,Monday,4,YU
18:03:00,Monday,0,YU
18:19:00,Monday,0,YU
18:34:00,Monday,0,YU
19:07:00,Monday,14,YU
19:12:00,Monday,0,BD
19:13:00,Monday,0,BD
19:14:00,Monday,0,YU
19:34:00,Monday,10,YU
19:53:00,Monday,3,YU
20:04:00,Monday,0,YU
20:33:00,Monday,0,YU
20:39:00,Monday,0,YU
21:02:00,Monday,0,YU
21:07:00,Monday,0,BD
21:19:00,Monday,0,YU
21:57:00,Monday,9,BD
22:00:00,Monday,0,YU/BD
22:26:00,Monday,0,BD
22:29:00,Monday,0,BD
22:38:00,Monday,0,BD
23:45:00,Monday,0,YU
00:16:00,Monday,8,BD
00:16:00,Monday,5,BD
00:40:00,Monday,0,BD
00:43:00,Monday,3,YU
01:06:00,Monday,6,BD
01:43:00,Monday,0,YU
01:50:00,Monday,0,BD
05:55:00,Monday,8,SHP
02:08:00,Tuesday,3,BD
05:44:00,Tuesday,4,YU
06:05:00,Tuesday,0,YU
06:09:00,Tuesday,3,YU
06:21:00,Tuesday,0,YU
06:21:00,Tuesday,4,BD
06:26:00,Tuesday,0,BD
06:54:00,Tuesday,12,YU
07:09:00,Tuesday,0,BD
07:46:00,Tuesday,3,BD
07:47:00,Tuesday,0,YU
08:02:00,Tuesday,0,BD
08:45:00,Tuesday,20,BD
08:57:00,Tuesday,0,BD
09:02:00,Tuesday,0,YU
10:16:00,Tuesday,0,YU
10:46:00,Tuesday,0,YU
10:55:00,Tuesday,0,YU
11:19:00,Tuesday,0,BD
11:52:00,Tuesday,0,BD
11:57:00,Tuesday,8,BD
12:58:00,Tuesday,0,BD
13:12:00,Tuesday,0,BD
13:18:00,Tuesday,0,BD
14:12:00,Tuesday,5,YU
14:55:00,Tuesday,6,BD
15:09:00,Tuesday,0,YU
15:36:00,Tuesday,0,YU
15:37:00,Tuesday,0,YU
15:47:00,Tuesday,3,YU
15:58:00,Tuesday,3,BD
16:27:00,Tuesday,0,BD
16:33:00,Tuesday,3,YU
16:37:00,Tuesday,6,YU
16:42:00,Tuesday,6,BD
16:52:00,Tuesday,4,BD
16:57:00,Tuesday,0,BD
17:35:00,Tuesday,0,YU
18:02:00,Tuesday,0,YU
18:06:00,Tuesday,0,BD
18:08:00,Tuesday,0,YU
18:58:00,Tuesday,0,YU
19:03:00,Tuesday,11,YU
19:34:00,Tuesday,0,YU
20:01:00,Tuesday,0,YU
20:09:00,Tuesday,0,YU
20:21:00,Tuesday,0,YU
20:22:00,Tuesday,3,BD
21:29:00,Tuesday,0,YU
21:37:00,Tuesday,0,BD
22:00:00,Tuesday,0,YU/BD
22:34:00,Tuesday,0,BD
23:39:00,Tuesday,10,YU
00:01:00,Tuesday,0,YU
01:46:00,Tuesday,3,BD
11:40:00,Tuesday,0,SHP
19:45:00,Tuesday,0,SHP
20:25:00,Tuesday,3,SHP
05:46:00,Wednesday,0,BD
06:08:00,Wednesday,0,YU
06:41:00,Wednesday,0,BD
07:22:00,Wednesday,5,YU
07:28:00,Wednesday,4,YU
07:42:00,Wednesday,7,YU
07:43:00,Wednesday,5,YU
08:18:00,Wednesday,3,YU
08:21:00,Wednesday,0,YU
08:38:00,Wednesday,5,YU
08:55:00,Wednesday,0,YU
09:32:00,Wednesday,0,BD
09:33:00,Wednesday,0,YU
09:40:00,Wednesday,0,YU
10:09:00,Wednesday,3,YU
10:29:00,Wednesday,0,YU
10:37:00,Wednesday,15,YU
10:42:00,Wednesday,8,BD
10:58:00,Wednesday,0,YU
11:25:00,Wednesday,10,YU
12:18:00,Wednesday,0,BD
12:54:00,Wednesday,0,BD
13:01:00,Wednesday,0,BD
13:12:00,Wednesday,7,YU
13:17:00,Wednesday,11,YU
13:47:00,Wednesday,0,YU
13:49:00,Wednesday,50,YU
14:05:00,Wednesday,0,BD
14:14:00,Wednesday,0,YU
14:26:00,Wednesday,0,YU
14:56:00,Wednesday,5,YU
15:06:00,Wednesday,0,YU
15:30:00,Wednesday,4,BD
15:59:00,Wednesday,3,BD
16:16:00,Wednesday,0,BD
16:30:00,Wednesday,7,YU
16:37:00,Wednesday,0,BD
17:00:00,Wednesday,0,BD
17:06:00,Wednesday,0,BD
17:12:00,Wednesday,0,YU
17:35:00,Wednesday,5,YU
17:55:00,Wednesday,0,YU
18:11:00,Wednesday,0,YU
18:15:00,Wednesday,0,BD
19:22:00,Wednesday,0,YU
19:25:00,Wednesday,4,YU
20:01:00,Wednesday,0,BD
20:12:00,Wednesday,5,YU
20:34:00,Wednesday,0,YU
20:36:00,Wednesday,0,BD
21:07:00,Wednesday,0,YU
21:23:00,Wednesday,18,BD
22:00:00,Wednesday,0,YU/BD
22:16:00,Wednesday,6,YU
22:58:00,Wednesday,0,BD
23:26:00,Wednesday,0,BD
23:41:00,Wednesday,0,BD
00:08:00,Wednesday,0,BD
00:41:00,Wednesday,17,BD
00:42:00,Wednesday,0,YU
00:49:00,Wednesday,0,YU
01:27:00,Wednesday,0,BD
01:38:00,Wednesday,3,YU
09:19:00,Wednesday,0,SHP
13:16:00,Wednesday,7,SHP
20:23:00,Wednesday,7,SHP
01:26:00,Wednesday,0,SHP
02:39:00,Thursday,0,YU
07:03:00,Thursday,0,BD
07:04:00,Thursday,0,BD
07:10:00,Thursday,0,BD
08:08:00,Thursday,19,YU
08:12:00,Thursday,3,BD
08:20:00,Thursday,0,YU
09:15:00,Thursday,70,YU
09:44:00,Thursday,7,BD
10:00:00,Thursday,5,YU
10:12:00,Thursday,0,BD
10:42:00,Thursday,0,YU
11:05:00,Thursday,5,BD
11:38:00,Thursday,43,BD
12:16:00,Thursday,0,YU
12:28:00,Thursday,0,YU
13:04:00,Thursday,0,YU
13:16:00,Thursday,0,YU
13:34:00,Thursday,0,YU
13:46:00,Thursday,0,BD
13:55:00,Thursday,0,BD
14:23:00,Thursday,0,BD
15:02:00,Thursday,0,BD
15:12:00,Thursday,5,YU
15:32:00,Thursday,0,YU
15:40:00,Thursday,4,YU
15:44:00,Thursday,0,BD
16:01:00,Thursday,0,YU
16:25:00,Thursday,0,BD
16:29:00,Thursday,0,BD
16:38:00,Thursday,5,YU
16:45:00,Thursday,5,YU
16:48:00,Thursday,4,YU
16:50:00,Thursday,4,YU
17:04:00,Thursday,0,BD
17:13:00,Thursday,0,YU
17:25:00,Thursday,3,BD
17:25:00,Thursday,0,BD
17:59:00,Thursday,0,BD
18:24:00,Thursday,0,YU
18:39:00,Thursday,5,BD
18:50:00,Thursday,7,BD
18:53:00,Thursday,4,YU
19:00:00,Thursday,0,BD
19:02:00,Thursday,0,BD
19:22:00,Thursday,0,YU
19:49:00,Thursday,0,YU
19:52:00,Thursday,13,BD
20:21:00,Thursday,14,YU
20:48:00,Thursday,0,YU
20:58:00,Thursday,8,BD
21:25:00,Thursday,0,YU
21:30:00,Thursday,0,YU
21:41:00,Thursday,0,YU
21:57:00,Thursday,0,YU
22:00:00,Thursday,0,YU/BD
22:16:00,Thursday,0,YU
22:28:00,Thursday,5,BD
22:29:00,Thursday,0,BD
22:32:00,Thursday,0,YU
22:43:00,Thursday,14,YU
22:48:00,Thursday,15,YU
22:58:00,Thursday,6,YU
23:09:00,Thursday,0,BD
23:10:00,Thursday,0,BD
23:10:00,Thursday,21,YU
23:15:00,Thursday,0,BD
23:23:00,Thursday,0,BD
23:50:00,Thursday,0,YU
00:22:00,Thursday,15,BD
00:44:00,Thursday,0,BD
01:08:00,Thursday,0,YU
01:23:00,Thursday,4,YU
01:30:00,Thursday,0,YU
01:40:00,Thursday,0,BD
10:18:00,Thursday,5,SHP
12:58:00,Thursday,7,SHP
02:03:00,Friday,0,BD
02:23:00,Friday,0,YU
04:59:00,Friday,0,YU
05:31:00,Friday,0,YU
05:50:00,Friday,6,BD
05:52:00,Friday,0,YU
06:04:00,Friday,9,YU
06:12:00,Friday,0,YU
06:24:00,Friday,0,YU
06:29:00,Friday,3,YU
06:32:00,Friday,3,YU
06:36:00,Friday,0,BD
06:57:00,Friday,16,YU
07:00:00,Friday,0,BD
07:12:00,Friday,0,YU
07:34:00,Friday,3,YU
07:50:00,Friday,0,YU
07:54:00,Friday,0,BD
07:56:00,Friday,0,YU
08:07:00,Friday,4,BD
08:36:00,Friday,3,YU
08:54:00,Friday,0,YU
09:09:00,Friday,0,BD
09:30:00,Friday,0,BD
09:53:00,Friday,0,YU
10:20:00,Friday,0,YU
10:26:00,Friday,30,YU
10:41:00,Friday,0,YU
10:57:00,Friday,0,YU
11:22:00,Friday,8,BD
11:40:00,Friday,3,BD
11:49:00,Friday,0,BD
12:19:00,Friday,0,YU
12:45:00,Friday,0,BD
13:53:00,Friday,5,YU
14:02:00,Friday,0,BD
14:16:00,Friday,7,BD
14:30:00,Friday,0,BD
16:05:00,Friday,30,BD
16:05:00,Friday,0,YU
16:32:00,Friday,0,YU
16:38:00,Friday,0,YU
16:41:00,Friday,5,YU
16:44:00,Friday,5,YU
17:05:00,Friday,0,YU
17:10:00,Friday,7,BD
17:13:00,Friday,5,YU
17:43:00,Friday,0,BD
17:44:00,Friday,0,YU
17:50:00,Friday,0,YU
17:51:00,Friday,0,YU
18:02:00,Friday,0,BD
18:27:00,Friday,0,BD
18:58:00,Friday,0,YU
19:10:00,Friday,0,YU
19:26:00,Friday,0,YU
19:32:00,Friday,5,YU
19:54:00,Friday,0,YU
19:58:00,Friday,0,BD
20:12:00,Friday,0,BD
20:18:00,Friday,0,YU
20:35:00,Friday,26,BD
21:40:00,Friday,22,BD
22:00:00,Friday,0,YU/BD
22:04:00,Friday,0,YU
22:24:00,Friday,0,YU
22:37:00,Friday,4,YU
22:40:00,Friday,0,BD
22:59:00,Friday,0,BD
23:00:00,Friday,18,YU
23:18:00,Friday,0,YU
23:23:00,Friday,0,BD
00:04:00,Friday,0,BD
00:32:00,Friday,0,YU
00:39:00,Friday,0,BD
01:54:00,Friday,0,YU
11:58:00,Friday,0,SHP
15:06:00,Friday,0,SHP
15:21:00,Friday,0,SHP
17:42:00,Friday,0,SHP
23:02:00,Friday,16,SHP
04:24:00,Saturday,0,YU
05:46:00,Saturday,0,BD
05:48:00,Saturday,0,BD
05:50:00,Saturday,0,YU
05:54:00,Saturday,8,YU
06:00:00,Saturday,0,BD
06:34:00,Saturday,11,YU
06:45:00,Saturday,0,YU
07:23:00,Saturday,0,BD
08:21:00,Saturday,0,YU
08:47:00,Saturday,0,YU
09:10:00,Saturday,5,BD
09:23:00,Saturday,0,BD
09:23:00,Saturday,0,YU
09:40:00,Saturday,0,BD
09:45:00,Saturday,6,YU
09:53:00,Saturday,3,YU
09:58:00,Saturday,0,BD
10:06:00,Saturday,0,BD
10:08:00,Saturday,0,YU
10:08:00,Saturday,6,YU
10:17:00,Saturday,0,BD
10:23:00,Saturday,0,BD
10:40:00,Saturday,7,YU
11:25:00,Saturday,18,YU
11:44:00,Saturday,0,YU
11:50:00,Saturday,0,YU
11:57:00,Saturday,0,BD
12:21:00,Saturday,0,YU
12:41:00,Saturday,0,YU
12:50:00,Saturday,0,YU
13:38:00,Saturday,0,BD
13:39:00,Saturday,0,BD
13:40:00,Saturday,0,BD
13:47:00,Saturday,0,YU
14:10:00,Saturday,0,YU
14:13:00,Saturday,0,YU
14:15:00,Saturday,4,YU
14:55:00,Saturday,0,BD
15:00:00,Saturday,0,YU
15:21:00,Saturday,5,BD
15:23:00,Saturday,5,YU
16:21:00,Saturday,0,BD
16:27:00,Saturday,0,YU
17:00:00,Saturday,0,YU
17:22:00,Saturday,0,YU
17:32:00,Saturday,11,YU
17:42:00,Saturday,0,BD
18:05:00,Saturday,7,BD
18:10:00,Saturday,7,BD
18:14:00,Saturday,0,YU
18:24:00,Saturday,0,BD
18:38:00,Saturday,0,YU
18:42:00,Saturday,0,YU
19:02:00,Saturday,0,YU
19:54:00,Saturday,0,YU
20:11:00,Saturday,0,YU
20:23:00,Saturday,16,YU
20:30:00,Saturday,5,BD
20:46:00,Saturday,5,BD
20:58:00,Saturday,0,BD
21:16:00,Saturday,4,YU
21:40:00,Saturday,4,YU
21:44:00,Saturday,0,YU
22:00:00,Saturday,0,YU/BD
22:10:00,Saturday,0,BD
22:20:00,Saturday,10,BD
22:26:00,Saturday,0,BD
22:42:00,Saturday,0,BD
00:27:00,Saturday,0,BD
00:50:00,Saturday,0,BD
01:08:00,Saturday,4,BD
01:23:00,Saturday,0,BD
01:38:00,Saturday,0,BD
01:48:00,Saturday,17,YU
01:55:00,Saturday,0,YU
16:10:00,Saturday,0,SHP
03:17:00,Sunday,0,BD
07:48:00,Sunday,0,BD
07:52:00,Sunday,4,YU
07:58:00,Sunday,7,YU
08:03:00,Sunday,9,BD
08:05:00,Sunday,0,YU
08:28:00,Sunday,6,YU
08:30:00,Sunday,4,YU
08:45:00,Sunday,3,YU
09:14:00,Sunday,0,YU
09:16:00,Sunday,0,BD
09:47:00,Sunday,4,YU
09:49:00,Sunday,0,YU
09:58:00,Sunday,0,YU
10:12:00,Sunday,0,YU
10:20:00,Sunday,7,YU
11:30:00,Sunday,0,YU
11:37:00,Sunday,6,YU
12:07:00,Sunday,0,BD
12:29:00,Sunday,0,BD
12:36:00,Sunday,0,BD
13:18:00,Sunday,0,YU
13:24:00,Sunday,0,YU
13:46:00,Sunday,0,YU
13:55:00,Sunday,6,YU
14:01:00,Sunday,5,YU
14:14:00,Sunday,4,YU
14:15:00,Sunday,0,BD
15:06:00,Sunday,4,YU
16:10:00,Sunday,4,YU
16:19:00,Sunday,11,YU
16:26:00,Sunday,0,YU
17:31:00,Sunday,0,YU
17:50:00,Sunday,0,BD
18:41:00,Sunday,6,YU
19:10:00,Sunday,3,BD
19:11:00,Sunday,0,BD
19:24:00,Sunday,6,YU
19:35:00,Sunday,0,BD
20:10:00,Sunday,3,YU
20:42:00,Sunday,8,YU
20:44:00,Sunday,5,YU
21:01:00,Sunday,11,BD
21:36:00,Sunday,5,YU
21:54:00,Sunday,0,BD
22:00:00,Sunday,0,YU/BD
22:15:00,Sunday,5,YU
23:09:00,Sunday,0,YU
23:37:00,Sunday,0,YU
23:48:00,Sunday,5,YU
23:52:00,Sunday,5,BD
23:57:00,Sunday,0,YU
00:20:00,Sunday,104,BD
00:37:00,Sunday,5,YU
01:08:00,Sunday,0,YU
01:55:00,Sunday,8,YU
11:24:00,Sunday,0,SHP
02:06:00,Monday,0,BD
02:18:00,Monday,0,YU
04:29:00,Monday,0,BD
04:43:00,Monday,0,BD
05:16:00,Monday,0,YU
05:38:00,Monday,0,BD
05:43:00,Monday,3,BD
06:05:00,Monday,5,BD
06:54:00,Monday,3,YU
07:14:00,Monday,0,YU
07:18:00,Monday,0,BD
07:19:00,Monday,0,YU
07:37:00,Monday,0,YU
08:12:00,Monday,0,BD
08:29:00,Monday,0,YU
08:30:00,Monday,0,BD
08:41:00,Monday,0,YU
08:46:00,Monday,0,BD
09:12:00,Monday,6,YU
09:38:00,Monday,0,YU
09:44:00,Monday,4,YU
10:07:00,Monday,0,BD
10:21:00,Monday,0,YU
10:47:00,Monday,0,YU
10:49:00,Monday,4,YU
10:53:00,Monday,0,YU
10:58:00,Monday,0,YU
11:00:00,Monday,3,YU
11:03:00,Monday,0,YU
11:32:00,Monday,0,YU
11:46:00,Monday,8,YU
11:50:00,Monday,0,BD
11:53:00,Monday,0,BD
11:55:00,Monday,5,BD
12:00:00,Monday,0,YU
12:59:00,Monday,0,YU
13:04:00,Monday,5,YU
13:13:00,Monday,0,BD
13:29:00,Monday,5,YU
13:44:00,Monday,0,BD
14:08:00,Monday,0,YU
14:17:00,Monday,0,BD
14:25:00,Monday,0,YU
14:28:00,Monday,0,YU
15:33:00,Monday,0,BD
15:37:00,Monday,0,BD
15:59:00,Monday,0,BD
16:04:00,Monday,5,YU
16:12:00,Monday,0,BD
16:59:00,Monday,3,YU
17:14:00,Monday,4,YU
17:21:00,Monday,15,YU
17:42:00,Monday,0,YU
17:55:00,Monday,0,YU
18:24:00,Monday,0,BD
18:45:00,Monday,0,YU
19:09:00,Monday,0,BD
20:17:00,Monday,0,YU
20:23:00,Monday,0,YU
20:34:00,Monday,0,YU
21:07:00,Monday,0,BD
21:11:00,Monday,0,BD
21:29:00,Monday,0,YU
22:00:00,Monday,0,YU/BD
22:46:00,Monday,0,YU
23:00:00,Monday,0,YU
23:22:00,Monday,0,YU
00:21:00,Monday,0,BD
00:31:00,Monday,0,YU
01:58:00,Monday,12,YU
15:38:00,Monday,9,SHP
20:54:00,Monday,0,SHP
23:08:00,Monday,0,SHP
23:09:00,Monday,0,SHP
02:04:00,Tuesday,0,BD
02:06:00,Tuesday,0,BD
05:30:00,Tuesday,0,YU
05:53:00,Tuesday,6,YU
06:11:00,Tuesday,3,BD
06:14:00,Tuesday,0,YU
06:14:00,Tuesday,0,YU
06:15:00,Tuesday,0,BD
06:27:00,Tuesday,0,YU
07:01:00,Tuesday,8,YU
07:26:00,Tuesday,0,BD
07:53:00,Tuesday,0,YU
08:04:00,Tuesday,3,YU
08:17:00,Tuesday,5,YU
08:22:00,Tuesday,3,YU
08:25:00,Tuesday,0,BD
08:54:00,Tuesday,0,BD
09:01:00,Tuesday,0,BD
09:49:00,Tuesday,0,BD
10:12:00,Tuesday,0,BD
10:27:00,Tuesday,0,BD
10:41:00,Tuesday,14,YU
10:50:00,Tuesday,0,YU
11:20:00,Tuesday,0,BD
11:44:00,Tuesday,0,YU
12:43:00,Tuesday,0,BD
13:13:00,Tuesday,0,BD
13:43:00,Tuesday,0,YU
13:47:00,Tuesday,7,YU
13:52:00,Tuesday,0,BD
14:12:00,Tuesday,0,YU
14:17:00,Tuesday,0,BD
14:21:00,Tuesday,4,BD
14:25:00,Tuesday,0,BD
14:36:00,Tuesday,7,BD
14:42:00,Tuesday,3,YU
14:46:00,Tuesday,0,YU
14:46:00,Tuesday,0,BD
15:10:00,Tuesday,6,YU
15:19:00,Tuesday,0,BD
15:27:00,Tuesday,0,BD
15:33:00,Tuesday,3,BD
15:44:00,Tuesday,0,YU
15:56:00,Tuesday,0,YU
16:08:00,Tuesday,0,YU
16:13:00,Tuesday,0,BD
16:18:00,Tuesday,5,YU
16:37:00,Tuesday,5,YU
16:41:00,Tuesday,5,YU
16:43:00,Tuesday,0,BD
16:57:00,Tuesday,9,BD
17:14:00,Tuesday,3,YU
17:20:00,Tuesday,0,BD
17:28:00,Tuesday,0,BD
17:40:00,Tuesday,0,YU
18:46:00,Tuesday,0,BD
19:11:00,Tuesday,0,YU
19:14:00,Tuesday,0,YU
19:19:00,Tuesday,0,BD
19:27:00,Tuesday,10,BD
19:28:00,Tuesday,3,YU
19:30:00,Tuesday,3,YU
19:42:00,Tuesday,9,BD
20:12:00,Tuesday,0,YU
20:13:00,Tuesday,9,BD
20:15:00,Tuesday,8,YU
20:37:00,Tuesday,0,YU
20:42:00,Tuesday,6,YU
20:54:00,Tuesday,11,YU
20:54:00,Tuesday,0,YU
21:00:00,Tuesday,0,BD
21:18:00,Tuesday,0,BD
21:28:00,Tuesday,0,BD
22:00:00,Tuesday,0,YU/BD
22:04:00,Tuesday,0,YU
22:13:00,Tuesday,0,YU
22:18:00,Tuesday,0,BD
22:26:00,Tuesday,0,YU
22:40:00,Tuesday,0,BD
22:50:00,Tuesday,0,YU
23:00:00,Tuesday,0,YU
23:37:00,Tuesday,0,BD
00:01:00,Tuesday,0,YU
00:16:00,Tuesday,0,YU
00:17:00,Tuesday,0,BD
00:27:00,Tuesday,5,YU
00:43:00,Tuesday,5,BD
01:07:00,Tuesday,0,BD
01:35:00,Tuesday,6,YU
01:41:00,Tuesday,0,YU
07:45:00,Tuesday,4,SHP
02:10:00,Wednesday,0,YU
02:38:00,Wednesday,0,YU
02:38:00,Wednesday,0,YU
05:44:00,Wednesday,0,YU
06:20:00,Wednesday,0,BD
06:36:00,Wednesday,0,BD
06:37:00,Wednesday,0,BD
07:11:00,Wednesday,5,YU
07:16:00,Wednesday,0,YU
07:19:00,Wednesday,3,YU
07:32:00,Wednesday,0,BD
07:34:00,Wednesday,0,YU
07:35:00,Wednesday,0,YU
07:42:00,Wednesday,0,BD
07:54:00,Wednesday,5,YU
08:06:00,Wednesday,0,YU
08:18:00,Wednesday,3,BD
08:39:00,Wednesday,0,YU
08:42:00,Wednesday,0,YU
08:58:00,Wednesday,4,YU
09:21:00,Wednesday,5,YU
09:54:00,Wednesday,0,BD
09:59:00,Wednesday,11,BD
10:16:00,Wednesday,3,YU
10:38:00,Wednesday,0,YU
10:56:00,Wednesday,0,YU
12:11:00,Wednesday,0,YU
13:35:00,Wednesday,10,YU
14:42:00,Wednesday,0,BD
15:03:00,Wednesday,13,YU
15:07:00,Wednesday,0,BD
15:24:00,Wednesday,0,BD
15:36:00,Wednesday,0,BD
15:56:00,Wednesday,14,YU
16:01:00,Wednesday,6,YU
16:38:00,Wednesday,3,BD
17:08:00,Wednesday,4,BD
17:12:00,Wednesday,0,BD
17:33:00,Wednesday,18,BD
17:45:00,Wednesday,0,YU
18:27:00,Wednesday,0,BD
19:08:00,Wednesday,0,YU
19:10:00,Wednesday,0,BD
20:31:00,Wednesday,0,BD
20:38:00,Wednesday,0,YU
20:59:00,Wednesday,0,YU
21:49:00,Wednesday,5,YU
21:55:00,Wednesday,0,BD
22:00:00,Wednesday,0,YU/ BD
22:12:00,Wednesday,0,YU
22:17:00,Wednesday,0,YU
22:30:00,Wednesday,0,YU
22:31:00,Wednesday,5,BD
23:00:00,Wednesday,0,BD
23:16:00,Wednesday,12,YU
23:30:00,Wednesday,0,YU
23:35:00,Wednesday,0,BD
23:35:00,Wednesday,5,YU
23:40:00,Wednesday,0,YU
23:59:00,Wednesday,0,BD
00:28:00,Wednesday,0,YU
00:50:00,Wednesday,0,YU
00:56:00,Wednesday,5,YU
01:17:00,Wednesday,5,YU
09:39:00,Wednesday,9,SHP
09:50:00,Wednesday,7,SHP
10:10:00,Wednesday,0,SHP
13:49:00,Wednesday,0,SHP
02:16:00,Thursday,0,YU
02:26:00,Thursday,0,YU
02:31:00,Thursday,0,BD
06:02:00,Thursday,2,BD
06:08:00,Thursday,4,YU
06:16:00,Thursday,7,YU
06:31:00,Thursday,8,YU
06:40:00,Thursday,0,BD
06:51:00,Thursday,0,BD
06:56:00,Thursday,3,YU
07:06:00,Thursday,0,BD
07:09:00,Thursday,21,BD
07:41:00,Thursday,0,BD
08:21:00,Thursday,0,BD
08:25:00,Thursday,5,YU
08:31:00,Thursday,3,YU
08:47:00,Thursday,0,BD
08:53:00,Thursday,0,YU
09:06:00,Thursday,0,BD
09:09:00,Thursday,0,BD
09:48:00,Thursday,0,BD
09:51:00,Thursday,0,BD
09:52:00,Thursday,12,YU
10:41:00,Thursday,0,YU
12:13:00,Thursday,4,BD
12:18:00,Thursday,0,YU
12:18:00,Thursday,0,YU
13:00:00,Thursday,0,BD
13:12:00,Thursday,13,YU
13:34:00,Thursday,0,BD
13:35:00,Thursday,24,BD
14:05:00,Thursday,0,YU
15:09:00,Thursday,25,YU
15:10:00,Thursday,0,BD
15:55:00,Thursday,0,YU
15:56:00,Thursday,3,BD
16:09:00,Thursday,3,YU
16:30:00,Thursday,0,BD
16:32:00,Thursday,6,BD
16:35:00,Thursday,5,YU
16:44:00,Thursday,0,YU
16:52:00,Thursday,7,BD
17:01:00,Thursday,0,YU
17:04:00,Thursday,0,BD
17:16:00,Thursday,9,BD
17:22:00,Thursday,3,BD
17:35:00,Thursday,8,BD
17:39:00,Thursday,0,YU
19:20:00,Thursday,0,BD
19:33:00,Thursday,12,YU
19:39:00,Thursday,0,YU
19:54:00,Thursday,0,BD
20:29:00,Thursday,0,BD
20:32:00,Thursday,4,YU
20:35:00,Thursday,3,BD
21:20:00,Thursday,0,YU
21:32:00,Thursday,0,YU
21:48:00,Thursday,0,BD
22:00:00,Thursday,0,YU/BD
22:26:00,Thursday,0,YU
23:01:00,Thursday,0,YU
23:16:00,Thursday,0,YU
23:36:00,Thursday,3,BD
00:55:00,Thursday,15,BD
01:38:00,Thursday,5,YU
01:43:00,Thursday,0,BD
01:52:00,Thursday,0,YU
01:56:00,Thursday,0,YU
12:34:00,Thursday,0,SHP
02:37:00,Friday,0,YU
02:40:00,Friday,0,YU
02:55:00,Friday,0,YU
05:53:00,Friday,3,BD
06:14:00,Friday,5,YU
06:18:00,Friday,0,YU
07:13:00,Friday,0,BD
07:26:00,Friday,52,YU
07:52:00,Friday,3,BD
08:02:00,Friday,0,YU
08:12:00,Friday,0,BD
08:28:00,Friday,0,BD
08:32:00,Friday,0,BD
08:45:00,Friday,3,YU
09:05:00,Friday,0,YU
09:07:00,Friday,0,YU
09:10:00,Friday,3,YU
09:13:00,Friday,0,YU
09:38:00,Friday,7,YU
09:38:00,Friday,5,BD
09:40:00,Friday,0,BD
09:44:00,Friday,0,YU
09:47:00,Friday,4,YU
09:53:00,Friday,3,YU
10:51:00,Friday,0,BD
11:09:00,Friday,0,BD
11:20:00,Friday,5,YU
11:35:00,Friday,0,BD
11:44:00,Friday,5,BD
11:50:00,Friday,6,BD
12:02:00,Friday,0,BD
12:39:00,Friday,0,YU
12:43:00,Friday,5,BD
12:47:00,Friday,0,YU
13:18:00,Friday,0,BD
13:57:00,Friday,0,BD
14:08:00,Friday,0,BD
14:28:00,Friday,18,BD
14:35:00,Friday,0,BD
14:50:00,Friday,0,BD
14:55:00,Friday,4,YU
14:55:00,Friday,3,YU
15:00:00,Friday,5,BD
15:45:00,Friday,6,BD
15:48:00,Friday,0,YU
15:52:00,Friday,0,YU
16:30:00,Friday,0,YU
16:54:00,Friday,0,BD
17:00:00,Friday,0,YU
17:01:00,Friday,4,YU
17:08:00,Friday,0,YU
17:08:00,Friday,3,YU
17:14:00,Friday,7,YU
17:16:00,Friday,0,BD
17:39:00,Friday,0,BD
17:53:00,Friday,0,YU
18:00:00,Friday,3,BD
18:14:00,Friday,4,BD
18:21:00,Friday,6,YU
18:24:00,Friday,15,YU
19:39:00,Friday,0,BD
19:44:00,Friday,4,YU
20:15:00,Friday,5,BD
20:45:00,Friday,7,YU
21:05:00,Friday,8,YU
21:38:00,Friday,5,YU
21:55:00,Friday,0,YU
22:00:00,Friday,0,YU/ BD
22:11:00,Friday,4,YU
22:13:00,Friday,0,BD
22:32:00,Friday,12,BD
22:34:00,Friday,0,BD
22:34:00,Friday,0,YU
23:00:00,Friday,0,YU
23:39:00,Friday,5,BD
23:49:00,Friday,3,BD
23:58:00,Friday,0,BD
00:02:00,Friday,5,BD
00:09:00,Friday,4,YU
00:19:00,Friday,5,YU
00:29:00,Friday,0,BD
01:00:00,Friday,0,YU
01:06:00,Friday,0,BD
01:06:00,Friday,0,BD
01:27:00,Friday,0,YU
01:40:00,Friday,0,YU
02:06:00,Saturday,0,YU
05:38:00,Saturday,8,YU
05:46:00,Saturday,0,YU
05:59:00,Saturday,5,BD
06:20:00,Saturday,9,YU
07:09:00,Saturday,10,YU
07:31:00,Saturday,0,YU
07:36:00,Saturday,0,BD
08:02:00,Saturday,0,YU
08:10:00,Saturday,0,BD
09:56:00,Saturday,0,BD
09:57:00,Saturday,0,BD
10:22:00,Saturday,0,YU
11:02:00,Saturday,0,YU
11:12:00,Saturday,0,BD
11:56:00,Saturday,3,BD
12:31:00,Saturday,0,YU
12:42:00,Saturday,0,YU
13:10:00,Saturday,0,BD
13:21:00,Saturday,3,YU
14:45:00,Saturday,0,YU
15:49:00,Saturday,5,YU
16:07:00,Saturday,0,BD
16:19:00,Saturday,40,BD
16:36:00,Saturday,0,BD
16:46:00,Saturday,0,BD
17:03:00,Saturday,0,YU
17:12:00,Saturday,0,YU
17:31:00,Saturday,0,YU
18:23:00,Saturday,0,YU
18:23:00,Saturday,3,YU
18:44:00,Saturday,0,BD
19:05:00,Saturday,0,BD
19:44:00,Saturday,0,YU
19:50:00,Saturday,0,BD
20:35:00,Saturday,0,YU
21:02:00,Saturday,3,YU
21:05:00,Saturday,0,YU
21:33:00,Saturday,6,BD
22:00:00,Saturday,0,YU/BD
22:48:00,Saturday,0,BD
23:19:00,Saturday,0,YU
23:46:00,Saturday,6,YU
00:41:00,Saturday,0,BD
00:45:00,Saturday,0,YU
00:50:00,Saturday,0,YU
01:16:00,Saturday,3,YU
01:30:00,Saturday,30,BD
01:37:00,Saturday,0,YU
01:40:00,Saturday,0,YU
05:56:00,Saturday,0,SHP
21:06:00,Saturday,0,SHP
02:38:00,Sunday,0,BD
07:22:00,Sunday,0,BD
08:00:00,Sunday,0,YU
08:03:00,Sunday,7,BD
08:20:00,Sunday,0,YU
08:32:00,Sunday,0,YU
08:46:00,Sunday,12,BD
09:08:00,Sunday,0,YU
09:39:00,Sunday,0,BD
10:32:00,Sunday,0,BD
10:32:00,Sunday,0,BD
10:38:00,Sunday,0,YU
10:51:00,Sunday,0,YU
11:45:00,Sunday,0,YU
11:46:00,Sunday,0,YU
12:12:00,Sunday,0,YU
12:17:00,Sunday,0,BD
12:25:00,Sunday,0,BD
12:42:00,Sunday,4,YU
12:49:00,Sunday,10,YU
12:59:00,Sunday,3,YU
13:05:00,Sunday,0,BD
13:44:00,Sunday,0,BD
13:48:00,Sunday,0,YU
13:53:00,Sunday,5,YU
13:54:00,Sunday,3,YU
14:29:00,Sunday,0,YU
15:20:00,Sunday,0,YU
15:49:00,Sunday,0,BD
16:04:00,Sunday,0,BD
16:07:00,Sunday,0,YU
16:49:00,Sunday,3,YU
16:56:00,Sunday,0,YU
17:42:00,Sunday,14,YU
17:56:00,Sunday,0,YU
18:02:00,Sunday,4,YU
18:07:00,Sunday,6,YU
18:48:00,Sunday,6,YU
18:57:00,Sunday,0,YU
19:25:00,Sunday,0,BD
19:34:00,Sunday,0,BD
19:46:00,Sunday,0,YU
19:47:00,Sunday,0,BD
20:06:00,Sunday,0,BD
20:10:00,Sunday,5,YU
20:16:00,Sunday,0,YU
20:16:00,Sunday,0,BD
20:16:00,Sunday,0,BD
20:52:00,Sunday,0,BD
21:24:00,Sunday,0,YU
21:26:00,Sunday,0,BD
21:30:00,Sunday,8,BD
22:00:00,Sunday,0,YU/BD
22:00:00,Sunday,0,BD
22:22:00,Sunday,0,YU
22:34:00,Sunday,0,YU
22:40:00,Sunday,0,YU
22:57:00,Sunday,0,YU
23:13:00,Sunday,0,BD
00:06:00,Sunday,0,YU
00:19:00,Sunday,5,YU
00:22:00,Sunday,0,YU
00:36:00,Sunday,0,BD
00:41:00,Sunday,17,YU
01:26:00,Sunday,5,YU
01:26:00,Sunday,0,BD
01:32:00,Sunday,0,YU
01:39:00,Sunday,0,BD
01:44:00,Sunday,12,YU
15:03:00,Sunday,4,SHP
03:03:00,Monday,0,YU
03:15:00,Monday,0,YU
04:53:00,Monday,0,YU
05:33:00,Monday,0,YU
05:56:00,Monday,0,BD
05:59:00,Monday,3,YU
06:05:00,Monday,0,YU
06:06:00,Monday,5,BD
07:22:00,Monday,3,BD
07:23:00,Monday,0,BD
07:33:00,Monday,0,YU
07:59:00,Monday,0,YU
08:09:00,Monday,3,YU
08:16:00,Monday,0,YU
08:28:00,Monday,0,YU
08:34:00,Monday,0,BD
08:41:00,Monday,9,YU
08:45:00,Monday,0,BD
08:56:00,Monday,0,YU
08:58:00,Monday,0,YU
09:28:00,Monday,0,YU
09:43:00,Monday,0,BD
09:48:00,Monday,0,BD
09:59:00,Monday,0,YU
11:36:00,Monday,0,YU
11:38:00,Monday,3,YU
11:56:00,Monday,0,BD
12:42:00,Monday,0,YU
13:51:00,Monday,0,YU
14:14:00,Monday,0,BD
14:16:00,Monday,3,BD
14:21:00,Monday,0,YU
14:33:00,Monday,5,YU
14:43:00,Monday,0,YU
15:32:00,Monday,6,YU
15:36:00,Monday,0,BD
15:58:00,Monday,0,BD
16:37:00,Monday,4,YU
16:48:00,Monday,0,BD
16:54:00,Monday,5,YU
17:00:00,Monday,0,YU
17:06:00,Monday,0,YU
17:22:00,Monday,0,YU
17:26:00,Monday,3,YU
17:29:00,Monday,3,YU
17:56:00,Monday,0,YU
18:05:00,Monday,0,YU
19:09:00,Monday,5,YU
19:18:00,Monday,0,BD
19:42:00,Monday,5,YU
19:47:00,Monday,0,BD
19:54:00,Monday,10,YU
19:58:00,Monday,3,BD
20:24:00,Monday,0,BD
20:58:00,Monday,0,BD
21:05:00,Monday,0,YU
22:00:00,Monday,0,YU/BD
22:06:00,Monday,0,BD
22:26:00,Monday,3,YU
22:43:00,Monday,0,BD
22:47:00,Monday,5,BD
22:50:00,Monday,0,BD
23:00:00,Monday,0,YU
23:08:00,Monday,0,BD
23:17:00,Monday,5,YU
23:30:00,Monday,0,YU
23:31:00,Monday,0,YU
23:41:00,Monday,4,BD
00:02:00,Monday,5,BD
00:47:00,Monday,6,YU
01:48:00,Monday,0,BD
02:06:00,Tuesday,0,BD
05:38:00,Tuesday,9,YU
05:44:00,Tuesday,17,YU
05:55:00,Tuesday,0,YU
06:27:00,Tuesday,6,BD
07:17:00,Tuesday,0,BD
07:42:00,Tuesday,0,YU
07:44:00,Tuesday,3,BD
07:53:00,Tuesday,0,YU
07:53:00,Tuesday,0,YU
08:25:00,Tuesday,10,YU
08:43:00,Tuesday,6,YU
08:49:00,Tuesday,18,BD
08:51:00,Tuesday,4,YU
08:55:00,Tuesday,5,YU
09:08:00,Tuesday,5,YU
09:09:00,Tuesday,4,YU
09:11:00,Tuesday,0,YU
09:21:00,Tuesday,0,BD
09:59:00,Tuesday,3,YU
10:03:00,Tuesday,0,BD
10:38:00,Tuesday,0,YU
12:06:00,Tuesday,4,BD
12:18:00,Tuesday,0,YU
12:22:00,Tuesday,5,YU
12:35:00,Tuesday,3,YU
13:04:00,Tuesday,0,YU
13:24:00,Tuesday,3,BD
13:34:00,Tuesday,22,BD
13:37:00,Tuesday,0,YU
13:41:00,Tuesday,0,BD
13:58:00,Tuesday,16,BD
14:03:00,Tuesday,0,BD
14:28:00,Tuesday,5,YU
14:41:00,Tuesday,0,BD
14:43:00,Tuesday,0,BD
14:44:00,Tuesday,0,BD
15:17:00,Tuesday,0,YU
15:26:00,Tuesday,0,BD
15:32:00,Tuesday,0,BD
16:17:00,Tuesday,0,YU
16:20:00,Tuesday,0,BD
16:25:00,Tuesday,6,YU
16:57:00,Tuesday,0,BD
16:59:00,Tuesday,3,YU
17:01:00,Tuesday,0,BD
17:06:00,Tuesday,4,YU
17:25:00,Tuesday,0,BD
17:54:00,Tuesday,0,YU
18:03:00,Tuesday,0,YU
18:05:00,Tuesday,0,YU
18:09:00,Tuesday,0,BD
18:22:00,Tuesday,5,YU
18:54:00,Tuesday,0,BD
18:56:00,Tuesday,0,YU
19:12:00,Tuesday,0,YU
19:14:00,Tuesday,5,YU
19:15:00,Tuesday,3,YU
19:32:00,Tuesday,0,YU
19:34:00,Tuesday,8,BD
19:41:00,Tuesday,0,YU
19:59:00,Tuesday,0,YU
22:00:00,Tuesday,0,YU/BD
22:11:00,Tuesday,14,YU
23:00:00,Tuesday,0,YU
23:45:00,Tuesday,0,BD
00:02:00,Tuesday,0,YU
00:19:00,Tuesday,0,YU
01:34:00,Tuesday,0,YU
19:35:00,Tuesday,27,SHP
20:08:00,Tuesday,7,SHP
02:07:00,Wednesday,0,YU
04:49:00,Wednesday,0,YU
05:25:00,Wednesday,0,YU
05:42:00,Wednesday,5,BD
05:44:00,Wednesday,0,YU
07:14:00,Wednesday,3,BD
07:54:00,Wednesday,3,YU
07:57:00,Wednesday,3,YU
08:34:00,Wednesday,0,YU
09:32:00,Wednesday,0,YU
09:37:00,Wednesday,0,YU
09:43:00,Wednesday,3,YU
09:48:00,Wednesday,7,YU
09:55:00,Wednesday,0,YU
10:31:00,Wednesday,0,BD
10:35:00,Wednesday,0,BD
10:55:00,Wednesday,3,YU
10:57:00,Wednesday,9,BD
11:41:00,Wednesday,0,BD
11:44:00,Wednesday,3,YU
12:49:00,Wednesday,3,BD
12:55:00,Wednesday,0,YU
13:12:00,Wednesday,0,YU
13:20:00,Wednesday,0,YU
13:35:00,Wednesday,0,BD
13:47:00,Wednesday,0,YU
14:03:00,Wednesday,0,YU
14:25:00,Wednesday,20,YU
14:28:00,Wednesday,7,YU
14:29:00,Wednesday,0,YU
14:34:00,Wednesday,6,YU
15:01:00,Wednesday,0,BD
15:30:00,Wednesday,0,YU
15:38:00,Wednesday,4,YU
16:05:00,Wednesday,0,BD
16:06:00,Wednesday,13,YU
16:23:00,Wednesday,0,YU
16:26:00,Wednesday,0,YU
16:34:00,Wednesday,0,YU
16:39:00,Wednesday,0,YU
17:09:00,Wednesday,0,YU
17:33:00,Wednesday,0,YU
17:40:00,Wednesday,0,BD
17:53:00,Wednesday,17,YU
18:22:00,Wednesday,0,YU
18:39:00,Wednesday,0,YU
19:03:00,Wednesday,0,YU
19:25:00,Wednesday,0,BD
20:18:00,Wednesday,0,YU
21:27:00,Wednesday,0,BD
21:35:00,Wednesday,0,YU
21:35:00,Wednesday,0,YU
21:53:00,Wednesday,0,BD
22:00:00,Wednesday,0,YU/ BD
22:13:00,Wednesday,4,YU
22:34:00,Wednesday,0,YU
23:00:00,Wednesday,0,YU
00:03:00,Wednesday,5,YU
00:05:00,Wednesday,0,BD
00:08:00,Wednesday,0,YU
00:12:00,Wednesday,6,YU
00:54:00,Wednesday,3,YU
00:59:00,Wednesday,0,YU
01:34:00,Wednesday,0,YU
01:46:00,Wednesday,0,BD
03:31:00,Wednesday,0,SHP
06:09:00,Wednesday,7,SHP
06:22:00,Wednesday,3,SHP
14:32:00,Wednesday,0,SHP
02:19:00,Thursday,0,BD
02:32:00,Thursday,0,YU
05:56:00,Thursday,5,YU
05:59:00,Thursday,10,YU
06:01:00,Thursday,5,YU
07:05:00,Thursday,9,YU
07:13:00,Thursday,0,BD
08:05:00,Thursday,0,BD
08:21:00,Thursday,0,YU
08:52:00,Thursday,3,YU
08:58:00,Thursday,12,YU
09:03:00,Thursday,0,BD
09:06:00,Thursday,0,YU
09:24:00,Thursday,12,YU
09:30:00,Thursday,0,BD
09:41:00,Thursday,0,BD
09:45:00,Thursday,3,BD
10:55:00,Thursday,5,BD
10:58:00,Thursday,0,YU
11:45:00,Thursday,0,BD
12:29:00,Thursday,5,YU
12:49:00,Thursday,0,BD
13:29:00,Thursday,10,YU
14:01:00,Thursday,0,YU
14:07:00,Thursday,15,YU
15:05:00,Thursday,3,YU
15:14:00,Thursday,5,YU
15:29:00,Thursday,0,BD
15:31:00,Thursday,0,YU
15:43:00,Thursday,0,BD
15:45:00,Thursday,0,YU
16:04:00,Thursday,4,BD
16:05:00,Thursday,0,BD
16:19:00,Thursday,0,BD
16:24:00,Thursday,3,YU
16:24:00,Thursday,0,YU
16:25:00,Thursday,0,BD
16:32:00,Thursday,0,YU
16:44:00,Thursday,3,YU
16:52:00,Thursday,0,BD
17:02:00,Thursday,5,BD
17:12:00,Thursday,0,BD
17:34:00,Thursday,0,BD
17:47:00,Thursday,3,BD
17:50:00,Thursday,0,BD
17:59:00,Thursday,0,YU
18:05:00,Thursday,0,YU
18:17:00,Thursday,0,YU
20:04:00,Thursday,0,YU
20:10:00,Thursday,4,YU
21:32:00,Thursday,0,YU
21:46:00,Thursday,0,YU
21:55:00,Thursday,0,BD
21:56:00,Thursday,0,BD
22:00:00,Thursday,0,YU/BD
22:13:00,Thursday,5,BD
22:19:00,Thursday,0,YU
22:21:00,Thursday,3,YU
22:27:00,Thursday,0,BD
22:40:00,Thursday,0,BD
23:05:00,Thursday,0,YU
23:07:00,Thursday,3,BD
23:09:00,Thursday,0,BD
23:39:00,Thursday,0,YU
23:42:00,Thursday,9,BD
23:49:00,Thursday,4,BD
00:10:00,Thursday,0,YU
00:59:00,Thursday,0,BD
01:10:00,Thursday,0,BD
01:52:00,Thursday,7,BD
01:56:00,Thursday,12,YU
01:57:00,Thursday,12,BD
01:59:00,Thursday,0,YU
15:12:00,Thursday,0,SHP
01:37:00,Thursday,0,SHP
02:11:00,Friday,0,BD
02:23:00,Friday,0,BD
03:33:00,Friday,0,YU
05:53:00,Friday,0,YU
06:53:00,Friday,8,YU
07:08:00,Friday,0,YU
07:15:00,Friday,0,YU
08:14:00,Friday,3,BD
08:20:00,Friday,0,BD
08:56:00,Friday,0,BD
09:30:00,Friday,0,BD
09:32:00,Friday,0,BD
10:40:00,Friday,0,BD
11:03:00,Friday,0,YU
11:26:00,Friday,0,BD
11:32:00,Friday,11,YU
12:10:00,Friday,4,BD
12:24:00,Friday,0,YU
12:25:00,Friday,0,YU
12:29:00,Friday,0,BD
12:37:00,Friday,0,YU
12:48:00,Friday,3,YU
12:49:00,Friday,0,BD
12:50:00,Friday,5,YU
12:56:00,Friday,0,YU
13:02:00,Friday,0,YU
13:08:00,Friday,12,YU
13:21:00,Friday,6,YU
13:28:00,Friday,0,YU
13:51:00,Friday,0,BD
14:22:00,Friday,0,YU
14:31:00,Friday,26,BD
14:39:00,Friday,0,YU
14:57:00,Friday,12,YU
15:23:00,Friday,5,YU
15:30:00,Friday,0,BD
16:36:00,Friday,0,BD
16:38:00,Friday,0,YU
17:01:00,Friday,0,BD
17:30:00,Friday,0,BD
17:32:00,Friday,0,BD
17:33:00,Friday,0,YU
18:25:00,Friday,0,BD
18:26:00,Friday,0,BD
18:37:00,Friday,0,YU
19:00:00,Friday,0,BD
19:37:00,Friday,0,YU
19:38:00,Friday,0,BD
20:11:00,Friday,0,BD
20:23:00,Friday,3,YU
21:04:00,Friday,4,BD
21:20:00,Friday,0,YU
22:00:00,Friday,0,YU/BD
22:11:00,Friday,0,YU
22:20:00,Friday,6,BD
22:28:00,Friday,3,YU
22:34:00,Friday,4,YU
22:57:00,Friday,14,YU
23:27:00,Friday,5,BD
00:06:00,Friday,8,YU
00:11:00,Friday,5,YU
00:42:00,Friday,0,YU
00:59:00,Friday,0,YU
01:09:00,Friday,5,YU
01:56:00,Friday,0,BD
01:59:00,Friday,0,YU
02:03:00,Saturday,0,YU
03:54:00,Saturday,0,YU
05:12:00,Saturday,0,YU
05:50:00,Saturday,7,YU
05:53:00,Saturday,6,BD
05:53:00,Saturday,6,BD
06:10:00,Saturday,0,YU
06:19:00,Saturday,0,BD
06:42:00,Saturday,11,YU
07:21:00,Saturday,4,BD
08:23:00,Saturday,0,YU
08:35:00,Saturday,8,BD
08:41:00,Saturday,0,BD
08:53:00,Saturday,0,YU
10:09:00,Saturday,4,YU
10:17:00,Saturday,0,BD
10:27:00,Saturday,6,YU
11:25:00,Saturday,0,YU
12:19:00,Saturday,0,BD
12:29:00,Saturday,0,YU
12:31:00,Saturday,0,YU
12:38:00,Saturday,0,BD
13:10:00,Saturday,3,BD
13:10:00,Saturday,3,BD
13:27:00,Saturday,9,YU
13:43:00,Saturday,0,BD
13:58:00,Saturday,0,BD
14:10:00,Saturday,5,YU
14:29:00,Saturday,8,BD
15:04:00,Saturday,0,BD
15:40:00,Saturday,0,BD
15:57:00,Saturday,4,YU
16:16:00,Saturday,0,BD
16:26:00,Saturday,4,YU
16:30:00,Saturday,0,YU
16:40:00,Saturday,6,BD
17:01:00,Saturday,0,BD
17:20:00,Saturday,0,YU
17:23:00,Saturday,0,YU
18:24:00,Saturday,0,YU
18:40:00,Saturday,0,YU
18:55:00,Saturday,0,YU
19:15:00,Saturday,0,BD
19:53:00,Saturday,5,YU
20:09:00,Saturday,0,BD
20:50:00,Saturday,0,YU
20:54:00,Saturday,4,BD
21:11:00,Saturday,0,YU
21:25:00,Saturday,3,YU
21:43:00,Saturday,0,BD
22:00:00,Saturday,0,YU/BD
22:24:00,Saturday,0,BD
22:31:00,Saturday,0,YU
22:41:00,Saturday,5,BD
23:02:00,Saturday,0,BD
23:21:00,Saturday,29,BD
23:21:00,Saturday,29,YU
00:34:00,Saturday,6,YU
00:55:00,Saturday,6,YU
01:06:00,Saturday,0,BD
01:27:00,Saturday,0,BD
01:30:00,Saturday,0,BD
01:41:00,Saturday,0,BD
02:40:00,Saturday,0,SHP
09:13:00,Saturday,0,SHP
14:58:00,Saturday,0,SHP
18:09:00,Saturday,4,SHP
21:38:00,Saturday,7,SHP
03:21:00,Sunday,0,BD
04:28:00,Sunday,0,BD
06:32:00,Sunday,0,BD
07:42:00,Sunday,4,YU
08:02:00,Sunday,3,BD
08:02:00,Sunday,0,BD
08:12:00,Sunday,5,BD
08:17:00,Sunday,5,BD
08:22:00,Sunday,14,YU
09:59:00,Sunday,0,YU
10:02:00,Sunday,0,YU
10:14:00,Sunday,8,YU
10:19:00,Sunday,0,BD
10:24:00,Sunday,4,YU
10:43:00,Sunday,0,YU
12:31:00,Sunday,0,YU
13:29:00,Sunday,0,BD
13:49:00,Sunday,4,YU
14:35:00,Sunday,0,BD
14:47:00,Sunday,0,BD
15:26:00,Sunday,0,BD
15:43:00,Sunday,0,BD
15:58:00,Sunday,8,YU
16:43:00,Sunday,0,YU
16:55:00,Sunday,0,YU
16:59:00,Sunday,0,BD
17:36:00,Sunday,20,YU
18:16:00,Sunday,0,BD
18:21:00,Sunday,4,YU
18:54:00,Sunday,0,YU
18:54:00,Sunday,0,YU
19:06:00,Sunday,0,YU
19:40:00,Sunday,0,YU
19:56:00,Sunday,3,YU
19:56:00,Sunday,4,BD
19:57:00,Sunday,0,BD
20:14:00,Sunday,0,BD
20:24:00,Sunday,0,YU
20:29:00,Sunday,3,YU
20:39:00,Sunday,0,YU
21:05:00,Sunday,3,BD
21:35:00,Sunday,0,YU
21:40:00,Sunday,6,BD
21:41:00,Sunday,0,YU
21:47:00,Sunday,0,YU
22:00:00,Sunday,0,YU/BD
22:10:00,Sunday,0,YU
22:33:00,Sunday,5,BD
22:52:00,Sunday,6,YU
23:58:00,Sunday,0,BD
00:29:00,Sunday,0,YU
01:04:00,Sunday,0,YU
01:13:00,Sunday,0,YU
02:01:00,Monday,0,BD
02:17:00,Monday,0,YU
04:08:00,Monday,0,BD
05:00:00,Monday,0,BD
05:33:00,Monday,0,BD
05:38:00,Monday,20,YU
05:43:00,Monday,3,BD
05:47:00,Monday,0,BD
05:47:00,Monday,7,BD
06:00:00,Monday,0,BD
06:00:00,Monday,0,YU
06:15:00,Monday,0,YU
06:18:00,Monday,0,YU
07:11:00,Monday,6,YU
07:17:00,Monday,8,BD
07:20:00,Monday,0,BD
07:21:00,Monday,0,BD
07:50:00,Monday,3,BD
08:21:00,Monday,0,BD
08:27:00,Monday,0,YU
08:33:00,Monday,6,YU
08:38:00,Monday,12,YU
08:40:00,Monday,0,YU
08:47:00,Monday,0,BD
09:14:00,Monday,0,BD
09:39:00,Monday,0,BD
09:41:00,Monday,0,BD
09:51:00,Monday,0,YU
09:52:00,Monday,0,YU
11:03:00,Monday,0,BD
11:24:00,Monday,0,BD
11:37:00,Monday,0,BD
12:13:00,Monday,4,YU
12:39:00,Monday,4,BD
13:10:00,Monday,3,BD
13:17:00,Monday,0,YU
13:37:00,Monday,4,YU
13:42:00,Monday,4,BD
14:10:00,Monday,12,YU
14:24:00,Monday,0,BD
14:27:00,Monday,0,YU
15:05:00,Monday,13,YU
15:15:00,Monday,0,YU
15:36:00,Monday,0,BD
15:45:00,Monday,4,YU
15:45:00,Monday,4,BD
16:26:00,Monday,4,YU
16:48:00,Monday,0,YU
17:28:00,Monday,0,YU
18:14:00,Monday,0,BD
19:06:00,Monday,0,YU
19:17:00,Monday,0,BD
19:47:00,Monday,0,YU
20:05:00,Monday,3,YU
20:45:00,Monday,7,BD
21:05:00,Monday,0,YU
21:58:00,Monday,0,YU
22:00:00,Monday,0,YU/BD
22:35:00,Monday,0,YU
22:42:00,Monday,0,YU
22:49:00,Monday,0,YU
22:57:00,Monday,0,YU
23:00:00,Monday,0,YU
23:47:00,Monday,0,YU
00:09:00,Monday,0,BD
00:17:00,Monday,0,YU
00:17:00,Monday,0,BD
00:35:00,Monday,3,YU
00:53:00,Monday,4,YU
01:00:00,Monday,0,YU
01:10:00,Monday,0,YU
06:00:00,Monday,0,SHP
12:01:00,Monday,0,SHP
15:14:00,Monday,0,SHP
01:02:00,Monday,0,SHP
02:10:00,Tuesday,0,YU
02:16:00,Tuesday,0,BD
02:23:00,Tuesday,0,BD
02:57:00,Tuesday,0,BD
04:59:00,Tuesday,0,YU
07:56:00,Tuesday,0,YU
08:13:00,Tuesday,7,YU
08:37:00,Tuesday,0,BD
09:47:00,Tuesday,5,YU
10:03:00,Tuesday,0,YU
10:05:00,Tuesday,0,BD
10:30:00,Tuesday,0,YU
13:16:00,Tuesday,3,YU
14:04:00,Tuesday,0,YU
14:36:00,Tuesday,5,YU
14:59:00,Tuesday,0,YU
15:10:00,Tuesday,0,YU
15:28:00,Tuesday,0,BD
15:52:00,Tuesday,0,BD
16:07:00,Tuesday,5,YU
16:16:00,Tuesday,6,YU
16:28:00,Tuesday,4,BD
16:48:00,Tuesday,0,YU
16:57:00,Tuesday,3,YU
17:07:00,Tuesday,9,YU
17:39:00,Tuesday,0,BD
17:43:00,Tuesday,0,BD
18:50:00,Tuesday,10,YU
19:07:00,Tuesday,0,YU
19:16:00,Tuesday,5,YU
19:17:00,Tuesday,0,YU
19:27:00,Tuesday,0,YU
19:28:00,Tuesday,0,BD
19:38:00,Tuesday,0,YU
19:49:00,Tuesday,3,BD
19:57:00,Tuesday,0,YU
20:10:00,Tuesday,15,YU
20:23:00,Tuesday,0,YU
20:57:00,Tuesday,0,BD
22:00:00,Tuesday,0,YU/BD
22:22:00,Tuesday,0,YU
22:50:00,Tuesday,0,YU
23:00:00,Tuesday,0,YU
23:04:00,Tuesday,0,BD
23:18:00,Tuesday,0,BD
23:37:00,Tuesday,19,YU
00:18:00,Tuesday,0,BD
00:52:00,Tuesday,0,BD
01:01:00,Tuesday,0,YU
01:05:00,Tuesday,0,YU
01:09:00,Tuesday,3,BD
01:59:00,Tuesday,0,YU
07:37:00,Tuesday,0,SHP
12:03:00,Tuesday,7,SHP
02:01:00,Wednesday,0,BD
02:21:00,Wednesday,0,YU
04:32:00,Wednesday,0,BD
05:42:00,Wednesday,0,YU
05:43:00,Wednesday,0,YU
05:53:00,Wednesday,6,BD
07:54:00,Wednesday,0,BD
07:59:00,Wednesday,0,YU
08:41:00,Wednesday,0,YU
08:45:00,Wednesday,5,YU
09:07:00,Wednesday,0,BD
10:14:00,Wednesday,0,BD
10:33:00,Wednesday,8,BD
11:06:00,Wednesday,4,YU
11:17:00,Wednesday,4,YU
11:38:00,Wednesday,19,BD
11:41:00,Wednesday,9,BD
12:38:00,Wednesday,3,YU
13:08:00,Wednesday,0,BD
13:41:00,Wednesday,4,BD
14:00:00,Wednesday,6,YU
14:01:00,Wednesday,4,BD
14:17:00,Wednesday,4,BD
14:56:00,Wednesday,0,YU
15:08:00,Wednesday,4,BD
15:32:00,Wednesday,0,YU
15:42:00,Wednesday,3,BD
16:20:00,Wednesday,6,YU
16:32:00,Wednesday,3,YU
16:36:00,Wednesday,3,YU
17:23:00,Wednesday,8,YU
17:35:00,Wednesday,16,YU
17:36:00,Wednesday,0,YU
17:39:00,Wednesday,3,BD
17:57:00,Wednesday,0,BD
18:07:00,Wednesday,23,BD
18:33:00,Wednesday,0,YU
18:37:00,Wednesday,0,YU
19:02:00,Wednesday,0,YU
19:04:00,Wednesday,3,BD
19:14:00,Wednesday,5,BD
19:21:00,Wednesday,6,YU
19:32:00,Wednesday,0,YU
20:03:00,Wednesday,0,YU
21:30:00,Wednesday,5,YU
21:49:00,Wednesday,6,BD
22:00:00,Wednesday,0,YU/BD
22:41:00,Wednesday,0,YU
22:57:00,Wednesday,0,YU
23:18:00,Wednesday,5,BD
00:18:00,Wednesday,0,BD
00:25:00,Wednesday,9,YU
00:49:00,Wednesday,5,BD
00:49:00,Wednesday,0,BD
01:31:00,Wednesday,0,YU
01:35:00,Wednesday,0,BD
01:45:00,Wednesday,0,BD
04:59:00,Thursday,0,YU
05:42:00,Thursday,5,BD
05:45:00,Thursday,5,YU
06:51:00,Thursday,0,BD
06:58:00,Thursday,4,YU
07:08:00,Thursday,3,YU
07:23:00,Thursday,0,YU
09:13:00,Thursday,0,BD
09:37:00,Thursday,0,YU
09:57:00,Thursday,0,YU
10:19:00,Thursday,0,BD
10:34:00,Thursday,6,YU
10:38:00,Thursday,5,YU
10:40:00,Thursday,3,BD
10:54:00,Thursday,0,BD
10:56:00,Thursday,0,BD
11:08:00,Thursday,0,BD
11:41:00,Thursday,0,BD
13:08:00,Thursday,0,YU
13:21:00,Thursday,0,BD
13:38:00,Thursday,0,BD
13:49:00,Thursday,75,YU
13:58:00,Thursday,52,YU
14:31:00,Thursday,0,YU
14:32:00,Thursday,0,YU
14:52:00,Thursday,13,YU
15:07:00,Thursday,0,YU
15:08:00,Thursday,0,YU
15:56:00,Thursday,0,YU
16:08:00,Thursday,0,YU
16:14:00,Thursday,0,YU
16:31:00,Thursday,0,BD
17:04:00,Thursday,3,YU
17:20:00,Thursday,3,BD
17:31:00,Thursday,0,YU
17:50:00,Thursday,0,BD
18:01:00,Thursday,3,YU
18:31:00,Thursday,0,YU
18:45:00,Thursday,0,BD
19:38:00,Thursday,0,BD
19:48:00,Thursday,0,YU
20:20:00,Thursday,3,BD
22:00:00,Thursday,0,YU/BD
22:12:00,Thursday,0,YU
22:38:00,Thursday,4,YU
22:42:00,Thursday,3,BD
22:52:00,Thursday,0,BD
22:58:00,Thursday,0,YU
23:04:00,Thursday,0,BD
23:04:00,Thursday,6,BD
23:23:00,Thursday,0,YU
23:36:00,Thursday,0,BD
01:50:00,Thursday,0,BD
02:15:00,Friday,0,YU
02:27:00,Friday,0,YU
02:30:00,Friday,0,BD
05:50:00,Friday,0,BD
06:54:00,Friday,10,YU
07:32:00,Friday,0,YU
08:16:00,Friday,3,YU
08:34:00,Friday,0,YU
09:12:00,Friday,4,BD
09:19:00,Friday,0,BD
10:15:00,Friday,0,BD
11:10:00,Friday,0,BD
11:24:00,Friday,3,YU
12:11:00,Friday,66,BD
12:27:00,Friday,0,BD
13:37:00,Friday,0,BD
13:47:00,Friday,0,YU
14:14:00,Friday,0,BD
14:20:00,Friday,0,BD
14:32:00,Friday,5,YU
14:37:00,Friday,0,YU
14:44:00,Friday,0,BD
15:42:00,Friday,5,YU
15:59:00,Friday,0,YU
16:16:00,Friday,0,BD
16:17:00,Friday,0,BD
17:44:00,Friday,3,BD
17:44:00,Friday,3,YU
18:06:00,Friday,79,YU
18:48:00,Friday,0,YU
18:51:00,Friday,3,YU
19:30:00,Friday,0,YU
19:33:00,Friday,0,YU
19:33:00,Friday,0,YU
20:12:00,Friday,0,BD
20:38:00,Friday,0,YU
20:41:00,Friday,0,YU
20:55:00,Friday,0,YU
21:11:00,Friday,11,YU
21:29:00,Friday,0,YU
21:35:00,Friday,4,YU
21:40:00,Friday,0,YU
21:44:00,Friday,3,YU
21:52:00,Friday,0,YU
22:00:00,Friday,0,YU/BD
22:04:00,Friday,0,BD
22:11:00,Friday,0,YU
22:21:00,Friday,0,BD
22:28:00,Friday,0,BD
22:37:00,Friday,0,BD
22:37:00,Friday,0,YU
22:42:00,Friday,3,BD
23:01:00,Friday,0,YU
23:31:00,Friday,0,BD
00:06:00,Friday,4,YU
00:21:00,Friday,0,BD
00:26:00,Friday,0,BD
01:32:00,Friday,0,YU
01:43:00,Friday,5,YU
01:48:00,Friday,9,YU
21:15:00,Friday,11,SHP
21:18:00,Friday,9,SHP
21:41:00,Friday,3,SHP
02:43:00,Saturday,0,YU
05:14:00,Saturday,0,YU
05:30:00,Saturday,0,BD
06:00:00,Saturday,5,YU
06:14:00,Saturday,30,YU
06:30:00,Saturday,0,YU
07:13:00,Saturday,0,BD
08:12:00,Saturday,3,YU
08:24:00,Saturday,0,YU
09:19:00,Saturday,4,YU
09:25:00,Saturday,6,YU
09:27:00,Saturday,6,YU
09:40:00,Saturday,8,BD
09:54:00,Saturday,6,YU
10:03:00,Saturday,0,YU
10:16:00,Saturday,5,YU
11:33:00,Saturday,0,BD
11:34:00,Saturday,6,YU
11:57:00,Saturday,0,YU
12:33:00,Saturday,0,BD
12:34:00,Saturday,0,BD
15:00:00,Saturday,0,YU
16:04:00,Saturday,0,BD
16:06:00,Saturday,0,YU
16:14:00,Saturday,0,BD
16:47:00,Saturday,4,YU
16:49:00,Saturday,8,BD
17:12:00,Saturday,0,BD
17:14:00,Saturday,0,BD
17:20:00,Saturday,0,BD
17:21:00,Saturday,0,BD
17:40:00,Saturday,4,YU
17:57:00,Saturday,0,BD
18:08:00,Saturday,0,BD
18:15:00,Saturday,0,BD
18:23:00,Saturday,0,YU
18:39:00,Saturday,0,BD
18:51:00,Saturday,0,YU
18:54:00,Saturday,4,YU
19:12:00,Saturday,0,YU
19:13:00,Saturday,0,BD
19:25:00,Saturday,0,YU
20:07:00,Saturday,0,YU
21:33:00,Saturday,0,BD
21:59:00,Saturday,8,YU
22:00:00,Saturday,0,YU/BD
22:04:00,Saturday,5,YU
22:07:00,Saturday,0,BD
22:12:00,Saturday,0,YU
22:14:00,Saturday,0,BD
22:15:00,Saturday,5,YU
22:19:00,Saturday,0,BD
22:23:00,Saturday,4,BD
22:35:00,Saturday,0,BD
22:46:00,Saturday,0,BD
00:36:00,Saturday,0,BD
01:15:00,Saturday,0,BD
01:53:00,Saturday,0,YU
05:34:00,Saturday,0,SHP
06:45:00,Saturday,0,SHP
02:00:00,Sunday,0,YU
02:02:00,Sunday,5,YU
07:41:00,Sunday,0,BD
08:00:00,Sunday,0,BD
08:10:00,Sunday,5,BD
08:18:00,Sunday,5,BD
08:22:00,Sunday,11,YU
08:45:00,Sunday,11,YU
09:19:00,Sunday,0,YU
09:24:00,Sunday,4,YU
10:12:00,Sunday,0,YU
11:21:00,Sunday,3,YU
13:23:00,Sunday,0,YU
13:58:00,Sunday,0,YU
14:41:00,Sunday,0,BD
15:39:00,Sunday,0,BD
15:55:00,Sunday,0,BD
16:01:00,Sunday,0,BD
17:28:00,Sunday,0,YU
18:01:00,Sunday,0,BD
18:10:00,Sunday,0,YU
18:11:00,Sunday,5,BD
19:06:00,Sunday,0,BD
19:31:00,Sunday,0,YU
19:51:00,Sunday,33,BD
20:08:00,Sunday,0,YU
20:58:00,Sunday,6,BD
21:16:00,Sunday,0,YU
21:36:00,Sunday,4,YU
21:48:00,Sunday,0,YU
21:56:00,Sunday,0,YU
22:00:00,Sunday,0,YU/BD
22:30:00,Sunday,0,YU
23:07:00,Sunday,0,BD
23:53:00,Sunday,0,YU
23:53:00,Sunday,0,BD
00:35:00,Sunday,0,BD
01:22:00,Sunday,0,YU
02:22:00,Monday,0,BD
02:34:00,Monday,0,YU
04:54:00,Monday,0,YU
06:11:00,Monday,3,YU
06:37:00,Monday,0,YU
07:02:00,Monday,0,YU
07:04:00,Monday,0,BD
07:51:00,Monday,0,YU
07:53:00,Monday,8,YU
08:17:00,Monday,0,BD
08:20:00,Monday,3,YU
08:20:00,Monday,0,YU
09:21:00,Monday,0,BD
09:23:00,Monday,3,BD
09:33:00,Monday,0,YU
09:43:00,Monday,0,YU
09:56:00,Monday,14,YU
10:41:00,Monday,0,YU
10:50:00,Monday,4,YU
11:08:00,Monday,3,BD
11:15:00,Monday,0,BD
11:39:00,Monday,0,YU
11:49:00,Monday,0,BD
12:17:00,Monday,0,YU
13:42:00,Monday,0,BD
13:45:00,Monday,0,BD
14:07:00,Monday,0,BD
15:05:00,Monday,0,BD
16:11:00,Monday,36,YU
16:46:00,Monday,0,BD
16:48:00,Monday,9,YU
16:56:00,Monday,0,BD
17:23:00,Monday,0,YU
17:35:00,Monday,3,YU
17:45:00,Monday,0,BD
20:12:00,Monday,0,YU
20:39:00,Monday,0,BD
21:13:00,Monday,14,YU
21:59:00,Monday,0,BD
22:00:00,Monday,0,YU/BD
22:10:00,Monday,0,YU
22:13:00,Monday,32,BD
23:00:00,Monday,0,YU
23:00:00,Monday,0,YU
23:20:00,Monday,0,YU
23:54:00,Monday,0,BD
00:11:00,Monday,0,BD
00:38:00,Monday,0,BD
00:48:00,Monday,0,YU
01:37:00,Monday,0,BD
14:45:00,Monday,0,SHP
14:49:00,Monday,0,SHP
18:10:00,Monday,0,SHP
19:33:00,Monday,0,SHP
02:44:00,Tuesday,0,BD
04:33:00,Tuesday,0,BD
07:22:00,Tuesday,0,BD
07:24:00,Tuesday,0,BD
08:00:00,Tuesday,3,YU
08:11:00,Tuesday,0,BD
08:29:00,Tuesday,3,BD
08:38:00,Tuesday,0,BD
08:42:00,Tuesday,0,YU
08:48:00,Tuesday,0,BD
08:55:00,Tuesday,0,BD
08:58:00,Tuesday,0,BD
09:12:00,Tuesday,3,YU
09:27:00,Tuesday,0,YU
09:28:00,Tuesday,0,YU
09:36:00,Tuesday,0,YU
09:53:00,Tuesday,0,YU
10:09:00,Tuesday,4,BD
10:17:00,Tuesday,0,BD
10:28:00,Tuesday,0,YU
11:09:00,Tuesday,5,YU
11:15:00,Tuesday,5,YU
12:08:00,Tuesday,0,BD
12:59:00,Tuesday,3,YU
12:59:00,Tuesday,4,YU
13:11:00,Tuesday,5,YU
13:26:00,Tuesday,0,YU
13:42:00,Tuesday,0,YU
13:57:00,Tuesday,3,BD
14:33:00,Tuesday,0,YU
15:16:00,Tuesday,0,BD
15:25:00,Tuesday,0,BD
16:28:00,Tuesday,9,YU
16:53:00,Tuesday,0,BD
17:02:00,Tuesday,0,BD
17:09:00,Tuesday,0,YU
17:12:00,Tuesday,10,YU
17:15:00,Tuesday,0,BD
17:36:00,Tuesday,0,BD
17:51:00,Tuesday,6,YU
18:37:00,Tuesday,0,BD
19:54:00,Tuesday,3,YU
19:56:00,Tuesday,0,YU
20:10:00,Tuesday,19,YU
20:51:00,Tuesday,0,BD
21:05:00,Tuesday,0,YU
21:24:00,Tuesday,6,YU
21:33:00,Tuesday,18,YU
22:00:00,Tuesday,0,YU/BD
23:22:00,Tuesday,0,YU
23:27:00,Tuesday,0,BD
23:46:00,Tuesday,0,YU
23:52:00,Tuesday,0,BD
23:58:00,Tuesday,0,YU
23:59:00,Tuesday,6,BD
00:24:00,Tuesday,5,BD
00:39:00,Tuesday,9,BD
00:44:00,Tuesday,0,BD
00:50:00,Tuesday,0,BD
01:06:00,Tuesday,0,YU
09:11:00,Tuesday,0,SHP
09:20:00,Tuesday,0,SHP
02:43:00,Wednesday,0,BD
05:47:00,Wednesday,0,YU
05:50:00,Wednesday,0,BD
06:05:00,Wednesday,3,BD
06:25:00,Wednesday,0,YU
06:42:00,Wednesday,0,BD
06:46:00,Wednesday,0,BD
07:16:00,Wednesday,0,BD
07:36:00,Wednesday,0,YU
08:15:00,Wednesday,5,YU
08:19:00,Wednesday,0,YU
08:21:00,Wednesday,0,YU
08:23:00,Wednesday,4,YU
09:06:00,Wednesday,5,YU
09:32:00,Wednesday,4,YU
09:52:00,Wednesday,0,BD
10:33:00,Wednesday,0,BD
10:37:00,Wednesday,0,BD
10:39:00,Wednesday,3,BD
11:08:00,Wednesday,0,YU
11:18:00,Wednesday,3,YU
11:26:00,Wednesday,4,YU
11:39:00,Wednesday,4,BD
12:25:00,Wednesday,0,YU
12:38:00,Wednesday,0,YU
12:39:00,Wednesday,0,BD
12:44:00,Wednesday,5,YU
12:46:00,Wednesday,6,YU
12:57:00,Wednesday,0,YU
13:10:00,Wednesday,0,BD
13:24:00,Wednesday,0,BD
13:44:00,Wednesday,0,BD
13:45:00,Wednesday,3,BD
14:05:00,Wednesday,0,YU
14:15:00,Wednesday,4,BD
14:18:00,Wednesday,0,YU
14:31:00,Wednesday,0,BD
14:33:00,Wednesday,0,YU
14:51:00,Wednesday,4,YU
14:54:00,Wednesday,0,BD
15:14:00,Wednesday,0,BD
15:27:00,Wednesday,6,YU
15:46:00,Wednesday,0,BD
16:03:00,Wednesday,13,YU
16:34:00,Wednesday,0,YU
16:44:00,Wednesday,0,YU
16:54:00,Wednesday,0,YU
17:08:00,Wednesday,0,BD
17:17:00,Wednesday,0,YU
17:26:00,Wednesday,0,YU
17:37:00,Wednesday,4,BD
17:38:00,Wednesday,0,BD
17:54:00,Wednesday,0,YU
18:33:00,Wednesday,0,YU
18:42:00,Wednesday,0,BD
18:47:00,Wednesday,3,YU
18:57:00,Wednesday,5,BD
19:16:00,Wednesday,0,YU
19:17:00,Wednesday,0,YU
19:35:00,Wednesday,3,YU
20:00:00,Wednesday,0,BD
20:11:00,Wednesday,0,YU
20:12:00,Wednesday,0,BD
20:51:00,Wednesday,0,BD
21:11:00,Wednesday,0,YU
21:31:00,Wednesday,0,YU
21:39:00,Wednesday,0,YU
21:58:00,Wednesday,0,YU
22:00:00,Wednesday,0,YU/BD
23:00:00,Wednesday,0,YU
23:00:00,Wednesday,0,YU
23:39:00,Wednesday,0,BD
23:53:00,Wednesday,4,YU
00:17:00,Wednesday,10,YU
00:24:00,Wednesday,19,BD
00:34:00,Wednesday,12,YU
01:17:00,Wednesday,0,YU
00:23:00,Wednesday,0,SHP
01:33:00,Wednesday,7,SHP
02:33:00,Thursday,0,YU
05:40:00,Thursday,0,BD
05:52:00,Thursday,0,BD
05:52:00,Thursday,4,BD
06:19:00,Thursday,0,BD
07:05:00,Thursday,11,YU
07:14:00,Thursday,0,BD
07:30:00,Thursday,4,BD
07:32:00,Thursday,0,YU
08:04:00,Thursday,0,YU
08:34:00,Thursday,3,YU
08:50:00,Thursday,0,BD
09:00:00,Thursday,3,YU
09:29:00,Thursday,0,BD
09:47:00,Thursday,0,YU
09:53:00,Thursday,0,YU
09:55:00,Thursday,18,BD
09:56:00,Thursday,14,YU
10:00:00,Thursday,0,YU
10:02:00,Thursday,0,YU
10:06:00,Thursday,0,YU
10:25:00,Thursday,0,BD
10:56:00,Thursday,0,BD
10:57:00,Thursday,0,YU
11:02:00,Thursday,0,YU
11:06:00,Thursday,9,BD
11:11:00,Thursday,0,BD
11:19:00,Thursday,0,YU
11:25:00,Thursday,0,YU
11:39:00,Thursday,0,BD
12:04:00,Thursday,0,BD
12:06:00,Thursday,0,YU
12:32:00,Thursday,0,YU
12:57:00,Thursday,0,YU
12:57:00,Thursday,0,BD
13:26:00,Thursday,0,YU
13:40:00,Thursday,0,BD
13:50:00,Thursday,0,YU
13:56:00,Thursday,0,YU
13:58:00,Thursday,0,YU
14:04:00,Thursday,0,YU
14:27:00,Thursday,0,BD
14:34:00,Thursday,4,YU
14:43:00,Thursday,0,YU
14:57:00,Thursday,0,BD
15:07:00,Thursday,0,BD
15:14:00,Thursday,0,BD
15:38:00,Thursday,0,YU
16:43:00,Thursday,0,YU
17:15:00,Thursday,0,BD
17:30:00,Thursday,0,BD
17:35:00,Thursday,3,BD
17:40:00,Thursday,0,BD
17:44:00,Thursday,0,BD
18:26:00,Thursday,0,BD
18:29:00,Thursday,8,BD
18:39:00,Thursday,0,YU
18:58:00,Thursday,36,YU
19:11:00,Thursday,0,BD
19:12:00,Thursday,0,YU
19:30:00,Thursday,0,YU
19:51:00,Thursday,0,YU
19:52:00,Thursday,0,BD
19:55:00,Thursday,0,YU
20:20:00,Thursday,0,YU
20:28:00,Thursday,4,YU
20:28:00,Thursday,0,YU
20:33:00,Thursday,0,BD
21:27:00,Thursday,0,YU
22:00:00,Thursday,0,YU/BD
22:01:00,Thursday,0,BD
22:16:00,Thursday,5,YU
22:28:00,Thursday,0,YU
22:33:00,Thursday,33,YU
23:00:00,Thursday,0,YU
23:01:00,Thursday,5,YU
23:28:00,Thursday,4,YU
23:47:00,Thursday,0,BD
00:04:00,Thursday,0,YU
00:25:00,Thursday,0,BD
00:26:00,Thursday,0,YU
00:52:00,Thursday,0,YU
01:39:00,Thursday,0,YU
13:52:00,Thursday,0,SHP
02:25:00,Friday,0,YU
02:43:00,Friday,0,BD
04:06:00,Friday,0,YU
05:33:00,Friday,0,BD
06:35:00,Friday,0,BD
06:52:00,Friday,0,BD
07:40:00,Friday,0,YU
08:18:00,Friday,0,BD
08:36:00,Friday,0,BD
08:59:00,Friday,4,BD
09:13:00,Friday,5,BD
09:26:00,Friday,0,BD
09:28:00,Friday,0,BD
09:44:00,Friday,4,YU
10:25:00,Friday,0,YU
10:31:00,Friday,0,BD
10:37:00,Friday,0,YU
11:37:00,Friday,0,BD
12:19:00,Friday,0,BD
12:24:00,Friday,0,YU
12:32:00,Friday,0,BD
12:35:00,Friday,0,YU
12:47:00,Friday,21,BD
13:13:00,Friday,0,BD
13:55:00,Friday,0,BD
14:03:00,Friday,4,YU
14:13:00,Friday,0,BD
14:27:00,Friday,3,BD
14:36:00,Friday,0,BD
14:36:00,Friday,0,YU
14:51:00,Friday,0,BD
14:54:00,Friday,5,YU
15:31:00,Friday,6,YU
15:36:00,Friday,0,BD
15:53:00,Friday,4,BD
16:14:00,Friday,4,BD
16:21:00,Friday,6,BD
16:40:00,Friday,0,BD
16:47:00,Friday,3,BD
16:49:00,Friday,0,YU
18:10:00,Friday,3,YU
18:56:00,Friday,34,YU
19:18:00,Friday,6,YU
19:46:00,Friday,0,YU
19:55:00,Friday,11,YU
20:21:00,Friday,3,YU
20:39:00,Friday,3,YU
21:09:00,Friday,0,BD
21:54:00,Friday,0,YU
22:00:00,Friday,0,YU/BD
22:19:00,Friday,0,YU
22:34:00,Friday,0,YU
23:00:00,Friday,0,YU
00:04:00,Friday,17,BD
12:30:00,Friday,0,SHP
02:04:00,Saturday,0,BD
02:24:00,Saturday,0,BD
04:40:00,Saturday,0,YU
05:41:00,Saturday,0,BD
05:50:00,Saturday,0,YU
06:13:00,Saturday,6,BD
06:31:00,Saturday,0,BD
07:57:00,Saturday,0,YU
08:01:00,Saturday,0,YU
08:07:00,Saturday,6,BD
08:33:00,Saturday,0,YU
10:15:00,Saturday,0,YU
10:21:00,Saturday,0,BD
11:31:00,Saturday,0,YU
11:34:00,Saturday,3,BD
11:40:00,Saturday,7,BD
12:24:00,Saturday,0,YU
12:42:00,Saturday,0,BD
13:16:00,Saturday,9,YU
13:27:00,Saturday,6,YU
13:40:00,Saturday,4,YU
13:50:00,Saturday,0,BD
13:59:00,Saturday,3,BD
14:05:00,Saturday,0,BD
14:59:00,Saturday,0,BD
15:01:00,Saturday,0,YU
15:21:00,Saturday,0,YU
15:25:00,Saturday,9,YU
15:43:00,Saturday,0,BD
15:47:00,Saturday,0,YU
16:03:00,Saturday,3,YU
17:08:00,Saturday,0,YU
17:23:00,Saturday,0,BD
17:25:00,Saturday,0,YU
17:29:00,Saturday,0,YU
17:37:00,Saturday,0,YU
17:48:00,Saturday,6,YU
17:48:00,Saturday,0,YU
18:03:00,Saturday,6,YU
18:30:00,Saturday,3,BD
18:35:00,Saturday,0,YU
19:00:00,Saturday,5,YU
19:22:00,Saturday,27,YU
19:41:00,Saturday,0,YU
20:05:00,Saturday,5,BD
20:13:00,Saturday,0,YU
21:16:00,Saturday,6,BD
22:00:00,Saturday,0,YU/BD
22:07:00,Saturday,0,BD
22:21:00,Saturday,0,YU
22:43:00,Saturday,0,YU
23:19:00,Saturday,11,BD
00:21:00,Saturday,0,YU
01:45:00,Saturday,0,YU
19:45:00,Saturday,66,SHP
20:55:00,Saturday,0,SHP
21:00:00,Saturday,29,SHP
21:31:00,Saturday,8,SHP
00:11:00,Saturday,0,SHP
00:18:00,Saturday,3,SHP
01:08:00,Saturday,0,SHP
02:14:00,Sunday,0,YU
02:33:00,Sunday,0,YU
06:42:00,Sunday,0,YU
08:00:00,Sunday,0,YU
08:00:00,Sunday,4,BD
08:24:00,Sunday,0,BD
08:30:00,Sunday,6,YU
09:02:00,Sunday,0,BD
09:03:00,Sunday,0,BD
09:56:00,Sunday,0,YU
10:07:00,Sunday,0,BD
10:14:00,Sunday,0,YU
10:54:00,Sunday,0,YU
11:09:00,Sunday,0,BD
11:34:00,Sunday,0,YU
11:39:00,Sunday,5,YU
12:37:00,Sunday,0,YU
14:05:00,Sunday,155,BD
14:59:00,Sunday,4,BD
15:40:00,Sunday,0,YU
15:56:00,Sunday,0,YU
16:01:00,Sunday,5,YU
16:07:00,Sunday,0,YU
16:30:00,Sunday,7,YU
16:54:00,Sunday,4,BD
17:02:00,Sunday,0,YU
17:02:00,Sunday,0,BD
17:04:00,Sunday,0,BD
17:06:00,Sunday,0,YU
17:18:00,Sunday,5,BD
17:45:00,Sunday,0,YU
17:53:00,Sunday,8,BD
18:17:00,Sunday,0,BD
18:38:00,Sunday,0,YU
18:42:00,Sunday,0,BD
18:58:00,Sunday,6,YU
19:25:00,Sunday,0,YU
20:26:00,Sunday,0,BD
20:38:00,Sunday,0,BD
20:44:00,Sunday,0,BD
21:03:00,Sunday,0,BD
21:18:00,Sunday,0,BD
21:58:00,Sunday,0,YU
22:00:00,Sunday,0,YU/BD
22:21:00,Sunday,0,BD
00:46:00,Sunday,0,YU
01:09:00,Sunday,10,YU
07:53:00,Sunday,0,SHP
17:08:00,Sunday,7,SHP
18:57:00,Sunday,0,SHP
02:43:00,Monday,0,YU
03:30:00,Monday,0,BD
05:14:00,Monday,0,YU
06:27:00,Monday,5,BD
06:40:00,Monday,0,BD
07:18:00,Monday,3,YU
07:20:00,Monday,8,YU
07:40:00,Monday,4,YU
07:47:00,Monday,0,BD
08:02:00,Monday,3,YU
08:39:00,Monday,3,BD
08:41:00,Monday,0,BD
08:42:00,Monday,7,YU
08:43:00,Monday,0,BD
08:53:00,Monday,0,YU
08:57:00,Monday,3,YU
08:58:00,Monday,0,YU
10:13:00,Monday,0,YU
10:23:00,Monday,4,BD
10:26:00,Monday,0,BD
10:44:00,Monday,0,YU
11:03:00,Monday,3,YU
11:03:00,Monday,0,YU
11:34:00,Monday,0,YU
12:07:00,Monday,0,YU
12:15:00,Monday,0,BD
12:47:00,Monday,0,YU
12:48:00,Monday,5,BD
12:48:00,Monday,0,BD
12:57:00,Monday,0,YU
13:03:00,Monday,3,BD
14:08:00,Monday,5,YU
14:25:00,Monday,0,YU
14:32:00,Monday,0,BD
14:33:00,Monday,0,YU
14:35:00,Monday,0,BD
14:41:00,Monday,5,YU
14:47:00,Monday,5,YU
14:51:00,Monday,0,BD
14:58:00,Monday,3,YU
14:59:00,Monday,4,YU
15:04:00,Monday,0,BD
15:08:00,Monday,0,BD
15:36:00,Monday,3,YU
15:39:00,Monday,3,YU
15:54:00,Monday,3,YU
16:17:00,Monday,0,BD
16:36:00,Monday,3,YU
16:42:00,Monday,0,BD
16:53:00,Monday,0,YU
17:26:00,Monday,0,YU
17:30:00,Monday,10,YU
17:48:00,Monday,5,YU
17:51:00,Monday,6,YU
18:02:00,Monday,0,BD
18:11:00,Monday,0,YU
18:17:00,Monday,12,YU
18:28:00,Monday,0,YU
18:30:00,Monday,0,BD
18:31:00,Monday,3,YU
18:43:00,Monday,0,BD
19:41:00,Monday,5,YU
19:59:00,Monday,0,YU
20:17:00,Monday,0,BD
20:19:00,Monday,5,BD
21:27:00,Monday,0,YU
22:00:00,Monday,0,YU/BD
22:05:00,Monday,0,YU
22:24:00,Monday,0,YU
22:27:00,Monday,0,BD
22:52:00,Monday,0,YU
23:00:00,Monday,0,YU
23:11:00,Monday,9,YU
23:35:00,Monday,0,YU
23:43:00,Monday,0,YU
00:42:00,Monday,0,BD
01:22:00,Monday,0,BD
23:35:00,Monday,4,SHP
02:01:00,Tuesday,0,YU
02:05:00,Tuesday,0,BD
02:43:00,Tuesday,0,YU
05:15:00,Tuesday,0,BD
05:33:00,Tuesday,59,YU
06:08:00,Tuesday,0,BD
06:21:00,Tuesday,0,YU
06:35:00,Tuesday,0,BD
07:03:00,Tuesday,3,BD
07:22:00,Tuesday,0,YU
07:32:00,Tuesday,0,BD
08:06:00,Tuesday,0,YU
08:10:00,Tuesday,0,YU
08:30:00,Tuesday,0,BD
08:30:00,Tuesday,0,BD
08:53:00,Tuesday,0,YU
08:56:00,Tuesday,0,BD
08:56:00,Tuesday,5,YU
09:02:00,Tuesday,0,BD
09:14:00,Tuesday,0,BD
10:01:00,Tuesday,3,BD
10:09:00,Tuesday,8,YU
10:10:00,Tuesday,0,YU
10:17:00,Tuesday,0,BD
10:31:00,Tuesday,0,YU
11:02:00,Tuesday,4,YU
11:24:00,Tuesday,0,BD
11:33:00,Tuesday,0,YU
11:41:00,Tuesday,0,BD
11:44:00,Tuesday,3,BD
11:49:00,Tuesday,4,BD
11:51:00,Tuesday,0,BD
12:16:00,Tuesday,6,YU
12:16:00,Tuesday,0,BD
12:18:00,Tuesday,0,YU
12:20:00,Tuesday,4,YU
12:25:00,Tuesday,0,BD
12:58:00,Tuesday,0,BD
13:01:00,Tuesday,0,BD
13:16:00,Tuesday,0,YU
13:58:00,Tuesday,0,YU
14:19:00,Tuesday,0,YU
14:25:00,Tuesday,5,YU
14:46:00,Tuesday,0,YU
15:18:00,Tuesday,8,BD
15:38:00,Tuesday,0,YU
15:45:00,Tuesday,0,BD
16:04:00,Tuesday,3,BD
16:46:00,Tuesday,3,YU
16:56:00,Tuesday,3,YU
17:47:00,Tuesday,0,YU
17:51:00,Tuesday,0,BD
18:09:00,Tuesday,0,YU
18:11:00,Tuesday,0,YU
19:24:00,Tuesday,0,YU
19:31:00,Tuesday,0,BD
20:09:00,Tuesday,21,BD
20:24:00,Tuesday,0,YU
20:26:00,Tuesday,0,BD
20:32:00,Tuesday,3,YU
20:41:00,Tuesday,8,YU
20:53:00,Tuesday,0,YU
21:03:00,Tuesday,0,YU
21:44:00,Tuesday,0,BD
21:48:00,Tuesday,0,YU
21:56:00,Tuesday,10,BD
22:00:00,Tuesday,0,YU/BD
22:16:00,Tuesday,0,YU
22:29:00,Tuesday,0,BD
23:00:00,Tuesday,0,YU
23:15:00,Tuesday,0,YU
23:54:00,Tuesday,0,BD
00:50:00,Tuesday,11,YU
00:56:00,Tuesday,0,BD
01:01:00,Tuesday,0,BD
01:04:00,Tuesday,3,YU
01:45:00,Tuesday,5,YU
05:31:00,Tuesday,7,SHP
05:31:00,Tuesday,3,SHP
05:33:00,Tuesday,7,SHP
17:27:00,Tuesday,3,SHP
17:53:00,Tuesday,0,SHP
23:44:00,Tuesday,0,SHP
23:49:00,Tuesday,0,SHP
05:15:00,Wednesday,13,BD
05:44:00,Wednesday,23,BD
05:51:00,Wednesday,13,BD
05:54:00,Wednesday,20,BD
05:55:00,Wednesday,3,BD
06:03:00,Wednesday,13,BD
06:47:00,Wednesday,0,YU
07:27:00,Wednesday,0,BD
07:33:00,Wednesday,0,BD
08:11:00,Wednesday,10,BD
10:22:00,Wednesday,21,BD
10:31:00,Wednesday,4,BD
10:41:00,Wednesday,0,YU
11:22:00,Wednesday,0,BD
11:24:00,Wednesday,0,BD
11:42:00,Wednesday,0,YU
11:46:00,Wednesday,3,YU
11:50:00,Wednesday,5,YU
12:20:00,Wednesday,0,YU
12:24:00,Wednesday,0,BD
12:42:00,Wednesday,0,BD
13:11:00,Wednesday,0,BD
13:13:00,Wednesday,0,YU
13:21:00,Wednesday,0,BD
13:38:00,Wednesday,0,YUS
14:20:00,Wednesday,9,YU
14:21:00,Wednesday,0,YU
14:36:00,Wednesday,3,YU
14:51:00,Wednesday,0,YU
15:23:00,Wednesday,11,BD
15:23:00,Wednesday,11,YU
15:30:00,Wednesday,0,BD
15:36:00,Wednesday,5,BD
15:44:00,Wednesday,0,BD
15:44:00,Wednesday,0,YU
16:02:00,Wednesday,3,BD
16:11:00,Wednesday,3,BD
16:12:00,Wednesday,0,YU
16:18:00,Wednesday,3,BD
16:25:00,Wednesday,0,YU
17:00:00,Wednesday,0,YU
17:05:00,Wednesday,0,YU
17:15:00,Wednesday,0,BD
17:20:00,Wednesday,0,BD
17:22:00,Wednesday,0,YU
18:04:00,Wednesday,0,YU
18:17:00,Wednesday,0,YU
18:17:00,Wednesday,0,BD
18:21:00,Wednesday,0,YU
18:39:00,Wednesday,10,YU
18:49:00,Wednesday,0,YU
18:58:00,Wednesday,3,YU
20:11:00,Wednesday,0,BD
20:58:00,Wednesday,0,BD
21:41:00,Wednesday,0,BD
22:00:00,Wednesday,0,YU/BD
22:17:00,Wednesday,0,YU
22:20:00,Wednesday,11,YU
22:26:00,Wednesday,0,YU
22:29:00,Wednesday,0,BD
22:30:00,Wednesday,7,YU
23:00:00,Wednesday,0,YU
23:38:00,Wednesday,8,YU
23:41:00,Wednesday,0,BD
00:09:00,Wednesday,0,BD
00:26:00,Wednesday,0,YU
01:37:00,Wednesday,0,YU
01:45:00,Wednesday,0,BD
09:10:00,Wednesday,0,SHP
21:45:00,Wednesday,25,SHP
22:27:00,Wednesday,0,SHP
02:02:00,Thursday,0,YU
03:08:00,Thursday,0,YU
06:17:00,Thursday,6,YU
06:18:00,Thursday,8,YU
07:02:00,Thursday,0,BD
07:09:00,Thursday,0,BD
07:12:00,Thursday,0,YU
07:43:00,Thursday,0,YU
07:54:00,Thursday,0,BD
08:04:00,Thursday,0,YU
08:42:00,Thursday,0,YU
08:57:00,Thursday,0,BD
09:14:00,Thursday,0,YU
10:03:00,Thursday,0,YU
10:12:00,Thursday,0,YU
10:21:00,Thursday,3,YU
10:48:00,Thursday,0,YU
10:58:00,Thursday,3,BD
11:07:00,Thursday,0,YU
11:13:00,Thursday,0,BD
11:18:00,Thursday,3,BD
12:02:00,Thursday,0,BD
12:10:00,Thursday,6,BD
12:17:00,Thursday,0,YU
12:24:00,Thursday,0,YU
12:31:00,Thursday,0,YU
12:31:00,Thursday,0,BD
12:41:00,Thursday,0,YU
12:44:00,Thursday,0,YU
13:18:00,Thursday,0,YU
13:33:00,Thursday,0,YU
13:38:00,Thursday,20,BD
13:40:00,Thursday,0,YU
13:44:00,Thursday,0,BD
14:09:00,Thursday,0,BD
14:26:00,Thursday,0,YU
14:33:00,Thursday,4,YU
14:36:00,Thursday,0,YU
14:41:00,Thursday,6,YU
14:49:00,Thursday,0,BD
14:49:00,Thursday,0,BD
15:04:00,Thursday,5,YU
15:24:00,Thursday,7,YU
15:51:00,Thursday,0,YU
15:54:00,Thursday,0,YU
16:08:00,Thursday,0,BD
16:20:00,Thursday,0,BD
16:55:00,Thursday,4,YU
17:05:00,Thursday,0,BD
17:25:00,Thursday,0,BD
17:35:00,Thursday,10,BD
17:58:00,Thursday,0,BD
18:31:00,Thursday,3,YU
19:17:00,Thursday,5,YU
19:50:00,Thursday,0,BD
20:15:00,Thursday,0,YU
20:27:00,Thursday,0,YU
20:42:00,Thursday,5,YU
21:57:00,Thursday,0,BD
22:00:00,Thursday,0,YU/BD
22:07:00,Thursday,8,YU
22:33:00,Thursday,0,YU
22:52:00,Thursday,8,YU
23:07:00,Thursday,0,BD
23:40:00,Thursday,4,YU
01:04:00,Thursday,0,YU
01:45:00,Thursday,6,BD
01:49:00,Thursday,0,BD
11:34:00,Thursday,0,SHP
19:52:00,Thursday,0,SHP
23:34:00,Thursday,0,SHP
01:08:00,Thursday,0,SHP
04:46:00,Friday,0,BD
05:48:00,Friday,0,BD
06:13:00,Friday,0,BD
07:05:00,Friday,0,BD
08:16:00,Friday,6,YU
08:16:00,Friday,4,YU
08:22:00,Friday,3,YU
08:22:00,Friday,6,YU
10:38:00,Friday,0,YU
11:43:00,Friday,5,BD
11:57:00,Friday,0,BD
11:58:00,Friday,0,BD
12:09:00,Friday,0,YU
12:12:00,Friday,0,BD
12:15:00,Friday,4,YU
12:16:00,Friday,0,BD
12:45:00,Friday,0,YU
12:46:00,Friday,0,YU
12:52:00,Friday,0,YU
12:53:00,Friday,0,YU
13:55:00,Friday,0,YU
13:59:00,Friday,5,YU
14:26:00,Friday,0,YU
14:44:00,Friday,5,YU
14:52:00,Friday,0,YU
14:56:00,Friday,9,YU
15:06:00,Friday,0,BD
15:24:00,Friday,0,YU
16:09:00,Friday,0,BD
16:19:00,Friday,0,YU
16:36:00,Friday,0,YU
16:43:00,Friday,0,YU
16:44:00,Friday,3,YU
17:37:00,Friday,4,BD
17:39:00,Friday,0,YU
17:53:00,Friday,0,BD
18:08:00,Friday,0,YU
18:11:00,Friday,3,YU
18:27:00,Friday,0,YU
19:23:00,Friday,0,BD
19:57:00,Friday,3,YU
20:23:00,Friday,0,BD
22:00:00,Friday,0,YU/BD
22:22:00,Friday,0,YU
22:53:00,Friday,3,YU
23:02:00,Friday,7,YU
23:10:00,Friday,5,BD
23:48:00,Friday,3,YU
00:02:00,Friday,7,BD
00:23:00,Friday,0,BD
00:51:00,Friday,0,YU
01:01:00,Friday,13,YU
01:02:00,Friday,3,YU
01:21:00,Friday,0,BD
01:26:00,Friday,6,BD
01:35:00,Friday,0,BD
01:43:00,Friday,5,BD
01:43:00,Friday,5,BD
02:24:00,Saturday,0,YU
04:04:00,Saturday,0,YU
05:59:00,Saturday,5,BD
06:11:00,Saturday,3,BD
06:22:00,Saturday,0,BD
07:04:00,Saturday,0,BD
08:05:00,Saturday,0,YU
08:09:00,Saturday,0,BD
08:33:00,Saturday,0,BD
08:33:00,Saturday,0,BD
08:46:00,Saturday,0,YU
09:08:00,Saturday,0,BD
11:07:00,Saturday,0,YU
11:19:00,Saturday,0,YU
11:26:00,Saturday,3,YU
12:03:00,Saturday,0,BD
12:03:00,Saturday,0,BD
12:06:00,Saturday,4,BD
13:01:00,Saturday,0,YU
13:14:00,Saturday,0,BD
13:22:00,Saturday,0,YU
13:29:00,Saturday,5,YU
13:44:00,Saturday,6,YU
13:47:00,Saturday,7,YU
13:53:00,Saturday,5,YU
14:04:00,Saturday,4,YU
14:05:00,Saturday,0,YU
14:20:00,Saturday,0,BD
15:08:00,Saturday,3,YU
15:14:00,Saturday,13,YU
15:38:00,Saturday,0,BD
16:26:00,Saturday,0,YU
16:27:00,Saturday,4,BD
16:57:00,Saturday,0,YU
17:07:00,Saturday,0,BD
17:14:00,Saturday,0,YU
17:37:00,Saturday,0,YU
17:39:00,Saturday,0,BD
17:55:00,Saturday,0,BD
18:51:00,Saturday,0,YU
19:13:00,Saturday,0,YU
19:27:00,Saturday,0,BD
20:44:00,Saturday,0,YU
20:58:00,Saturday,0,YU
21:40:00,Saturday,0,BD
22:00:00,Saturday,0,YU/BD
22:02:00,Saturday,0,YU
22:28:00,Saturday,4,YU
22:48:00,Saturday,3,YU
22:53:00,Saturday,0,BD
23:28:00,Saturday,0,YU
23:37:00,Saturday,0,YU
23:52:00,Saturday,0,BD
23:55:00,Saturday,5,BD
01:36:00,Saturday,0,BD
01:45:00,Saturday,0,BD
15:13:00,Saturday,3,SHP
18:28:00,Saturday,0,SHP
18:34:00,Saturday,0,SHP
07:31:00,Sunday,0,YU
07:40:00,Sunday,0,BD
07:47:00,Sunday,0,BD
08:09:00,Sunday,5,BD
08:24:00,Sunday,5,YU
08:29:00,Sunday,5,YU
08:35:00,Sunday,5,BD
08:55:00,Sunday,0,YU
09:03:00,Sunday,0,BD
09:18:00,Sunday,0,BD
09:38:00,Sunday,0,YU
09:52:00,Sunday,0,BD
09:53:00,Sunday,0,BD
10:31:00,Sunday,0,YU
10:33:00,Sunday,0,YU
10:34:00,Sunday,0,BD
10:36:00,Sunday,0,YU
11:00:00,Sunday,0,YU
11:25:00,Sunday,5,YU
11:50:00,Sunday,0,BD
12:00:00,Sunday,0,BD
12:04:00,Sunday,0,YU
13:11:00,Sunday,4,YU
13:18:00,Sunday,0,BD
13:36:00,Sunday,0,YU
13:45:00,Sunday,0,BD
14:05:00,Sunday,3,YU
14:06:00,Sunday,3,YU
14:07:00,Sunday,0,BD
15:09:00,Sunday,0,BD
15:21:00,Sunday,0,BD
15:43:00,Sunday,0,BD
15:49:00,Sunday,0,YU
15:59:00,Sunday,4,YU
16:25:00,Sunday,4,BD
16:44:00,Sunday,0,YU
17:28:00,Sunday,0,YU
17:32:00,Sunday,0,YU
17:47:00,Sunday,0,YU
18:04:00,Sunday,0,YU
18:11:00,Sunday,0,BD
18:28:00,Sunday,7,YU
18:28:00,Sunday,0,YU
18:39:00,Sunday,4,BD
19:29:00,Sunday,11,YU
20:13:00,Sunday,0,BD
20:20:00,Sunday,5,YU
20:27:00,Sunday,0,YU
20:35:00,Sunday,0,BD
20:44:00,Sunday,0,YU
22:00:00,Sunday,0,YU/BD
22:01:00,Sunday,10,BD
22:11:00,Sunday,0,BD
22:12:00,Sunday,0,YU
22:17:00,Sunday,0,YU
22:19:00,Sunday,6,BD
22:51:00,Sunday,0,BD
23:04:00,Sunday,0,YU
23:22:00,Sunday,0,BD
23:54:00,Sunday,0,BD
23:56:00,Sunday,6,YU
01:13:00,Sunday,0,BD
01:35:00,Sunday,0,BD
01:37:00,Sunday,0,BD
01:45:00,Sunday,0,BD
01:55:00,Sunday,9,YU
21:41:00,Sunday,0,SHP
21:42:00,Sunday,3,SHP
02:06:00,Monday,0,YU
02:42:00,Monday,0,YU
05:40:00,Monday,0,BD
05:58:00,Monday,6,YU
07:04:00,Monday,0,BD
07:15:00,Monday,0,BD
07:32:00,Monday,0,YU
07:35:00,Monday,6,YU
08:11:00,Monday,0,YU
08:17:00,Monday,6,YU
08:53:00,Monday,0,BD
09:12:00,Monday,0,BD
09:35:00,Monday,0,YU
10:05:00,Monday,0,BD
10:07:00,Monday,0,YU
11:37:00,Monday,0,BD
12:01:00,Monday,0,BD
12:40:00,Monday,0,YU
13:11:00,Monday,3,BD
14:12:00,Monday,0,YU
14:38:00,Monday,4,YU
14:40:00,Monday,0,YU
15:16:00,Monday,3,YU
15:36:00,Monday,0,YU
16:32:00,Monday,0,YU
17:27:00,Monday,6,YU
17:35:00,Monday,0,YU
18:17:00,Monday,0,YU
18:20:00,Monday,0,YU
18:50:00,Monday,0,BD
18:52:00,Monday,0,BD
18:57:00,Monday,0,YU
18:59:00,Monday,0,YU
19:12:00,Monday,0,YU
19:30:00,Monday,0,YU
19:45:00,Monday,0,YU
21:12:00,Monday,0,BD
21:13:00,Monday,0,YU
21:22:00,Monday,5,YU
21:30:00,Monday,0,BD
21:41:00,Monday,0,BD
22:00:00,Monday,0,YU/BD
22:27:00,Monday,0,BD
23:16:00,Monday,5,YU
23:56:00,Monday,0,YU
00:14:00,Monday,0,BD
00:51:00,Monday,0,BD
02:00:00,Tuesday,0,YU
02:38:00,Tuesday,0,BD
02:49:00,Tuesday,0,BD
07:04:00,Tuesday,4,BD
07:12:00,Tuesday,3,BD
07:31:00,Tuesday,0,YU
07:38:00,Tuesday,4,YU
08:09:00,Tuesday,0,YU
08:50:00,Tuesday,3,BD
08:58:00,Tuesday,0,YU
10:00:00,Tuesday,0,BD
10:27:00,Tuesday,45,YU
10:29:00,Tuesday,0,BD
10:33:00,Tuesday,0,BD
11:30:00,Tuesday,0,YU
11:35:00,Tuesday,4,BD
11:39:00,Tuesday,0,YU
11:52:00,Tuesday,3,BD
12:23:00,Tuesday,0,BD
13:06:00,Tuesday,3,BD
14:33:00,Tuesday,5,YU
14:56:00,Tuesday,0,YU
15:05:00,Tuesday,0,YU
15:21:00,Tuesday,0,BD
15:29:00,Tuesday,0,BD
16:03:00,Tuesday,5,YU
16:17:00,Tuesday,3,YU
16:37:00,Tuesday,5,YU
16:39:00,Tuesday,10,YU
16:46:00,Tuesday,0,BD
16:58:00,Tuesday,6,YU
17:03:00,Tuesday,0,YU
17:40:00,Tuesday,0,YU
18:16:00,Tuesday,0,BD
18:27:00,Tuesday,0,BD
18:35:00,Tuesday,6,YU
18:43:00,Tuesday,0,BD
19:07:00,Tuesday,0,YU
19:25:00,Tuesday,0,YU
19:26:00,Tuesday,0,YU
19:31:00,Tuesday,0,YU
19:36:00,Tuesday,0,YU
19:46:00,Tuesday,3,BD
19:50:00,Tuesday,0,BD
20:59:00,Tuesday,0,BD
21:05:00,Tuesday,3,YU
21:46:00,Tuesday,0,BD
21:56:00,Tuesday,29,YU
22:00:00,Tuesday,0,YU/BD
22:10:00,Tuesday,4,YU
22:17:00,Tuesday,10,YU
22:29:00,Tuesday,0,YU
00:00:00,Tuesday,0,BD
00:53:00,Tuesday,0,BD
01:15:00,Tuesday,0,YU
01:50:00,Tuesday,0,BD
03:18:00,Tuesday,0,SHP
20:15:00,Tuesday,0,SHP
05:46:00,Wednesday,5,BD
05:47:00,Wednesday,0,BD
05:49:00,Wednesday,5,YU
05:53:00,Wednesday,0,BD
05:53:00,Wednesday,5,YU
06:27:00,Wednesday,4,BD
06:42:00,Wednesday,0,YU
06:43:00,Wednesday,4,YU
06:52:00,Wednesday,0,YU
08:00:00,Wednesday,0,YU
08:32:00,Wednesday,0,BD
08:38:00,Wednesday,5,YU
08:58:00,Wednesday,3,YU
09:22:00,Wednesday,0,BD
09:52:00,Wednesday,0,YU
10:13:00,Wednesday,0,BD
10:27:00,Wednesday,0,BD
10:35:00,Wednesday,0,BD
10:38:00,Wednesday,4,BD
10:39:00,Wednesday,6,BD
10:54:00,Wednesday,0,YU
11:30:00,Wednesday,0,YU
11:48:00,Wednesday,0,YU
12:25:00,Wednesday,0,YU
13:02:00,Wednesday,0,BD
13:11:00,Wednesday,0,BD
13:11:00,Wednesday,3,BD
13:23:00,Wednesday,5,BD
13:34:00,Wednesday,0,BD
13:44:00,Wednesday,5,YU
14:10:00,Wednesday,20,BD
14:11:00,Wednesday,0,BD
14:17:00,Wednesday,16,YU
14:37:00,Wednesday,0,YU
14:50:00,Wednesday,0,BD
15:00:00,Wednesday,6,YU
15:09:00,Wednesday,0,BD
15:22:00,Wednesday,0,BD
15:33:00,Wednesday,0,YU
15:39:00,Wednesday,5,YU
17:02:00,Wednesday,0,YU
17:07:00,Wednesday,0,YU
17:10:00,Wednesday,0,YU
17:15:00,Wednesday,3,YU
17:25:00,Wednesday,4,YU
17:25:00,Wednesday,0,BD
18:13:00,Wednesday,0,YU
18:30:00,Wednesday,0,YU
18:45:00,Wednesday,3,BD
18:55:00,Wednesday,5,YU
19:07:00,Wednesday,0,BD
20:45:00,Wednesday,0,BD
21:22:00,Wednesday,4,YU
21:22:00,Wednesday,5,BD
21:32:00,Wednesday,3,YU
21:49:00,Wednesday,5,YU
22:00:00,Wednesday,0,YU/BD
22:17:00,Wednesday,0,YU
22:33:00,Wednesday,7,YU
23:07:00,Wednesday,0,BD
23:19:00,Wednesday,4,YU
00:40:00,Wednesday,5,YU
01:54:00,Wednesday,0,YU
02:18:00,Wednesday,0,SHP
11:45:00,Wednesday,0,SHP
12:35:00,Wednesday,0,SHP
20:33:00,Wednesday,0,SHP
02:33:00,Thursday,0,YU
02:37:00,Thursday,0,BD
04:43:00,Thursday,0,YU
05:25:00,Thursday,0,BD
06:00:00,Thursday,0,YU
06:08:00,Thursday,0,BD
06:12:00,Thursday,3,BD
06:31:00,Thursday,6,YU
06:54:00,Thursday,0,BD
07:30:00,Thursday,0,BD
08:17:00,Thursday,4,YU
08:32:00,Thursday,0,YU
08:38:00,Thursday,0,YU
08:39:00,Thursday,0,BD
08:46:00,Thursday,12,YU
08:47:00,Thursday,0,YU
09:50:00,Thursday,0,YU
10:33:00,Thursday,0,BD
11:02:00,Thursday,7,YU
11:07:00,Thursday,0,YU
11:58:00,Thursday,12,YU
12:34:00,Thursday,0,YU
12:49:00,Thursday,0,YU
12:53:00,Thursday,0,YU
13:18:00,Thursday,0,YU
13:38:00,Thursday,0,YU
14:51:00,Thursday,0,BD
15:31:00,Thursday,0,BD
15:34:00,Thursday,3,BD
15:44:00,Thursday,4,YU
16:08:00,Thursday,0,YU
16:27:00,Thursday,0,YU
16:31:00,Thursday,4,BD
17:21:00,Thursday,0,YU
17:33:00,Thursday,8,BD
17:33:00,Thursday,8,YU
17:54:00,Thursday,9,YU
18:07:00,Thursday,38,YU
18:56:00,Thursday,0,BD
19:09:00,Thursday,0,BD
20:40:00,Thursday,5,BD
20:49:00,Thursday,0,BD
20:55:00,Thursday,0,YU
21:06:00,Thursday,7,YU
21:15:00,Thursday,7,YU
21:29:00,Thursday,4,YU
21:52:00,Thursday,4,YU
22:00:00,Thursday,0,YU/BD
22:00:00,Thursday,0,TRACK LEVEL ACTIVITY
22:34:00,Thursday,0,YU
23:44:00,Thursday,0,YU
01:03:00,Thursday,5,BD
01:11:00,Thursday,0,BD
01:11:00,Thursday,0,BD
01:14:00,Thursday,0,YU
01:27:00,Thursday,4,BD
01:29:00,Thursday,4,BD
06:00:00,Thursday,0,SHP
22:24:00,Thursday,0,SHP
22:52:00,Thursday,0,SHP
02:31:00,Friday,0,YU
02:56:00,Friday,0,BD
04:18:00,Friday,0,YU
05:32:00,Friday,0,BD
05:47:00,Friday,3,BD
06:03:00,Friday,7,BD
06:07:00,Friday,5,YU
06:37:00,Friday,0,YU
06:38:00,Friday,5,BD
08:40:00,Friday,0,YU
09:02:00,Friday,0,BD
09:03:00,Friday,0,BD
10:03:00,Friday,9,YU
10:54:00,Friday,3,BD
10:58:00,Friday,4,BD
11:06:00,Friday,3,YU
11:39:00,Friday,0,BD
13:36:00,Friday,9,YU
13:54:00,Friday,0,BD
13:54:00,Friday,0,BD
14:20:00,Friday,0,BD
14:24:00,Friday,0,YU
14:52:00,Friday,4,BD
15:23:00,Friday,0,BD
15:33:00,Friday,3,YU
15:53:00,Friday,3,BD
16:12:00,Friday,0,YU
16:48:00,Friday,0,BD
16:51:00,Friday,5,YU
16:56:00,Friday,22,YU
17:13:00,Friday,14,YU
17:33:00,Friday,0,BD
17:47:00,Friday,3,YU
18:02:00,Friday,3,YU
18:29:00,Friday,3,YU
18:38:00,Friday,7,BD
18:54:00,Friday,0,YU
20:28:00,Friday,7,BD
20:43:00,Friday,0,BD
20:45:00,Friday,0,BD
20:58:00,Friday,3,BD
21:29:00,Friday,0,BD
21:38:00,Friday,7,YU
22:00:00,Friday,0,YU/BD
23:03:00,Friday,3,BD
23:27:00,Friday,0,YU
23:34:00,Friday,3,BD
00:13:00,Friday,0,YU
00:16:00,Friday,3,BD
00:24:00,Friday,0,YU
00:58:00,Friday,0,YU
01:17:00,Friday,0,YU
10:03:00,Friday,0,SHP
13:38:00,Friday,0,SHP
21:10:00,Friday,25,SHP
02:19:00,Saturday,0,BD
05:00:00,Saturday,0,YU
05:54:00,Saturday,5,BD
06:06:00,Saturday,0,BD
06:56:00,Saturday,0,YU
06:59:00,Saturday,6,YU
07:56:00,Saturday,0,BD
08:24:00,Saturday,0,YU
08:29:00,Saturday,0,YU
08:57:00,Saturday,0,BD
09:09:00,Saturday,0,YU
09:20:00,Saturday,0,BD
09:33:00,Saturday,0,BD
10:11:00,Saturday,4,BD
10:53:00,Saturday,0,YU
11:11:00,Saturday,0,YU
11:23:00,Saturday,0,YU
11:34:00,Saturday,0,YU
11:59:00,Saturday,0,BD
12:17:00,Saturday,0,BD
12:17:00,Saturday,0,YU
13:30:00,Saturday,5,YU
13:58:00,Saturday,4,BD
14:32:00,Saturday,0,YU
14:53:00,Saturday,0,YU
15:02:00,Saturday,0,BD
15:08:00,Saturday,0,YU
15:52:00,Saturday,0,YU
16:00:00,Saturday,0,YU
16:07:00,Saturday,0,YU
16:16:00,Saturday,5,YU
16:26:00,Saturday,0,YU
16:44:00,Saturday,0,YU
16:46:00,Saturday,25,YU
16:50:00,Saturday,0,BD
17:07:00,Saturday,0,YU
17:32:00,Saturday,0,BD
17:36:00,Saturday,0,YU
17:48:00,Saturday,3,YU
18:02:00,Saturday,3,YU
18:51:00,Saturday,0,YU
19:45:00,Saturday,0,BD
19:56:00,Saturday,3,YU
20:11:00,Saturday,0,YU
20:43:00,Saturday,0,YU
21:22:00,Saturday,0,BD
21:31:00,Saturday,0,YU
21:42:00,Saturday,0,YU
22:00:00,Saturday,0,YU/BD
00:11:00,Saturday,6,YU
19:36:00,Saturday,0,SHP
02:07:00,Sunday,0,BD
02:09:00,Sunday,0,YU
02:57:00,Sunday,0,BD
06:13:00,Sunday,0,YU
07:53:00,Sunday,0,BD
07:59:00,Sunday,195,BD
08:00:00,Sunday,0,YU
08:05:00,Sunday,0,BD
08:15:00,Sunday,0,BD
08:16:00,Sunday,5,YU
08:54:00,Sunday,0,YU
08:59:00,Sunday,0,BD
09:36:00,Sunday,0,BD
10:37:00,Sunday,0,BD
11:44:00,Sunday,0,YU
11:53:00,Sunday,0,BD
12:30:00,Sunday,10,BD
12:33:00,Sunday,0,BD
12:48:00,Sunday,0,BD
13:03:00,Sunday,0,BD
13:05:00,Sunday,0,YU
13:10:00,Sunday,4,BD
13:28:00,Sunday,0,YU
13:31:00,Sunday,6,BD
13:46:00,Sunday,0,YU
15:58:00,Sunday,0,BD
16:02:00,Sunday,10,YU
16:42:00,Sunday,0,YU
16:58:00,Sunday,0,YU
16:58:00,Sunday,0,BD
17:04:00,Sunday,0,YU
17:06:00,Sunday,0,BD
17:19:00,Sunday,0,YU
17:21:00,Sunday,0,BD
17:51:00,Sunday,0,BD
17:57:00,Sunday,0,BD
18:20:00,Sunday,3,YU
18:44:00,Sunday,0,BD
18:53:00,Sunday,0,BD
19:07:00,Sunday,0,BD
19:21:00,Sunday,5,BD
19:35:00,Sunday,0,BD
19:56:00,Sunday,7,BD
20:05:00,Sunday,0,BD
20:23:00,Sunday,17,YU
20:39:00,Sunday,0,YU
21:00:00,Sunday,0,YU
21:34:00,Sunday,0,BD
21:46:00,Sunday,0,YU
22:00:00,Sunday,0,YU & BD
22:12:00,Sunday,0,BD
22:15:00,Sunday,0,BD
22:37:00,Sunday,0,BD
22:39:00,Sunday,0,BD
22:53:00,Sunday,6,BD
22:56:00,Sunday,0,YU
22:58:00,Sunday,7,YU
23:00:00,Sunday,8,YU
00:08:00,Sunday,0,BD
01:26:00,Sunday,0,BD
01:54:00,Sunday,0,BD
02:10:00,Monday,3,BD
03:57:00,Monday,0,YU
05:06:00,Monday,0,YU
05:51:00,Monday,5,YU
06:56:00,Monday,0,YU
06:58:00,Monday,0,YU
07:04:00,Monday,3,YU
07:24:00,Monday,0,BD
07:53:00,Monday,9,YU
07:55:00,Monday,3,YU
07:59:00,Monday,5,YU
08:06:00,Monday,0,YU
08:41:00,Monday,5,YU
08:54:00,Monday,0,BD
09:02:00,Monday,0,BD
09:02:00,Monday,0,BD
09:05:00,Monday,0,YU
09:10:00,Monday,0,BD
09:25:00,Monday,0,BD
09:47:00,Monday,4,BD
09:53:00,Monday,0,BD
10:24:00,Monday,0,YU
10:30:00,Monday,0,BD
11:28:00,Monday,0,YU
12:37:00,Monday,0,BD
14:04:00,Monday,0,YU
14:11:00,Monday,5,YU
15:20:00,Monday,5,YU
15:45:00,Monday,3,BD
15:53:00,Monday,0,YU
16:05:00,Monday,0,BD
16:07:00,Monday,3,YU
17:05:00,Monday,0,BD
17:19:00,Monday,0,BD
17:41:00,Monday,8,BD
18:14:00,Monday,0,YU
18:16:00,Monday,3,BD
18:24:00,Monday,10,YU
18:39:00,Monday,4,YU
18:42:00,Monday,0,YU
18:43:00,Monday,0,BD
20:18:00,Monday,0,YU
20:20:00,Monday,3,YU
21:13:00,Monday,7,YU
21:16:00,Monday,24,YU
21:31:00,Monday,0,BD
22:00:00,Monday,0,YU/BD
23:13:00,Monday,0,BD
23:29:00,Monday,0,BD
23:38:00,Monday,0,BD
23:44:00,Monday,13,YU
00:10:00,Monday,5,BD
00:12:00,Monday,3,BD
00:43:00,Monday,0,BD
00:57:00,Monday,0,BD
01:13:00,Monday,0,BD
01:39:00,Monday,0,YU
06:32:00,Monday,3,SHP
19:05:00,Monday,0,SHP
02:19:00,Tuesday,0,BD
02:34:00,Tuesday,0,BD
02:35:00,Tuesday,0,BD
02:38:00,Tuesday,0,YU
05:45:00,Tuesday,0,BD
05:47:00,Tuesday,7,BD
05:54:00,Tuesday,7,BD
05:56:00,Tuesday,12,YU
06:11:00,Tuesday,4,YU
07:16:00,Tuesday,5,YU
07:21:00,Tuesday,0,BD
07:28:00,Tuesday,0,YU
07:43:00,Tuesday,0,BD
07:44:00,Tuesday,0,BD
08:05:00,Tuesday,0,BD
08:16:00,Tuesday,5,YU
08:40:00,Tuesday,0,BD
08:44:00,Tuesday,0,BD
08:56:00,Tuesday,0,BD
09:16:00,Tuesday,0,YU
09:22:00,Tuesday,0,BD
09:36:00,Tuesday,0,BD
10:00:00,Tuesday,0,BD
10:02:00,Tuesday,0,BD
10:35:00,Tuesday,0,YU
11:11:00,Tuesday,3,BD
11:20:00,Tuesday,0,BD
11:24:00,Tuesday,25,BD
11:25:00,Tuesday,44,BD
12:05:00,Tuesday,0,YU
12:25:00,Tuesday,0,YU
13:30:00,Tuesday,0,YU
13:42:00,Tuesday,0,BD
13:58:00,Tuesday,4,BD
15:03:00,Tuesday,20,YU
15:08:00,Tuesday,0,BD
15:10:00,Tuesday,0,YU
15:16:00,Tuesday,15,YU
15:26:00,Tuesday,0,YU
16:10:00,Tuesday,6,YU
16:17:00,Tuesday,7,YU
16:28:00,Tuesday,7,YU
16:38:00,Tuesday,6,YU
16:45:00,Tuesday,6,YU
16:54:00,Tuesday,0,YU
17:11:00,Tuesday,0,YU
17:14:00,Tuesday,0,YU
17:24:00,Tuesday,3,YU
17:35:00,Tuesday,9,YU
17:51:00,Tuesday,6,YU
18:01:00,Tuesday,5,BD
18:02:00,Tuesday,0,YU
18:03:00,Tuesday,0,BD
18:13:00,Tuesday,0,YU
18:15:00,Tuesday,5,YU
18:23:00,Tuesday,0,YU
18:34:00,Tuesday,4,YU
18:35:00,Tuesday,0,YU
18:36:00,Tuesday,0,BD
18:37:00,Tuesday,0,YU
19:18:00,Tuesday,3,YU
19:59:00,Tuesday,9,YU
20:39:00,Tuesday,0,YU
22:00:00,Tuesday,0,YU/BD
22:04:00,Tuesday,0,BD
22:13:00,Tuesday,0,BD
22:21:00,Tuesday,6,YU
00:35:00,Tuesday,0,BD
00:44:00,Tuesday,3,BD
01:50:00,Tuesday,17,YU
10:03:00,Tuesday,0,SHP
12:49:00,Tuesday,0,SHP
15:42:00,Tuesday,0,SHP
02:00:00,Wednesday,0,YU
05:16:00,Wednesday,0,YU
05:54:00,Wednesday,0,YU
05:56:00,Wednesday,3,YU
06:00:00,Wednesday,0,YU
06:36:00,Wednesday,0,YU
06:41:00,Wednesday,0,BD
06:53:00,Wednesday,3,YU
07:08:00,Wednesday,0,YU
07:10:00,Wednesday,0,YU
07:16:00,Wednesday,26,YU
07:22:00,Wednesday,0,YU
07:28:00,Wednesday,4,YU
07:31:00,Wednesday,4,YU
07:57:00,Wednesday,5,YU
08:12:00,Wednesday,5,YU
08:30:00,Wednesday,0,YU
08:38:00,Wednesday,0,BD
08:46:00,Wednesday,0,YU
08:47:00,Wednesday,0,YU
08:57:00,Wednesday,0,BD
08:58:00,Wednesday,6,YU
09:07:00,Wednesday,38,YU
09:16:00,Wednesday,4,YU
09:46:00,Wednesday,12,BD
10:04:00,Wednesday,4,BD
11:01:00,Wednesday,5,BD
12:16:00,Wednesday,25,BD
12:44:00,Wednesday,0,YU
12:45:00,Wednesday,0,YU
12:59:00,Wednesday,11,BD
13:04:00,Wednesday,0,YU
13:17:00,Wednesday,0,YU
13:19:00,Wednesday,0,BD
13:36:00,Wednesday,0,YU
13:40:00,Wednesday,11,BD
13:52:00,Wednesday,0,BD
13:53:00,Wednesday,0,YU
14:14:00,Wednesday,0,YU
14:21:00,Wednesday,0,YU
14:47:00,Wednesday,3,YU
15:24:00,Wednesday,0,YU
15:38:00,Wednesday,0,YU
15:41:00,Wednesday,11,YU
15:49:00,Wednesday,7,BD
16:10:00,Wednesday,0,YU
16:14:00,Wednesday,0,BD
16:19:00,Wednesday,0,YU
16:51:00,Wednesday,0,YU
16:55:00,Wednesday,0,YU
17:08:00,Wednesday,0,BD
17:23:00,Wednesday,0,YU
17:30:00,Wednesday,0,BD
17:45:00,Wednesday,0,YU
18:03:00,Wednesday,0,YU
18:39:00,Wednesday,0,YU
18:47:00,Wednesday,0,BD
19:23:00,Wednesday,0,BD
19:25:00,Wednesday,0,BD
19:52:00,Wednesday,4,YU
20:17:00,Wednesday,0,BD
20:50:00,Wednesday,8,YU
20:52:00,Wednesday,40,YU
20:56:00,Wednesday,4,BD
21:21:00,Wednesday,0,BD
21:32:00,Wednesday,0,YU
21:51:00,Wednesday,0,YU
22:00:00,Wednesday,0,YU & BD
22:26:00,Wednesday,0,YU
22:41:00,Wednesday,4,YU
22:42:00,Wednesday,0,BD
00:03:00,Wednesday,0,YU
00:12:00,Wednesday,0,YU
00:15:00,Wednesday,0,YU
00:28:00,Wednesday,0,YU
00:55:00,Wednesday,0,YU
01:30:00,Wednesday,0,YU
06:06:00,Wednesday,0,SHP
02:18:00,Thursday,0,BD
03:35:00,Thursday,0,YU
05:48:00,Thursday,0,BD
06:26:00,Thursday,5,YU
06:45:00,Thursday,3,BD
06:54:00,Thursday,0,BD
07:03:00,Thursday,4,BD
07:06:00,Thursday,0,YU
07:09:00,Thursday,5,YU
07:14:00,Thursday,3,BD
07:15:00,Thursday,4,YU
07:20:00,Thursday,0,YU
07:29:00,Thursday,4,YU
08:03:00,Thursday,0,YU
08:14:00,Thursday,0,YU
08:25:00,Thursday,0,YU
08:38:00,Thursday,3,YU
08:58:00,Thursday,0,YU
08:59:00,Thursday,11,BD
09:00:00,Thursday,0,YU
09:09:00,Thursday,0,YU
09:29:00,Thursday,0,BD
09:49:00,Thursday,14,YU
09:52:00,Thursday,5,YU
10:17:00,Thursday,0,YU
10:24:00,Thursday,0,YU
10:41:00,Thursday,4,YU
11:40:00,Thursday,126,BD
11:49:00,Thursday,3,YU
12:17:00,Thursday,0,BD
12:31:00,Thursday,0,YU
12:36:00,Thursday,0,BD
12:37:00,Thursday,0,BD
13:20:00,Thursday,4,BD
13:37:00,Thursday,0,BD
13:43:00,Thursday,17,YU
13:47:00,Thursday,0,BD
14:09:00,Thursday,0,BD
14:10:00,Thursday,5,BD
14:20:00,Thursday,17,BD
14:55:00,Thursday,4,YU
15:59:00,Thursday,0,YU
16:14:00,Thursday,0,BD
16:16:00,Thursday,4,YU
16:59:00,Thursday,0,YU
17:01:00,Thursday,0,YU
17:08:00,Thursday,0,YU
17:13:00,Thursday,0,YU
17:19:00,Thursday,0,YU
17:20:00,Thursday,0,YU
18:00:00,Thursday,23,BD
18:27:00,Thursday,0,YU
18:50:00,Thursday,0,YU
19:06:00,Thursday,3,BD
19:23:00,Thursday,0,YU
19:53:00,Thursday,3,BD
20:26:00,Thursday,0,YU
20:37:00,Thursday,0,YU
20:37:00,Thursday,0,YU
20:40:00,Thursday,0,BD
20:55:00,Thursday,6,YU
22:00:00,Thursday,0,YUS/BD
22:18:00,Thursday,7,BD
22:21:00,Thursday,4,YU
22:30:00,Thursday,0,BD
22:35:00,Thursday,27,BD
22:49:00,Thursday,0,BD
22:56:00,Thursday,0,BD
23:18:00,Thursday,30,BD
23:22:00,Thursday,0,YU
23:29:00,Thursday,0,YU
00:00:00,Thursday,0,BD
01:06:00,Thursday,0,YU
01:28:00,Thursday,0,YU
01:36:00,Thursday,0,YU
01:36:00,Thursday,0,BD
20:00:00,Thursday,0,SHP
02:09:00,Friday,0,YU
02:14:00,Friday,0,BD
02:25:00,Friday,0,BD
03:47:00,Friday,0,YU
05:48:00,Friday,0,BD
05:52:00,Friday,0,YU
06:02:00,Friday,7,BD
06:12:00,Friday,3,BD
06:23:00,Friday,0,BD
06:34:00,Friday,0,BD
06:38:00,Friday,0,BD
06:49:00,Friday,3,BD
07:34:00,Friday,0,YU
07:52:00,Friday,0,BD
08:17:00,Friday,0,BD
09:20:00,Friday,0,YU
09:49:00,Friday,4,BD
09:53:00,Friday,0,YU
11:07:00,Friday,0,BD
11:17:00,Friday,6,BD
11:28:00,Friday,15,YU
11:40:00,Friday,7,YU
11:54:00,Friday,0,YU
12:59:00,Friday,0,BD
13:12:00,Friday,0,BD
14:15:00,Friday,4,BD
14:19:00,Friday,0,BD
14:29:00,Friday,0,YU
14:29:00,Friday,0,YU
14:47:00,Friday,0,YU
15:08:00,Friday,3,BD
15:21:00,Friday,0,BD
15:30:00,Friday,0,YU
15:31:00,Friday,0,BD
16:01:00,Friday,0,BD
16:12:00,Friday,0,YU
17:07:00,Friday,15,YU
17:13:00,Friday,8,YU
17:24:00,Friday,12,YU
17:29:00,Friday,0,BD
18:07:00,Friday,0,YU
18:37:00,Friday,3,BD
18:48:00,Friday,0,YU
19:13:00,Friday,5,BD
19:32:00,Friday,6,YU
19:45:00,Friday,3,YU
19:55:00,Friday,0,BD
20:05:00,Friday,0,BD
20:10:00,Friday,0,YU
20:13:00,Friday,3,YU
20:15:00,Friday,3,BD
20:20:00,Friday,25,109 RANEE
20:40:00,Friday,0,YU
22:00:00,Friday,0,ONGE-UNIVERSITY AND BL
22:22:00,Friday,0,BD
22:40:00,Friday,15,BD
23:18:00,Friday,0,YU
23:33:00,Friday,0,YU
23:38:00,Friday,0,BD
23:44:00,Friday,0,BD
23:47:00,Friday,0,YU
00:20:00,Friday,0,BD
01:05:00,Friday,0,BD
01:32:00,Friday,0,BD
05:54:00,Friday,0,SHP
20:57:00,Friday,0,SHP
02:00:00,Saturday,0,YU
02:01:00,Saturday,0,BD
02:03:00,Saturday,0,BD
02:41:00,Saturday,0,BD
03:15:00,Saturday,0,BD
06:00:00,Saturday,0,BD
06:07:00,Saturday,5,YU
06:37:00,Saturday,5,YU
07:43:00,Saturday,0,BD
08:36:00,Saturday,22,YU
09:31:00,Saturday,0,BD
10:31:00,Saturday,0,YU
10:59:00,Saturday,4,BD
11:30:00,Saturday,0,BD
11:51:00,Saturday,0,YU
11:52:00,Saturday,0,BD
12:34:00,Saturday,8,YU
13:09:00,Saturday,3,YU
13:24:00,Saturday,3,YU
13:33:00,Saturday,6,YU
13:36:00,Saturday,8,YU
14:09:00,Saturday,0,YU
14:11:00,Saturday,0,BD
14:13:00,Saturday,4,BD
14:15:00,Saturday,0,BD
14:17:00,Saturday,0,YU
15:48:00,Saturday,0,BD
16:02:00,Saturday,0,YU
16:03:00,Saturday,0,BD
16:44:00,Saturday,5,BD
16:50:00,Saturday,0,BD
16:54:00,Saturday,0,YU
17:05:00,Saturday,0,BD
17:40:00,Saturday,0,BD
17:48:00,Saturday,0,BD
18:02:00,Saturday,3,YU
18:19:00,Saturday,0,YU
19:00:00,Saturday,4,BD
19:11:00,Saturday,0,BD
19:29:00,Saturday,4,YU
19:47:00,Saturday,5,YU
19:49:00,Saturday,0,BD
20:09:00,Saturday,0,YU
20:15:00,Saturday,0,BD
20:27:00,Saturday,0,YU
21:43:00,Saturday,0,YU
22:00:00,Saturday,0,YU/BD
22:15:00,Saturday,0,BD
22:35:00,Saturday,0,YU
22:39:00,Saturday,0,BD
22:52:00,Saturday,6,YU
23:14:00,Saturday,0,YU
23:20:00,Saturday,0,YU
23:59:00,Saturday,0,YU
00:15:00,Saturday,0,YU
00:30:00,Saturday,0,YU
00:30:00,Saturday,0,YU
00:34:00,Saturday,0,BD
00:56:00,Saturday,0,YU
01:00:00,Saturday,0,BD
01:24:00,Saturday,4,BD
01:37:00,Saturday,0,YU
02:17:00,Sunday,0,YU
07:44:00,Sunday,0,YU
07:49:00,Sunday,6,YU
08:00:00,Sunday,0,BD
08:34:00,Sunday,0,YU
09:33:00,Sunday,0,BD
09:37:00,Sunday,0,BD
09:45:00,Sunday,0,BD
10:36:00,Sunday,6,BD
10:50:00,Sunday,5,BD
11:28:00,Sunday,4,BD
11:40:00,Sunday,5,BD
12:02:00,Sunday,0,BD
12:38:00,Sunday,0,BD
13:00:00,Sunday,0,YU
13:06:00,Sunday,3,BD
13:10:00,Sunday,0,BD
13:21:00,Sunday,3,YU
13:31:00,Sunday,3,BD
14:00:00,Sunday,0,BD
14:11:00,Sunday,4,YU
14:46:00,Sunday,16,YU
14:52:00,Sunday,0,YU
14:53:00,Sunday,0,BD
15:04:00,Sunday,0,BD
15:26:00,Sunday,0,YU
15:59:00,Sunday,0,YU
16:02:00,Sunday,0,BD
16:11:00,Sunday,3,YU
16:35:00,Sunday,0,YU
16:48:00,Sunday,0,BD
17:36:00,Sunday,0,YU
18:08:00,Sunday,0,BD
18:57:00,Sunday,0,YU
19:24:00,Sunday,6,BD
19:59:00,Sunday,4,YU
20:14:00,Sunday,0,YU
20:16:00,Sunday,0,BD
20:34:00,Sunday,0,YU
20:46:00,Sunday,57,BD
21:02:00,Sunday,0,BD
21:22:00,Sunday,0,YU
21:23:00,Sunday,7,YU
21:27:00,Sunday,0,YU
21:29:00,Sunday,0,YU
21:58:00,Sunday,0,BD
22:00:00,Sunday,0,YU/BD
22:01:00,Sunday,0,YU
22:05:00,Sunday,0,YU
22:27:00,Sunday,0,YU
22:38:00,Sunday,0,BD
23:00:00,Sunday,0,YU
23:01:00,Sunday,0,YU
23:18:00,Sunday,3,YU
23:19:00,Sunday,0,YU
23:47:00,Sunday,0,YU
23:56:00,Sunday,0,BD
00:01:00,Sunday,4,YU
00:10:00,Sunday,0,BD
00:58:00,Sunday,0,YU
01:09:00,Sunday,4,YU
01:18:00,Sunday,0,YU
01:29:00,Sunday,0,YU
01:40:00,Sunday,0,YU
14:51:00,Sunday,0,SHP
01:35:00,Sunday,0,SHP
01:40:00,Sunday,3,SHP
05:54:00,Monday,7,BD
06:12:00,Monday,3,BD
06:49:00,Monday,0,YU
07:01:00,Monday,3,YU
07:12:00,Monday,9,YU
07:20:00,Monday,0,BD
07:27:00,Monday,2,BD
07:28:00,Monday,0,YU
07:34:00,Monday,0,YU
07:36:00,Monday,0,BD
07:41:00,Monday,0,BD
07:48:00,Monday,0,BD
08:15:00,Monday,0,YU
08:24:00,Monday,0,BD
08:43:00,Monday,4,BD
08:58:00,Monday,5,YU
09:06:00,Monday,10,YU
09:14:00,Monday,3,YU
09:18:00,Monday,5,YU
10:26:00,Monday,0,BD
10:31:00,Monday,3,BD
10:37:00,Monday,0,BD
10:48:00,Monday,4,YU
11:05:00,Monday,5,YU
11:09:00,Monday,0,BD
11:10:00,Monday,0,YU
11:12:00,Monday,0,YU
11:55:00,Monday,0,YU
11:57:00,Monday,4,YU
12:32:00,Monday,5,YU
12:48:00,Monday,0,YU
13:05:00,Monday,0,BD
13:10:00,Monday,0,BD
13:17:00,Monday,0,BD
13:20:00,Monday,5,YU
13:29:00,Monday,5,YU
14:02:00,Monday,0,YU
14:28:00,Monday,5,YU
14:28:00,Monday,0,YU
14:59:00,Monday,0,BD
15:26:00,Monday,3,BD
15:46:00,Monday,5,YU
16:03:00,Monday,3,BD
16:17:00,Monday,0,BD
16:28:00,Monday,0,BD
16:31:00,Monday,0,BD
16:35:00,Monday,0,YU
16:54:00,Monday,5,BD
17:04:00,Monday,0,BD
17:05:00,Monday,0,YU
17:06:00,Monday,0,YU
17:17:00,Monday,10,YU
17:22:00,Monday,0,YU
17:30:00,Monday,14,YU
17:31:00,Monday,0,BD
17:34:00,Monday,18,YU
18:04:00,Monday,0,BD
18:07:00,Monday,10,YU
18:08:00,Monday,9,YU
18:25:00,Monday,5,YU
18:27:00,Monday,0,BD
18:37:00,Monday,6,YU
18:41:00,Monday,5,YU
18:58:00,Monday,0,BD
20:29:00,Monday,0,YU
20:56:00,Monday,0,YU
20:58:00,Monday,4,YU
21:33:00,Monday,6,BD
22:00:00,Monday,0,YU/ BD
22:00:00,Monday,10,BD
22:03:00,Monday,7,YU
23:13:00,Monday,0,YU
23:13:00,Monday,0,YU
23:34:00,Monday,4,YU
00:11:00,Monday,0,YU
00:57:00,Monday,0,BD
01:00:00,Monday,0,BD
02:06:00,Monday,0,SHP
02:19:00,Tuesday,0,YU
02:32:00,Tuesday,7,BD
03:32:00,Tuesday,0,YU
05:54:00,Tuesday,7,BD
06:02:00,Tuesday,5,YU
06:31:00,Tuesday,0,BD
06:36:00,Tuesday,0,BD
07:09:00,Tuesday,0,YU
07:29:00,Tuesday,0,BD
07:40:00,Tuesday,7,BD
08:10:00,Tuesday,0,YU
08:17:00,Tuesday,0,YU
08:22:00,Tuesday,17,YU
08:38:00,Tuesday,8,YU
09:10:00,Tuesday,0,BD
09:26:00,Tuesday,0,BD
09:28:00,Tuesday,0,YU
09:43:00,Tuesday,0,YU
09:47:00,Tuesday,0,YU
10:48:00,Tuesday,3,YU
11:06:00,Tuesday,3,YU
11:18:00,Tuesday,6,YU
11:19:00,Tuesday,0,BD
11:30:00,Tuesday,0,YU
11:31:00,Tuesday,0,YU
11:36:00,Tuesday,4,YU
11:50:00,Tuesday,0,YU
12:05:00,Tuesday,0,YU
12:07:00,Tuesday,0,BD
12:14:00,Tuesday,0,BD
12:27:00,Tuesday,4,BD
12:27:00,Tuesday,0,BD
12:38:00,Tuesday,0,YU
12:41:00,Tuesday,197,BD
12:44:00,Tuesday,0,YU
12:47:00,Tuesday,7,YU
12:51:00,Tuesday,37,YU
13:05:00,Tuesday,0,YU
13:10:00,Tuesday,4,YU
13:12:00,Tuesday,10,YU
13:22:00,Tuesday,8,YU
13:32:00,Tuesday,3,BD
13:49:00,Tuesday,29,YU
13:57:00,Tuesday,5,YU
14:08:00,Tuesday,0,YU
14:32:00,Tuesday,4,YU
14:37:00,Tuesday,4,YU
14:41:00,Tuesday,4,YU
14:44:00,Tuesday,0,YU
14:48:00,Tuesday,0,BD
14:50:00,Tuesday,0,YU
15:05:00,Tuesday,0,BD
15:51:00,Tuesday,0,BD
15:58:00,Tuesday,3,BD
16:00:00,Tuesday,340,BD
16:08:00,Tuesday,0,YU
16:47:00,Tuesday,7,BD
17:23:00,Tuesday,7,YU
17:25:00,Tuesday,0,YU
17:52:00,Tuesday,0,BD
18:21:00,Tuesday,0,YU
18:22:00,Tuesday,6,YU
18:24:00,Tuesday,8,YU
18:59:00,Tuesday,30,YU
19:06:00,Tuesday,0,YU
19:26:00,Tuesday,0,YU
19:32:00,Tuesday,0,YU
19:45:00,Tuesday,4,YU
20:03:00,Tuesday,0,YU
21:26:00,Tuesday,0,YU
21:29:00,Tuesday,3,YU
21:38:00,Tuesday,0,BD
22:00:00,Tuesday,0,YU/BD
22:11:00,Tuesday,0,BD
22:30:00,Tuesday,0,BD
22:33:00,Tuesday,0,YU
22:41:00,Tuesday,0,BD
00:03:00,Tuesday,0,YU
00:46:00,Tuesday,0,YU
00:46:00,Tuesday,0,BD
01:52:00,Tuesday,0,YU
01:59:00,Tuesday,0,YU
10:22:00,Tuesday,7,SHP
18:35:00,Tuesday,0,SHP
02:11:00,Wednesday,0,BD
05:27:00,Wednesday,0,YU
06:38:00,Wednesday,0,BD
06:47:00,Wednesday,5,YU
08:08:00,Wednesday,3,YU
08:18:00,Wednesday,0,YU
08:57:00,Wednesday,0,BD
09:03:00,Wednesday,0,BD
09:09:00,Wednesday,0,BD
09:21:00,Wednesday,0,YU
09:30:00,Wednesday,0,BD
09:38:00,Wednesday,5,BD
09:45:00,Wednesday,3,BD
10:15:00,Wednesday,0,BD
10:45:00,Wednesday,0,YU
10:48:00,Wednesday,0,BD
10:56:00,Wednesday,0,YU
11:04:00,Wednesday,0,YU
11:05:00,Wednesday,0,BD
11:58:00,Wednesday,0,BD
12:45:00,Wednesday,0,BD
12:55:00,Wednesday,0,YU
13:20:00,Wednesday,0,BD
13:24:00,Wednesday,5,YU
14:16:00,Wednesday,4,BD
14:28:00,Wednesday,0,BD
14:34:00,Wednesday,0,BD
14:35:00,Wednesday,0,BD
15:11:00,Wednesday,0,BD
15:37:00,Wednesday,0,BD
15:49:00,Wednesday,0,YU
15:52:00,Wednesday,0,YU
16:08:00,Wednesday,0,YU
16:35:00,Wednesday,10,YU
16:42:00,Wednesday,3,BD
16:50:00,Wednesday,3,YU
17:05:00,Wednesday,3,BD
17:08:00,Wednesday,18,BD
17:36:00,Wednesday,0,YU
17:45:00,Wednesday,3,YU
18:31:00,Wednesday,0,YU
18:37:00,Wednesday,0,BD
18:48:00,Wednesday,0,YU
19:54:00,Wednesday,0,BD
20:30:00,Wednesday,0,BD
20:44:00,Wednesday,4,BD
21:15:00,Wednesday,0,BD
21:42:00,Wednesday,0,BD
22:00:00,Wednesday,0,YU/BD
22:10:00,Wednesday,0,YU
22:16:00,Wednesday,5,BD
22:31:00,Wednesday,0,YU
22:51:00,Wednesday,0,BD
23:00:00,Wednesday,0,YU
23:15:00,Wednesday,0,YU
23:29:00,Wednesday,6,YU
23:44:00,Wednesday,0,YU
23:51:00,Wednesday,0,YU
00:13:00,Wednesday,3,YU
00:30:00,Wednesday,0,YU
01:13:00,Wednesday,0,YU
01:15:00,Wednesday,3,BD
01:24:00,Wednesday,0,YU
02:01:00,Thursday,0,BD
02:25:00,Thursday,0,BD
05:26:00,Thursday,0,YU
05:41:00,Thursday,5,YU
05:51:00,Thursday,5,YU
05:55:00,Thursday,6,YU
06:01:00,Thursday,9,YU
06:11:00,Thursday,6,YU
06:21:00,Thursday,16,BD
06:28:00,Thursday,0,YU
06:51:00,Thursday,7,BD
07:03:00,Thursday,3,YU
07:12:00,Thursday,0,BD
07:24:00,Thursday,5,YU
07:30:00,Thursday,0,BD
07:32:00,Thursday,34,YU
08:08:00,Thursday,0,YU
08:12:00,Thursday,6,YU
08:28:00,Thursday,18,BD
08:48:00,Thursday,3,BD
08:54:00,Thursday,0,BD
09:27:00,Thursday,0,YU
10:16:00,Thursday,0,BD
10:32:00,Thursday,0,BD
10:59:00,Thursday,0,YU
10:59:00,Thursday,10,YU
11:13:00,Thursday,14,YU
11:37:00,Thursday,0,YU
11:48:00,Thursday,0,BD
11:53:00,Thursday,3,BD
12:01:00,Thursday,0,BD
12:24:00,Thursday,0,YU
12:30:00,Thursday,0,BD
12:33:00,Thursday,3,YU
12:39:00,Thursday,0,YU
12:52:00,Thursday,7,BD
13:01:00,Thursday,0,BD
13:06:00,Thursday,24,YU
14:30:00,Thursday,0,BD
14:50:00,Thursday,17,BD
14:51:00,Thursday,0,BD
15:14:00,Thursday,4,YU
16:07:00,Thursday,3,BD
16:11:00,Thursday,0,BD
16:52:00,Thursday,3,YU
17:11:00,Thursday,0,YU
17:38:00,Thursday,0,YU
18:03:00,Thursday,5,YU
18:17:00,Thursday,0,BD
18:37:00,Thursday,0,BD
19:30:00,Thursday,23,YU
19:53:00,Thursday,5,BD
20:10:00,Thursday,5,BD
20:41:00,Thursday,5,BD
21:03:00,Thursday,0,YU
21:08:00,Thursday,0,BD
22:00:00,Thursday,0,YU/BD
22:22:00,Thursday,0,YU
22:28:00,Thursday,0,YU
22:36:00,Thursday,0,BD
23:00:00,Thursday,0,YU
23:00:00,Thursday,0,YU
23:22:00,Thursday,12,BD
01:16:00,Thursday,19,YU
01:39:00,Thursday,0,YU
18:51:00,Thursday,0,SHP
01:37:00,Thursday,0,SHP
02:24:00,Friday,0,BD
03:13:00,Friday,0,YU
05:37:00,Friday,0,BD
07:55:00,Friday,3,YU
08:12:00,Friday,4,YU
08:17:00,Friday,0,YU
08:18:00,Friday,0,YU
08:24:00,Friday,3,YU
08:53:00,Friday,0,BD
09:12:00,Friday,0,BD
09:15:00,Friday,0,BD
10:47:00,Friday,3,YU
10:51:00,Friday,0,YU
10:56:00,Friday,0,YU
11:59:00,Friday,0,BD
12:50:00,Friday,4,BD
13:05:00,Friday,0,BD
13:25:00,Friday,0,YU
13:32:00,Friday,0,BD
14:22:00,Friday,0,YU
14:38:00,Friday,0,YU
15:26:00,Friday,0,BD
15:58:00,Friday,4,BD
16:03:00,Friday,4,BD
16:10:00,Friday,0,YU
16:42:00,Friday,6,BD
17:09:00,Friday,0,YU
17:54:00,Friday,5,YU
18:01:00,Friday,0,YU
18:22:00,Friday,0,BD
18:22:00,Friday,0,BD
18:39:00,Friday,3,YU
19:05:00,Friday,10,YU
19:15:00,Friday,4,BD
19:25:00,Friday,0,BD
19:28:00,Friday,13,YU
19:40:00,Friday,3,BD
20:31:00,Friday,0,BD
20:38:00,Friday,16,YU
20:39:00,Friday,0,BD
21:09:00,Friday,0,YU
22:00:00,Friday,0,YU/BD
22:13:00,Friday,0,YU
22:19:00,Friday,15,BD
22:22:00,Friday,0,BD
22:48:00,Friday,3,BD
23:00:00,Friday,0,YU
23:08:00,Friday,5,YU
23:27:00,Friday,0,YU
00:30:00,Friday,3,BD
01:05:00,Friday,5,YU
19:46:00,Friday,0,SHP
02:28:00,Saturday,0,BD
06:09:00,Saturday,3,YU
06:12:00,Saturday,0,YU
06:28:00,Saturday,3,BD
07:19:00,Saturday,4,BD
07:44:00,Saturday,0,YU
08:26:00,Saturday,0,YU
08:56:00,Saturday,0,BD
08:58:00,Saturday,0,BD
09:51:00,Saturday,0,BD
10:03:00,Saturday,0,BD
10:09:00,Saturday,0,YU
10:24:00,Saturday,0,YU
10:32:00,Saturday,0,YU
11:07:00,Saturday,12,BD
11:24:00,Saturday,0,BD
12:05:00,Saturday,0,YU
12:08:00,Saturday,0,YU
13:02:00,Saturday,3,BD
13:12:00,Saturday,3,BD
14:07:00,Saturday,0,BD
14:22:00,Saturday,0,YU
14:27:00,Saturday,0,BD
14:49:00,Saturday,16,YU
15:07:00,Saturday,5,YU
15:36:00,Saturday,3,YU
15:37:00,Saturday,4,YU
15:39:00,Saturday,0,YU
16:30:00,Saturday,0,YU
17:48:00,Saturday,0,BD
18:18:00,Saturday,0,BD
18:46:00,Saturday,5,YU
19:34:00,Saturday,0,BD
19:37:00,Saturday,0,BD
20:14:00,Saturday,0,YU
20:16:00,Saturday,6,BD
20:43:00,Saturday,7,YU
20:43:00,Saturday,0,BD
21:23:00,Saturday,0,YU
21:45:00,Saturday,5,BD
22:00:00,Saturday,0,YU/BD
22:13:00,Saturday,10,YU
22:18:00,Saturday,5,YU
23:14:00,Saturday,0,BD
23:41:00,Saturday,0,BD
00:10:00,Saturday,0,BD
00:15:00,Saturday,0,YU
00:44:00,Saturday,0,BD
01:05:00,Saturday,0,YU
01:22:00,Saturday,0,YU
01:25:00,Saturday,3,BD
01:25:00,Saturday,0,YU
01:32:00,Saturday,0,YU
13:52:00,Saturday,21,SHP
14:08:00,Saturday,7,SHP
14:35:00,Saturday,10,SHP
16:17:00,Saturday,0,SHP
01:07:00,Saturday,0,SHP
02:08:00,Sunday,0,BD
08:00:00,Sunday,0,BD
08:02:00,Sunday,0,BD
08:19:00,Sunday,4,BD
10:38:00,Sunday,5,YU
11:13:00,Sunday,7,YU
11:19:00,Sunday,0,BD
11:58:00,Sunday,0,YU
12:01:00,Sunday,6,YU
12:15:00,Sunday,0,YU
12:19:00,Sunday,0,BD
13:01:00,Sunday,0,BD
13:10:00,Sunday,0,YU
13:23:00,Sunday,0,BD
14:24:00,Sunday,10,BD
14:40:00,Sunday,0,YU
14:40:00,Sunday,0,BD
14:47:00,Sunday,0,BD
15:06:00,Sunday,7,YU
15:08:00,Sunday,0,YU
15:13:00,Sunday,4,BD
15:13:00,Sunday,7,BD
15:23:00,Sunday,0,BD
15:23:00,Sunday,6,YU
15:39:00,Sunday,0,BD
15:46:00,Sunday,0,BD
16:08:00,Sunday,0,YU
17:31:00,Sunday,0,YU
17:36:00,Sunday,0,YU
19:18:00,Sunday,0,BD
19:19:00,Sunday,13,YU
19:33:00,Sunday,0,YU
19:59:00,Sunday,0,YU
20:09:00,Sunday,0,BD
20:13:00,Sunday,0,YU
20:45:00,Sunday,0,BD
20:58:00,Sunday,0,BD
21:35:00,Sunday,7,YU
21:42:00,Sunday,0,YU
21:48:00,Sunday,0,BD
22:00:00,Sunday,0,YU/BD
22:10:00,Sunday,0,YU
22:41:00,Sunday,3,BD
23:09:00,Sunday,0,YU
23:23:00,Sunday,0,BD
23:25:00,Sunday,0,YU
23:30:00,Sunday,0,YU
23:34:00,Sunday,0,YU
00:23:00,Sunday,0,YU
00:28:00,Sunday,0,BD
01:32:00,Sunday,5,YU
01:54:00,Sunday,19,YU
11:27:00,Sunday,0,SHP
18:54:00,Sunday,0,SHP
02:13:00,Monday,0,BD
03:04:00,Monday,0,YU
05:39:00,Monday,0,BD
06:18:00,Monday,0,YU
06:36:00,Monday,0,BD
06:40:00,Monday,0,BD
07:40:00,Monday,0,BD
07:56:00,Monday,0,BD
08:52:00,Monday,0,YU
09:15:00,Monday,0,BD
09:28:00,Monday,0,YU
09:53:00,Monday,3,YU
09:56:00,Monday,0,YU
10:36:00,Monday,0,YU
11:05:00,Monday,3,BD
11:48:00,Monday,0,BD
11:52:00,Monday,0,YU
13:43:00,Monday,0,YU
13:46:00,Monday,5,YU
13:50:00,Monday,0,YU
14:01:00,Monday,4,YU
14:14:00,Monday,0,BD
14:19:00,Monday,4,BD
14:24:00,Monday,0,BD
14:32:00,Monday,0,BD
14:34:00,Monday,0,BD
14:38:00,Monday,0,BD
14:44:00,Monday,0,BD
14:54:00,Monday,3,YU
15:08:00,Monday,0,BD
15:10:00,Monday,0,YU
15:26:00,Monday,0,YU
16:05:00,Monday,0,YU
16:13:00,Monday,0,YU
16:23:00,Monday,0,YU
16:32:00,Monday,0,YU
16:38:00,Monday,0,YU
16:51:00,Monday,0,YU
16:51:00,Monday,3,YU
16:52:00,Monday,0,BD
17:10:00,Monday,0,BD
17:17:00,Monday,0,YU
17:22:00,Monday,0,YU
17:31:00,Monday,0,BD
17:36:00,Monday,4,YU
18:00:00,Monday,0,YU
18:19:00,Monday,0,YU
18:32:00,Monday,3,YU
18:36:00,Monday,0,BD
19:07:00,Monday,0,YU
19:10:00,Monday,0,YU
20:13:00,Monday,0,BD
21:19:00,Monday,3,BD
21:26:00,Monday,0,BD
21:29:00,Monday,0,YU
21:55:00,Monday,0,YU
22:00:00,Monday,0,YU/BD
22:00:00,Monday,0,YU/BD
22:18:00,Monday,0,BD
22:32:00,Monday,0,YU
22:56:00,Monday,0,YU
23:00:00,Monday,0,YU
23:12:00,Monday,3,YU
23:25:00,Monday,3,YU
00:25:00,Monday,0,YU
00:30:00,Monday,12,BD
00:35:00,Monday,0,BD
00:50:00,Monday,5,BD
01:10:00,Monday,0,YU
01:21:00,Monday,0,YU
01:47:00,Monday,0,YU
12:33:00,Monday,6,SHP
15:10:00,Monday,0,SHP
22:10:00,Monday,0,SHP
23:57:00,Monday,0,SHP
02:02:00,Tuesday,0,BD
05:40:00,Tuesday,0,BD
05:49:00,Tuesday,0,BD
05:51:00,Tuesday,28,BD
06:00:00,Tuesday,0,YU
06:08:00,Tuesday,5,YU
06:12:00,Tuesday,7,YU
06:40:00,Tuesday,0,BD
07:09:00,Tuesday,0,BD
07:31:00,Tuesday,3,YU
07:38:00,Tuesday,0,BD
07:49:00,Tuesday,5,BD
08:04:00,Tuesday,0,YU
08:47:00,Tuesday,0,BD
09:06:00,Tuesday,0,YU
09:07:00,Tuesday,0,YU
09:26:00,Tuesday,5,YU
09:44:00,Tuesday,5,YU
10:40:00,Tuesday,7,YU
11:37:00,Tuesday,0,YU
11:51:00,Tuesday,0,YU
12:10:00,Tuesday,0,YU
12:22:00,Tuesday,0,YU
12:28:00,Tuesday,5,YU
12:31:00,Tuesday,5,YU
12:34:00,Tuesday,4,YU
12:36:00,Tuesday,5,YU
12:44:00,Tuesday,0,BD
13:13:00,Tuesday,0,BD
13:28:00,Tuesday,3,BD
13:49:00,Tuesday,0,BD
13:57:00,Tuesday,0,YU
14:09:00,Tuesday,0,YU
14:35:00,Tuesday,0,BD
14:38:00,Tuesday,0,YU
14:43:00,Tuesday,4,YU
14:58:00,Tuesday,0,BD
15:21:00,Tuesday,0,YU
15:39:00,Tuesday,5,YU
16:00:00,Tuesday,0,BD
16:04:00,Tuesday,0,BD
16:08:00,Tuesday,4,BD
16:16:00,Tuesday,0,BD
16:18:00,Tuesday,0,YU
16:24:00,Tuesday,6,BD
16:25:00,Tuesday,0,BD
16:59:00,Tuesday,3,BD
17:09:00,Tuesday,0,BD
17:16:00,Tuesday,0,YU
17:59:00,Tuesday,0,YU
18:01:00,Tuesday,0,YU
18:06:00,Tuesday,0,YU
18:06:00,Tuesday,0,YU
18:08:00,Tuesday,0,YU
18:59:00,Tuesday,0,BD
19:21:00,Tuesday,6,YU
20:36:00,Tuesday,0,BD
20:56:00,Tuesday,0,BD
21:24:00,Tuesday,10,BD
21:25:00,Tuesday,0,BD
21:35:00,Tuesday,0,BD
21:48:00,Tuesday,0,YU
22:00:00,Tuesday,0,YU/BD
22:03:00,Tuesday,0,YU
22:12:00,Tuesday,5,BD
22:30:00,Tuesday,0,BD
23:00:00,Tuesday,0,YU
23:09:00,Tuesday,4,YU
23:23:00,Tuesday,3,BD
23:49:00,Tuesday,3,YU
23:54:00,Tuesday,5,YU
23:59:00,Tuesday,0,BD
00:25:00,Tuesday,0,BD
01:05:00,Tuesday,5,YU
01:23:00,Tuesday,12,BD
01:23:00,Tuesday,12,BD
01:34:00,Tuesday,0,BD
01:48:00,Tuesday,0,YU
07:02:00,Tuesday,0,SHP
07:08:00,Tuesday,4,SHP
07:14:00,Tuesday,4,SHP
12:44:00,Tuesday,0,SHP
20:21:00,Tuesday,0,SHP
21:53:00,Tuesday,0,SHP
02:20:00,Wednesday,0,YU
05:13:00,Wednesday,0,BD
05:48:00,Wednesday,5,YU
06:17:00,Wednesday,0,BD
06:28:00,Wednesday,9,YU
06:38:00,Wednesday,0,BD
06:38:00,Wednesday,5,BD
06:41:00,Wednesday,0,BD
06:42:00,Wednesday,0,BD
07:02:00,Wednesday,0,YU
07:15:00,Wednesday,0,BD
07:26:00,Wednesday,4,YU
08:35:00,Wednesday,0,YU
08:46:00,Wednesday,0,YU
09:12:00,Wednesday,0,YU
09:23:00,Wednesday,0,BD
10:19:00,Wednesday,0,BD
10:28:00,Wednesday,0,YU
10:39:00,Wednesday,0,BD
10:55:00,Wednesday,4,YU
11:11:00,Wednesday,7,YU
11:43:00,Wednesday,0,YU
11:57:00,Wednesday,0,YU
12:04:00,Wednesday,0,BD
13:06:00,Wednesday,12,YU
13:17:00,Wednesday,0,BD
13:17:00,Wednesday,17,YU
13:22:00,Wednesday,17,YU
13:43:00,Wednesday,0,BD
14:09:00,Wednesday,0,BD
14:21:00,Wednesday,0,YU
14:24:00,Wednesday,16,BD
14:27:00,Wednesday,0,BD
14:29:00,Wednesday,0,YU
14:33:00,Wednesday,0,YU
14:37:00,Wednesday,9,BD
14:42:00,Wednesday,0,YU
14:43:00,Wednesday,0,YU
14:44:00,Wednesday,0,BD
14:49:00,Wednesday,30,YU
15:34:00,Wednesday,31,YU
15:42:00,Wednesday,0,YU
15:49:00,Wednesday,0,BD
16:10:00,Wednesday,0,YU
16:14:00,Wednesday,0,YU
16:35:00,Wednesday,6,YU
16:54:00,Wednesday,18,YU
17:17:00,Wednesday,6,YU
17:27:00,Wednesday,7,YU
17:29:00,Wednesday,0,YU
17:38:00,Wednesday,0,YU
17:46:00,Wednesday,17,YU
18:00:00,Wednesday,0,YU
18:03:00,Wednesday,3,YU
18:08:00,Wednesday,0,BD
18:09:00,Wednesday,0,BD
18:12:00,Wednesday,4,YU
18:22:00,Wednesday,0,YU
18:55:00,Wednesday,0,BD
19:00:00,Wednesday,4,YU
19:07:00,Wednesday,5,YU
20:22:00,Wednesday,4,BD
22:00:00,Wednesday,0,YU
22:00:00,Wednesday,0,YU/BD
22:34:00,Wednesday,3,YU
23:18:00,Wednesday,3,BD
23:49:00,Wednesday,5,YU
00:28:00,Wednesday,0,YU
01:12:00,Wednesday,9,BD
01:14:00,Wednesday,0,YU
01:20:00,Wednesday,0,YU
01:23:00,Wednesday,0,YU
02:26:00,Thursday,0,BD
02:33:00,Thursday,0,YU
06:41:00,Thursday,12,YU
06:53:00,Thursday,0,YU
07:05:00,Thursday,0,YU
07:54:00,Thursday,4,YU
08:10:00,Thursday,0,BD
08:37:00,Thursday,6,BD
08:39:00,Thursday,12,YU
08:41:00,Thursday,12,YU
08:55:00,Thursday,0,BD
09:06:00,Thursday,0,BD
09:08:00,Thursday,0,YU
09:10:00,Thursday,0,YU
09:12:00,Thursday,3,BD
09:19:00,Thursday,19,BD
09:23:00,Thursday,0,BD
09:41:00,Thursday,0,YU
09:53:00,Thursday,4,YU
09:58:00,Thursday,3,BD
10:15:00,Thursday,8,YU
10:38:00,Thursday,0,YU
10:53:00,Thursday,3,BD
10:58:00,Thursday,3,YU
11:09:00,Thursday,4,BD
11:17:00,Thursday,0,BD
12:13:00,Thursday,0,BD
12:49:00,Thursday,0,YU
12:54:00,Thursday,0,BD
13:07:00,Thursday,0,BD
13:11:00,Thursday,0,YU
13:34:00,Thursday,3,BD
13:49:00,Thursday,0,BD
13:55:00,Thursday,0,BD
13:58:00,Thursday,0,BD
14:12:00,Thursday,3,YU
14:21:00,Thursday,0,BD
14:23:00,Thursday,4,BD
14:29:00,Thursday,8,YU
14:34:00,Thursday,0,BD
14:38:00,Thursday,0,BD
14:42:00,Thursday,9,YU
14:45:00,Thursday,0,BD
15:23:00,Thursday,0,YU
15:32:00,Thursday,0,BD
15:53:00,Thursday,0,YU
16:08:00,Thursday,0,YU
16:10:00,Thursday,0,BD
16:29:00,Thursday,0,YU
16:54:00,Thursday,0,YU
17:16:00,Thursday,0,BD
17:35:00,Thursday,0,YU
18:11:00,Thursday,0,YU
18:26:00,Thursday,0,YU
19:03:00,Thursday,0,BD
19:49:00,Thursday,0,BD
21:08:00,Thursday,0,YU
21:09:00,Thursday,0,YU
21:26:00,Thursday,3,BD
21:42:00,Thursday,0,BD
21:56:00,Thursday,0,BD
22:00:00,Thursday,0,YU/BD
22:03:00,Thursday,0,YU
22:26:00,Thursday,0,BD
22:46:00,Thursday,0,BD
22:54:00,Thursday,0,BD
23:00:00,Thursday,0,YU
23:12:00,Thursday,25,BD
23:19:00,Thursday,10,YU
23:26:00,Thursday,0,YU
23:46:00,Thursday,0,BD
00:05:00,Thursday,0,BD
00:17:00,Thursday,0,BD
00:39:00,Thursday,0,YU
01:23:00,Thursday,5,YU
01:37:00,Thursday,0,BD
01:47:00,Thursday,0,YU
02:18:00,Thursday,0,SHP
20:33:00,Thursday,7,SHP
20:52:00,Thursday,4,SHP
23:09:00,Thursday,14,SHP
02:28:00,Friday,0,BD
06:01:00,Friday,4,YU
06:03:00,Friday,0,BD
06:39:00,Friday,0,BD
07:03:00,Friday,15,YU
07:13:00,Friday,5,YU
08:00:00,Friday,0,YU
08:23:00,Friday,35,BD
08:30:00,Friday,3,BD
08:53:00,Friday,0,BD
09:00:00,Friday,0,BD
09:00:00,Friday,3,BD
09:06:00,Friday,3,YU
09:46:00,Friday,0,YU
10:08:00,Friday,0,BD
10:25:00,Friday,4,YU
10:37:00,Friday,0,BD
10:43:00,Friday,0,YU
10:48:00,Friday,4,BD
10:58:00,Friday,0,YU
11:41:00,Friday,0,YU
12:21:00,Friday,4,BD
12:22:00,Friday,3,BD
12:22:00,Friday,0,YU
13:02:00,Friday,12,BD
13:06:00,Friday,0,BD
13:19:00,Friday,4,BD
13:28:00,Friday,0,YU
13:37:00,Friday,6,BD
15:25:00,Friday,0,YU
15:28:00,Friday,0,YU
15:33:00,Friday,0,BD
15:55:00,Friday,0,BD
16:11:00,Friday,0,YU
16:44:00,Friday,0,BD
16:44:00,Friday,0,YU
17:13:00,Friday,0,BD
17:16:00,Friday,7,BD
17:31:00,Friday,3,BD
17:55:00,Friday,3,YU
18:15:00,Friday,4,YU
18:43:00,Friday,3,YU
18:54:00,Friday,0,BD
19:05:00,Friday,0,YU
19:43:00,Friday,0,BD
19:54:00,Friday,0,BD
21:39:00,Friday,0,YU
22:00:00,Friday,0,YU/BD
22:12:00,Friday,0,YU
22:29:00,Friday,22,YU
22:37:00,Friday,8,YU
22:44:00,Friday,0,BD
22:55:00,Friday,3,BD
23:00:00,Friday,0,YU
23:19:00,Friday,0,YU
23:32:00,Friday,5,BD
00:21:00,Friday,0,BD
00:26:00,Friday,5,YU
00:26:00,Friday,0,BD
00:29:00,Friday,34,BD
00:29:00,Friday,0,YU
00:49:00,Friday,0,BD
01:16:00,Friday,0,YU
01:16:00,Friday,5,BD
01:19:00,Friday,0,BD
01:45:00,Friday,0,BD
01:51:00,Friday,5,YU
01:54:00,Friday,4,BD
19:22:00,Friday,0,SHP
03:28:00,Saturday,6,BD
05:50:00,Saturday,0,BD
06:09:00,Saturday,4,YU
06:40:00,Saturday,15,YU
07:02:00,Saturday,0,YU
07:50:00,Saturday,6,BD
08:07:00,Saturday,0,YU
09:05:00,Saturday,0,BD
09:15:00,Saturday,5,BD
10:09:00,Saturday,8,BD
10:34:00,Saturday,0,BD
10:35:00,Saturday,0,BD
10:39:00,Saturday,0,YU
12:59:00,Saturday,4,BD
13:21:00,Saturday,0,YU
13:23:00,Saturday,3,YU
13:27:00,Saturday,0,YU
13:46:00,Saturday,4,YU
13:56:00,Saturday,0,BD
13:58:00,Saturday,0,YU
13:59:00,Saturday,0,BD
14:09:00,Saturday,0,YU
14:10:00,Saturday,0,BD
14:24:00,Saturday,0,YU
14:26:00,Saturday,0,BD
14:41:00,Saturday,0,YU
14:52:00,Saturday,3,YU
15:20:00,Saturday,0,BD
16:12:00,Saturday,13,BD
16:32:00,Saturday,3,YU
16:59:00,Saturday,0,YU
17:33:00,Saturday,0,YU
17:39:00,Saturday,3,YU
17:41:00,Saturday,4,BD
18:24:00,Saturday,0,YU
18:24:00,Saturday,0,BD
19:06:00,Saturday,0,BD
19:25:00,Saturday,4,BD
19:26:00,Saturday,0,BD
19:33:00,Saturday,0,YU
20:06:00,Saturday,0,BD
20:41:00,Saturday,0,BD
20:45:00,Saturday,0,YU
20:55:00,Saturday,6,BD
20:57:00,Saturday,0,BD
21:04:00,Saturday,0,YU
21:13:00,Saturday,0,YU
21:45:00,Saturday,0,YU
22:00:00,Saturday,0,YU/BD
22:28:00,Saturday,0,YU
23:02:00,Saturday,0,YU
23:28:00,Saturday,0,BD
23:34:00,Saturday,3,BD
00:00:00,Saturday,0,YU
00:14:00,Saturday,0,BD
01:55:00,Saturday,0,BD
10:56:00,Saturday,6,SHP
10:58:00,Saturday,6,SHP
11:06:00,Saturday,4,SHP
17:21:00,Saturday,0,SHP
21:00:00,Saturday,0,SHP
23:49:00,Saturday,0,SHP
08:00:00,Sunday,0,YU
08:00:00,Sunday,0,BD
08:17:00,Sunday,4,BD
08:54:00,Sunday,4,YU
08:54:00,Sunday,4,YU
10:30:00,Sunday,0,BD
11:10:00,Sunday,0,BD
11:43:00,Sunday,3,BD
11:54:00,Sunday,0,YU
12:45:00,Sunday,0,BD
12:54:00,Sunday,5,YU
13:05:00,Sunday,6,YU
13:32:00,Sunday,0,YU
14:41:00,Sunday,0,YU
15:09:00,Sunday,0,YU
15:47:00,Sunday,0,YU
16:23:00,Sunday,0,BD
16:33:00,Sunday,0,YU
16:35:00,Sunday,5,YU
17:04:00,Sunday,0,YU
17:07:00,Sunday,4,BD
17:24:00,Sunday,4,BD
17:29:00,Sunday,6,YU
17:38:00,Sunday,0,YU
17:57:00,Sunday,0,BD
19:08:00,Sunday,0,YU
19:48:00,Sunday,0,YU
19:48:00,Sunday,13,YU
20:00:00,Sunday,9,YU
20:14:00,Sunday,4,YU
20:30:00,Sunday,0,YU
21:28:00,Sunday,6,YU
21:41:00,Sunday,5,YU
22:00:00,Sunday,0,YU & BD
22:44:00,Sunday,0,YU
22:56:00,Sunday,0,YU
23:44:00,Sunday,0,BD
00:16:00,Sunday,0,BD
00:45:00,Sunday,0,YU
00:46:00,Sunday,0,YU
01:14:00,Sunday,0,YU
01:15:00,Sunday,0,YU
01:38:00,Sunday,0,BD
01:45:00,Sunday,0,BD
02:01:00,Monday,0,BD
02:58:00,Monday,0,BD
05:43:00,Monday,5,YU
05:53:00,Monday,5,YU
06:01:00,Monday,15,YU
06:28:00,Monday,12,YU
06:51:00,Monday,0,BD
07:17:00,Monday,0,BD
07:41:00,Monday,8,YU
07:46:00,Monday,11,BD
08:00:00,Monday,0,YU
08:05:00,Monday,0,YU
08:33:00,Monday,5,YU
08:36:00,Monday,0,YU
08:46:00,Monday,11,BD
08:58:00,Monday,0,YU
09:03:00,Monday,0,BD
09:25:00,Monday,3,YU
09:36:00,Monday,0,BD
10:11:00,Monday,0,BD
10:20:00,Monday,7,BD
10:42:00,Monday,0,BD
10:42:00,Monday,0,YU
11:00:00,Monday,0,BD
11:34:00,Monday,7,YU
11:38:00,Monday,0,YU
11:42:00,Monday,0,BD
11:46:00,Monday,5,YU
13:03:00,Monday,0,YU
13:04:00,Monday,0,BD
13:31:00,Monday,0,YU
14:06:00,Monday,0,YU
14:19:00,Monday,0,BD
15:07:00,Monday,0,YU
15:24:00,Monday,6,YU
15:26:00,Monday,4,BD
15:39:00,Monday,0,YU
15:41:00,Monday,5,YU
15:49:00,Monday,0,YU
16:53:00,Monday,27,BD
17:14:00,Monday,0,BD
17:43:00,Monday,0,BD
17:43:00,Monday,16,YU
18:17:00,Monday,0,YU
18:21:00,Monday,0,YU
19:31:00,Monday,4,BD
19:36:00,Monday,26,YU
20:18:00,Monday,4,BD
20:30:00,Monday,5,YU
20:58:00,Monday,0,YU
21:03:00,Monday,0,YU
21:03:00,Monday,0,BD
21:07:00,Monday,0,BD
21:56:00,Monday,0,YU
22:00:00,Monday,0,YU & BD
22:20:00,Monday,0,BD
22:34:00,Monday,3,BD
22:37:00,Monday,0,BD
22:40:00,Monday,0,YU
23:00:00,Monday,0,YU
23:00:00,Monday,0,YU
23:19:00,Monday,3,BD
23:36:00,Monday,13,YU
23:43:00,Monday,0,YU
23:59:00,Monday,0,YU
01:21:00,Monday,0,YU
01:58:00,Monday,0,YU
01:53:00,Monday,0,SHP
05:48:00,Tuesday,3,YU
06:14:00,Tuesday,3,YU
06:17:00,Tuesday,5,YU
06:25:00,Tuesday,8,YU
06:40:00,Tuesday,0,BD
06:53:00,Tuesday,7,YU
07:19:00,Tuesday,0,YU
07:39:00,Tuesday,15,YU
07:50:00,Tuesday,0,YU
07:53:00,Tuesday,0,BD
08:04:00,Tuesday,6,YU
08:21:00,Tuesday,0,YU
08:36:00,Tuesday,4,YU
08:47:00,Tuesday,0,YU
08:50:00,Tuesday,0,YU
09:00:00,Tuesday,0,YU
10:45:00,Tuesday,0,BD
10:58:00,Tuesday,5,YU
10:58:00,Tuesday,0,YU
11:02:00,Tuesday,5,YU
11:02:00,Tuesday,0,YU
11:11:00,Tuesday,4,BD
11:39:00,Tuesday,0,YU
11:40:00,Tuesday,3,YU
11:55:00,Tuesday,0,BD
12:07:00,Tuesday,0,YU
12:22:00,Tuesday,8,BD
12:57:00,Tuesday,6,YU
13:01:00,Tuesday,0,BD
13:06:00,Tuesday,6,YU
13:23:00,Tuesday,0,BD
13:39:00,Tuesday,0,BD
13:42:00,Tuesday,0,YU
13:49:00,Tuesday,3,BD
13:54:00,Tuesday,0,YU
14:34:00,Tuesday,5,BD
14:49:00,Tuesday,0,YU
15:06:00,Tuesday,0,YU
15:31:00,Tuesday,0,BD
16:06:00,Tuesday,3,BD
16:35:00,Tuesday,0,YU
17:09:00,Tuesday,0,BD
18:19:00,Tuesday,0,YU
18:25:00,Tuesday,0,YU
18:43:00,Tuesday,0,YU
18:47:00,Tuesday,3,BD
19:26:00,Tuesday,0,BD
19:30:00,Tuesday,0,BD
19:31:00,Tuesday,0,BD
19:44:00,Tuesday,0,BD
20:04:00,Tuesday,8,YU
20:14:00,Tuesday,0,YU
20:25:00,Tuesday,3,BD
20:26:00,Tuesday,3,YU
20:26:00,Tuesday,0,YU
20:50:00,Tuesday,0,BD
20:52:00,Tuesday,0,YU
20:56:00,Tuesday,0,YU
21:23:00,Tuesday,0,YU
21:42:00,Tuesday,0,YU
22:00:00,Tuesday,0,YU/BD
22:02:00,Tuesday,0,BD
22:22:00,Tuesday,14,BD
23:00:00,Tuesday,0,YU
23:20:00,Tuesday,0,YU
23:25:00,Tuesday,0,YU
23:42:00,Tuesday,0,BD
23:52:00,Tuesday,3,BD
00:05:00,Tuesday,0,BD
00:23:00,Tuesday,0,BD
00:41:00,Tuesday,5,YU
00:50:00,Tuesday,0,YU
01:04:00,Tuesday,0,BD
01:07:00,Tuesday,0,BD
01:11:00,Tuesday,0,BD
01:37:00,Tuesday,3,BD
01:41:00,Tuesday,0,BD
01:57:00,Tuesday,25,YU
02:34:00,Tuesday,0,SHP
14:51:00,Tuesday,0,SHP
05:31:00,Wednesday,0,BD
05:43:00,Wednesday,0,BD
05:48:00,Wednesday,4,BD
06:01:00,Wednesday,5,YU
06:18:00,Wednesday,3,BD
07:03:00,Wednesday,3,YU
07:17:00,Wednesday,0,BD
07:24:00,Wednesday,0,BD
07:24:00,Wednesday,0,BD
07:34:00,Wednesday,0,YU
07:34:00,Wednesday,0,BD
07:49:00,Wednesday,0,YU
08:23:00,Wednesday,3,BD
08:27:00,Wednesday,0,BD
08:32:00,Wednesday,6,YU
08:43:00,Wednesday,5,BD
09:03:00,Wednesday,0,BD
09:13:00,Wednesday,9,YU
09:24:00,Wednesday,4,YU
10:13:00,Wednesday,0,YU
10:18:00,Wednesday,0,YU
10:24:00,Wednesday,0,YU
10:34:00,Wednesday,0,BD
10:47:00,Wednesday,4,YU
10:50:00,Wednesday,0,YU
11:11:00,Wednesday,0,YU
11:24:00,Wednesday,0,BD
12:05:00,Wednesday,0,BD
12:13:00,Wednesday,0,BD
12:29:00,Wednesday,0,YU
13:27:00,Wednesday,0,BD
13:42:00,Wednesday,0,YU
14:35:00,Wednesday,0,YU
14:59:00,Wednesday,0,BD
15:00:00,Wednesday,7,BD
15:00:00,Wednesday,0,YU
15:13:00,Wednesday,3,YU
15:16:00,Wednesday,18,YU
15:18:00,Wednesday,0,YU
15:20:00,Wednesday,4,YU
15:41:00,Wednesday,5,YU
16:20:00,Wednesday,0,BD
16:48:00,Wednesday,0,BD
16:56:00,Wednesday,0,BD
17:18:00,Wednesday,0,BD
17:35:00,Wednesday,0,BD
18:00:00,Wednesday,0,BD
18:05:00,Wednesday,5,YU
18:11:00,Wednesday,0,BD
18:23:00,Wednesday,0,YU
18:49:00,Wednesday,4,YU
19:38:00,Wednesday,3,BD
20:27:00,Wednesday,0,BD
20:55:00,Wednesday,0,BD
21:28:00,Wednesday,3,YU
21:33:00,Wednesday,9,YU
22:00:00,Wednesday,0,YU/BD
22:04:00,Wednesday,13,YU
22:37:00,Wednesday,10,YU
22:41:00,Wednesday,6,BD
23:26:00,Wednesday,0,YU
23:51:00,Wednesday,0,BD
23:59:00,Wednesday,40,BD
00:02:00,Wednesday,0,BD
00:03:00,Wednesday,0,BD
17:00:00,Wednesday,11,SHP
18:09:00,Wednesday,0,SHP
03:26:00,Thursday,0,YU
03:31:00,Thursday,0,BD
05:00:00,Thursday,0,YU
05:41:00,Thursday,0,YU
05:47:00,Thursday,95,BD
05:48:00,Thursday,95,BD
06:26:00,Thursday,0,YU
06:35:00,Thursday,0,YU
07:01:00,Thursday,0,BD
07:24:00,Thursday,0,YU
07:58:00,Thursday,0,BD
08:17:00,Thursday,0,BD
08:18:00,Thursday,0,YU
08:44:00,Thursday,0,BD
08:46:00,Thursday,0,BD
08:59:00,Thursday,0,YU
09:01:00,Thursday,3,BD
09:03:00,Thursday,9,BD
09:12:00,Thursday,0,BD
09:39:00,Thursday,3,BD
10:01:00,Thursday,0,BD
10:14:00,Thursday,0,BD
10:30:00,Thursday,0,YU
10:51:00,Thursday,4,YU
10:56:00,Thursday,0,BD
11:49:00,Thursday,0,BD
12:37:00,Thursday,3,YU
12:45:00,Thursday,0,BD
12:52:00,Thursday,3,BD
13:20:00,Thursday,0,YU
13:23:00,Thursday,3,YU
14:07:00,Thursday,4,BD
14:43:00,Thursday,5,YU
14:45:00,Thursday,0,YU
14:45:00,Thursday,0,BD
14:49:00,Thursday,3,YU
14:53:00,Thursday,3,YU
14:54:00,Thursday,0,YU
15:27:00,Thursday,3,YU
15:39:00,Thursday,0,YU
15:42:00,Thursday,3,BD
15:51:00,Thursday,0,BD
16:25:00,Thursday,6,BD
16:30:00,Thursday,4,YU
16:41:00,Thursday,0,BD
16:56:00,Thursday,0,YU
17:17:00,Thursday,0,YU
17:26:00,Thursday,0,YU
17:33:00,Thursday,0,BD
17:49:00,Thursday,5,BD
17:59:00,Thursday,18,BD
18:16:00,Thursday,22,BD
18:26:00,Thursday,0,BD
18:27:00,Thursday,0,YU
18:36:00,Thursday,0,YU
19:26:00,Thursday,0,BD
19:43:00,Thursday,5,YU
19:57:00,Thursday,0,YU
20:27:00,Thursday,0,BD
20:36:00,Thursday,0,BD
20:36:00,Thursday,14,YU
21:07:00,Thursday,0,YU
22:00:00,Thursday,0,YU/BD
22:31:00,Thursday,0,YU
22:31:00,Thursday,0,BD
23:00:00,Thursday,0,YU
23:20:00,Thursday,0,YU
23:22:00,Thursday,0,BD
00:24:00,Thursday,0,BD
01:03:00,Thursday,0,YU
01:48:00,Thursday,0,YU
01:48:00,Thursday,0,BD
02:34:00,Thursday,0,SHP
05:44:00,Thursday,3,SHP
14:53:00,Thursday,0,SHP
17:22:00,Thursday,0,SHP
19:56:00,Thursday,0,SHP
01:09:00,Thursday,0,SHP
02:16:00,Friday,0,BD
05:16:00,Friday,0,YU
05:39:00,Friday,3,YU
06:15:00,Friday,3,YU
06:32:00,Friday,3,YU
06:35:00,Friday,0,YU
06:47:00,Friday,0,YU
06:49:00,Friday,6,BD
07:10:00,Friday,0,YU
07:27:00,Friday,0,BD
07:39:00,Friday,3,BD
07:39:00,Friday,3,BD
07:42:00,Friday,0,YU
07:51:00,Friday,0,BD
07:57:00,Friday,19,BD
07:58:00,Friday,0,YU
08:12:00,Friday,0,YU
08:31:00,Friday,4,YU
09:06:00,Friday,0,YU
09:41:00,Friday,0,BD
09:54:00,Friday,4,BD
10:19:00,Friday,3,YU
10:48:00,Friday,0,BD
11:02:00,Friday,4,BD
11:35:00,Friday,11,YU
11:47:00,Friday,3,YU
12:20:00,Friday,0,BD
12:22:00,Friday,0,YU
12:43:00,Friday,5,YU
13:54:00,Friday,0,BD
14:13:00,Friday,0,YU
14:16:00,Friday,0,BD
14:30:00,Friday,6,YU
14:34:00,Friday,4,BD
14:54:00,Friday,0,BD
15:02:00,Friday,5,YU
15:13:00,Friday,3,BD
15:13:00,Friday,0,YU
15:20:00,Friday,3,BD
15:48:00,Friday,0,BD
15:48:00,Friday,4,YU
15:56:00,Friday,0,YU
16:22:00,Friday,0,BD
16:28:00,Friday,20,YU
16:36:00,Friday,5,YU
16:49:00,Friday,0,YU
17:00:00,Friday,6,YU
17:03:00,Friday,0,BD
17:05:00,Friday,0,YU
17:08:00,Friday,0,BD
17:16:00,Friday,7,YU
17:17:00,Friday,3,YU
17:20:00,Friday,0,YU
17:28:00,Friday,7,BD
17:29:00,Friday,0,BD
17:36:00,Friday,0,BD
17:37:00,Friday,3,YU
17:41:00,Friday,0,BD
17:50:00,Friday,0,YU
17:53:00,Friday,3,YU
18:36:00,Friday,0,YU
18:43:00,Friday,3,YU
19:09:00,Friday,0,YU
19:11:00,Friday,0,BD
19:33:00,Friday,0,YU
19:46:00,Friday,0,YU
19:57:00,Friday,6,YU
20:13:00,Friday,3,BD
20:14:00,Friday,0,YU
20:51:00,Friday,0,BD
21:00:00,Friday,4,YU
21:16:00,Friday,5,YU
21:42:00,Friday,0,YU
21:52:00,Friday,0,BD
22:00:00,Friday,0,YU/BD
22:03:00,Friday,0,YU
22:25:00,Friday,0,BD
22:57:00,Friday,5,YU
23:00:00,Friday,0,YU
23:36:00,Friday,0,BD
23:52:00,Friday,0,YU
00:00:00,Friday,0,YU
01:24:00,Friday,3,BD
01:38:00,Friday,0,YU
01:47:00,Friday,0,BD
16:23:00,Friday,0,SHP
02:07:00,Saturday,0,BD
04:49:00,Saturday,0,YU
05:53:00,Saturday,6,BD
05:55:00,Saturday,8,YU
05:58:00,Saturday,5,YU
05:59:00,Saturday,4,YU
05:59:00,Saturday,4,YU
06:17:00,Saturday,0,BD
06:44:00,Saturday,6,YU
06:59:00,Saturday,6,YU
07:12:00,Saturday,0,YU
07:27:00,Saturday,0,YU
09:37:00,Saturday,0,BD
09:43:00,Saturday,0,YU
10:00:00,Saturday,0,BD
10:43:00,Saturday,0,BD
10:52:00,Saturday,0,YU
11:00:00,Saturday,0,YU
11:32:00,Saturday,0,BD
13:24:00,Saturday,22,YU
13:50:00,Saturday,0,BD
13:53:00,Saturday,0,BD
13:55:00,Saturday,0,BD
14:45:00,Saturday,0,YU
14:51:00,Saturday,6,YU
15:08:00,Saturday,0,BD
15:11:00,Saturday,0,YU
15:15:00,Saturday,0,YU
15:22:00,Saturday,8,YU
15:30:00,Saturday,5,YU
15:44:00,Saturday,0,YU
15:45:00,Saturday,0,YU
15:49:00,Saturday,0,BD
15:52:00,Saturday,28,BD
16:10:00,Saturday,4,YU
16:11:00,Saturday,0,BD
16:11:00,Saturday,0,BD
16:30:00,Saturday,0,YU
16:35:00,Saturday,0,BD
17:12:00,Saturday,0,YU
17:24:00,Saturday,0,BD
17:52:00,Saturday,4,YU
18:13:00,Saturday,3,YU
18:22:00,Saturday,4,BD
18:33:00,Saturday,0,YU
18:43:00,Saturday,0,YU
19:25:00,Saturday,15,YU
20:22:00,Saturday,0,BD
20:23:00,Saturday,4,YU
20:31:00,Saturday,0,YU
20:31:00,Saturday,0,YU
20:50:00,Saturday,0,BD
20:50:00,Saturday,0,BD
20:57:00,Saturday,0,BD
21:16:00,Saturday,4,YU
21:18:00,Saturday,0,BD
21:42:00,Saturday,6,BD
21:51:00,Saturday,0,YU
22:00:00,Saturday,0,YU/BD
22:02:00,Saturday,18,YU
22:07:00,Saturday,17,YU
22:12:00,Saturday,5,YU
22:45:00,Saturday,13,BD
23:02:00,Saturday,6,BD
23:08:00,Saturday,0,YU
23:11:00,Saturday,0,YU
23:21:00,Saturday,17,BD
23:33:00,Saturday,0,BD
23:35:00,Saturday,6,BD
23:42:00,Saturday,0,BD
23:50:00,Saturday,0,YU
00:09:00,Saturday,7,BD
00:10:00,Saturday,7,BD
00:16:00,Saturday,0,YU
00:25:00,Saturday,7,BD
00:36:00,Saturday,0,YU
00:58:00,Saturday,0,BD
11:38:00,Saturday,0,SHP
13:43:00,Saturday,0,SHP
13:53:00,Saturday,7,SHP
17:08:00,Saturday,0,SHP
00:08:00,Saturday,0,SHP
02:05:00,Sunday,5,BD
02:10:00,Sunday,3,YU
02:27:00,Sunday,0,YU
02:43:00,Sunday,0,BD
03:00:00,Sunday,0,YU
08:00:00,Sunday,0,BD
08:26:00,Sunday,0,BD
08:27:00,Sunday,6,YU
08:30:00,Sunday,6,YU
08:31:00,Sunday,10,YU
09:12:00,Sunday,4,BD
09:16:00,Sunday,0,YU
10:17:00,Sunday,0,BD
10:39:00,Sunday,0,BD
10:43:00,Sunday,0,BD
10:47:00,Sunday,0,BD
10:49:00,Sunday,3,BD
11:01:00,Sunday,4,YU
11:16:00,Sunday,8,YU
11:23:00,Sunday,0,YU
11:28:00,Sunday,12,YU
12:06:00,Sunday,3,BD
12:08:00,Sunday,0,BD
12:53:00,Sunday,0,BD
13:25:00,Sunday,6,YU
13:27:00,Sunday,0,YU
13:35:00,Sunday,0,YU
14:27:00,Sunday,0,BD
14:50:00,Sunday,0,YU
15:21:00,Sunday,7,YU
15:26:00,Sunday,7,YU
15:38:00,Sunday,9,BD
16:41:00,Sunday,4,YU
16:52:00,Sunday,3,YU
16:57:00,Sunday,4,YU
17:10:00,Sunday,0,BD
17:14:00,Sunday,0,BD
17:50:00,Sunday,12,YU
17:53:00,Sunday,0,YU
17:57:00,Sunday,0,YU
18:21:00,Sunday,5,YU
18:21:00,Sunday,4,YU
18:30:00,Sunday,0,BD
18:30:00,Sunday,0,YU
19:12:00,Sunday,0,YU
19:24:00,Sunday,0,YU
19:28:00,Sunday,13,BD
20:06:00,Sunday,0,YU
20:23:00,Sunday,4,BD
20:33:00,Sunday,35,BD
20:40:00,Sunday,0,BD
20:54:00,Sunday,20,YU
21:13:00,Sunday,0,YU
21:26:00,Sunday,0,BD
21:31:00,Sunday,4,BD
22:00:00,Sunday,0,YU
22:13:00,Sunday,6,BD
22:46:00,Sunday,6,BD
22:49:00,Sunday,0,BD
23:02:00,Sunday,8,BD
23:21:00,Sunday,0,BD
23:31:00,Sunday,0,BD
23:34:00,Sunday,4,BD
00:11:00,Sunday,0,YU
00:13:00,Sunday,0,BD
00:51:00,Sunday,5,YU
01:00:00,Sunday,6,BD
03:04:00,Monday,0,BD
05:55:00,Monday,0,YU
05:55:00,Monday,16,YU
06:00:00,Monday,4,BD
06:38:00,Monday,0,BD
06:41:00,Monday,0,YU
06:48:00,Monday,3,YU
07:09:00,Monday,3,BD
07:19:00,Monday,0,BD
07:25:00,Monday,0,BD
07:29:00,Monday,4,YU
07:43:00,Monday,0,YU
07:45:00,Monday,0,YU
07:49:00,Monday,0,BD
09:05:00,Monday,0,BD
09:16:00,Monday,0,BD
10:03:00,Monday,12,YU
10:05:00,Monday,14,BD
10:55:00,Monday,0,BD
11:00:00,Monday,22,YU
11:19:00,Monday,0,BD
11:26:00,Monday,6,YU
11:52:00,Monday,6,YU
11:57:00,Monday,0,BD
12:36:00,Monday,3,YU
12:38:00,Monday,4,BD
12:45:00,Monday,0,YU
13:25:00,Monday,0,BD
13:54:00,Monday,0,BD
14:13:00,Monday,3,BD
15:01:00,Monday,0,YU
16:50:00,Monday,0,BD
17:00:00,Monday,0,YU
17:48:00,Monday,3,BD
17:53:00,Monday,0,BD
17:56:00,Monday,0,YU
17:58:00,Monday,0,BD
18:13:00,Monday,3,BD
19:17:00,Monday,0,BD
19:47:00,Monday,0,BD
20:05:00,Monday,0,YU
20:19:00,Monday,0,BD
20:22:00,Monday,0,BD
20:26:00,Monday,0,YU
20:32:00,Monday,0,BD
20:54:00,Monday,0,BD
21:10:00,Monday,0,YU
21:16:00,Monday,0,YU
21:46:00,Monday,0,BD
22:00:00,Monday,0,YU
22:23:00,Monday,3,BD
22:40:00,Monday,0,YU
22:50:00,Monday,0,BD
22:57:00,Monday,0,BD
00:02:00,Monday,0,BD
00:09:00,Monday,0,YU
00:54:00,Monday,0,YU
01:50:00,Monday,0,BD
07:01:00,Monday,7,SHP
15:31:00,Monday,3,SHP
02:18:00,Tuesday,0,YU
02:25:00,Tuesday,0,YU
05:14:00,Tuesday,0,BD
05:49:00,Tuesday,0,BD
06:13:00,Tuesday,0,BD
06:14:00,Tuesday,2,BD
06:18:00,Tuesday,2,BD
06:25:00,Tuesday,2,BD
06:51:00,Tuesday,6,YU
06:56:00,Tuesday,0,BD
06:58:00,Tuesday,5,YU
08:05:00,Tuesday,3,YU
08:09:00,Tuesday,0,BD
08:38:00,Tuesday,10,BD
08:47:00,Tuesday,0,BD
09:23:00,Tuesday,0,BD
09:24:00,Tuesday,5,YU
09:31:00,Tuesday,3,YU
09:31:00,Tuesday,0,BD
09:37:00,Tuesday,3,YU
09:41:00,Tuesday,0,BD
09:47:00,Tuesday,3,BD
10:20:00,Tuesday,0,BD
10:26:00,Tuesday,0,BD
10:31:00,Tuesday,0,BD
10:49:00,Tuesday,0,BD
10:49:00,Tuesday,0,BD
11:13:00,Tuesday,4,YU
11:35:00,Tuesday,0,YU
11:36:00,Tuesday,0,YU
11:38:00,Tuesday,0,BD
11:51:00,Tuesday,0,BD
12:28:00,Tuesday,0,YU
12:56:00,Tuesday,3,YU
13:13:00,Tuesday,0,BD
13:15:00,Tuesday,0,YU
13:46:00,Tuesday,0,YU
13:47:00,Tuesday,32,BD
13:57:00,Tuesday,0,YU
14:17:00,Tuesday,0,BD
14:29:00,Tuesday,0,BD
15:09:00,Tuesday,3,YU
15:42:00,Tuesday,0,YU
16:17:00,Tuesday,17,BD
16:19:00,Tuesday,0,YU
16:42:00,Tuesday,0,YU
16:45:00,Tuesday,0,BD
16:56:00,Tuesday,9,BD
17:10:00,Tuesday,4,BD
17:47:00,Tuesday,4,YU
17:47:00,Tuesday,54,BD
17:54:00,Tuesday,0,BD
18:07:00,Tuesday,0,BD
18:07:00,Tuesday,0,YU
18:20:00,Tuesday,22,BD
18:37:00,Tuesday,6,YU
19:01:00,Tuesday,0,BD
19:08:00,Tuesday,0,BD
19:14:00,Tuesday,0,BD
19:57:00,Tuesday,6,BD
20:00:00,Tuesday,0,BD
20:02:00,Tuesday,7,BD
20:22:00,Tuesday,0,YU
20:48:00,Tuesday,0,BD
21:06:00,Tuesday,0,BD
21:40:00,Tuesday,0,BD
22:00:00,Tuesday,0,YU/BD
22:17:00,Tuesday,0,BD
22:18:00,Tuesday,0,BD
22:27:00,Tuesday,0,BD
22:36:00,Tuesday,0,YU
22:48:00,Tuesday,0,YU
22:57:00,Tuesday,5,YU
23:00:00,Tuesday,0,YU
23:05:00,Tuesday,0,YU
23:22:00,Tuesday,0,BD
23:26:00,Tuesday,11,YU
23:37:00,Tuesday,151,BD
23:41:00,Tuesday,0,BD
23:58:00,Tuesday,5,YU
00:21:00,Tuesday,0,YU
00:50:00,Tuesday,0,YU
01:11:00,Tuesday,0,YU
01:14:00,Tuesday,0,YU
02:57:00,Tuesday,0,SHP
10:30:00,Tuesday,0,SHP
11:29:00,Tuesday,0,SHP
02:18:00,Wednesday,0,BD
04:58:00,Wednesday,0,YU
05:16:00,Wednesday,7,BD
05:30:00,Wednesday,0,YU
05:49:00,Wednesday,0,YU
05:49:00,Wednesday,7,BD
06:00:00,Wednesday,0,YU/BD
06:12:00,Wednesday,0,BD
06:23:00,Wednesday,13,YU
06:36:00,Wednesday,0,YU
06:40:00,Wednesday,0,YU
07:44:00,Wednesday,0,YU
08:01:00,Wednesday,0,YU
08:03:00,Wednesday,0,BD
08:03:00,Wednesday,8,BD
08:23:00,Wednesday,0,BD
08:40:00,Wednesday,0,YU
08:59:00,Wednesday,5,YU
09:04:00,Wednesday,2,BD
09:11:00,Wednesday,0,YU
10:39:00,Wednesday,4,BD
10:41:00,Wednesday,0,YU
11:30:00,Wednesday,6,YU
11:47:00,Wednesday,0,BD
12:02:00,Wednesday,0,YU
12:03:00,Wednesday,0,YU
12:19:00,Wednesday,0,YU
12:30:00,Wednesday,0,BD
12:31:00,Wednesday,0,BD
13:02:00,Wednesday,5,YU
13:05:00,Wednesday,23,BD
13:33:00,Wednesday,4,YU
13:45:00,Wednesday,0,BD
13:53:00,Wednesday,0,BD
13:54:00,Wednesday,4,BD
13:56:00,Wednesday,0,BD
14:00:00,Wednesday,5,BD
14:26:00,Wednesday,3,YU
14:43:00,Wednesday,0,YU
14:54:00,Wednesday,0,YU
14:55:00,Wednesday,0,BD
16:04:00,Wednesday,0,BD
16:12:00,Wednesday,5,YU
16:15:00,Wednesday,3,YU
16:27:00,Wednesday,0,YU
16:43:00,Wednesday,0,BD
16:48:00,Wednesday,7,YU
17:16:00,Wednesday,4,YU
17:28:00,Wednesday,0,YU
17:34:00,Wednesday,4,YU
17:39:00,Wednesday,4,YU
17:48:00,Wednesday,3,YU
17:48:00,Wednesday,0,YU
17:52:00,Wednesday,0,BD
17:53:00,Wednesday,4,BD
18:05:00,Wednesday,0,BD
18:20:00,Wednesday,6,YU
18:36:00,Wednesday,0,YU
19:09:00,Wednesday,0,YU
19:13:00,Wednesday,0,YU
20:54:00,Wednesday,7,YU
21:07:00,Wednesday,0,YU
21:42:00,Wednesday,0,BD
21:58:00,Wednesday,4,BD
22:00:00,Wednesday,0,YU/BD
22:34:00,Wednesday,9,YU
22:59:00,Wednesday,0,YU
23:00:00,Wednesday,0,YU
23:20:00,Wednesday,5,BD
23:23:00,Wednesday,4,BD
00:04:00,Wednesday,0,BD
00:36:00,Wednesday,0,YU
01:23:00,Wednesday,0,BD
01:40:00,Wednesday,0,YU
01:42:00,Wednesday,10,YU
06:00:00,Wednesday,0,SHP
13:31:00,Wednesday,0,SHP
13:57:00,Wednesday,0,SHP
15:20:00,Wednesday,0,SHP
02:02:00,Thursday,0,YU
02:41:00,Thursday,0,YU
05:38:00,Thursday,10,YU
05:48:00,Thursday,40,YU
05:55:00,Thursday,40,YU
06:01:00,Thursday,10,YU
06:07:00,Thursday,10,YU
06:12:00,Thursday,6,BD
06:14:00,Thursday,5,YU
06:20:00,Thursday,3,BD
06:53:00,Thursday,7,YU
07:25:00,Thursday,0,BD
08:14:00,Thursday,0,BD
08:25:00,Thursday,0,YU
08:26:00,Thursday,7,BD
08:45:00,Thursday,4,YU
08:54:00,Thursday,0,BD
09:19:00,Thursday,0,BD
09:29:00,Thursday,7,BD
09:30:00,Thursday,6,YU
09:36:00,Thursday,0,BD
09:43:00,Thursday,0,YU
09:59:00,Thursday,0,BD
10:59:00,Thursday,0,YU
11:03:00,Thursday,0,YU
11:25:00,Thursday,5,BD
11:37:00,Thursday,0,YU
11:39:00,Thursday,0,YU
11:42:00,Thursday,5,YU
12:33:00,Thursday,30,YU
12:49:00,Thursday,3,YU
13:00:00,Thursday,0,YU
13:19:00,Thursday,6,YU
13:24:00,Thursday,0,YU
14:09:00,Thursday,0,YU
14:40:00,Thursday,0,YU
14:42:00,Thursday,0,BD
14:43:00,Thursday,0,YU
14:47:00,Thursday,0,BD
15:14:00,Thursday,0,YU
15:22:00,Thursday,0,BD
15:26:00,Thursday,0,YU
15:35:00,Thursday,0,BD
15:40:00,Thursday,0,YU
15:43:00,Thursday,5,BD
15:50:00,Thursday,0,BD
16:04:00,Thursday,0,BD
16:27:00,Thursday,5,YU
16:32:00,Thursday,0,YU
16:40:00,Thursday,4,BD
16:56:00,Thursday,3,YU
16:59:00,Thursday,3,YU
17:45:00,Thursday,3,BD
18:01:00,Thursday,0,BD
18:33:00,Thursday,7,YU
18:45:00,Thursday,0,YU
19:14:00,Thursday,0,YU
19:37:00,Thursday,0,BD
19:50:00,Thursday,0,BD
19:59:00,Thursday,0,BD
20:47:00,Thursday,0,BD
21:04:00,Thursday,0,BD
21:24:00,Thursday,0,BD
21:37:00,Thursday,0,YU
22:00:00,Thursday,0,YU/BD
22:41:00,Thursday,4,YU
22:43:00,Thursday,0,BD
23:00:00,Thursday,0,YU
23:07:00,Thursday,0,BD
23:11:00,Thursday,0,BD
23:24:00,Thursday,0,YU
23:40:00,Thursday,0,BD
23:49:00,Thursday,10,BD
00:20:00,Thursday,5,YU
00:22:00,Thursday,0,YU
00:31:00,Thursday,0,YU
00:55:00,Thursday,5,YU
00:58:00,Thursday,3,BD
01:01:00,Thursday,0,BD
01:12:00,Thursday,0,YU
01:48:00,Thursday,0,YU
11:39:00,Thursday,4,SHP
17:02:00,Thursday,0,SHP
20:24:00,Thursday,0,SHP
04:35:00,Friday,77,BD
05:25:00,Friday,0,YU
05:40:00,Friday,5,BD
05:47:00,Friday,0,BD
05:49:00,Friday,0,YU
05:54:00,Friday,37,BD
05:55:00,Friday,0,BD
05:57:00,Friday,19,YU
06:03:00,Friday,0,YU
06:20:00,Friday,3,YU
06:27:00,Friday,6,YU
06:41:00,Friday,3,BD
06:58:00,Friday,7,YU
06:59:00,Friday,0,YU
07:01:00,Friday,8,YU
07:18:00,Friday,3,BD
07:25:00,Friday,0,BD
07:28:00,Friday,10,YU
07:34:00,Friday,0,BD
07:34:00,Friday,0,BD
07:52:00,Friday,0,BD
07:58:00,Friday,0,BD
08:00:00,Friday,0,BD
08:02:00,Friday,0,YU
08:20:00,Friday,0,BD
08:35:00,Friday,0,BD
08:41:00,Friday,5,YU
08:44:00,Friday,0,BD
08:53:00,Friday,0,YU
09:05:00,Friday,0,YU
09:30:00,Friday,0,BD
10:25:00,Friday,0,YU
11:12:00,Friday,0,BD
11:24:00,Friday,0,YU
11:41:00,Friday,11,YU
12:18:00,Friday,0,YU
12:25:00,Friday,5,YU
12:53:00,Friday,0,YU
13:01:00,Friday,0,BD
13:36:00,Friday,0,YU
13:41:00,Friday,4,YU
13:46:00,Friday,0,BD
14:07:00,Friday,0,YU
14:07:00,Friday,4,BD
14:27:00,Friday,22,BD
14:34:00,Friday,0,BD
15:19:00,Friday,0,YU
15:31:00,Friday,0,YU
15:34:00,Friday,4,BD
16:00:00,Friday,5,YU
16:14:00,Friday,0,YU
16:14:00,Friday,4,BD
16:26:00,Friday,5,YU
16:55:00,Friday,0,YU
16:56:00,Friday,0,YU
17:10:00,Friday,0,YU
17:22:00,Friday,0,BD
17:23:00,Friday,0,YU
17:27:00,Friday,0,YU
17:28:00,Friday,0,BD
17:53:00,Friday,0,BD
18:10:00,Friday,0,YU
18:17:00,Friday,4,BD
18:21:00,Friday,4,BD
18:23:00,Friday,0,YU
18:37:00,Friday,4,BD
18:40:00,Friday,0,BD
19:42:00,Friday,36,YU
19:45:00,Friday,0,YU
20:13:00,Friday,0,YU
20:18:00,Friday,4,BD
20:38:00,Friday,3,BD
20:48:00,Friday,0,BD
20:54:00,Friday,11,YU
21:27:00,Friday,4,YU
21:27:00,Friday,6,YU
21:54:00,Friday,0,BD
21:55:00,Friday,0,BD
22:00:00,Friday,0,YU/BD
22:13:00,Friday,0,YU
22:36:00,Friday,14,YU
22:43:00,Friday,4,YU
23:00:00,Friday,14,YU
23:09:00,Friday,0,YU
23:17:00,Friday,0,BD
23:31:00,Friday,0,YU
23:57:00,Friday,3,BD
00:36:00,Friday,0,YU
01:20:00,Friday,9,YU
01:22:00,Friday,0,YU
01:33:00,Friday,0,YU
01:45:00,Friday,0,YU
01:55:00,Friday,0,YU
09:10:00,Friday,20,SHP
09:27:00,Friday,9,SHP
23:00:00,Friday,0,SHP
02:02:00,Saturday,0,BD
05:13:00,Saturday,0,YU
05:16:00,Saturday,0,YU
05:56:00,Saturday,0,BD
06:09:00,Saturday,7,YU
06:54:00,Saturday,6,YU
07:56:00,Saturday,0,BD
08:50:00,Saturday,3,BD
08:56:00,Saturday,4,YU
09:44:00,Saturday,0,BD
10:25:00,Saturday,3,BD
10:48:00,Saturday,11,YU
11:36:00,Saturday,4,YU
12:29:00,Saturday,3,BD
13:00:00,Saturday,0,BD
13:08:00,Saturday,3,YU
13:10:00,Saturday,0,YU
13:39:00,Saturday,4,YU
14:12:00,Saturday,0,BD
14:19:00,Saturday,0,BD
14:20:00,Saturday,0,YU
14:29:00,Saturday,16,BD
14:37:00,Saturday,0,BD
14:38:00,Saturday,0,BD
15:08:00,Saturday,5,YU
15:30:00,Saturday,0,BD
15:36:00,Saturday,0,BD
16:04:00,Saturday,0,BD
16:54:00,Saturday,0,BD
17:20:00,Saturday,10,BD
17:31:00,Saturday,0,YU
17:32:00,Saturday,0,BD
18:05:00,Saturday,0,BD
18:07:00,Saturday,0,BD
18:16:00,Saturday,5,YU
18:22:00,Saturday,15,YU
18:25:00,Saturday,0,BD
19:00:00,Saturday,0,BD
19:01:00,Saturday,0,YU
19:03:00,Saturday,4,BD
19:09:00,Saturday,14,BD
19:20:00,Saturday,0,BD
19:58:00,Saturday,0,YU
20:02:00,Saturday,0,YU
20:04:00,Saturday,0,BD
20:18:00,Saturday,0,BD
21:13:00,Saturday,0,YU
21:38:00,Saturday,0,BD
21:50:00,Saturday,0,YU
21:50:00,Saturday,0,BD
22:00:00,Saturday,0,YU/BD
22:13:00,Saturday,0,YU
22:32:00,Saturday,0,YU
22:56:00,Saturday,0,BD
23:05:00,Saturday,0,BD
23:44:00,Saturday,0,YU
00:12:00,Saturday,0,BD
01:03:00,Saturday,0,BD
01:22:00,Saturday,0,BD
01:37:00,Saturday,0,BD
01:56:00,Saturday,0,BD
02:01:00,Sunday,0,YU
02:06:00,Sunday,0,BD
03:52:00,Sunday,0,BD
07:09:00,Sunday,0,BD
08:07:00,Sunday,15,YU
08:10:00,Sunday,8,YU
08:21:00,Sunday,6,YU
08:30:00,Sunday,7,BD
09:26:00,Sunday,5,YU
10:03:00,Sunday,0,BD
10:57:00,Sunday,0,BD
12:26:00,Sunday,0,YU
12:37:00,Sunday,0,YU
13:39:00,Sunday,3,YU
14:03:00,Sunday,0,BD
15:03:00,Sunday,0,YU
15:45:00,Sunday,0,YU
16:02:00,Sunday,0,YU
16:11:00,Sunday,0,YU
16:46:00,Sunday,12,BD
17:25:00,Sunday,4,BD
17:25:00,Sunday,17,YU
17:56:00,Sunday,0,YU
18:16:00,Sunday,0,BD
18:42:00,Sunday,4,YU
19:43:00,Sunday,6,YU
20:26:00,Sunday,0,YU
21:11:00,Sunday,0,YU
22:00:00,Sunday,0,YU/BD
22:06:00,Sunday,4,BD
22:08:00,Sunday,11,YU
22:28:00,Sunday,6,BD
22:55:00,Sunday,3,BD
23:35:00,Sunday,0,BD
23:37:00,Sunday,8,YU
00:02:00,Sunday,0,YU
01:54:00,Sunday,0,YU
14:11:00,Sunday,0,SHP
18:40:00,Sunday,21,SHP
02:16:00,Monday,0,YU
06:14:00,Monday,5,BD
06:32:00,Monday,0,YU
06:33:00,Monday,4,YU
06:39:00,Monday,4,BD
06:50:00,Monday,0,YU
07:01:00,Monday,3,BD
07:11:00,Monday,0,YU
07:13:00,Monday,2,BD
07:20:00,Monday,0,YU
07:27:00,Monday,4,YU
07:37:00,Monday,2,BD
07:52:00,Monday,17,YU
08:00:00,Monday,9,YU
08:23:00,Monday,0,YU
08:32:00,Monday,5,YU
08:38:00,Monday,5,YU
09:12:00,Monday,3,BD
09:12:00,Monday,3,BD
09:15:00,Monday,0,YU
09:30:00,Monday,3,BD
09:57:00,Monday,0,YU
10:22:00,Monday,0,YU
10:44:00,Monday,0,BD
10:48:00,Monday,0,BD
10:59:00,Monday,0,YU
11:35:00,Monday,4,BD
11:44:00,Monday,0,BD
11:46:00,Monday,0,YU
12:18:00,Monday,0,YU
12:23:00,Monday,0,YU
12:26:00,Monday,4,BD
12:40:00,Monday,3,YU
13:03:00,Monday,0,BD
13:53:00,Monday,0,YU
13:58:00,Monday,0,BD
14:06:00,Monday,0,YU
14:18:00,Monday,7,YU
15:05:00,Monday,3,BD
15:06:00,Monday,12,BD
15:26:00,Monday,6,YU
15:59:00,Monday,0,YU
16:02:00,Monday,0,BD
16:07:00,Monday,3,YU
16:32:00,Monday,0,YU
16:45:00,Monday,0,BD
17:11:00,Monday,0,YU
18:09:00,Monday,0,BD
18:19:00,Monday,9,YU
18:25:00,Monday,0,YU
18:31:00,Monday,0,BD
18:52:00,Monday,5,BD
19:04:00,Monday,9,YU
19:15:00,Monday,3,BD
19:38:00,Monday,0,YU
19:50:00,Monday,0,YU
19:58:00,Monday,3,BD
20:09:00,Monday,5,YU
20:10:00,Monday,0,BD
20:16:00,Monday,23,YU
20:37:00,Monday,13,YU
20:46:00,Monday,0,YU
21:52:00,Monday,0,YU
22:00:00,Monday,0,YU/BD
22:29:00,Monday,0,YU
22:30:00,Monday,0,BD
23:49:00,Monday,30,YU
00:02:00,Monday,25,YU
00:03:00,Monday,5,BD
00:15:00,Monday,3,YU
00:36:00,Monday,0,BD
05:52:00,Monday,0,SHP
03:56:00,Tuesday,0,BD
04:47:00,Tuesday,0,BD
05:40:00,Tuesday,6,BD
05:48:00,Tuesday,5,YU
05:52:00,Tuesday,0,BD
05:56:00,Tuesday,0,BD
06:40:00,Tuesday,4,BD
07:11:00,Tuesday,0,YU
07:42:00,Tuesday,0,BD
07:46:00,Tuesday,3,YU
07:50:00,Tuesday,16,YU
08:06:00,Tuesday,3,YU
08:08:00,Tuesday,0,BD
08:13:00,Tuesday,3,BD
08:15:00,Tuesday,0,BD
08:25:00,Tuesday,7,BD
08:35:00,Tuesday,0,YU
08:46:00,Tuesday,5,YU
09:13:00,Tuesday,4,YU
09:49:00,Tuesday,0,YU
09:56:00,Tuesday,4,YU
09:59:00,Tuesday,0,BD
10:08:00,Tuesday,0,BD
10:53:00,Tuesday,0,YU
10:55:00,Tuesday,0,BD
11:54:00,Tuesday,5,BD
13:10:00,Tuesday,7,YU
13:23:00,Tuesday,0,YU
13:32:00,Tuesday,10,YU
13:36:00,Tuesday,0,YU
13:43:00,Tuesday,8,YU
13:53:00,Tuesday,0,YU
14:05:00,Tuesday,0,YU
14:15:00,Tuesday,4,YU
14:26:00,Tuesday,0,BD
14:33:00,Tuesday,0,BD
14:54:00,Tuesday,0,BD
14:57:00,Tuesday,0,YU
14:58:00,Tuesday,4,YU
15:02:00,Tuesday,0,YU
15:12:00,Tuesday,0,BD
15:19:00,Tuesday,0,BD
15:49:00,Tuesday,0,BD
15:49:00,Tuesday,3,YU
16:05:00,Tuesday,0,YU
16:14:00,Tuesday,0,YU
16:14:00,Tuesday,4,YU
16:26:00,Tuesday,7,YU
16:34:00,Tuesday,3,YU
16:40:00,Tuesday,3,YU
16:43:00,Tuesday,3,BD
16:53:00,Tuesday,3,YU
17:12:00,Tuesday,8,YU
17:20:00,Tuesday,3,YU
17:24:00,Tuesday,0,YU
17:45:00,Tuesday,0,BD
17:48:00,Tuesday,0,BD
18:02:00,Tuesday,3,YU
18:22:00,Tuesday,3,YU
18:24:00,Tuesday,0,YU
18:54:00,Tuesday,8,YU
19:05:00,Tuesday,3,YU
19:12:00,Tuesday,3,YU
19:14:00,Tuesday,3,BD
19:25:00,Tuesday,0,BD
19:26:00,Tuesday,0,YU
19:38:00,Tuesday,3,YU
20:02:00,Tuesday,0,YU
20:23:00,Tuesday,0,BD
20:39:00,Tuesday,0,YU
20:49:00,Tuesday,0,BD
20:52:00,Tuesday,0,BD
21:59:00,Tuesday,0,YU
22:03:00,Tuesday,0,YU/BD
22:05:00,Tuesday,0,BD
22:18:00,Tuesday,4,YU
22:27:00,Tuesday,5,BD
22:45:00,Tuesday,3,BD
22:53:00,Tuesday,0,YU
22:56:00,Tuesday,0,YU
23:09:00,Tuesday,28,YU
00:00:00,Tuesday,0,YU
00:01:00,Tuesday,0,BD
00:09:00,Tuesday,6,BD
00:27:00,Tuesday,0,BD
00:32:00,Tuesday,8,BD
06:36:00,Tuesday,0,SHP
13:53:00,Tuesday,0,SHP
13:57:00,Tuesday,0,SHP
15:28:00,Tuesday,0,SHP
02:01:00,Wednesday,0,YU
02:19:00,Wednesday,0,BD
02:49:00,Wednesday,0,BD
04:24:00,Wednesday,0,YU
04:31:00,Wednesday,0,BD
04:35:00,Wednesday,6,YU
04:35:00,Wednesday,0,BD
04:47:00,Wednesday,0,YU
05:40:00,Wednesday,0,BD
05:51:00,Wednesday,4,BD
06:32:00,Wednesday,3,YU
06:43:00,Wednesday,0,BD
06:47:00,Wednesday,0,YU
06:48:00,Wednesday,6,YU
07:01:00,Wednesday,0,BD
07:17:00,Wednesday,5,YU
07:35:00,Wednesday,0,YU
07:42:00,Wednesday,11,YU
07:48:00,Wednesday,3,YU
08:03:00,Wednesday,0,BD
08:06:00,Wednesday,0,YU
08:17:00,Wednesday,0,YU
08:19:00,Wednesday,0,YU
08:20:00,Wednesday,7,BD
09:18:00,Wednesday,0,BD
09:45:00,Wednesday,3,BD
09:52:00,Wednesday,0,BD
09:56:00,Wednesday,0,BD
09:58:00,Wednesday,0,YU
10:16:00,Wednesday,3,BD
10:27:00,Wednesday,0,BD
10:46:00,Wednesday,0,YU
11:03:00,Wednesday,3,BD
11:09:00,Wednesday,4,YU
11:47:00,Wednesday,0,YU
11:54:00,Wednesday,13,BD
11:57:00,Wednesday,0,BD
12:08:00,Wednesday,0,BD
12:46:00,Wednesday,0,YU
12:56:00,Wednesday,15,YU
13:06:00,Wednesday,0,BD
13:17:00,Wednesday,3,YU
13:24:00,Wednesday,0,YU
13:37:00,Wednesday,4,BD
13:49:00,Wednesday,8,BD
13:50:00,Wednesday,0,YU
13:57:00,Wednesday,4,BD
14:03:00,Wednesday,0,BD
14:28:00,Wednesday,4,BD
14:41:00,Wednesday,0,YU
14:45:00,Wednesday,6,YU
15:10:00,Wednesday,3,YU
15:30:00,Wednesday,5,YU
15:41:00,Wednesday,0,BD
15:52:00,Wednesday,0,BD
16:36:00,Wednesday,0,YU
16:41:00,Wednesday,0,YU
16:47:00,Wednesday,0,YU
16:48:00,Wednesday,5,BD
16:58:00,Wednesday,8,YU
17:05:00,Wednesday,0,BD
17:06:00,Wednesday,6,YU
17:07:00,Wednesday,0,YU
17:12:00,Wednesday,0,YU
17:29:00,Wednesday,0,YU
17:32:00,Wednesday,0,YU
17:38:00,Wednesday,0,YU
17:42:00,Wednesday,0,YU
18:04:00,Wednesday,0,YU
18:05:00,Wednesday,24,YU
18:24:00,Wednesday,0,BD
18:39:00,Wednesday,0,BD
18:49:00,Wednesday,8,YU
18:59:00,Wednesday,0,BD
19:10:00,Wednesday,5,BD
19:28:00,Wednesday,0,YU
19:41:00,Wednesday,0,BD
19:43:00,Wednesday,0,BD
19:49:00,Wednesday,0,BD
21:07:00,Wednesday,0,BD
21:20:00,Wednesday,0,YU
21:40:00,Wednesday,0,YU
21:52:00,Wednesday,0,BD
21:52:00,Wednesday,0,YU
22:00:00,Wednesday,0,YU/BD
22:26:00,Wednesday,0,YU
22:29:00,Wednesday,12,YU
23:00:00,Wednesday,0,YU
23:28:00,Wednesday,9,YU
00:00:00,Wednesday,0,YU
00:08:00,Wednesday,4,YU
00:24:00,Wednesday,0,YU
22:20:00,Wednesday,0,SHP
02:02:00,Thursday,0,YU
02:13:00,Thursday,0,BD
02:55:00,Thursday,0,YU
05:04:00,Thursday,0,YU
05:31:00,Thursday,0,BD
05:54:00,Thursday,3,YU
06:07:00,Thursday,5,BD
06:07:00,Thursday,5,YU
06:09:00,Thursday,0,BD
06:12:00,Thursday,3,BD
06:32:00,Thursday,0,BD
06:51:00,Thursday,0,YU
06:55:00,Thursday,3,YU
07:23:00,Thursday,0,YU
07:40:00,Thursday,0,BD
08:23:00,Thursday,0,YU
08:49:00,Thursday,3,BD
08:58:00,Thursday,0,YU
09:13:00,Thursday,0,BD
09:33:00,Thursday,0,YU
10:09:00,Thursday,0,YU
10:24:00,Thursday,0,BD
10:36:00,Thursday,0,BD
10:53:00,Thursday,0,BD
11:07:00,Thursday,0,BD
11:29:00,Thursday,0,YU
11:33:00,Thursday,3,YU
11:34:00,Thursday,6,BD
11:52:00,Thursday,0,YU
12:19:00,Thursday,17,YU
12:40:00,Thursday,4,YU
12:42:00,Thursday,0,YU
12:58:00,Thursday,0,BD
13:04:00,Thursday,0,YU
13:07:00,Thursday,0,BD
13:13:00,Thursday,0,YU
13:22:00,Thursday,3,YU
13:50:00,Thursday,3,YU
15:00:00,Thursday,6,YU
15:49:00,Thursday,3,YU
16:13:00,Thursday,3,YU
16:30:00,Thursday,0,BD
16:39:00,Thursday,9,YU
16:50:00,Thursday,0,BD
16:52:00,Thursday,0,YU
16:55:00,Thursday,12,YU
17:28:00,Thursday,6,YU
17:37:00,Thursday,5,YU
17:55:00,Thursday,0,YU
18:02:00,Thursday,0,BD
18:28:00,Thursday,0,BD
18:37:00,Thursday,0,YU
19:16:00,Thursday,0,BD
19:59:00,Thursday,3,BD
19:59:00,Thursday,0,BD
20:25:00,Thursday,0,BD
20:27:00,Thursday,0,YU
20:38:00,Thursday,0,YU
20:42:00,Thursday,0,YU
21:14:00,Thursday,0,BD
21:20:00,Thursday,0,YU
21:44:00,Thursday,0,YU
21:53:00,Thursday,0,BD
22:00:00,Thursday,0,YU/BD
22:30:00,Thursday,0,YU
22:47:00,Thursday,0,BD
23:28:00,Thursday,10,BD
00:28:00,Thursday,0,BD
00:28:00,Thursday,7,YU
00:42:00,Thursday,0,YU
00:44:00,Thursday,5,YU
01:41:00,Thursday,0,BD
18:56:00,Thursday,4,SHP
02:04:00,Friday,9,YU
05:06:00,Friday,0,YU
05:57:00,Friday,6,BD
06:00:00,Friday,0,BD
06:02:00,Friday,0,YU
06:07:00,Friday,7,YU
06:10:00,Friday,6,BD
06:17:00,Friday,10,YU
06:28:00,Friday,6,YU
06:46:00,Friday,0,YU
06:48:00,Friday,0,YU
07:00:00,Friday,0,BD
07:04:00,Friday,0,YU
07:18:00,Friday,0,YU
07:56:00,Friday,0,BD
08:35:00,Friday,0,YU
08:36:00,Friday,18,YU
08:45:00,Friday,0,YU
08:46:00,Friday,3,YU
09:15:00,Friday,0,BD
09:28:00,Friday,0,BD
09:41:00,Friday,0,YU
10:02:00,Friday,5,YU
10:13:00,Friday,0,YU
10:17:00,Friday,0,BD
10:20:00,Friday,0,YU
10:21:00,Friday,7,YU
10:28:00,Friday,0,BD
10:48:00,Friday,0,BD
10:59:00,Friday,0,BD
11:02:00,Friday,0,YU
11:19:00,Friday,0,YU
11:27:00,Friday,5,YU
12:25:00,Friday,0,YU
12:28:00,Friday,38,YU
12:51:00,Friday,4,YU
12:52:00,Friday,5,YU
13:24:00,Friday,0,YU
14:14:00,Friday,3,YU
14:23:00,Friday,3,BD
14:45:00,Friday,0,YU
15:03:00,Friday,0,BD
15:19:00,Friday,3,BD
15:23:00,Friday,0,BD
15:43:00,Friday,15,YU
15:46:00,Friday,25,YU
16:07:00,Friday,5,YU
16:13:00,Friday,3,YU
16:15:00,Friday,5,YU
16:56:00,Friday,0,BD
17:36:00,Friday,12,YU
18:23:00,Friday,3,YU
18:23:00,Friday,0,BD
18:53:00,Friday,0,YU
19:04:00,Friday,3,YU
19:10:00,Friday,4,YU
20:01:00,Friday,0,BD
20:23:00,Friday,0,YU
20:30:00,Friday,0,BD
20:47:00,Friday,0,BD
20:56:00,Friday,4,BD
21:03:00,Friday,0,BD
21:58:00,Friday,0,BD
22:32:00,Friday,0,BD
22:34:00,Friday,32,YU
23:31:00,Friday,0,BD
23:59:00,Friday,0,YU
00:43:00,Friday,3,YU
01:24:00,Friday,4,YU
01:28:00,Friday,0,YU
09:14:00,Friday,7,SHP
09:25:00,Friday,6,SHP
09:48:00,Friday,0,SHP
17:45:00,Friday,7,SHP
02:25:00,Saturday,0,YU
04:38:00,Saturday,0,YU
05:55:00,Saturday,5,YU
06:02:00,Saturday,8,YU
06:43:00,Saturday,0,YU
06:47:00,Saturday,0,YU
07:48:00,Saturday,3,YU
08:01:00,Saturday,0,YU
08:04:00,Saturday,0,YU
08:35:00,Saturday,0,YU
08:38:00,Saturday,0,BD
08:53:00,Saturday,0,YU
09:05:00,Saturday,0,YU
10:20:00,Saturday,6,YU
10:30:00,Saturday,0,BD
10:48:00,Saturday,3,BD
11:06:00,Saturday,3,BD
12:22:00,Saturday,4,BD
12:27:00,Saturday,10,BD
12:31:00,Saturday,6,BD
12:38:00,Saturday,7,BD
12:41:00,Saturday,0,YU
12:44:00,Saturday,0,BD
12:44:00,Saturday,0,YU
12:53:00,Saturday,0,BD
13:00:00,Saturday,0,BD
13:28:00,Saturday,8,BD
13:40:00,Saturday,4,BD
13:49:00,Saturday,0,YU
14:03:00,Saturday,0,BD
14:09:00,Saturday,4,YU
14:17:00,Saturday,0,YU
14:30:00,Saturday,0,YU
15:13:00,Saturday,3,YU
15:14:00,Saturday,5,YU
15:29:00,Saturday,0,YU
15:42:00,Saturday,0,BD
15:52:00,Saturday,3,BD
15:54:00,Saturday,0,BD
16:04:00,Saturday,0,BD
16:05:00,Saturday,3,YU
16:10:00,Saturday,0,YU
17:40:00,Saturday,0,YU
17:42:00,Saturday,18,YU
17:43:00,Saturday,0,BD
18:08:00,Saturday,0,BD
18:13:00,Saturday,4,BD
19:15:00,Saturday,0,BD
19:18:00,Saturday,0,BD
19:46:00,Saturday,0,YU
19:52:00,Saturday,0,YU
20:00:00,Saturday,4,YU
20:17:00,Saturday,0,YU
20:17:00,Saturday,0,YU
21:11:00,Saturday,0,YU
21:15:00,Saturday,0,BD
21:26:00,Saturday,0,YU
21:32:00,Saturday,0,BD
22:00:00,Saturday,0,YU/BD
22:05:00,Saturday,25,YU
22:45:00,Saturday,9,YU
00:49:00,Saturday,0,BD
01:33:00,Saturday,0,YU
01:43:00,Saturday,7,BD
01:47:00,Saturday,0,YUS
22:23:00,Saturday,0,SHP
02:02:00,Sunday,0,BD
02:03:00,Sunday,3,YU
04:17:00,Sunday,0,YU
07:45:00,Sunday,30,YU
07:52:00,Sunday,0,YU
07:54:00,Sunday,15,YU
08:14:00,Sunday,7,YU
08:14:00,Sunday,0,BD
08:18:00,Sunday,6,YU
08:43:00,Sunday,7,YU
08:58:00,Sunday,0,BD
08:59:00,Sunday,0,YU
09:36:00,Sunday,0,BD
09:38:00,Sunday,0,YU
10:48:00,Sunday,0,YU
11:36:00,Sunday,0,YU
11:44:00,Sunday,3,YU
11:57:00,Sunday,3,BD
13:45:00,Sunday,0,YU
14:27:00,Sunday,0,BD
15:12:00,Sunday,4,BD
15:18:00,Sunday,4,BD
15:33:00,Sunday,0,YU
15:37:00,Sunday,3,YU
15:43:00,Sunday,0,BD
16:57:00,Sunday,0,BD
17:16:00,Sunday,39,BD
17:53:00,Sunday,5,YU
18:23:00,Sunday,16,YU
18:30:00,Sunday,0,YU
18:35:00,Sunday,17,BD
18:41:00,Sunday,18,BD
19:14:00,Sunday,0,BD
19:17:00,Sunday,0,BD
20:45:00,Sunday,23,YU
22:00:00,Sunday,0,YU/BD
23:51:00,Sunday,0,BD
00:05:00,Sunday,0,YU
00:53:00,Sunday,0,BD
01:51:00,Sunday,0,BD
09:28:00,Sunday,0,SHP
13:03:00,Sunday,0,SHP
22:55:00,Sunday,0,SHP
02:07:00,Monday,0,BD
05:37:00,Monday,0,YU
05:56:00,Monday,0,YU
06:02:00,Monday,5,YU
06:11:00,Monday,0,YU
06:19:00,Monday,4,YU
06:24:00,Monday,26,YU
06:25:00,Monday,12,BD
06:50:00,Monday,2,BD
06:51:00,Monday,3,YU
07:39:00,Monday,3,BD
07:48:00,Monday,0,BD
08:02:00,Monday,0,YU
08:18:00,Monday,0,BD
09:14:00,Monday,4,BD
09:18:00,Monday,0,YU
09:24:00,Monday,0,BD
09:31:00,Monday,0,YU
09:46:00,Monday,4,BD
09:57:00,Monday,5,YU
09:57:00,Monday,3,BD
10:11:00,Monday,0,YU
10:22:00,Monday,0,YU
10:43:00,Monday,7,YU
10:50:00,Monday,6,YU
11:09:00,Monday,0,BD
11:31:00,Monday,0,BD
11:54:00,Monday,0,BD
11:57:00,Monday,0,YU
12:11:00,Monday,0,BD
12:18:00,Monday,0,YU
12:18:00,Monday,3,BD
12:43:00,Monday,17,YU
12:52:00,Monday,0,YU
13:27:00,Monday,4,YU
13:51:00,Monday,5,BD
14:03:00,Monday,0,BD
14:09:00,Monday,0,YU
14:10:00,Monday,0,BD
14:13:00,Monday,6,YU
14:25:00,Monday,3,YU
14:40:00,Monday,4,BD
15:00:00,Monday,0,BD
15:31:00,Monday,7,YU
15:47:00,Monday,0,BD
15:57:00,Monday,3,BD
16:03:00,Monday,0,BD
16:11:00,Monday,4,BD
16:41:00,Monday,0,BD
16:52:00,Monday,3,YU
16:57:00,Monday,0,BD
17:05:00,Monday,4,BD
17:12:00,Monday,0,BD
17:25:00,Monday,3,YU
17:33:00,Monday,4,YU
17:35:00,Monday,5,YU
17:40:00,Monday,3,YU
17:45:00,Monday,10,YU
18:05:00,Monday,5,YU
18:19:00,Monday,10,YU
18:44:00,Monday,6,YU
18:50:00,Monday,0,BD
19:09:00,Monday,0,YU
19:11:00,Monday,0,BD
19:19:00,Monday,0,YU
20:19:00,Monday,4,YU
20:46:00,Monday,0,YU
21:21:00,Monday,0,YU
21:36:00,Monday,11,BD
21:55:00,Monday,24,YU
22:00:00,Monday,0,YU/BD
22:00:00,Monday,0,BD
22:11:00,Monday,0,BD
22:15:00,Monday,0,BD
22:31:00,Monday,0,BD
22:32:00,Monday,0,YU
22:43:00,Monday,0,YU
22:48:00,Monday,0,YU
22:53:00,Monday,3,BD
23:09:00,Monday,0,YU
23:22:00,Monday,0,YU
23:23:00,Monday,0,YU
23:25:00,Monday,0,YU
23:30:00,Monday,0,BD
00:30:00,Monday,0,BD
01:14:00,Monday,0,BD
01:50:00,Monday,8,YU
05:24:00,Monday,0,SHP
02:45:00,Tuesday,0,YU
02:58:00,Tuesday,0,YU
04:39:00,Tuesday,0,YU
05:04:00,Tuesday,0,BD
05:59:00,Tuesday,5,BD
06:12:00,Tuesday,7,YU
07:39:00,Tuesday,0,YU
07:53:00,Tuesday,9,YU
08:37:00,Tuesday,0,YU
08:41:00,Tuesday,14,YU
08:46:00,Tuesday,4,YU
08:57:00,Tuesday,8,BD
09:09:00,Tuesday,3,YU
09:43:00,Tuesday,0,BD
09:59:00,Tuesday,0,BD
10:08:00,Tuesday,0,BD
10:16:00,Tuesday,21,YU
10:23:00,Tuesday,0,YU
10:25:00,Tuesday,3,BD
10:32:00,Tuesday,0,BD
10:32:00,Tuesday,7,BD
10:35:00,Tuesday,4,BD
10:40:00,Tuesday,0,YU
12:26:00,Tuesday,3,YU
12:30:00,Tuesday,0,BD
13:33:00,Tuesday,10,YU
13:45:00,Tuesday,0,YU
13:50:00,Tuesday,6,YU
13:58:00,Tuesday,7,YU
14:15:00,Tuesday,3,YU
14:20:00,Tuesday,0,BD
14:27:00,Tuesday,3,BD
15:26:00,Tuesday,0,YU
16:01:00,Tuesday,0,YU
16:10:00,Tuesday,0,BD
16:26:00,Tuesday,0,BD
16:59:00,Tuesday,3,BD
17:00:00,Tuesday,3,YU
17:06:00,Tuesday,0,BD
17:09:00,Tuesday,6,YU
17:13:00,Tuesday,0,BD
17:34:00,Tuesday,3,BD
17:48:00,Tuesday,3,YU
18:07:00,Tuesday,0,YU
18:09:00,Tuesday,0,YU
18:14:00,Tuesday,0,YU
18:37:00,Tuesday,5,YU
19:07:00,Tuesday,0,BD
19:17:00,Tuesday,8,YU
19:20:00,Tuesday,4,BD
19:24:00,Tuesday,5,YU
19:39:00,Tuesday,4,YU
20:23:00,Tuesday,6,BD
20:24:00,Tuesday,0,YU
20:33:00,Tuesday,0,YU
20:44:00,Tuesday,0,BD
21:06:00,Tuesday,0,BD
21:30:00,Tuesday,6,YU
21:32:00,Tuesday,5,YU
22:00:00,Tuesday,0,YU/BD
23:06:00,Tuesday,0,YU
23:52:00,Tuesday,0,YU
23:59:00,Tuesday,0,YU
00:01:00,Tuesday,0,BD
00:34:00,Tuesday,11,BD
00:42:00,Tuesday,0,BD
00:50:00,Tuesday,13,YU
00:57:00,Tuesday,0,YU
01:07:00,Tuesday,3,YU
01:12:00,Tuesday,6,YU
01:44:00,Tuesday,0,YU
17:48:00,Tuesday,3,SHP
20:53:00,Tuesday,0,SHP
00:48:00,Tuesday,0,SHP
02:26:00,Wednesday,0,YU
03:17:00,Wednesday,0,YU
06:01:00,Wednesday,4,YU
06:02:00,Wednesday,9,YU
06:16:00,Wednesday,0,YU
07:10:00,Wednesday,0,BD
08:13:00,Wednesday,3,YU
08:15:00,Wednesday,3,BD
08:18:00,Wednesday,5,YU
08:23:00,Wednesday,0,BD
08:42:00,Wednesday,0,YU
08:53:00,Wednesday,0,YU
09:00:00,Wednesday,3,YU
09:10:00,Wednesday,0,BD
09:39:00,Wednesday,0,YU
10:16:00,Wednesday,0,BD
10:46:00,Wednesday,0,YU
11:17:00,Wednesday,7,BD
12:00:00,Wednesday,0,BD
12:05:00,Wednesday,0,BD
12:11:00,Wednesday,4,BD
12:21:00,Wednesday,4,YU
12:33:00,Wednesday,0,YU
13:06:00,Wednesday,0,YU
13:14:00,Wednesday,0,YU
13:20:00,Wednesday,0,YU
13:50:00,Wednesday,0,YU
14:57:00,Wednesday,0,BD
15:06:00,Wednesday,3,YU
15:30:00,Wednesday,5,BD
15:55:00,Wednesday,0,BD
16:06:00,Wednesday,21,YU
16:09:00,Wednesday,0,BD
16:32:00,Wednesday,5,YU
16:33:00,Wednesday,4,YU
16:43:00,Wednesday,5,YU
16:57:00,Wednesday,14,YU
17:06:00,Wednesday,0,YU
17:06:00,Wednesday,4,YU
17:24:00,Wednesday,0,BD
17:26:00,Wednesday,3,BD
17:36:00,Wednesday,0,BD
17:56:00,Wednesday,3,BD
18:13:00,Wednesday,0,BD
18:18:00,Wednesday,0,YU
18:20:00,Wednesday,0,BD
18:35:00,Wednesday,3,BD
18:50:00,Wednesday,4,BD
18:52:00,Wednesday,4,YU
19:21:00,Wednesday,4,YU
19:33:00,Wednesday,0,BD
19:45:00,Wednesday,10,YU
19:52:00,Wednesday,5,BD
19:55:00,Wednesday,0,BD
20:09:00,Wednesday,0,YU
20:09:00,Wednesday,0,BD
20:28:00,Wednesday,9,BD
20:48:00,Wednesday,0,BD
20:48:00,Wednesday,0,YU
20:55:00,Wednesday,0,YU
21:07:00,Wednesday,0,YU
21:13:00,Wednesday,0,BD
21:27:00,Wednesday,0,BD
21:58:00,Wednesday,0,BD
22:00:00,Wednesday,0,YU/BD
22:38:00,Wednesday,0,BD
22:52:00,Wednesday,0,BD
22:53:00,Wednesday,0,BD
22:58:00,Wednesday,0,YU
22:58:00,Wednesday,0,YU
23:15:00,Wednesday,0,YU
23:21:00,Wednesday,4,YU
23:59:00,Wednesday,0,YU
00:01:00,Wednesday,0,YU
00:43:00,Wednesday,0,BD
00:56:00,Wednesday,0,BD
01:39:00,Wednesday,0,BD
05:05:00,Wednesday,0,SHP
01:05:00,Wednesday,0,SHP
02:39:00,Thursday,0,YU
02:51:00,Thursday,0,YU
03:31:00,Thursday,0,BD
05:45:00,Thursday,5,BD
05:55:00,Thursday,0,BD
06:01:00,Thursday,4,YU
07:12:00,Thursday,10,BD
07:35:00,Thursday,0,BD
07:38:00,Thursday,3,BD
07:41:00,Thursday,0,BD
07:46:00,Thursday,0,YU
07:56:00,Thursday,3,BD
08:05:00,Thursday,0,BD
08:24:00,Thursday,0,BD
08:37:00,Thursday,7,YU
09:06:00,Thursday,3,BD
10:04:00,Thursday,0,YU
10:19:00,Thursday,8,YU
11:38:00,Thursday,0,YU
12:08:00,Thursday,8,YU
12:44:00,Thursday,0,BD
14:14:00,Thursday,0,BD
14:38:00,Thursday,0,BD
14:51:00,Thursday,3,BD
15:07:00,Thursday,0,YU
15:21:00,Thursday,0,YU
15:22:00,Thursday,0,BD
15:43:00,Thursday,7,BD
16:03:00,Thursday,11,BD
16:11:00,Thursday,4,BD
16:34:00,Thursday,0,BD
16:54:00,Thursday,0,YU
17:01:00,Thursday,3,YU
17:07:00,Thursday,0,BD
17:12:00,Thursday,4,YU
17:32:00,Thursday,3,YU
17:33:00,Thursday,8,YU
17:51:00,Thursday,0,BD
18:03:00,Thursday,0,BD
18:33:00,Thursday,3,BD
18:39:00,Thursday,3,YU
18:39:00,Thursday,4,YU
18:48:00,Thursday,0,YU
19:06:00,Thursday,0,YU
19:23:00,Thursday,5,BD
19:34:00,Thursday,0,BD
19:37:00,Thursday,5,BD
19:49:00,Thursday,8,BD
20:13:00,Thursday,0,YU
20:16:00,Thursday,0,BD
20:30:00,Thursday,0,BD
20:32:00,Thursday,0,YU
21:08:00,Thursday,0,BD
21:17:00,Thursday,0,BD
21:35:00,Thursday,0,YU
21:56:00,Thursday,0,YU
21:59:00,Thursday,5,YU
22:00:00,Thursday,0,YU/BD
22:11:00,Thursday,4,BD
22:47:00,Thursday,6,BD
22:52:00,Thursday,0,YU
22:57:00,Thursday,5,BD
23:12:00,Thursday,0,BD
23:13:00,Thursday,0,YU
23:14:00,Thursday,5,YU
23:26:00,Thursday,5,BD
23:29:00,Thursday,0,BD
23:29:00,Thursday,0,YU
23:30:00,Thursday,0,YU
23:46:00,Thursday,0,BD
23:48:00,Thursday,0,BD
23:49:00,Thursday,10,BD
23:59:00,Thursday,0,YU
00:00:00,Thursday,0,BD
00:07:00,Thursday,12,BD
00:08:00,Thursday,0,BD
00:25:00,Thursday,0,BD
01:00:00,Thursday,0,YU
01:13:00,Thursday,0,BD
01:24:00,Thursday,0,BD
01:33:00,Thursday,0,YU
01:40:00,Thursday,0,BD
01:45:00,Thursday,0,YU
01:49:00,Thursday,0,BD
10:05:00,Thursday,3,SHP
02:12:00,Friday,0,BD
02:50:00,Friday,0,YU
05:37:00,Friday,3,YU
05:47:00,Friday,7,BD
06:03:00,Friday,5,BD
06:13:00,Friday,3,YU
06:14:00,Friday,5,BD
06:20:00,Friday,5,BD
06:21:00,Friday,0,BD
06:25:00,Friday,5,BD
07:13:00,Friday,3,BD
07:24:00,Friday,9,BD
08:10:00,Friday,0,BD
08:14:00,Friday,0,YU
08:17:00,Friday,0,YU
08:18:00,Friday,0,BD
08:19:00,Friday,0,YU
08:45:00,Friday,4,YU
09:02:00,Friday,5,YU
09:27:00,Friday,9,YU
09:56:00,Friday,6,BD
10:03:00,Friday,3,BD
10:06:00,Friday,0,BD
10:19:00,Friday,4,YU
10:23:00,Friday,3,BD
10:54:00,Friday,0,YU
10:57:00,Friday,0,YU
11:27:00,Friday,3,BD
11:51:00,Friday,0,BD
12:20:00,Friday,0,YU
12:42:00,Friday,0,YU
13:08:00,Friday,3,YU
13:35:00,Friday,3,BD
13:40:00,Friday,0,BD
13:59:00,Friday,0,BD
14:06:00,Friday,0,BD
14:51:00,Friday,0,YU
15:03:00,Friday,0,YU
15:10:00,Friday,0,YU
15:33:00,Friday,0,YU
15:35:00,Friday,7,YU
15:45:00,Friday,3,BD
16:00:00,Friday,3,YU
16:33:00,Friday,5,YU
16:37:00,Friday,4,YU
16:42:00,Friday,9,YU
17:07:00,Friday,0,YU
17:37:00,Friday,5,YU
17:37:00,Friday,0,BD
17:46:00,Friday,0,YU
17:50:00,Friday,0,BD
18:04:00,Friday,0,BD
18:09:00,Friday,3,YU
18:15:00,Friday,4,YU
18:25:00,Friday,0,YU
19:17:00,Friday,0,BD
19:25:00,Friday,0,BD
19:30:00,Friday,0,YU
19:31:00,Friday,0,BD
19:43:00,Friday,0,BD
19:57:00,Friday,3,YU
20:00:00,Friday,40,YU
20:01:00,Friday,42,BD
20:15:00,Friday,4,BD
21:38:00,Friday,0,YU
22:00:00,Friday,0,YU/BD
22:04:00,Friday,0,BD
22:07:00,Friday,5,BD
22:07:00,Friday,0,YU
22:29:00,Friday,0,BD
22:46:00,Friday,0,YU
23:24:00,Friday,0,YU
23:52:00,Friday,0,YU
00:37:00,Friday,27,BD
00:55:00,Friday,16,YU
01:10:00,Friday,0,YU
01:10:00,Friday,0,YU
01:40:00,Friday,0,YU
01:40:00,Friday,0,BD
01:44:00,Friday,11,YU
01:54:00,Friday,0,YU
02:26:00,Saturday,0,YU
02:58:00,Saturday,0,YU
03:24:00,Saturday,0,BD
03:25:00,Saturday,0,YU
05:57:00,Saturday,5,YU
06:16:00,Saturday,7,YU
06:26:00,Saturday,3,YU
08:43:00,Saturday,0,YU
08:46:00,Saturday,0,YU
10:19:00,Saturday,0,BD
10:26:00,Saturday,7,BD
10:26:00,Saturday,7,BD
10:31:00,Saturday,5,YU
10:59:00,Saturday,0,BD
11:05:00,Saturday,0,BD
11:13:00,Saturday,0,BD
11:57:00,Saturday,8,YU
12:10:00,Saturday,0,YU
12:12:00,Saturday,0,YU
12:13:00,Saturday,12,YU
12:30:00,Saturday,0,BD
12:37:00,Saturday,4,YU
12:42:00,Saturday,0,BD
12:50:00,Saturday,0,YU
12:57:00,Saturday,0,BD
13:52:00,Saturday,0,YU
14:26:00,Saturday,5,YU
14:49:00,Saturday,0,BD
15:02:00,Saturday,0,YU
15:15:00,Saturday,0,BD
15:23:00,Saturday,0,YU
15:30:00,Saturday,4,BD
15:34:00,Saturday,0,YU
15:35:00,Saturday,0,YU
15:37:00,Saturday,0,BD
16:54:00,Saturday,0,BD
17:43:00,Saturday,0,YU
18:28:00,Saturday,15,YU
18:54:00,Saturday,0,YU
19:09:00,Saturday,0,BD
19:36:00,Saturday,11,YU
20:00:00,Saturday,0,YU
20:02:00,Saturday,0,YU
20:16:00,Saturday,0,BD
21:37:00,Saturday,0,YU
21:40:00,Saturday,0,BD
22:00:00,Saturday,0,YU/BD
23:21:00,Saturday,7,YU
23:48:00,Saturday,0,BD
23:55:00,Saturday,0,BD
00:03:00,Saturday,19,YU
00:37:00,Saturday,0,BD
00:49:00,Saturday,3,BD
01:28:00,Saturday,0,YU
01:43:00,Saturday,0,BD
11:16:00,Saturday,0,SHP
13:12:00,Saturday,0,SHP
02:35:00,Sunday,0,BD
03:42:00,Sunday,0,YU
05:33:00,Sunday,0,BD
06:31:00,Sunday,0,YU
07:39:00,Sunday,4,BD
07:42:00,Sunday,0,BD
08:02:00,Sunday,5,BD
08:03:00,Sunday,0,BD
08:06:00,Sunday,19,YU
08:19:00,Sunday,4,BD
08:21:00,Sunday,0,BD
08:26:00,Sunday,0,BD
08:29:00,Sunday,9,YU
09:05:00,Sunday,0,BD
09:16:00,Sunday,0,BD
09:50:00,Sunday,0,YU
09:59:00,Sunday,0,YU
10:36:00,Sunday,0,YU
11:04:00,Sunday,3,YU
11:48:00,Sunday,0,YU
11:51:00,Sunday,0,BD
11:52:00,Sunday,0,YU
12:09:00,Sunday,0,YU
12:16:00,Sunday,4,YU
12:39:00,Sunday,19,BD
13:09:00,Sunday,3,BD
13:10:00,Sunday,0,BD
13:13:00,Sunday,0,BD
13:13:00,Sunday,0,BD
15:07:00,Sunday,0,YU
15:58:00,Sunday,0,BD
16:10:00,Sunday,15,BD
16:37:00,Sunday,0,BD
16:54:00,Sunday,0,BD
16:54:00,Sunday,0,YU
17:01:00,Sunday,0,YU
17:03:00,Sunday,0,YU
17:05:00,Sunday,0,YU
17:05:00,Sunday,0,YU
17:06:00,Sunday,0,YU
17:07:00,Sunday,0,BD
17:07:00,Sunday,0,YU
17:08:00,Sunday,0,BD
17:08:00,Sunday,0,BD
17:16:00,Sunday,0,BD
17:20:00,Sunday,7,YU
17:59:00,Sunday,4,YU
18:25:00,Sunday,0,BD
18:29:00,Sunday,0,YU
18:34:00,Sunday,4,YU
19:49:00,Sunday,0,BD
19:56:00,Sunday,0,BD
20:12:00,Sunday,6,YU
21:53:00,Sunday,0,BD
22:00:00,Sunday,0,YU/BD
22:28:00,Sunday,4,YU
22:46:00,Sunday,0,BD
22:50:00,Sunday,3,YU
23:10:00,Sunday,5,YU
23:16:00,Sunday,0,BD
23:26:00,Sunday,3,BD
23:46:00,Sunday,40,YU
01:09:00,Sunday,5,YU
02:44:00,Monday,0,YU
04:12:00,Monday,0,BD
04:54:00,Monday,0,YU
05:10:00,Monday,0,YU
05:43:00,Monday,3,YU
05:54:00,Monday,7,BD
06:21:00,Monday,3,YU
07:36:00,Monday,0,BD
07:50:00,Monday,3,YU
07:54:00,Monday,0,BD
07:57:00,Monday,4,YU
08:31:00,Monday,0,YU
08:31:00,Monday,6,YU
08:46:00,Monday,0,BD
08:54:00,Monday,0,BD
08:55:00,Monday,0,BD
08:58:00,Monday,12,BD
09:08:00,Monday,0,YU
09:12:00,Monday,3,YU
09:23:00,Monday,0,BD
09:54:00,Monday,0,YU
10:32:00,Monday,0,YU
10:50:00,Monday,0,BD
10:53:00,Monday,0,YU
12:06:00,Monday,0,YU
12:27:00,Monday,0,BD
12:35:00,Monday,0,YU
13:16:00,Monday,3,BD
13:37:00,Monday,0,BD
13:47:00,Monday,3,YU
13:48:00,Monday,4,BD
13:53:00,Monday,3,YU
14:03:00,Monday,21,YU
14:26:00,Monday,0,YU
15:13:00,Monday,0,YU
15:37:00,Monday,4,YU
15:41:00,Monday,8,YU
15:48:00,Monday,0,YU
15:53:00,Monday,0,YU
16:34:00,Monday,0,YU
16:41:00,Monday,0,YU
16:58:00,Monday,0,BD
17:05:00,Monday,13,BD
17:15:00,Monday,4,YU
17:19:00,Monday,0,YU
17:23:00,Monday,9,BD
17:35:00,Monday,0,BD
17:45:00,Monday,0,YU
18:01:00,Monday,0,YU
18:19:00,Monday,0,YU
18:33:00,Monday,0,YU
19:07:00,Monday,5,YU
19:28:00,Monday,0,YU
19:53:00,Monday,3,YU
19:58:00,Monday,0,BD
20:12:00,Monday,0,BD
20:31:00,Monday,14,BD
20:45:00,Monday,0,YU
21:47:00,Monday,28,YU
22:00:00,Monday,0,YU/BD
22:16:00,Monday,5,YU
23:00:00,Monday,4,YU
23:02:00,Monday,3,BD
23:06:00,Monday,5,YU
23:27:00,Monday,0,BD
23:40:00,Monday,0,BD
23:47:00,Monday,0,YU
23:59:00,Monday,0,YUS
00:14:00,Monday,0,BD
00:17:00,Monday,0,BD
00:35:00,Monday,0,BD
00:48:00,Monday,0,BD
01:02:00,Monday,3,YU
01:11:00,Monday,5,BD
01:40:00,Monday,0,BD
01:46:00,Monday,0,YU
01:53:00,Monday,0,YU
03:02:00,Monday,0,SHP
03:39:00,Tuesday,0,BD
05:41:00,Tuesday,3,YU
05:46:00,Tuesday,5,YU
06:36:00,Tuesday,0,BD
06:48:00,Tuesday,4,YU
07:06:00,Tuesday,0,BD
07:32:00,Tuesday,4,YU
07:38:00,Tuesday,6,YU
07:50:00,Tuesday,8,BD
07:53:00,Tuesday,0,YU
07:56:00,Tuesday,0,YU
07:58:00,Tuesday,0,BD
08:21:00,Tuesday,29,YU
08:35:00,Tuesday,0,BD
08:45:00,Tuesday,6,YU
08:45:00,Tuesday,5,YU
09:01:00,Tuesday,137,BD
09:03:00,Tuesday,9,BD
09:20:00,Tuesday,6,YU
09:27:00,Tuesday,3,YU
09:32:00,Tuesday,0,YU
09:44:00,Tuesday,0,YU
09:50:00,Tuesday,0,BD
09:52:00,Tuesday,0,BD
09:55:00,Tuesday,4,YU
10:08:00,Tuesday,0,BD
10:09:00,Tuesday,7,YU
10:47:00,Tuesday,0,YU
11:37:00,Tuesday,0,YU
12:08:00,Tuesday,0,BD
12:25:00,Tuesday,0,YU
12:26:00,Tuesday,6,YU
12:31:00,Tuesday,0,BD
12:55:00,Tuesday,0,BD
13:17:00,Tuesday,0,BD
13:38:00,Tuesday,0,BD
13:53:00,Tuesday,9,YU
14:05:00,Tuesday,0,YU
14:42:00,Tuesday,0,YU
14:52:00,Tuesday,4,BD
14:52:00,Tuesday,0,YU
15:13:00,Tuesday,0,BD
15:18:00,Tuesday,0,BD
15:55:00,Tuesday,0,YU
16:06:00,Tuesday,0,YU
16:10:00,Tuesday,8,YU
16:16:00,Tuesday,4,YU
16:23:00,Tuesday,5,YU
16:30:00,Tuesday,5,YU
16:40:00,Tuesday,0,YU
16:46:00,Tuesday,10,YU
16:57:00,Tuesday,0,YU
17:01:00,Tuesday,0,YU
17:04:00,Tuesday,0,YU
17:06:00,Tuesday,0,BD
17:08:00,Tuesday,0,YU
17:10:00,Tuesday,0,YU
17:32:00,Tuesday,10,YU
18:05:00,Tuesday,0,YU
18:09:00,Tuesday,0,YU
18:12:00,Tuesday,0,BD
18:49:00,Tuesday,0,YU
18:59:00,Tuesday,0,BD
19:03:00,Tuesday,0,YU
19:38:00,Tuesday,5,YU
20:41:00,Tuesday,0,BD
21:07:00,Tuesday,0,YU
22:00:00,Tuesday,0,YU/BD
22:12:00,Tuesday,0,YU
23:01:00,Tuesday,0,YU
23:12:00,Tuesday,0,BD
23:16:00,Tuesday,0,BD
23:33:00,Tuesday,0,YU
00:04:00,Tuesday,0,YU
01:47:00,Tuesday,0,BD
02:16:00,Tuesday,7,SHP
13:14:00,Tuesday,0,SHP
04:42:00,Wednesday,0,YU
05:36:00,Wednesday,0,YU
05:44:00,Wednesday,3,YU
05:44:00,Wednesday,0,YU
06:21:00,Wednesday,0,BD
06:23:00,Wednesday,3,BD
07:04:00,Wednesday,0,YU
07:08:00,Wednesday,5,YU
07:22:00,Wednesday,0,BD
07:32:00,Wednesday,3,YU
07:41:00,Wednesday,0,BD
07:45:00,Wednesday,0,BD
07:55:00,Wednesday,4,YU
08:16:00,Wednesday,4,BD
08:30:00,Wednesday,0,BD
09:11:00,Wednesday,0,YU
09:46:00,Wednesday,3,BD
09:54:00,Wednesday,3,YU
10:05:00,Wednesday,0,YU
10:55:00,Wednesday,0,YU
11:09:00,Wednesday,0,BD
11:10:00,Wednesday,3,YU
11:30:00,Wednesday,0,BD
11:59:00,Wednesday,0,BD
12:07:00,Wednesday,0,YU
12:20:00,Wednesday,12,YU
13:09:00,Wednesday,0,BD
13:38:00,Wednesday,0,YU
14:15:00,Wednesday,0,YU
14:20:00,Wednesday,4,YU
14:38:00,Wednesday,6,BD
14:47:00,Wednesday,0,YU
15:02:00,Wednesday,5,YU
15:13:00,Wednesday,3,BD
15:20:00,Wednesday,13,BD
15:37:00,Wednesday,0,BD
15:41:00,Wednesday,0,YU
15:44:00,Wednesday,0,YU
15:45:00,Wednesday,0,YU
15:47:00,Wednesday,0,BD
15:48:00,Wednesday,0,BD
15:49:00,Wednesday,0,YU
15:50:00,Wednesday,0,BD
15:51:00,Wednesday,0,YU
16:31:00,Wednesday,5,BD
16:34:00,Wednesday,3,BD
16:35:00,Wednesday,0,BD
16:35:00,Wednesday,0,BD
17:17:00,Wednesday,0,YU
17:46:00,Wednesday,16,YU
17:50:00,Wednesday,0,BD
17:58:00,Wednesday,0,BD
18:22:00,Wednesday,5,YU
18:32:00,Wednesday,3,BD
18:36:00,Wednesday,0,BD
18:52:00,Wednesday,0,BD
19:30:00,Wednesday,0,YU
19:49:00,Wednesday,9,YU
20:52:00,Wednesday,15,YU
21:07:00,Wednesday,17,BD
21:31:00,Wednesday,0,YU
21:40:00,Wednesday,6,YU
22:00:00,Wednesday,0,YU/BD
23:13:00,Wednesday,0,BD
23:21:00,Wednesday,0,BD
23:34:00,Wednesday,33,BD
23:57:00,Wednesday,0,BD
23:59:00,Wednesday,0,YU
14:55:00,Wednesday,0,SHP
02:07:00,Thursday,18,YU
05:35:00,Thursday,4,YU
06:06:00,Thursday,22,BD
06:21:00,Thursday,0,YU
06:26:00,Thursday,0,BD
08:23:00,Thursday,0,BD
08:23:00,Thursday,0,BD
08:30:00,Thursday,18,YU
08:43:00,Thursday,0,YU
08:46:00,Thursday,4,YU
08:54:00,Thursday,0,YU
09:15:00,Thursday,0,YU
09:29:00,Thursday,15,BD
10:35:00,Thursday,0,YU
11:37:00,Thursday,0,BD
11:37:00,Thursday,10,YU
11:40:00,Thursday,0,YU
11:42:00,Thursday,19,BD
11:43:00,Thursday,11,YU
11:49:00,Thursday,0,YU
12:04:00,Thursday,4,BD
12:09:00,Thursday,0,YU/BD/SHP
12:38:00,Thursday,0,BD
13:03:00,Thursday,16,YU
13:57:00,Thursday,7,BD
14:10:00,Thursday,0,YU
14:11:00,Thursday,0,YU
14:38:00,Thursday,0,YU
14:51:00,Thursday,6,YU
16:03:00,Thursday,0,BD
16:09:00,Thursday,0,YU
16:10:00,Thursday,0,YU
16:12:00,Thursday,0,YU
16:12:00,Thursday,0,YU
16:13:00,Thursday,0,YU
16:18:00,Thursday,3,YU
16:32:00,Thursday,0,BD
17:05:00,Thursday,11,BD
17:17:00,Thursday,0,YU
17:19:00,Thursday,4,BD
17:21:00,Thursday,0,YU
18:45:00,Thursday,0,YU
19:20:00,Thursday,5,YU
19:32:00,Thursday,10,YU
19:38:00,Thursday,4,BD
19:40:00,Thursday,21,YU
19:55:00,Thursday,7,YU
20:01:00,Thursday,4,BD
20:05:00,Thursday,0,BD
20:06:00,Thursday,0,BD
20:12:00,Thursday,0,YU
20:17:00,Thursday,0,YU
20:56:00,Thursday,0,BD
21:13:00,Thursday,0,YU
21:19:00,Thursday,0,BD
21:30:00,Thursday,7,YU
21:37:00,Thursday,6,YU
21:44:00,Thursday,0,BD
21:48:00,Thursday,0,BD
21:59:00,Thursday,0,YU
22:00:00,Thursday,0,YUS/BD
23:25:00,Thursday,0,YU
23:31:00,Thursday,0,YU
23:43:00,Thursday,0,YU
23:59:00,Thursday,0,YU
00:30:00,Thursday,0,YU
01:19:00,Thursday,0,YU
12:48:00,Thursday,0,SHP
16:32:00,Thursday,0,SHP
03:05:00,Friday,0,BD
05:35:00,Friday,4,YU
05:53:00,Friday,5,YU
06:06:00,Friday,0,YU
06:07:00,Friday,0,BD
06:10:00,Friday,5,YU
06:44:00,Friday,3,BD
06:54:00,Friday,0,YU
07:02:00,Friday,0,BD
07:24:00,Friday,0,BD
07:25:00,Friday,0,YU
07:25:00,Friday,3,YU
07:40:00,Friday,3,BD
08:05:00,Friday,0,BD
08:12:00,Friday,0,YU
08:21:00,Friday,5,YU
08:50:00,Friday,0,YU
08:58:00,Friday,3,YU
09:10:00,Friday,0,YU
09:13:00,Friday,0,YU
09:37:00,Friday,0,BD
10:20:00,Friday,0,BD
10:33:00,Friday,3,BD
11:17:00,Friday,0,BD
12:11:00,Friday,0,BD
12:24:00,Friday,0,BD
12:28:00,Friday,0,BD
12:30:00,Friday,0,BD
12:34:00,Friday,3,BD
13:06:00,Friday,0,YU
13:10:00,Friday,0,BD
13:30:00,Friday,0,YU
13:48:00,Friday,22,BD
13:59:00,Friday,6,BD
14:07:00,Friday,0,BD
14:27:00,Friday,3,YU
14:57:00,Friday,0,YU
16:11:00,Friday,0,YU
16:15:00,Friday,0,YU
16:42:00,Friday,0,BD
16:47:00,Friday,0,BD
16:50:00,Friday,0,YU
16:50:00,Friday,0,BD
17:04:00,Friday,0,BD
17:27:00,Friday,0,YU
17:32:00,Friday,0,YU
17:56:00,Friday,0,YU
17:57:00,Friday,7,BD
18:05:00,Friday,0,YU
18:15:00,Friday,7,YU
18:20:00,Friday,10,YU
18:24:00,Friday,0,BD
18:34:00,Friday,0,BD
18:36:00,Friday,0,BD
19:03:00,Friday,0,BD
19:39:00,Friday,0,BD
19:56:00,Friday,0,BD
20:16:00,Friday,0,YU
20:29:00,Friday,0,BD
21:02:00,Friday,0,YU
21:47:00,Friday,5,YU
21:51:00,Friday,0,BD
21:56:00,Friday,5,BD
22:00:00,Friday,0,YU/BD
22:02:00,Friday,10,YU
22:12:00,Friday,0,YU
22:50:00,Friday,0,YU
23:00:00,Friday,0,BD
23:00:00,Friday,0,BD
23:12:00,Friday,0,BD
23:16:00,Friday,0,YU
23:43:00,Friday,0,BD
23:50:00,Friday,0,YU
00:30:00,Friday,3,YU
00:40:00,Friday,0,YU
00:43:00,Friday,5,BD
00:54:00,Friday,0,BD
00:55:00,Friday,6,YU
00:58:00,Friday,0,BD
01:21:00,Friday,13,YU
01:34:00,Friday,13,YU
01:36:00,Friday,3,YU
01:46:00,Friday,0,YU
05:33:00,Friday,0,SHP
03:02:00,Saturday,0,YU
03:08:00,Saturday,0,BD
03:09:00,Saturday,0,YU
03:13:00,Saturday,0,YU
03:15:00,Saturday,0,YU
03:25:00,Saturday,0,YU
04:15:00,Saturday,0,YU
04:34:00,Saturday,0,YU
05:35:00,Saturday,0,BD
05:55:00,Saturday,13,YU
06:03:00,Saturday,7,YU
06:28:00,Saturday,6,YU
06:48:00,Saturday,0,YU
06:49:00,Saturday,3,BD
07:10:00,Saturday,0,BD
07:12:00,Saturday,0,BD
07:31:00,Saturday,0,YU
07:55:00,Saturday,0,BD
08:17:00,Saturday,5,BD
08:54:00,Saturday,0,YU
09:11:00,Saturday,0,YU
09:22:00,Saturday,0,BD
09:46:00,Saturday,0,YU
11:06:00,Saturday,3,YU
11:14:00,Saturday,0,BD
11:16:00,Saturday,3,YU
11:18:00,Saturday,5,YU
11:19:00,Saturday,0,BD
11:55:00,Saturday,9,YU
12:33:00,Saturday,0,YU
12:37:00,Saturday,0,YU
12:38:00,Saturday,3,BD
12:53:00,Saturday,0,BD
13:34:00,Saturday,0,YU
13:42:00,Saturday,26,YU
13:49:00,Saturday,0,YU
13:55:00,Saturday,0,YU
14:02:00,Saturday,0,YU
14:22:00,Saturday,0,BD
14:50:00,Saturday,0,BD
15:13:00,Saturday,0,YU
15:20:00,Saturday,0,YU
15:25:00,Saturday,6,YU
15:32:00,Saturday,0,BD
15:47:00,Saturday,0,BD
16:00:00,Saturday,0,BD
16:05:00,Saturday,0,BD
16:22:00,Saturday,0,BD
16:24:00,Saturday,0,YU
16:56:00,Saturday,0,YU
17:25:00,Saturday,0,BD
17:33:00,Saturday,6,BD
17:41:00,Saturday,0,BD
18:00:00,Saturday,0,BD
18:04:00,Saturday,0,BD
18:10:00,Saturday,0,BD
18:14:00,Saturday,0,BD
18:14:00,Saturday,0,BD
18:16:00,Saturday,0,BD
18:48:00,Saturday,3,YU
18:59:00,Saturday,0,BD
19:16:00,Saturday,0,YU
20:38:00,Saturday,0,YU
20:39:00,Saturday,0,YU
20:40:00,Saturday,0,BD
20:40:00,Saturday,0,BD
20:41:00,Saturday,0,YU
21:07:00,Saturday,7,YU
21:27:00,Saturday,4,BD
21:31:00,Saturday,0,BD
21:41:00,Saturday,7,YU
22:00:00,Saturday,0,YU/BD
22:15:00,Saturday,0,YU
22:47:00,Saturday,0,YU
22:52:00,Saturday,0,YU
23:01:00,Saturday,3,BD
23:47:00,Saturday,4,YU
00:22:00,Saturday,0,BD
00:41:00,Saturday,0,YU
01:01:00,Saturday,0,BD
01:14:00,Saturday,0,YU
01:18:00,Saturday,0,YU
01:25:00,Saturday,5,YU
01:33:00,Saturday,13,YU
01:37:00,Saturday,3,BD
16:52:00,Saturday,0,SHP
00:35:00,Saturday,0,SHP
02:00:00,Sunday,0,YU
02:26:00,Sunday,0,BD
07:17:00,Sunday,0,YU
07:45:00,Sunday,0,YU
08:09:00,Sunday,5,BD
08:14:00,Sunday,4,BD
08:14:00,Sunday,24,YU
08:24:00,Sunday,12,YU
08:39:00,Sunday,6,YU
08:47:00,Sunday,22,YU
08:54:00,Sunday,0,BD
09:02:00,Sunday,5,YU
09:11:00,Sunday,0,YU
10:07:00,Sunday,3,YU
10:29:00,Sunday,3,YU
12:16:00,Sunday,0,YU
12:35:00,Sunday,0,BD
12:39:00,Sunday,3,YU
12:45:00,Sunday,12,BD
14:58:00,Sunday,0,BD
15:50:00,Sunday,20,YU
16:24:00,Sunday,0,BD
16:24:00,Sunday,0,YU
16:44:00,Sunday,56,YU
16:49:00,Sunday,0,YU
16:53:00,Sunday,0,YU
16:57:00,Sunday,8,YU
17:12:00,Sunday,0,BD
17:31:00,Sunday,0,BD
17:40:00,Sunday,0,BD
17:57:00,Sunday,0,BD
18:02:00,Sunday,12,YU
18:12:00,Sunday,3,BD
18:21:00,Sunday,0,BD
18:55:00,Sunday,0,YU
19:17:00,Sunday,0,YU
19:18:00,Sunday,0,YU
19:27:00,Sunday,0,BD
19:42:00,Sunday,0,BD
19:45:00,Sunday,6,BD
20:28:00,Sunday,3,YU
20:36:00,Sunday,0,BD
21:37:00,Sunday,5,BD
21:44:00,Sunday,3,BD
21:57:00,Sunday,0,BD
22:00:00,Sunday,0,YU/BD
22:42:00,Sunday,6,YU
22:54:00,Sunday,3,BD
23:20:00,Sunday,3,YU
23:41:00,Sunday,0,YU
00:42:00,Sunday,0,YU
01:07:00,Sunday,0,YU
01:56:00,Sunday,0,YU
01:58:00,Sunday,0,YU
08:07:00,Sunday,4,SHP
08:11:00,Sunday,0,SHP
16:55:00,Sunday,31,SHP
20:35:00,Sunday,6,SHP
01:56:00,Sunday,0,SHP
02:05:00,Monday,0,BD
02:07:00,Monday,0,YU
02:25:00,Monday,0,YU
05:18:00,Monday,0,YU
05:19:00,Monday,0,BD
05:45:00,Monday,4,BD
05:55:00,Monday,16,YU
06:00:00,Monday,10,YU
06:33:00,Monday,3,BD
07:30:00,Monday,0,YU
07:45:00,Monday,0,YU
09:01:00,Monday,0,BD
09:20:00,Monday,5,YU
09:48:00,Monday,0,BD
10:01:00,Monday,0,BD
10:10:00,Monday,0,BD
10:37:00,Monday,0,BD
10:51:00,Monday,0,YU
11:53:00,Monday,0,YU
11:55:00,Monday,4,YU
12:16:00,Monday,0,YU
12:29:00,Monday,0,YU
12:54:00,Monday,4,YU
14:00:00,Monday,5,BD
15:02:00,Monday,0,BD
15:14:00,Monday,0,BD
15:15:00,Monday,0,BD
15:28:00,Monday,3,BD
15:39:00,Monday,3,BD
15:44:00,Monday,0,YU
17:33:00,Monday,0,BD
17:35:00,Monday,0,BD
18:39:00,Monday,0,BD
19:28:00,Monday,0,BD
19:51:00,Monday,0,BD
19:56:00,Monday,0,YU
20:11:00,Monday,4,YU
20:15:00,Monday,6,YU
20:17:00,Monday,0,YU
20:20:00,Monday,0,BD
20:24:00,Monday,0,YU
20:51:00,Monday,0,BD
21:11:00,Monday,0,YU
21:30:00,Monday,0,YU
21:53:00,Monday,0,BD
22:00:00,Monday,0,YU/BD
00:12:00,Monday,0,BD
00:16:00,Monday,0,BD
00:59:00,Monday,0,BD
05:52:00,Monday,4,SHP
06:23:00,Monday,0,SHP
02:24:00,Tuesday,0,YU
04:29:00,Tuesday,0,YU
04:44:00,Tuesday,0,YU
04:47:00,Tuesday,0,YU
04:49:00,Tuesday,0,YU
05:37:00,Tuesday,0,YU
05:39:00,Tuesday,0,YU
06:10:00,Tuesday,11,YU
06:11:00,Tuesday,9,YU
06:37:00,Tuesday,0,BD
07:05:00,Tuesday,0,YU
07:11:00,Tuesday,13,YU
07:30:00,Tuesday,0,YU
07:37:00,Tuesday,0,YU
07:39:00,Tuesday,3,YU
08:01:00,Tuesday,14,YU
08:08:00,Tuesday,0,YU
08:54:00,Tuesday,3,YU
08:59:00,Tuesday,0,YU
09:03:00,Tuesday,0,BD
09:29:00,Tuesday,3,BD
09:39:00,Tuesday,0,BD
10:25:00,Tuesday,0,BD
10:27:00,Tuesday,3,YU
10:39:00,Tuesday,3,BD
10:43:00,Tuesday,0,BD
10:45:00,Tuesday,0,YU
10:48:00,Tuesday,0,BD
10:54:00,Tuesday,0,BD
10:59:00,Tuesday,3,BD
11:07:00,Tuesday,0,YU
11:07:00,Tuesday,0,BD
11:52:00,Tuesday,4,BD
11:53:00,Tuesday,0,BD
12:34:00,Tuesday,0,BD
12:40:00,Tuesday,8,YU
12:52:00,Tuesday,0,YU
12:56:00,Tuesday,0,YU
13:05:00,Tuesday,0,BD
13:11:00,Tuesday,0,YU
13:28:00,Tuesday,0,BD
13:47:00,Tuesday,0,YU
14:50:00,Tuesday,0,YU
15:04:00,Tuesday,0,YU
15:10:00,Tuesday,0,BD
15:25:00,Tuesday,0,BD
15:27:00,Tuesday,3,BD
15:31:00,Tuesday,6,BD
16:05:00,Tuesday,5,BD
16:34:00,Tuesday,0,BD
16:39:00,Tuesday,3,BD
16:56:00,Tuesday,4,YU
17:07:00,Tuesday,0,YU
17:30:00,Tuesday,0,YU
17:45:00,Tuesday,0,BD
18:01:00,Tuesday,6,BD
18:13:00,Tuesday,0,YU
18:35:00,Tuesday,4,BD
19:06:00,Tuesday,3,BD
19:08:00,Tuesday,0,BD
19:11:00,Tuesday,0,BD
19:21:00,Tuesday,0,YU
19:26:00,Tuesday,4,YU
19:28:00,Tuesday,0,BD
19:51:00,Tuesday,11,YU
20:57:00,Tuesday,0,YU
21:02:00,Tuesday,0,BD
21:44:00,Tuesday,0,BD
21:52:00,Tuesday,0,YU
22:00:00,Tuesday,0,YU/BD
22:20:00,Tuesday,0,YU
23:00:00,Tuesday,0,YU
23:17:00,Tuesday,0,YU
23:29:00,Tuesday,0,YU
23:33:00,Tuesday,0,BD
23:36:00,Tuesday,0,BD
23:37:00,Tuesday,0,YU
23:47:00,Tuesday,0,BD
23:59:00,Tuesday,0,YU
00:29:00,Tuesday,12,YU
00:57:00,Tuesday,0,YU
01:22:00,Tuesday,0,YU
01:34:00,Tuesday,12,BD
02:38:00,Tuesday,0,SHP
08:56:00,Tuesday,0,SHP
19:23:00,Tuesday,0,SHP
02:24:00,Wednesday,0,YU
02:28:00,Wednesday,0,BD
02:57:00,Wednesday,0,YU
03:21:00,Wednesday,0,BD
05:00:00,Wednesday,0,YU/BD
06:01:00,Wednesday,8,YU
06:02:00,Wednesday,3,YU
06:12:00,Wednesday,5,BD
06:21:00,Wednesday,0,BD
06:35:00,Wednesday,8,YU
06:37:00,Wednesday,6,YU
06:55:00,Wednesday,0,BD
07:16:00,Wednesday,0,BD
07:20:00,Wednesday,0,BD
08:24:00,Wednesday,3,YU
08:50:00,Wednesday,6,YU
08:51:00,Wednesday,0,YU
08:55:00,Wednesday,0,BD
09:22:00,Wednesday,4,BD
09:27:00,Wednesday,0,BD
09:29:00,Wednesday,0,BD
09:31:00,Wednesday,4,BD
09:34:00,Wednesday,0,YU
10:28:00,Wednesday,0,YU
10:41:00,Wednesday,4,BD
10:45:00,Wednesday,0,BD
11:16:00,Wednesday,0,BD
11:40:00,Wednesday,3,BD
11:43:00,Wednesday,0,BD
12:08:00,Wednesday,5,YU
12:17:00,Wednesday,0,BD
12:48:00,Wednesday,0,YU
12:51:00,Wednesday,0,BD
13:29:00,Wednesday,4,YU
13:54:00,Wednesday,5,YU
14:01:00,Wednesday,5,YU
14:14:00,Wednesday,0,YU
14:34:00,Wednesday,6,YU
14:48:00,Wednesday,0,YU
15:13:00,Wednesday,0,BD
15:16:00,Wednesday,4,YU
15:28:00,Wednesday,0,YU
15:57:00,Wednesday,0,YU
16:00:00,Wednesday,0,BD
16:09:00,Wednesday,0,BD
16:21:00,Wednesday,0,YU
16:24:00,Wednesday,0,BD
16:42:00,Wednesday,3,YU
16:44:00,Wednesday,0,YU
16:51:00,Wednesday,0,BD
17:14:00,Wednesday,2,YU
17:18:00,Wednesday,6,YU
18:28:00,Wednesday,0,BD
18:48:00,Wednesday,3,BD
19:07:00,Wednesday,0,BD
19:26:00,Wednesday,0,YU
20:01:00,Wednesday,0,BD
20:01:00,Wednesday,6,YU
20:57:00,Wednesday,8,YU
21:09:00,Wednesday,0,BD
21:58:00,Wednesday,0,YU
22:33:00,Wednesday,0,YU
23:07:00,Wednesday,0,YU
23:36:00,Wednesday,0,BD
00:26:00,Wednesday,0,YU
01:05:00,Wednesday,0,YU
13:42:00,Wednesday,6,SHP
15:57:00,Wednesday,0,SHP
04:35:00,Thursday,0,YU
05:17:00,Thursday,0,BD
06:05:00,Thursday,0,YU
06:05:00,Thursday,6,YU
06:06:00,Thursday,19,YU
06:22:00,Thursday,5,YU
07:19:00,Thursday,0,YU
07:29:00,Thursday,3,YU
07:35:00,Thursday,3,YU
07:41:00,Thursday,39,BD
08:09:00,Thursday,0,BD
08:18:00,Thursday,9,YU
08:36:00,Thursday,0,YU
08:43:00,Thursday,0,YU
08:46:00,Thursday,0,BD
08:56:00,Thursday,0,YU
09:02:00,Thursday,12,YU
09:07:00,Thursday,0,BD
09:16:00,Thursday,0,YU
09:32:00,Thursday,0,BD
09:52:00,Thursday,0,YU
10:44:00,Thursday,4,BD
10:59:00,Thursday,3,BD
11:10:00,Thursday,4,BD
11:47:00,Thursday,0,BD
12:16:00,Thursday,0,BD
12:16:00,Thursday,5,BD
12:39:00,Thursday,17,YU
13:20:00,Thursday,0,YU
14:02:00,Thursday,0,YU
14:02:00,Thursday,0,YU
14:20:00,Thursday,0,YU
14:30:00,Thursday,0,BD
14:38:00,Thursday,0,YU
14:58:00,Thursday,4,BD
15:23:00,Thursday,0,YU
15:26:00,Thursday,0,BD
15:31:00,Thursday,0,YU
15:42:00,Thursday,0,BD
15:45:00,Thursday,0,BD
15:46:00,Thursday,0,BD
16:01:00,Thursday,5,YU
16:14:00,Thursday,0,YU
16:21:00,Thursday,0,YU
16:53:00,Thursday,3,BD
17:00:00,Thursday,2,YU
17:08:00,Thursday,2,YU
17:12:00,Thursday,6,YU
17:26:00,Thursday,0,YU
17:32:00,Thursday,7,YU
17:32:00,Thursday,0,YU
17:34:00,Thursday,17,BD
17:46:00,Thursday,6,YU
18:13:00,Thursday,0,BD
18:30:00,Thursday,4,BD
18:37:00,Thursday,3,BD
18:56:00,Thursday,0,BD
19:30:00,Thursday,0,YU
19:52:00,Thursday,0,BD
19:59:00,Thursday,5,YU
21:46:00,Thursday,0,BD
22:00:00,Thursday,0,YU/BD
22:02:00,Thursday,0,YU
22:19:00,Thursday,0,BD
22:23:00,Thursday,0,YU
22:31:00,Thursday,0,YU
23:59:00,Thursday,0,YU
00:50:00,Thursday,0,BD
00:54:00,Thursday,0,BD
01:05:00,Thursday,0,BD
01:38:00,Thursday,0,BD
01:43:00,Thursday,0,YU
12:53:00,Thursday,0,SHP
14:11:00,Thursday,3,SHP
02:11:00,Friday,0,BD
03:44:00,Friday,0,YU
05:25:00,Friday,0,BD
06:01:00,Friday,11,YU
06:02:00,Friday,4,YU
06:10:00,Friday,3,BD
07:11:00,Friday,4,BD
07:28:00,Friday,0,YU
08:20:00,Friday,0,YU
08:42:00,Friday,0,BD
08:56:00,Friday,5,BD
08:58:00,Friday,0,YU
09:01:00,Friday,0,YU
09:08:00,Friday,0,YU
09:20:00,Friday,0,BD
10:23:00,Friday,0,BD
10:28:00,Friday,0,BD
10:33:00,Friday,0,BD
11:04:00,Friday,0,YU
11:43:00,Friday,0,BD
12:37:00,Friday,5,BD
13:31:00,Friday,0,YU
14:37:00,Friday,3,BD
14:38:00,Friday,0,BD
14:55:00,Friday,0,BD
15:25:00,Friday,4,YU
15:32:00,Friday,0,YU
15:37:00,Friday,17,YU
15:49:00,Friday,13,YU
16:14:00,Friday,0,BD
16:30:00,Friday,0,YU
16:35:00,Friday,0,BD
16:43:00,Friday,3,YU
16:56:00,Friday,0,BD
17:10:00,Friday,0,BD
17:35:00,Friday,0,YU
18:14:00,Friday,0,YU
18:22:00,Friday,0,BD
18:26:00,Friday,0,YU
18:30:00,Friday,0,YU
19:24:00,Friday,0,YU
19:51:00,Friday,0,BD
20:24:00,Friday,0,BD
20:46:00,Friday,6,BD
20:54:00,Friday,5,BD
21:04:00,Friday,0,YU
21:43:00,Friday,0,YU
22:00:00,Friday,0,YU/BD
22:02:00,Friday,0,YU
22:16:00,Friday,0,BD
22:51:00,Friday,0,BD
23:13:00,Friday,8,YU
23:24:00,Friday,0,YU
23:55:00,Friday,4,YU
23:59:00,Friday,0,YU
00:00:00,Friday,0,BD
00:16:00,Friday,6,BD
00:25:00,Friday,0,BD
00:27:00,Friday,0,BD
01:01:00,Friday,0,YU
02:34:00,Friday,0,SHP
03:03:00,Friday,0,SHP
20:20:00,Friday,3,SHP
02:14:00,Saturday,0,YU
02:24:00,Saturday,0,BD
02:35:00,Saturday,0,YU
05:38:00,Saturday,0,YU
05:50:00,Saturday,21,YU
05:53:00,Saturday,5,BD
05:57:00,Saturday,8,YU
05:59:00,Saturday,5,YU
06:08:00,Saturday,0,YU
06:34:00,Saturday,7,YU
06:52:00,Saturday,0,BD
07:05:00,Saturday,3,YU
08:03:00,Saturday,0,YU
08:29:00,Saturday,4,YU
08:52:00,Saturday,10,BD
08:57:00,Saturday,3,BD
08:59:00,Saturday,3,YU
08:59:00,Saturday,0,YU
09:00:00,Saturday,0,YU
09:00:00,Saturday,0,YU
09:20:00,Saturday,0,BD
10:05:00,Saturday,0,YU
10:27:00,Saturday,3,YU
11:15:00,Saturday,0,YU
11:35:00,Saturday,0,BD
11:48:00,Saturday,0,BD
11:56:00,Saturday,15,YU
12:00:00,Saturday,0,YU
12:12:00,Saturday,8,YU
12:49:00,Saturday,0,BD
13:28:00,Saturday,0,BD
13:56:00,Saturday,0,YU
14:25:00,Saturday,4,BD
14:39:00,Saturday,0,BD
14:46:00,Saturday,0,YU
15:04:00,Saturday,0,BD
15:04:00,Saturday,3,BD
15:06:00,Saturday,3,BD
16:00:00,Saturday,0,YU
16:01:00,Saturday,0,BD
17:04:00,Saturday,0,BD
17:35:00,Saturday,0,BD
17:42:00,Saturday,0,YU
17:42:00,Saturday,0,YU
17:45:00,Saturday,3,YU
18:55:00,Saturday,0,YU
19:40:00,Saturday,0,YU
20:00:00,Saturday,0,YU
20:00:00,Saturday,3,YU
20:00:00,Saturday,0,BD
20:56:00,Saturday,0,BD
21:12:00,Saturday,0,YU
21:16:00,Saturday,0,BD
21:21:00,Saturday,0,YU
21:29:00,Saturday,0,YU
21:30:00,Saturday,4,YU
21:58:00,Saturday,0,YU
22:00:00,Saturday,0,YU/BD
22:11:00,Saturday,0,YU
22:21:00,Saturday,0,YU
22:37:00,Saturday,7,YU
23:10:00,Saturday,3,YU
23:11:00,Saturday,0,YU
23:22:00,Saturday,3,YU
23:26:00,Saturday,0,BD
23:51:00,Saturday,0,YU
23:56:00,Saturday,4,YU
00:02:00,Saturday,0,BD
00:57:00,Saturday,3,YU
01:29:00,Saturday,4,YU
01:37:00,Saturday,3,YU
01:42:00,Saturday,3,BD
02:12:00,Sunday,0,BD
02:40:00,Sunday,0,YU
02:48:00,Sunday,0,BD
03:08:00,Sunday,0,BD
08:18:00,Sunday,45,YU
09:04:00,Sunday,3,YU
09:32:00,Sunday,0,BD
09:33:00,Sunday,0,BD
09:59:00,Sunday,3,YU
10:03:00,Sunday,0,BD
10:39:00,Sunday,0,YU
12:27:00,Sunday,0,BD
12:39:00,Sunday,0,YU
13:01:00,Sunday,0,YU
13:07:00,Sunday,7,YU
13:49:00,Sunday,0,BD
14:37:00,Sunday,0,YU
14:45:00,Sunday,4,YU
15:10:00,Sunday,0,BD
15:21:00,Sunday,0,YU
15:24:00,Sunday,0,BD
15:37:00,Sunday,5,YU
15:46:00,Sunday,0,BD
15:51:00,Sunday,0,BD
15:53:00,Sunday,0,BD
15:58:00,Sunday,0,YU
16:15:00,Sunday,0,BD
16:18:00,Sunday,0,YU
16:28:00,Sunday,4,YU
16:32:00,Sunday,0,YU
16:51:00,Sunday,0,YU
16:59:00,Sunday,6,YU
17:23:00,Sunday,0,YU
17:27:00,Sunday,0,BD
17:31:00,Sunday,13,BD
17:41:00,Sunday,0,YU
17:50:00,Sunday,4,YU
18:22:00,Sunday,5,YU
18:48:00,Sunday,0,BD
19:16:00,Sunday,8,BD
20:57:00,Sunday,8,YU
21:14:00,Sunday,4,YU
21:29:00,Sunday,0,YU
21:38:00,Sunday,0,YU
21:59:00,Sunday,0,BD
23:00:00,Sunday,5,YU
23:13:00,Sunday,5,YU
23:29:00,Sunday,0,YU
00:06:00,Sunday,0,BD
00:25:00,Sunday,0,BD
01:03:00,Sunday,0,YU
01:17:00,Sunday,0,YU
01:25:00,Sunday,0,YU
02:31:00,Sunday,0,SHP
04:51:00,Sunday,0,SHP
08:06:00,Sunday,0,SHP
02:07:00,Monday,0,BD
02:13:00,Monday,0,YU
02:15:00,Monday,0,BD
02:19:00,Monday,0,YU
04:29:00,Monday,0,YU
04:32:00,Monday,0,YU
04:58:00,Monday,0,BD
05:49:00,Monday,0,BD
06:00:00,Monday,4,YU
06:01:00,Monday,8,YU
06:02:00,Monday,5,YU
06:23:00,Monday,7,YU
06:32:00,Monday,0,BD
06:39:00,Monday,0,BD
07:19:00,Monday,0,YU
07:26:00,Monday,10,YU
07:43:00,Monday,4,YU
08:04:00,Monday,0,YU
08:15:00,Monday,11,YU
08:23:00,Monday,0,BD
08:34:00,Monday,0,BD
08:37:00,Monday,0,BD
08:37:00,Monday,0,YU
08:42:00,Monday,4,YU
08:43:00,Monday,0,YU
08:46:00,Monday,3,YU
08:53:00,Monday,0,BD
09:01:00,Monday,6,YU
09:02:00,Monday,0,BD
09:14:00,Monday,3,YU
09:44:00,Monday,5,YU
09:45:00,Monday,0,YU
09:46:00,Monday,0,YU
09:49:00,Monday,7,YU
10:00:00,Monday,0,YU
10:05:00,Monday,0,YU
10:23:00,Monday,0,YU
10:33:00,Monday,13,YU
10:48:00,Monday,7,BD
11:18:00,Monday,11,YU
11:42:00,Monday,0,BD
11:46:00,Monday,0,YU
12:04:00,Monday,0,YU
12:41:00,Monday,0,BD
12:49:00,Monday,0,YU
13:01:00,Monday,0,BD
13:15:00,Monday,0,BD
13:21:00,Monday,0,BD
13:30:00,Monday,5,YU
14:10:00,Monday,4,YU
14:10:00,Monday,0,YU
14:17:00,Monday,5,YU
14:17:00,Monday,0,BD
14:18:00,Monday,0,YU
14:40:00,Monday,3,YU
14:59:00,Monday,0,YU
15:00:00,Monday,0,YU
15:45:00,Monday,7,BD
15:49:00,Monday,0,YU
15:53:00,Monday,27,YU
15:58:00,Monday,3,BD
16:07:00,Monday,4,YU
16:16:00,Monday,0,YU
16:35:00,Monday,0,YU
16:56:00,Monday,3,YU
16:58:00,Monday,8,YU
17:02:00,Monday,4,YU
17:08:00,Monday,4,YU
17:19:00,Monday,0,YU
17:23:00,Monday,4,YU
17:44:00,Monday,4,YU
17:55:00,Monday,0,BD
18:07:00,Monday,6,YU
18:14:00,Monday,0,YU
18:21:00,Monday,4,BD
18:30:00,Monday,0,YU
18:42:00,Monday,0,BD
18:42:00,Monday,0,YU
18:45:00,Monday,3,BD
19:34:00,Monday,0,BD
19:47:00,Monday,0,YU
19:48:00,Monday,0,BD
20:00:00,Monday,134,BD
20:05:00,Monday,0,BD
20:24:00,Monday,0,YU
20:25:00,Monday,0,BD
21:03:00,Monday,0,BD
21:14:00,Monday,0,YU
21:24:00,Monday,0,YU
21:35:00,Monday,0,YU
21:45:00,Monday,0,YU
22:00:00,Monday,0,YU/BD
22:00:00,Monday,6,YU
22:05:00,Monday,0,YU
22:16:00,Monday,0,YU
22:27:00,Monday,4,BD
22:51:00,Monday,0,YU
23:16:00,Monday,0,YU
23:29:00,Monday,0,BD
00:39:00,Monday,0,YU
00:50:00,Monday,0,YU
00:55:00,Monday,0,BD
00:57:00,Monday,4,YU
01:27:00,Monday,6,BD
01:42:00,Monday,0,BD
14:35:00,Monday,0,SHP
15:23:00,Monday,0,SHP
02:13:00,Tuesday,0,BD
02:22:00,Tuesday,0,BD
02:51:00,Tuesday,0,BD
05:29:00,Tuesday,0,BD
05:45:00,Tuesday,0,YU
05:57:00,Tuesday,3,YU
06:01:00,Tuesday,0,BD
06:01:00,Tuesday,5,YU
06:08:00,Tuesday,6,YU
06:42:00,Tuesday,0,BD
06:43:00,Tuesday,13,YU
06:53:00,Tuesday,8,YU
07:08:00,Tuesday,0,BD
07:58:00,Tuesday,0,YU
08:11:00,Tuesday,3,BD
08:16:00,Tuesday,0,YU
08:23:00,Tuesday,4,YU
08:27:00,Tuesday,3,BD
09:07:00,Tuesday,3,BD
09:14:00,Tuesday,0,YU
09:18:00,Tuesday,10,YU
09:31:00,Tuesday,0,BD
09:38:00,Tuesday,0,YU
09:38:00,Tuesday,3,YU
09:55:00,Tuesday,0,YU
10:03:00,Tuesday,4,YU
10:36:00,Tuesday,0,BD
10:37:00,Tuesday,0,YU
10:43:00,Tuesday,0,YU
11:01:00,Tuesday,0,YU
11:39:00,Tuesday,93,BD
11:43:00,Tuesday,0,YU
12:26:00,Tuesday,4,BD
13:02:00,Tuesday,3,BD
13:27:00,Tuesday,0,BD
14:01:00,Tuesday,20,BD
14:08:00,Tuesday,0,BD
14:10:00,Tuesday,0,BD
14:28:00,Tuesday,7,YU
15:18:00,Tuesday,0,YU
15:20:00,Tuesday,0,YU
15:38:00,Tuesday,0,YU
15:54:00,Tuesday,3,BD
15:59:00,Tuesday,0,BD
16:15:00,Tuesday,6,BD
17:04:00,Tuesday,3,BD
17:33:00,Tuesday,8,BD
17:52:00,Tuesday,0,BD
18:00:00,Tuesday,0,BD
18:04:00,Tuesday,0,YU
18:14:00,Tuesday,0,BD
18:18:00,Tuesday,19,BD
18:33:00,Tuesday,3,YU
18:39:00,Tuesday,3,YU
19:25:00,Tuesday,3,BD
19:49:00,Tuesday,0,BD
19:57:00,Tuesday,0,YU
20:11:00,Tuesday,0,YU
20:16:00,Tuesday,0,BD
20:30:00,Tuesday,0,YU
20:55:00,Tuesday,0,YU
21:04:00,Tuesday,0,YU
21:28:00,Tuesday,5,YU
21:40:00,Tuesday,0,BD
21:45:00,Tuesday,5,YU
21:53:00,Tuesday,0,YU
22:00:00,Tuesday,0,YU/BD
22:32:00,Tuesday,0,YU
22:35:00,Tuesday,30,YU
23:11:00,Tuesday,14,YU
23:59:00,Tuesday,0,BD
00:10:00,Tuesday,0,YU
00:48:00,Tuesday,0,BD
01:05:00,Tuesday,5,YU
01:22:00,Tuesday,6,YU
01:53:00,Tuesday,0,BD
14:23:00,Tuesday,0,SHP
14:25:00,Tuesday,0,SHP
20:42:00,Tuesday,0,SHP
22:45:00,Tuesday,0,SHP
02:09:00,Wednesday,0,BD
05:15:00,Wednesday,0,BD
05:36:00,Wednesday,0,YU
05:44:00,Wednesday,10,YU
05:55:00,Wednesday,0,BD
06:07:00,Wednesday,0,BD
06:14:00,Wednesday,5,YU
06:29:00,Wednesday,9,YU
06:42:00,Wednesday,5,YU
06:45:00,Wednesday,0,YU
06:46:00,Wednesday,0,BD
06:50:00,Wednesday,0,YU
07:41:00,Wednesday,17,YU
07:57:00,Wednesday,0,YU
08:14:00,Wednesday,0,BD
08:19:00,Wednesday,0,BD
08:42:00,Wednesday,21,BD
08:45:00,Wednesday,9,BD
08:49:00,Wednesday,0,YU
08:55:00,Wednesday,3,BD
08:55:00,Wednesday,0,BD
09:01:00,Wednesday,0,BD
09:14:00,Wednesday,0,YU
09:14:00,Wednesday,10,YU
09:46:00,Wednesday,5,BD
09:49:00,Wednesday,0,YU
09:59:00,Wednesday,0,BD
10:17:00,Wednesday,4,YU
11:20:00,Wednesday,0,BD
11:21:00,Wednesday,4,BD
11:24:00,Wednesday,0,BD
11:27:00,Wednesday,0,BD
11:28:00,Wednesday,0,BD
11:34:00,Wednesday,3,BD
11:34:00,Wednesday,0,YU
11:51:00,Wednesday,4,BD
12:02:00,Wednesday,0,YU
12:19:00,Wednesday,6,BD
12:41:00,Wednesday,0,YU
13:08:00,Wednesday,0,BD
13:13:00,Wednesday,6,BD
13:47:00,Wednesday,0,YU
14:24:00,Wednesday,0,BD
14:24:00,Wednesday,0,YU
15:10:00,Wednesday,0,YU
15:37:00,Wednesday,0,BD
15:39:00,Wednesday,4,BD
15:48:00,Wednesday,3,BD
15:55:00,Wednesday,0,YU
16:32:00,Wednesday,0,YU
17:11:00,Wednesday,0,BD
17:28:00,Wednesday,11,YU
17:28:00,Wednesday,3,BD
17:49:00,Wednesday,8,YU
18:19:00,Wednesday,0,YU
18:34:00,Wednesday,0,YU
18:47:00,Wednesday,0,BD
18:49:00,Wednesday,19,BD
19:56:00,Wednesday,3,YU
20:57:00,Wednesday,4,YU
21:34:00,Wednesday,6,YU
21:46:00,Wednesday,0,YU
22:00:00,Wednesday,0,YU
22:45:00,Wednesday,0,BD
23:15:00,Wednesday,0,YU
23:33:00,Wednesday,0,YU
23:59:00,Wednesday,0,BD
00:07:00,Wednesday,0,BD
00:10:00,Wednesday,0,YU
00:10:00,Wednesday,0,YU
00:22:00,Wednesday,8,YU
00:22:00,Wednesday,3,BD
00:59:00,Wednesday,0,YU
01:17:00,Wednesday,0,YU
01:34:00,Wednesday,0,YU
01:42:00,Wednesday,0,BD
01:51:00,Wednesday,0,YU
08:13:00,Wednesday,0,SHP
15:24:00,Wednesday,6,SHP
15:35:00,Wednesday,4,SHP
17:44:00,Wednesday,0,SHP
18:02:00,Wednesday,3,SHP
18:15:00,Wednesday,7,SHP
02:52:00,Thursday,0,YU
05:48:00,Thursday,4,YU
05:50:00,Thursday,4,YU
05:51:00,Thursday,7,YU
06:42:00,Thursday,0,YU
06:43:00,Thursday,0,BD
06:58:00,Thursday,0,BD
07:10:00,Thursday,0,BD
07:21:00,Thursday,0,BD
07:24:00,Thursday,0,YU
07:33:00,Thursday,0,YU
07:38:00,Thursday,0,YU
07:42:00,Thursday,0,YU
07:46:00,Thursday,0,YU
07:52:00,Thursday,0,YU
07:52:00,Thursday,0,BD
08:14:00,Thursday,0,YU
08:35:00,Thursday,0,BD
08:36:00,Thursday,0,YU
08:37:00,Thursday,3,YU
09:04:00,Thursday,0,BD
09:07:00,Thursday,0,YU
09:19:00,Thursday,0,YU
09:25:00,Thursday,0,BD
10:00:00,Thursday,0,YU
10:30:00,Thursday,0,BD
10:54:00,Thursday,0,YU
11:06:00,Thursday,3,YU
11:13:00,Thursday,0,BD
11:26:00,Thursday,10,YU
11:42:00,Thursday,0,YU
11:44:00,Thursday,3,YU
11:53:00,Thursday,4,BD
12:04:00,Thursday,4,YU
12:15:00,Thursday,0,BD
12:35:00,Thursday,0,YU
12:52:00,Thursday,24,BD
13:39:00,Thursday,0,YU
14:20:00,Thursday,0,YU
14:26:00,Thursday,0,BD
15:46:00,Thursday,3,BD
15:48:00,Thursday,0,BD
15:50:00,Thursday,0,BD
15:57:00,Thursday,0,BD
16:23:00,Thursday,9,YU
16:49:00,Thursday,0,YU
16:59:00,Thursday,0,BD
17:29:00,Thursday,0,YU
18:04:00,Thursday,0,BD
18:06:00,Thursday,28,YU
18:14:00,Thursday,0,BD
18:20:00,Thursday,4,YU
18:27:00,Thursday,5,YU
18:37:00,Thursday,6,YU
18:47:00,Thursday,0,YU
18:56:00,Thursday,0,BD
19:26:00,Thursday,7,YU
19:38:00,Thursday,3,YU
19:46:00,Thursday,0,YU
19:47:00,Thursday,0,BD
19:56:00,Thursday,9,YU
20:18:00,Thursday,0,YU
20:24:00,Thursday,4,YU
20:26:00,Thursday,0,YU
20:28:00,Thursday,0,YU
20:37:00,Thursday,0,BD
20:40:00,Thursday,0,YU
20:56:00,Thursday,0,YU
21:16:00,Thursday,5,YU
21:21:00,Thursday,0,BD
21:26:00,Thursday,5,YU
22:00:00,Thursday,0,YU/BD
23:59:00,Thursday,0,BD
01:12:00,Thursday,57,BD
01:33:00,Thursday,0,BD
01:40:00,Thursday,0,BD
12:53:00,Thursday,7,SHP
17:41:00,Thursday,0,SHP
03:29:00,Friday,0,BD
05:53:00,Friday,5,YU
05:54:00,Friday,5,BD
06:00:00,Friday,0,BD
06:14:00,Friday,5,YU
06:18:00,Friday,5,YU
06:29:00,Friday,5,YU
07:01:00,Friday,0,BD
07:29:00,Friday,0,BD
07:30:00,Friday,0,BD
07:58:00,Friday,0,BD
08:15:00,Friday,4,YU
08:42:00,Friday,6,BD
08:55:00,Friday,0,YU
09:02:00,Friday,0,BD
09:09:00,Friday,0,BD
09:29:00,Friday,0,BD
09:45:00,Friday,0,BD
09:47:00,Friday,0,BD
09:47:00,Friday,0,BD
09:59:00,Friday,5,YU
10:02:00,Friday,0,YU
10:20:00,Friday,0,BD
10:26:00,Friday,0,YU
10:33:00,Friday,0,BD
10:41:00,Friday,5,YU
10:42:00,Friday,13,BD
10:50:00,Friday,0,BD
11:05:00,Friday,0,YU
11:25:00,Friday,0,BD
11:38:00,Friday,6,BD
11:53:00,Friday,0,BD
12:14:00,Friday,0,YU
13:01:00,Friday,3,YU
14:09:00,Friday,0,BD
14:29:00,Friday,0,BD
14:44:00,Friday,0,YU
15:00:00,Friday,14,BD
15:05:00,Friday,11,YU
15:08:00,Friday,6,BD
15:09:00,Friday,0,YU
15:19:00,Friday,12,BD
15:19:00,Friday,0,YU
15:22:00,Friday,0,YU
15:25:00,Friday,0,BD
15:35:00,Friday,0,YU
15:39:00,Friday,18,YU
15:47:00,Friday,0,BD
15:51:00,Friday,12,BD
16:51:00,Friday,3,YU
16:58:00,Friday,4,YU
17:07:00,Friday,4,YU
17:11:00,Friday,0,BD
17:15:00,Friday,3,YU
17:17:00,Friday,0,YU
17:26:00,Friday,0,YU
17:42:00,Friday,7,YU
17:48:00,Friday,0,YU
17:53:00,Friday,0,YU
17:56:00,Friday,0,YU
18:10:00,Friday,0,YU
19:45:00,Friday,0,BD
19:47:00,Friday,5,YU
19:58:00,Friday,4,YU
20:05:00,Friday,0,BD
20:05:00,Friday,3,YU
20:09:00,Friday,15,BD
20:37:00,Friday,0,BD
20:41:00,Friday,14,YU
21:49:00,Friday,0,BD
21:50:00,Friday,0,YU
22:00:00,Friday,0,YU/BD
22:12:00,Friday,0,YU
22:15:00,Friday,0,YU
22:16:00,Friday,0,YU
22:20:00,Friday,0,YU
23:07:00,Friday,0,BD
23:45:00,Friday,0,YU
23:59:00,Friday,0,BD
00:32:00,Friday,10,YU
00:36:00,Friday,0,BD
01:09:00,Friday,0,YU
01:12:00,Friday,5,YU
01:52:00,Friday,0,YU
19:41:00,Friday,0,SHP
05:53:00,Saturday,6,BD
05:53:00,Saturday,5,BD
06:10:00,Saturday,12,YU
06:16:00,Saturday,0,BD
07:02:00,Saturday,0,YU
07:20:00,Saturday,3,BD
08:00:00,Saturday,9,YU
09:35:00,Saturday,0,BD
09:50:00,Saturday,0,BD
10:10:00,Saturday,0,BD
10:16:00,Saturday,0,BD
10:38:00,Saturday,0,YU
11:01:00,Saturday,0,YU
11:17:00,Saturday,0,BD
11:56:00,Saturday,0,YU
11:59:00,Saturday,0,BD
12:56:00,Saturday,0,BD
13:01:00,Saturday,0,BD
13:14:00,Saturday,0,BD
13:20:00,Saturday,3,YU
13:44:00,Saturday,4,BD
13:46:00,Saturday,4,BD
14:13:00,Saturday,5,YU
14:17:00,Saturday,3,BD
14:31:00,Saturday,0,BD
14:59:00,Saturday,15,YU
15:00:00,Saturday,0,YU
15:45:00,Saturday,0,YU
15:52:00,Saturday,4,YU
16:07:00,Saturday,0,YU
17:07:00,Saturday,5,YU
17:37:00,Saturday,11,BD
17:59:00,Saturday,4,YU
18:08:00,Saturday,0,YU
18:17:00,Saturday,3,YU
18:38:00,Saturday,5,YU
19:02:00,Saturday,5,YU
19:06:00,Saturday,0,YU
19:48:00,Saturday,0,BD
19:57:00,Saturday,0,YU
20:01:00,Saturday,0,YU
20:07:00,Saturday,0,YU
20:22:00,Saturday,3,BD
20:54:00,Saturday,0,YU
21:10:00,Saturday,0,YU
21:33:00,Saturday,17,BD
21:43:00,Saturday,3,BD
21:45:00,Saturday,0,BD
21:58:00,Saturday,12,BD
22:00:00,Saturday,0,YUS/BD
22:02:00,Saturday,0,BD
22:10:00,Saturday,0,BD
22:45:00,Saturday,0,BD
22:53:00,Saturday,0,YU
23:16:00,Saturday,10,YU
23:25:00,Saturday,8,YU
23:51:00,Saturday,3,BD
00:00:00,Saturday,16,YU
01:17:00,Saturday,0,BD
01:42:00,Saturday,0,YU
17:45:00,Saturday,0,SHP
21:03:00,Saturday,0,SHP
07:12:00,Sunday,0,BD
07:56:00,Sunday,6,YU
08:04:00,Sunday,5,BD
08:08:00,Sunday,6,YU
08:09:00,Sunday,9,BD
08:20:00,Sunday,6,YU
08:42:00,Sunday,0,YU
09:09:00,Sunday,0,YU
09:26:00,Sunday,9,YU
10:04:00,Sunday,0,YU
10:40:00,Sunday,0,YU
10:50:00,Sunday,0,YU
11:09:00,Sunday,0,BD
11:27:00,Sunday,0,BD
13:13:00,Sunday,0,BD
13:34:00,Sunday,0,YU
14:21:00,Sunday,0,YU
14:21:00,Sunday,9,BD
14:31:00,Sunday,3,BD
14:37:00,Sunday,0,BD
14:49:00,Sunday,0,BD
14:54:00,Sunday,7,YU
15:02:00,Sunday,3,BD
15:09:00,Sunday,0,YU
15:11:00,Sunday,4,YU
15:51:00,Sunday,0,BD
16:10:00,Sunday,0,BD
16:27:00,Sunday,3,YU
16:38:00,Sunday,0,YU
16:40:00,Sunday,0,YU
16:41:00,Sunday,0,YU
17:04:00,Sunday,0,YU
17:09:00,Sunday,0,YU
17:11:00,Sunday,0,BD
17:13:00,Sunday,15,YU
17:48:00,Sunday,6,YU
18:10:00,Sunday,4,YU
18:10:00,Sunday,0,BD
18:31:00,Sunday,0,BD
18:48:00,Sunday,0,YU
19:09:00,Sunday,0,BD
19:40:00,Sunday,0,BD
20:49:00,Sunday,0,YU
20:58:00,Sunday,4,YU
21:11:00,Sunday,0,BD
21:34:00,Sunday,6,YU
22:00:00,Sunday,0,YU/BD
22:08:00,Sunday,0,BD
22:09:00,Sunday,0,YU
22:15:00,Sunday,0,BD
22:17:00,Sunday,4,YU
23:00:00,Sunday,0,YU
23:37:00,Sunday,0,BD
01:10:00,Sunday,3,BD
08:06:00,Sunday,4,SHP
08:13:00,Sunday,0,SHP
09:41:00,Sunday,5,SHP
02:06:00,Monday,0,BD
02:42:00,Monday,0,YU
03:40:00,Monday,0,BD
05:49:00,Monday,0,YU
05:49:00,Monday,5,YU
06:00:00,Monday,0,YU/BD
06:02:00,Monday,8,YU
06:06:00,Monday,7,YU
06:15:00,Monday,0,BD
06:36:00,Monday,0,YU
06:42:00,Monday,3,BD
07:30:00,Monday,0,YU
07:35:00,Monday,22,YU
07:59:00,Monday,0,YU
07:59:00,Monday,0,YU
08:11:00,Monday,8,YU
08:28:00,Monday,7,YU
08:31:00,Monday,0,BD
08:44:00,Monday,0,YU
08:46:00,Monday,3,YU
08:46:00,Monday,0,YU
08:47:00,Monday,0,BD
08:49:00,Monday,0,YU
09:13:00,Monday,8,BD
09:21:00,Monday,7,YU
09:32:00,Monday,0,YU
09:50:00,Monday,3,YU
10:31:00,Monday,0,BD
10:48:00,Monday,0,BD
11:00:00,Monday,0,YU
11:01:00,Monday,0,YU
11:02:00,Monday,0,YU
11:12:00,Monday,0,BD
12:00:00,Monday,4,BD
12:32:00,Monday,0,YU
13:00:00,Monday,0,BD
13:20:00,Monday,0,BD
13:26:00,Monday,4,YU
13:32:00,Monday,0,YU
13:39:00,Monday,0,BD
13:46:00,Monday,0,BD
13:49:00,Monday,0,YU
13:54:00,Monday,0,BD
14:02:00,Monday,4,BD
14:34:00,Monday,0,YU
14:34:00,Monday,14,BD
14:50:00,Monday,3,BD
15:25:00,Monday,0,YU
15:52:00,Monday,0,YU
15:56:00,Monday,12,BD
16:04:00,Monday,3,YU
16:34:00,Monday,3,BD
16:49:00,Monday,3,BD
17:01:00,Monday,0,YU
17:11:00,Monday,0,BD
17:13:00,Monday,0,BD
17:14:00,Monday,0,BD
17:15:00,Monday,11,BD
17:46:00,Monday,0,BD
18:09:00,Monday,0,YU
18:19:00,Monday,0,BD
18:31:00,Monday,0,BD
18:40:00,Monday,19,BD
19:21:00,Monday,0,BD
19:21:00,Monday,0,YU
20:27:00,Monday,0,YU
20:57:00,Monday,43,BD
21:16:00,Monday,0,YU
21:33:00,Monday,0,YU
21:34:00,Monday,0,YU
21:51:00,Monday,0,YU
21:51:00,Monday,3,BD
21:59:00,Monday,0,BD
22:00:00,Monday,0,YU/BD
22:22:00,Monday,0,YU
22:40:00,Monday,0,BD
23:37:00,Monday,14,YU
23:42:00,Monday,0,BD
00:37:00,Monday,0,YU
00:42:00,Monday,5,YU
00:42:00,Monday,0,YU
01:03:00,Monday,0,YU
01:55:00,Monday,0,BD
06:00:00,Monday,0,SHP
02:16:00,Tuesday,0,YU
02:24:00,Tuesday,0,YU
04:57:00,Tuesday,0,YU
05:27:00,Tuesday,0,BD
05:27:00,Tuesday,0,BD
05:58:00,Tuesday,0,BD
06:14:00,Tuesday,0,BD
06:53:00,Tuesday,0,BD
06:55:00,Tuesday,9,YU
07:00:00,Tuesday,5,BD
07:41:00,Tuesday,0,BD
08:24:00,Tuesday,6,BD
08:41:00,Tuesday,0,BD
08:44:00,Tuesday,3,BD
08:52:00,Tuesday,13,YU
08:54:00,Tuesday,0,BD
09:00:00,Tuesday,4,YU
09:23:00,Tuesday,0,BD
09:39:00,Tuesday,5,YU
09:44:00,Tuesday,0,BD
09:52:00,Tuesday,6,YU
09:58:00,Tuesday,0,BD
10:09:00,Tuesday,3,YU
10:40:00,Tuesday,0,BD
10:41:00,Tuesday,8,BD
10:44:00,Tuesday,0,YU
11:17:00,Tuesday,0,YU
11:21:00,Tuesday,11,BD
11:29:00,Tuesday,0,BD
11:43:00,Tuesday,0,BD
11:50:00,Tuesday,0,BD
11:58:00,Tuesday,4,BD
12:18:00,Tuesday,16,BD
12:29:00,Tuesday,3,YU
12:34:00,Tuesday,0,YU
12:37:00,Tuesday,4,BD
12:40:00,Tuesday,0,YU
12:55:00,Tuesday,4,YU
14:07:00,Tuesday,4,YU
14:22:00,Tuesday,0,YU
14:22:00,Tuesday,5,YU
15:53:00,Tuesday,0,YU
15:56:00,Tuesday,0,BD
16:00:00,Tuesday,6,YU
16:10:00,Tuesday,0,YU
16:24:00,Tuesday,0,BD
17:18:00,Tuesday,0,YU
17:26:00,Tuesday,126,YU
17:40:00,Tuesday,0,YU
17:42:00,Tuesday,0,BD
17:51:00,Tuesday,0,YU
17:58:00,Tuesday,0,YU
18:05:00,Tuesday,6,BD
18:09:00,Tuesday,0,BD
18:56:00,Tuesday,0,YU
19:34:00,Tuesday,0,YU
19:40:00,Tuesday,0,BD
19:46:00,Tuesday,0,YU
19:50:00,Tuesday,0,YU
19:59:00,Tuesday,5,YU
21:24:00,Tuesday,0,YU
21:48:00,Tuesday,0,YU
22:00:00,Tuesday,0,YU/BD
22:04:00,Tuesday,13,YU
22:52:00,Tuesday,3,BD
23:00:00,Tuesday,0,YU
23:00:00,Tuesday,0,YU
23:34:00,Tuesday,3,BD
23:36:00,Tuesday,10,YU
23:40:00,Tuesday,0,BD
00:02:00,Tuesday,0,BD
00:02:00,Tuesday,76,YU
00:08:00,Tuesday,0,YU
00:17:00,Tuesday,0,BD
00:20:00,Tuesday,5,YU
01:37:00,Tuesday,8,BD
01:52:00,Tuesday,0,YU
09:54:00,Tuesday,4,SHP
13:43:00,Tuesday,0,SHP
13:43:00,Tuesday,0,SHP
19:48:00,Tuesday,0,SHP
02:11:00,Wednesday,0,YU
05:24:00,Wednesday,0,BD
05:27:00,Wednesday,0,BD
05:51:00,Wednesday,5,BD
05:58:00,Wednesday,0,YU
06:01:00,Wednesday,0,BD
06:04:00,Wednesday,5,YU
06:10:00,Wednesday,0,BD
06:15:00,Wednesday,0,BD
06:17:00,Wednesday,0,YU
06:44:00,Wednesday,0,BD
06:53:00,Wednesday,11,BD
06:55:00,Wednesday,0,BD
07:05:00,Wednesday,0,YU
07:26:00,Wednesday,5,YU
08:30:00,Wednesday,3,YU
08:32:00,Wednesday,0,BD
08:41:00,Wednesday,0,YU
08:42:00,Wednesday,0,YU
08:52:00,Wednesday,0,YU
09:16:00,Wednesday,0,YU
10:21:00,Wednesday,0,BD
10:40:00,Wednesday,0,YU
10:57:00,Wednesday,4,BD
10:58:00,Wednesday,0,YU
11:49:00,Wednesday,0,BD
12:03:00,Wednesday,0,YU
12:46:00,Wednesday,0,YU
13:14:00,Wednesday,3,BD
13:21:00,Wednesday,0,YU
14:37:00,Wednesday,5,BD
15:10:00,Wednesday,5,BD
15:14:00,Wednesday,0,YU
15:22:00,Wednesday,3,YU
15:40:00,Wednesday,19,BD
16:17:00,Wednesday,0,YU
16:41:00,Wednesday,5,BD
17:36:00,Wednesday,0,BD
17:36:00,Wednesday,0,BD
17:47:00,Wednesday,3,YU
17:47:00,Wednesday,10,YU
17:53:00,Wednesday,8,BD
18:23:00,Wednesday,9,YU
18:24:00,Wednesday,4,YU
18:49:00,Wednesday,6,BD
19:12:00,Wednesday,3,BD
19:18:00,Wednesday,0,BD
19:23:00,Wednesday,0,YU
19:34:00,Wednesday,38,YU
19:34:00,Wednesday,6,BD
19:42:00,Wednesday,3,YU
19:49:00,Wednesday,0,YU
19:56:00,Wednesday,3,BD
20:09:00,Wednesday,0,BD
20:14:00,Wednesday,3,YU
20:15:00,Wednesday,20,BD
20:23:00,Wednesday,0,YU
20:39:00,Wednesday,0,YU
21:17:00,Wednesday,10,BD
21:17:00,Wednesday,0,BD
21:19:00,Wednesday,0,YU
21:50:00,Wednesday,0,BD
21:58:00,Wednesday,4,YU
22:00:00,Wednesday,0,YU/BD
22:30:00,Wednesday,0,YU
22:47:00,Wednesday,0,YU
23:00:00,Wednesday,0,YU
23:00:00,Wednesday,0,YU
23:18:00,Wednesday,0,BD
23:26:00,Wednesday,0,BD
00:02:00,Wednesday,7,YU
00:14:00,Wednesday,0,BD
01:02:00,Wednesday,0,BD
01:12:00,Wednesday,0,BD
01:42:00,Wednesday,0,BD
01:44:00,Wednesday,0,YU
13:25:00,Wednesday,3,SHP
18:07:00,Wednesday,0,SHP
20:58:00,Wednesday,0,SHP
03:10:00,Thursday,0,YU
05:04:00,Thursday,0,YU
05:36:00,Thursday,0,BD
05:40:00,Thursday,5,BD
05:40:00,Thursday,0,BD
05:40:00,Thursday,0,YU
05:52:00,Thursday,0,BD
05:54:00,Thursday,0,BD
05:54:00,Thursday,4,BD
06:02:00,Thursday,4,BD
06:07:00,Thursday,0,BD
06:14:00,Thursday,0,BD
06:17:00,Thursday,109,BD
07:18:00,Thursday,0,BD
07:31:00,Thursday,12,YU
07:44:00,Thursday,5,YU
07:48:00,Thursday,3,YU
08:13:00,Thursday,3,YU
08:16:00,Thursday,0,YU
08:22:00,Thursday,4,YU
08:22:00,Thursday,0,YU
08:35:00,Thursday,0,YU
08:38:00,Thursday,9,BD
08:47:00,Thursday,3,BD
08:53:00,Thursday,0,YU
09:00:00,Thursday,0,BD
09:05:00,Thursday,0,BD
09:11:00,Thursday,0,YU
09:16:00,Thursday,4,YU
09:45:00,Thursday,0,BD
09:48:00,Thursday,0,BD
09:58:00,Thursday,0,BD
10:10:00,Thursday,0,BD
10:17:00,Thursday,3,YU
10:30:00,Thursday,0,BD
10:31:00,Thursday,0,YU
10:48:00,Thursday,0,BD
11:05:00,Thursday,5,YU
11:45:00,Thursday,0,BD
12:43:00,Thursday,0,YU
12:47:00,Thursday,0,YU
13:04:00,Thursday,8,YU
13:05:00,Thursday,11,BD
13:23:00,Thursday,5,YU
13:37:00,Thursday,0,YU
13:59:00,Thursday,0,YU
14:05:00,Thursday,0,BD
15:19:00,Thursday,0,BD
15:42:00,Thursday,0,BD
15:45:00,Thursday,0,BD
15:56:00,Thursday,0,YU
16:37:00,Thursday,10,YU
16:57:00,Thursday,0,BD
17:02:00,Thursday,3,BD
17:05:00,Thursday,0,BD
17:23:00,Thursday,0,YU
18:03:00,Thursday,0,YU
18:22:00,Thursday,4,YU
18:53:00,Thursday,5,YU
19:02:00,Thursday,5,YU
19:44:00,Thursday,4,BD
20:20:00,Thursday,0,BD
21:12:00,Thursday,0,BD
22:00:00,Thursday,0,YU/BD
22:14:00,Thursday,0,YU
22:40:00,Thursday,0,BD
22:51:00,Thursday,11,YU
23:00:00,Thursday,0,YU
23:00:00,Thursday,0,YU
23:09:00,Thursday,0,YU
23:24:00,Thursday,0,BD
23:29:00,Thursday,0,YU
23:58:00,Thursday,5,YU
00:13:00,Thursday,0,YU
00:51:00,Thursday,0,BD
13:53:00,Thursday,0,SHP
14:33:00,Thursday,0,SHP
05:21:00,Friday,0,BD
05:46:00,Friday,7,YU
05:46:00,Friday,0,BD
06:09:00,Friday,9,BD
06:24:00,Friday,0,BD
06:27:00,Friday,0,YU
06:53:00,Friday,0,BD
06:58:00,Friday,5,BD
06:58:00,Friday,4,BD
07:09:00,Friday,0,BD
07:26:00,Friday,21,YU
07:58:00,Friday,4,YU
08:16:00,Friday,0,BD
09:11:00,Friday,0,YU
09:22:00,Friday,3,BD
09:47:00,Friday,0,BD
10:16:00,Friday,0,YU
10:20:00,Friday,8,YU
10:32:00,Friday,6,YU
10:38:00,Friday,6,YU
10:50:00,Friday,7,BD
10:57:00,Friday,6,YU
11:01:00,Friday,7,BD
11:05:00,Friday,0,YU
11:55:00,Friday,5,BD
12:04:00,Friday,0,BD
12:23:00,Friday,0,BD
12:51:00,Friday,0,YU
12:52:00,Friday,0,BD
13:31:00,Friday,4,YU
13:34:00,Friday,0,YU
13:55:00,Friday,4,BD
14:02:00,Friday,0,YU
14:17:00,Friday,0,YU
16:10:00,Friday,0,BD
16:14:00,Friday,0,BD
16:33:00,Friday,0,YU
16:35:00,Friday,0,YU
16:37:00,Friday,0,BD
16:38:00,Friday,0,YU
16:39:00,Friday,0,BD
16:40:00,Friday,0,YU
16:54:00,Friday,0,BD
17:21:00,Friday,3,BD
17:27:00,Friday,0,YU
18:01:00,Friday,0,BD
19:40:00,Friday,0,BD
19:45:00,Friday,0,BD
20:23:00,Friday,0,YU
20:29:00,Friday,69,BD
20:36:00,Friday,0,BD
20:38:00,Friday,0,BD
20:40:00,Friday,4,BD
21:30:00,Friday,0,BD
21:55:00,Friday,0,YU
22:00:00,Friday,0,YUS/BD
22:01:00,Friday,0,BD
23:00:00,Friday,0,YU
23:47:00,Friday,0,YU
00:02:00,Friday,0,YU
00:11:00,Friday,0,BD
00:26:00,Friday,5,YU
00:59:00,Friday,0,YU
01:02:00,Friday,23,BD
01:04:00,Friday,39,YU
01:18:00,Friday,0,YU
01:31:00,Friday,5,YU
01:42:00,Friday,0,YU
15:20:00,Friday,0,SHP
05:48:00,Saturday,0,BD
05:49:00,Saturday,0,YU
05:49:00,Saturday,0,BD
05:59:00,Saturday,5,BD
07:41:00,Saturday,0,BD
08:49:00,Saturday,0,YU
09:24:00,Saturday,0,BD
10:30:00,Saturday,0,BD
11:14:00,Saturday,3,BD
11:39:00,Saturday,7,YU
12:05:00,Saturday,0,BD
12:12:00,Saturday,0,BD
13:53:00,Saturday,0,BD
13:53:00,Saturday,4,BD
14:07:00,Saturday,0,BD
14:08:00,Saturday,0,BD
14:24:00,Saturday,0,BD
16:47:00,Saturday,4,YU
17:12:00,Saturday,0,YU
17:14:00,Saturday,0,BD
17:15:00,Saturday,0,BD
17:41:00,Saturday,0,YU
17:43:00,Saturday,0,YU
17:56:00,Saturday,0,YU
17:59:00,Saturday,6,YU
18:00:00,Saturday,0,BD
18:21:00,Saturday,0,BD
18:29:00,Saturday,0,BD
18:46:00,Saturday,0,BD
18:47:00,Saturday,5,BD
19:05:00,Saturday,0,BD
19:08:00,Saturday,0,BD
19:19:00,Saturday,3,BD
19:37:00,Saturday,0,BD
19:53:00,Saturday,16,YU
20:03:00,Saturday,6,YU
20:05:00,Saturday,0,BD
20:19:00,Saturday,0,YU
20:25:00,Saturday,0,YU
20:46:00,Saturday,0,BD
20:58:00,Saturday,0,BD
21:28:00,Saturday,0,YU
21:38:00,Saturday,0,YU
21:46:00,Saturday,0,BD
22:00:00,Saturday,0,YU/BD
22:26:00,Saturday,4,BD
22:44:00,Saturday,0,BD
22:52:00,Saturday,0,YU
23:24:00,Saturday,0,BD
23:34:00,Saturday,0,YU
23:34:00,Saturday,0,BD
23:45:00,Saturday,0,BD
23:47:00,Saturday,0,BD
23:51:00,Saturday,12,BD
00:13:00,Saturday,0,YU
00:30:00,Saturday,0,BD
01:47:00,Saturday,0,YU
01:57:00,Saturday,0,BD
01:59:00,Saturday,0,BD
02:03:00,Saturday,0,SHP
20:03:00,Saturday,0,SHP
20:29:00,Saturday,0,SHP
02:07:00,Sunday,0,BD
02:17:00,Sunday,0,YU
02:39:00,Sunday,0,BD
07:22:00,Sunday,0,BD
07:41:00,Sunday,4,BD
08:00:00,Sunday,0,BD
08:00:00,Sunday,0,BD
08:04:00,Sunday,0,BD
08:14:00,Sunday,10,BD
08:22:00,Sunday,15,YU
08:22:00,Sunday,4,YU
08:24:00,Sunday,0,YU
08:31:00,Sunday,9,YU
08:42:00,Sunday,0,BD
09:08:00,Sunday,0,BD
09:39:00,Sunday,0,BD
09:52:00,Sunday,0,YU
09:55:00,Sunday,5,YU
10:44:00,Sunday,4,YU
10:46:00,Sunday,4,YU
11:00:00,Sunday,0,BD
11:24:00,Sunday,4,YU
14:26:00,Sunday,0,YU
15:09:00,Sunday,5,BD
15:50:00,Sunday,0,BD
15:51:00,Sunday,0,BD
16:00:00,Sunday,3,YU
16:02:00,Sunday,0,YU
16:26:00,Sunday,0,YU
16:53:00,Sunday,4,YU
17:00:00,Sunday,0,YU
17:16:00,Sunday,0,BD
17:29:00,Sunday,0,YU
18:06:00,Sunday,5,BD
18:21:00,Sunday,0,YU
18:43:00,Sunday,6,YU
18:58:00,Sunday,0,YU
19:48:00,Sunday,0,BD
20:19:00,Sunday,0,BD
20:19:00,Sunday,0,YU
20:24:00,Sunday,4,BD
21:05:00,Sunday,0,YU
21:13:00,Sunday,3,YU
22:00:00,Sunday,0,YU/BD
22:26:00,Sunday,0,YU
22:42:00,Sunday,0,YU
23:01:00,Sunday,0,YU
23:08:00,Sunday,0,BD
00:06:00,Sunday,0,BD
00:59:00,Sunday,7,YU
01:36:00,Sunday,0,YU
01:40:00,Sunday,0,YU
02:02:00,Monday,0,YU
05:28:00,Monday,0,BD
05:38:00,Monday,7,YU
06:11:00,Monday,13,YU
06:15:00,Monday,0,BD
06:24:00,Monday,9,YU
06:24:00,Monday,3,YU
06:25:00,Monday,4,YU
06:53:00,Monday,0,YU
06:57:00,Monday,0,BD
06:57:00,Monday,3,YU
07:17:00,Monday,0,BD
07:40:00,Monday,0,YU
07:42:00,Monday,3,YU
07:49:00,Monday,3,BD
07:50:00,Monday,0,BD
07:51:00,Monday,0,YU
07:53:00,Monday,4,BD
07:57:00,Monday,0,YU
08:04:00,Monday,0,YU
08:07:00,Monday,3,BD
08:13:00,Monday,3,BD
08:31:00,Monday,0,BD
08:37:00,Monday,0,YU
08:42:00,Monday,0,YU
08:54:00,Monday,0,YU
08:55:00,Monday,0,BD
08:58:00,Monday,0,YU
09:46:00,Monday,0,YU
10:03:00,Monday,0,BD
10:06:00,Monday,4,YU
10:11:00,Monday,0,YU
10:17:00,Monday,0,BD
11:39:00,Monday,0,BD
11:46:00,Monday,4,BD
12:10:00,Monday,5,YU
12:12:00,Monday,0,BD
12:44:00,Monday,0,YU
13:07:00,Monday,6,BD
13:09:00,Monday,3,YU
13:16:00,Monday,4,BD
13:29:00,Monday,13,YU
13:53:00,Monday,0,BD
14:03:00,Monday,0,BD
15:10:00,Monday,6,BD
16:29:00,Monday,3,YU
16:43:00,Monday,8,YU
17:00:00,Monday,0,YU
17:07:00,Monday,0,YU
17:08:00,Monday,0,BD
17:16:00,Monday,0,YU
17:51:00,Monday,7,YU
18:05:00,Monday,3,YU
18:34:00,Monday,0,YU
18:42:00,Monday,0,BD
19:05:00,Monday,5,YU
19:36:00,Monday,0,YU
19:54:00,Monday,7,BD
20:08:00,Monday,11,YU
20:25:00,Monday,17,BD
21:04:00,Monday,0,BD
21:31:00,Monday,0,YU
21:31:00,Monday,0,BD
21:35:00,Monday,0,BD
21:46:00,Monday,0,YU
21:48:00,Monday,0,BD
22:00:00,Monday,0,YU/BD
22:00:00,Monday,0,BD
22:08:00,Monday,0,YU
22:15:00,Monday,3,BD
22:42:00,Monday,14,YU
22:42:00,Monday,0,BD
23:00:00,Monday,0,YU
23:00:00,Monday,0,BD
23:04:00,Monday,0,BD
23:11:00,Monday,0,YU
23:37:00,Monday,5,YU
23:46:00,Monday,0,YU
01:37:00,Monday,0,BD
01:48:00,Monday,0,BD
01:50:00,Monday,0,YU
02:21:00,Tuesday,0,YU
05:19:00,Tuesday,0,BD
05:19:00,Tuesday,0,BD
05:38:00,Tuesday,4,YU
05:40:00,Tuesday,0,BD
05:55:00,Tuesday,5,BD
06:28:00,Tuesday,9,YU
07:10:00,Tuesday,4,BD
07:27:00,Tuesday,0,BD
07:32:00,Tuesday,5,YU
07:39:00,Tuesday,4,YU
08:14:00,Tuesday,4,YU
08:31:00,Tuesday,4,YU
08:42:00,Tuesday,3,BD
08:56:00,Tuesday,3,BD
09:11:00,Tuesday,5,YU
10:17:00,Tuesday,0,YU
10:20:00,Tuesday,0,YU
10:23:00,Tuesday,0,YU
10:23:00,Tuesday,4,BD
10:35:00,Tuesday,10,BD
10:40:00,Tuesday,0,YU
10:49:00,Tuesday,4,BD
10:52:00,Tuesday,0,BD
10:55:00,Tuesday,0,YU
12:06:00,Tuesday,6,YU
12:11:00,Tuesday,0,BD
12:14:00,Tuesday,0,BD
12:16:00,Tuesday,0,YU
12:35:00,Tuesday,13,YU
12:40:00,Tuesday,0,YU
13:37:00,Tuesday,7,YU
13:45:00,Tuesday,38,YU
13:53:00,Tuesday,0,YU
13:55:00,Tuesday,0,BD
13:59:00,Tuesday,3,YU
14:39:00,Tuesday,0,YU
14:50:00,Tuesday,0,YU
14:53:00,Tuesday,0,BD
15:01:00,Tuesday,4,YU
15:06:00,Tuesday,0,YU
15:14:00,Tuesday,27,YU
15:28:00,Tuesday,0,YU
16:08:00,Tuesday,11,YU
16:16:00,Tuesday,0,YU
16:44:00,Tuesday,3,BD
16:51:00,Tuesday,0,YU
16:57:00,Tuesday,0,BD
17:42:00,Tuesday,4,YU
17:52:00,Tuesday,0,YU
18:15:00,Tuesday,0,YU
18:33:00,Tuesday,0,YU
19:04:00,Tuesday,0,YU
19:07:00,Tuesday,3,BD
19:20:00,Tuesday,0,BD
19:37:00,Tuesday,0,YU
19:41:00,Tuesday,0,BD
19:51:00,Tuesday,0,YU
20:19:00,Tuesday,0,YU
20:46:00,Tuesday,0,BD
21:14:00,Tuesday,4,BD
21:15:00,Tuesday,0,YU
21:41:00,Tuesday,0,YU
21:48:00,Tuesday,0,YU
22:00:00,Tuesday,0,YU/BD
22:08:00,Tuesday,0,YU
22:15:00,Tuesday,0,BD
22:21:00,Tuesday,0,YU
22:30:00,Tuesday,0,BD
22:48:00,Tuesday,0,YU
22:54:00,Tuesday,0,YU
23:00:00,Tuesday,0,BD
23:00:00,Tuesday,0,YU
23:00:00,Tuesday,0,YU
23:10:00,Tuesday,0,YU
23:16:00,Tuesday,0,YU
23:31:00,Tuesday,0,YU
23:31:00,Tuesday,0,YU
23:45:00,Tuesday,5,BD
00:29:00,Tuesday,0,YU
01:04:00,Tuesday,3,YU
01:12:00,Tuesday,0,YU
01:20:00,Tuesday,0,BD
01:59:00,Tuesday,0,YU
10:17:00,Tuesday,0,SHP
20:40:00,Tuesday,0,SHP
23:22:00,Tuesday,0,SHP
01:19:00,Tuesday,0,SHP
02:20:00,Wednesday,0,BD
02:26:00,Wednesday,0,YU
02:41:00,Wednesday,0,YU
05:06:00,Wednesday,0,YU
05:14:00,Wednesday,0,BD
05:46:00,Wednesday,4,YU
05:49:00,Wednesday,0,BD
05:49:00,Wednesday,0,YU
06:07:00,Wednesday,0,BD
06:11:00,Wednesday,4,YU
06:17:00,Wednesday,0,YU
06:20:00,Wednesday,0,BD
06:36:00,Wednesday,4,YU
07:07:00,Wednesday,0,YU
07:34:00,Wednesday,4,BD
07:35:00,Wednesday,0,YU
08:31:00,Wednesday,0,YU
08:45:00,Wednesday,0,BD
09:00:00,Wednesday,0,YU
09:29:00,Wednesday,0,YU
09:37:00,Wednesday,3,YU
09:39:00,Wednesday,0,BD
09:42:00,Wednesday,0,BD
10:35:00,Wednesday,0,BD
11:18:00,Wednesday,3,YU
11:36:00,Wednesday,4,BD
12:13:00,Wednesday,0,YU
13:19:00,Wednesday,6,YU
13:41:00,Wednesday,0,YU
14:12:00,Wednesday,5,YU
14:37:00,Wednesday,4,YU
15:02:00,Wednesday,0,YU
16:13:00,Wednesday,0,BD
17:00:00,Wednesday,0,BD
17:02:00,Wednesday,0,YU
18:03:00,Wednesday,0,YU
18:25:00,Wednesday,14,YU
18:35:00,Wednesday,3,BD
18:40:00,Wednesday,0,BD
18:43:00,Wednesday,5,BD
18:52:00,Wednesday,13,YU
18:59:00,Wednesday,3,YU
19:16:00,Wednesday,9,BD
19:19:00,Wednesday,6,YU
20:08:00,Wednesday,0,BD
20:12:00,Wednesday,0,YU
20:21:00,Wednesday,4,BD
20:32:00,Wednesday,5,YU
20:34:00,Wednesday,5,YU
20:46:00,Wednesday,0,YU
20:51:00,Wednesday,0,YU
20:54:00,Wednesday,0,BD
20:55:00,Wednesday,4,YU
21:05:00,Wednesday,0,BD
21:30:00,Wednesday,0,YU
21:48:00,Wednesday,0,BD
22:00:00,Wednesday,0,YU/BD
22:15:00,Wednesday,0,YU
22:15:00,Wednesday,5,BD
22:15:00,Wednesday,3,YU
22:46:00,Wednesday,5,BD
23:00:00,Wednesday,0,BD
23:00:00,Wednesday,0,YU
23:00:00,Wednesday,0,BD
23:24:00,Wednesday,25,BD
23:27:00,Wednesday,0,BD
23:42:00,Wednesday,0,YU
23:45:00,Wednesday,0,BD
00:06:00,Wednesday,0,YU
00:19:00,Wednesday,0,BD
00:43:00,Wednesday,0,YU
00:50:00,Wednesday,9,BD
00:55:00,Wednesday,0,BD
01:09:00,Wednesday,0,BD
01:13:00,Wednesday,0,YU
01:51:00,Wednesday,9,YU
01:53:00,Wednesday,0,YU
01:58:00,Wednesday,0,BD
18:14:00,Wednesday,0,SHP
04:55:00,Thursday,0,YU
05:48:00,Thursday,28,BD
05:50:00,Thursday,0,BD
06:21:00,Thursday,3,YU
06:38:00,Thursday,6,YU
07:43:00,Thursday,0,BD
07:55:00,Thursday,0,YU
07:59:00,Thursday,0,YU
08:26:00,Thursday,4,YU
08:48:00,Thursday,2,YU
09:17:00,Thursday,5,BD
09:19:00,Thursday,3,YU
09:21:00,Thursday,0,YU
09:34:00,Thursday,4,YU
09:35:00,Thursday,0,BD
10:03:00,Thursday,0,BD
10:04:00,Thursday,3,BD
10:16:00,Thursday,0,BD
10:17:00,Thursday,0,YU
10:25:00,Thursday,0,YU
10:30:00,Thursday,0,BD
10:34:00,Thursday,0,BD
11:53:00,Thursday,6,YU
12:01:00,Thursday,5,BD
12:01:00,Thursday,0,YU
12:01:00,Thursday,0,BD
12:52:00,Thursday,0,YU
13:24:00,Thursday,15,BD
13:25:00,Thursday,0,YU
14:21:00,Thursday,0,YU
15:43:00,Thursday,0,BD
16:08:00,Thursday,0,BD
16:24:00,Thursday,3,YU
16:59:00,Thursday,0,YU
17:00:00,Thursday,3,BD
17:00:00,Thursday,0,YU
17:00:00,Thursday,0,BD
17:24:00,Thursday,0,YU
17:50:00,Thursday,0,YU
17:56:00,Thursday,3,YU
18:31:00,Thursday,3,BD
18:41:00,Thursday,6,YU
18:55:00,Thursday,10,YU
19:03:00,Thursday,0,YU
19:05:00,Thursday,0,BD
19:09:00,Thursday,0,BD
19:13:00,Thursday,3,YU
19:15:00,Thursday,0,YU
19:54:00,Thursday,0,YU
20:16:00,Thursday,4,BD
21:10:00,Thursday,6,BD
21:44:00,Thursday,0,BD
21:48:00,Thursday,0,YU
22:00:00,Thursday,0,YU/BD
22:07:00,Thursday,0,BD
22:58:00,Thursday,3,YU
23:00:00,Thursday,0,YU
23:00:00,Thursday,0,BD
23:09:00,Thursday,0,BD
23:29:00,Thursday,0,BD
23:33:00,Thursday,0,BD
00:05:00,Thursday,5,BD
00:18:00,Thursday,0,BD
00:31:00,Thursday,0,YU
01:31:00,Thursday,5,YU
01:35:00,Thursday,0,YU
01:58:00,Thursday,0,YU
19:47:00,Thursday,3,SHP
23:32:00,Thursday,0,SHP
06:00:00,Friday,0,YU/BD
06:05:00,Friday,0,YU
06:12:00,Friday,3,YU
06:41:00,Friday,6,BD
07:10:00,Friday,0,BD
07:46:00,Friday,0,YU
08:19:00,Friday,5,YU
08:25:00,Friday,0,YU
08:31:00,Friday,8,BD
08:38:00,Friday,0,YU
08:42:00,Friday,8,YU
09:02:00,Friday,4,BD
09:17:00,Friday,0,YU
09:23:00,Friday,0,BD
10:10:00,Friday,0,BD
10:30:00,Friday,9,BD
10:47:00,Friday,3,BD
10:50:00,Friday,0,BD
11:06:00,Friday,0,BD
11:12:00,Friday,0,YU
11:14:00,Friday,3,YU
11:17:00,Friday,0,BD
11:54:00,Friday,0,BD
12:04:00,Friday,0,YU
12:38:00,Friday,0,YU
12:53:00,Friday,0,BD
13:07:00,Friday,0,YU
13:11:00,Friday,0,YU
13:17:00,Friday,3,YU
13:46:00,Friday,12,BD
13:52:00,Friday,3,YU
13:57:00,Friday,0,YU
14:03:00,Friday,3,YU
14:06:00,Friday,20,YU
14:20:00,Friday,3,YU
14:25:00,Friday,4,YU
15:38:00,Friday,0,BD
15:39:00,Friday,26,BD
15:41:00,Friday,0,YU
15:42:00,Friday,0,BD
16:29:00,Friday,0,YU
17:19:00,Friday,0,YU
17:25:00,Friday,6,YU
17:25:00,Friday,0,BD
17:27:00,Friday,0,BD
17:27:00,Friday,0,BD
17:36:00,Friday,3,YU
18:53:00,Friday,3,YU
18:55:00,Friday,7,YU
18:56:00,Friday,0,YU
19:02:00,Friday,24,YU
19:27:00,Friday,0,YU
19:28:00,Friday,0,YU
19:48:00,Friday,0,YU
20:18:00,Friday,5,BD
20:40:00,Friday,0,YU
21:01:00,Friday,0,BD
21:13:00,Friday,0,BD
21:31:00,Friday,0,YU
21:54:00,Friday,0,BD
21:59:00,Friday,0,YU
22:00:00,Friday,0,YU/BD
22:32:00,Friday,0,BD
22:54:00,Friday,4,BD
22:59:00,Friday,0,YU
22:59:00,Friday,0,BD
23:00:00,Friday,0,BD
23:44:00,Friday,0,YU
23:56:00,Friday,6,YU
23:59:00,Friday,3,YU
00:01:00,Friday,5,YU
00:04:00,Friday,0,BD
00:04:00,Friday,5,YU
00:18:00,Friday,5,YU
00:23:00,Friday,5,YU
00:35:00,Friday,0,YU
00:35:00,Friday,6,YU
00:47:00,Friday,10,BD
01:24:00,Friday,9,BD
02:41:00,Friday,0,SHP
06:24:00,Friday,0,SHP
22:08:00,Friday,0,SHP
02:24:00,Saturday,0,YU
02:52:00,Saturday,0,YU
05:43:00,Saturday,0,YU
05:55:00,Saturday,4,YU
06:07:00,Saturday,0,BD
06:19:00,Saturday,0,BD
06:34:00,Saturday,8,YU
07:42:00,Saturday,3,BD
07:49:00,Saturday,3,YU
08:28:00,Saturday,0,YU
08:54:00,Saturday,0,BD
09:35:00,Saturday,0,BD
10:03:00,Saturday,0,BD
10:14:00,Saturday,0,BD
10:36:00,Saturday,0,BD
10:57:00,Saturday,0,YU
11:29:00,Saturday,7,YU
11:45:00,Saturday,0,YUS
12:09:00,Saturday,0,BD
12:19:00,Saturday,0,BD
13:12:00,Saturday,0,BD
13:14:00,Saturday,0,BD
13:15:00,Saturday,3,YU
13:54:00,Saturday,0,BD
14:11:00,Saturday,0,YU
14:15:00,Saturday,0,YU
14:27:00,Saturday,0,BD
14:46:00,Saturday,3,BD
15:02:00,Saturday,0,YU
16:11:00,Saturday,0,YU
16:34:00,Saturday,0,BD
16:35:00,Saturday,4,YU
16:35:00,Saturday,0,YU
16:35:00,Saturday,6,YU
16:36:00,Saturday,0,YU
16:36:00,Saturday,0,BD
16:37:00,Saturday,0,YU
16:40:00,Saturday,0,BD
17:00:00,Saturday,5,BD
17:17:00,Saturday,5,YU
17:38:00,Saturday,0,YU
17:52:00,Saturday,0,BD
17:59:00,Saturday,0,YU
18:01:00,Saturday,0,YU
18:28:00,Saturday,0,YU
18:51:00,Saturday,0,BD
18:55:00,Saturday,7,YU
18:57:00,Saturday,6,BD
19:19:00,Saturday,0,BD
19:20:00,Saturday,0,YU
19:30:00,Saturday,3,YU
20:27:00,Saturday,7,YU
20:32:00,Saturday,0,BD
20:35:00,Saturday,0,BD
21:06:00,Saturday,0,BD
21:08:00,Saturday,0,YU
21:19:00,Saturday,6,BD
21:36:00,Saturday,3,BD
22:00:00,Saturday,0,YU/BD
00:12:00,Saturday,0,BD
00:12:00,Saturday,0,YU
00:17:00,Saturday,0,BD
00:36:00,Saturday,3,YU
00:43:00,Saturday,0,YU
00:46:00,Saturday,0,BD
01:11:00,Saturday,0,YU
01:18:00,Saturday,3,BD
01:34:00,Saturday,0,YU
16:01:00,Saturday,7,SHP
02:07:00,Sunday,0,BD
06:05:00,Sunday,0,YU
06:22:00,Sunday,0,BD
08:21:00,Sunday,12,YU
08:34:00,Sunday,5,BD
08:48:00,Sunday,0,YU
08:52:00,Sunday,15,YU
08:55:00,Sunday,4,BD
09:22:00,Sunday,3,YU
09:28:00,Sunday,0,BD
09:29:00,Sunday,0,YU
09:35:00,Sunday,0,BD
09:48:00,Sunday,0,BD
10:11:00,Sunday,8,YU
10:36:00,Sunday,3,YU
10:52:00,Sunday,4,YU
10:56:00,Sunday,0,YU
11:05:00,Sunday,0,YU
11:54:00,Sunday,0,YU
12:06:00,Sunday,7,YU
12:30:00,Sunday,4,YU
12:41:00,Sunday,0,BD
12:42:00,Sunday,17,BD
12:56:00,Sunday,0,BD
13:35:00,Sunday,0,YU
13:44:00,Sunday,0,YU
14:12:00,Sunday,8,YU
14:34:00,Sunday,0,YU
14:46:00,Sunday,0,YU
15:08:00,Sunday,0,BD
15:25:00,Sunday,0,BD
15:48:00,Sunday,0,YU
15:53:00,Sunday,0,YU
15:58:00,Sunday,0,BD
16:13:00,Sunday,0,BD
16:16:00,Sunday,16,BD
17:07:00,Sunday,0,YU
17:24:00,Sunday,0,BD
19:08:00,Sunday,0,BD
20:07:00,Sunday,0,YU
20:09:00,Sunday,6,YU
20:21:00,Sunday,0,YU
20:23:00,Sunday,0,YU
20:58:00,Sunday,6,YU
21:31:00,Sunday,0,YU
22:00:00,Sunday,0,YU/BD
00:00:00,Sunday,0,BD
00:05:00,Sunday,0,YU
01:05:00,Sunday,4,YU
01:08:00,Sunday,0,YU
01:15:00,Sunday,0,BD
01:35:00,Sunday,0,BD
01:54:00,Sunday,0,YU
11:08:00,Sunday,0,SHP
02:45:00,Monday,0,YU
02:50:00,Monday,0,YU
05:33:00,Monday,0,YU
05:40:00,Monday,48,BD
05:44:00,Monday,5,YU
06:00:00,Monday,0,YU/BD
06:21:00,Monday,4,BD
06:23:00,Monday,0,BD
06:28:00,Monday,10,YU
07:13:00,Monday,0,BD
07:36:00,Monday,7,YU
07:50:00,Monday,0,YU
07:53:00,Monday,0,YU
08:01:00,Monday,0,BD
08:24:00,Monday,0,BD
08:46:00,Monday,0,YU
08:54:00,Monday,3,BD
09:10:00,Monday,0,YU
09:31:00,Monday,3,YU
09:38:00,Monday,3,YU
09:42:00,Monday,3,YU
10:19:00,Monday,0,BD
10:28:00,Monday,0,YU
10:42:00,Monday,0,YU
11:08:00,Monday,0,BD
11:45:00,Monday,11,BD
12:36:00,Monday,0,YU
13:47:00,Monday,3,YU
13:49:00,Monday,4,YU
13:51:00,Monday,17,YU
14:00:00,Monday,11,BD
14:10:00,Monday,3,BD
14:11:00,Monday,59,YU
14:56:00,Monday,0,YU
15:02:00,Monday,3,BD
15:32:00,Monday,0,BD
15:34:00,Monday,10,YU
15:40:00,Monday,0,YU
16:12:00,Monday,0,YU
16:24:00,Monday,0,YU
16:26:00,Monday,3,YU
16:28:00,Monday,4,YU
16:35:00,Monday,0,YU
16:38:00,Monday,0,YU
16:39:00,Monday,0,YU
16:57:00,Monday,34,YU
17:06:00,Monday,0,YU
17:24:00,Monday,0,BD
17:42:00,Monday,5,YU
17:44:00,Monday,10,YU
17:44:00,Monday,0,BD
18:19:00,Monday,0,YU
18:37:00,Monday,0,YU
19:53:00,Monday,4,YU
20:12:00,Monday,0,YU
21:54:00,Monday,8,BD
22:00:00,Monday,0,YU/BD
22:01:00,Monday,5,BD
22:01:00,Monday,0,YU
22:14:00,Monday,0,BD
22:29:00,Monday,0,YU
22:48:00,Monday,4,BD
22:52:00,Monday,0,BD
22:58:00,Monday,0,BD
23:28:00,Monday,0,BD
23:32:00,Monday,0,BD
23:39:00,Monday,10,BD
23:56:00,Monday,0,BD
00:21:00,Monday,0,BD
00:28:00,Monday,0,YU
01:27:00,Monday,0,BD
01:34:00,Monday,30,YU
01:52:00,Monday,18,YU
06:00:00,Monday,0,SHP
08:32:00,Monday,0,SHP
17:48:00,Monday,0,SHP
02:11:00,Tuesday,0,BD
05:39:00,Tuesday,0,BD
05:59:00,Tuesday,4,YU
06:03:00,Tuesday,4,YU
06:07:00,Tuesday,14,YU
06:14:00,Tuesday,3,YU
06:19:00,Tuesday,3,YU
06:22:00,Tuesday,9,YU
06:25:00,Tuesday,8,YU
06:32:00,Tuesday,0,BD
07:11:00,Tuesday,8,YU
07:38:00,Tuesday,0,YU
08:05:00,Tuesday,0,YU
08:11:00,Tuesday,4,YU
08:43:00,Tuesday,0,YU
08:45:00,Tuesday,3,YU
08:58:00,Tuesday,0,YU
09:32:00,Tuesday,0,BD
10:01:00,Tuesday,0,YU
11:08:00,Tuesday,0,BD
11:14:00,Tuesday,0,BD
11:45:00,Tuesday,0,BD
12:21:00,Tuesday,0,BD
12:22:00,Tuesday,6,YU
12:38:00,Tuesday,3,BD
12:41:00,Tuesday,0,YU
12:58:00,Tuesday,23,BD
13:12:00,Tuesday,0,BD
13:15:00,Tuesday,12,YU
13:21:00,Tuesday,0,BD
13:51:00,Tuesday,5,YU
14:15:00,Tuesday,4,BD
14:33:00,Tuesday,0,BD
14:34:00,Tuesday,4,YU
14:50:00,Tuesday,4,BD
15:08:00,Tuesday,0,YU
15:58:00,Tuesday,3,BD
16:17:00,Tuesday,0,YU
16:38:00,Tuesday,0,BD
16:41:00,Tuesday,4,YU
16:49:00,Tuesday,0,YU
16:54:00,Tuesday,0,BD
17:00:00,Tuesday,0,YU
17:16:00,Tuesday,0,YU
17:16:00,Tuesday,6,BD
17:24:00,Tuesday,0,YU
17:26:00,Tuesday,3,YU
17:43:00,Tuesday,0,BD
17:47:00,Tuesday,0,YU
18:17:00,Tuesday,0,YU
18:39:00,Tuesday,0,YU
19:34:00,Tuesday,0,YU
20:01:00,Tuesday,4,BD
21:07:00,Tuesday,0,YU
21:27:00,Tuesday,0,YU
21:47:00,Tuesday,0,BD
21:54:00,Tuesday,0,BD
21:55:00,Tuesday,0,YU
22:00:00,Tuesday,0,YU/BD
22:00:00,Tuesday,0,YU
23:00:00,Tuesday,0,BD
23:04:00,Tuesday,11,BD
23:18:00,Tuesday,0,YU
23:56:00,Tuesday,0,YU
01:27:00,Tuesday,0,BD
01:29:00,Tuesday,17,YU
01:42:00,Tuesday,0,YU
04:33:00,Tuesday,0,SHP
05:34:00,Tuesday,0,SHP
05:38:00,Tuesday,3,SHP
12:45:00,Tuesday,0,SHP
02:38:00,Wednesday,0,BD
02:48:00,Wednesday,0,YU
02:52:00,Wednesday,0,YU
06:00:00,Wednesday,5,YU
06:27:00,Wednesday,0,YU
07:03:00,Wednesday,0,YU
07:50:00,Wednesday,3,YU
08:08:00,Wednesday,3,YU
08:30:00,Wednesday,3,YU
08:46:00,Wednesday,0,YU
08:47:00,Wednesday,0,YU
08:50:00,Wednesday,3,BD
08:55:00,Wednesday,4,YU
09:36:00,Wednesday,3,BD
09:40:00,Wednesday,0,YU
11:59:00,Wednesday,0,YU
12:12:00,Wednesday,7,YU
12:22:00,Wednesday,3,YU
12:54:00,Wednesday,16,BD
12:54:00,Wednesday,33,BD
12:58:00,Wednesday,0,BD
13:01:00,Wednesday,0,BD
13:13:00,Wednesday,0,BD
13:21:00,Wednesday,0,BD
13:23:00,Wednesday,4,BD
13:45:00,Wednesday,0,BD
14:19:00,Wednesday,14,YU
15:28:00,Wednesday,0,YU
16:27:00,Wednesday,0,BD
16:29:00,Wednesday,0,YU
16:44:00,Wednesday,0,BD
17:03:00,Wednesday,4,YU
17:05:00,Wednesday,3,YU
17:12:00,Wednesday,3,YU
17:21:00,Wednesday,7,YU
17:28:00,Wednesday,0,YU
17:38:00,Wednesday,0,BD
17:47:00,Wednesday,0,YU
17:48:00,Wednesday,0,YU
18:18:00,Wednesday,0,YU
18:30:00,Wednesday,4,YU
18:58:00,Wednesday,0,YU
19:08:00,Wednesday,4,YU
19:33:00,Wednesday,0,BD
19:56:00,Wednesday,5,YU
20:32:00,Wednesday,4,YU
20:38:00,Wednesday,0,BD
20:40:00,Wednesday,0,YU
21:15:00,Wednesday,15,BD
21:21:00,Wednesday,0,BD
22:00:00,Wednesday,0,YU/BD
22:22:00,Wednesday,29,YU
22:51:00,Wednesday,5,YU
23:00:00,Wednesday,0,BD
23:59:00,Wednesday,0,BD
00:13:00,Wednesday,0,YU
00:47:00,Wednesday,0,BD
01:18:00,Wednesday,0,BD
19:26:00,Wednesday,7,SHP
04:55:00,Thursday,0,YU
05:25:00,Thursday,0,BD
05:25:00,Thursday,0,BD
05:40:00,Thursday,5,BD
06:01:00,Thursday,0,BD
06:59:00,Thursday,6,BD
07:16:00,Thursday,0,BD
07:27:00,Thursday,0,BD
07:28:00,Thursday,4,YU
08:03:00,Thursday,0,BD
08:11:00,Thursday,3,YU
08:27:00,Thursday,0,BD
08:36:00,Thursday,0,BD
08:42:00,Thursday,0,BD
08:54:00,Thursday,3,BD
09:47:00,Thursday,5,BD
10:05:00,Thursday,0,YU
11:53:00,Thursday,0,YU
12:41:00,Thursday,0,YU
12:48:00,Thursday,0,YU
13:38:00,Thursday,0,YU
13:44:00,Thursday,4,BD
13:53:00,Thursday,0,BD
14:10:00,Thursday,0,YU
14:18:00,Thursday,0,YU
14:57:00,Thursday,0,BD
14:59:00,Thursday,0,BD
15:18:00,Thursday,4,BD
16:16:00,Thursday,0,BD
16:33:00,Thursday,0,BD
16:42:00,Thursday,3,BD
16:51:00,Thursday,3,BD
17:19:00,Thursday,0,YU
17:41:00,Thursday,0,YU
18:45:00,Thursday,5,BD
18:48:00,Thursday,5,BD
19:19:00,Thursday,0,BD
19:20:00,Thursday,0,YU
19:54:00,Thursday,0,YU
20:01:00,Thursday,3,BD
20:04:00,Thursday,0,BD
20:09:00,Thursday,4,YU
20:29:00,Thursday,3,BD
20:37:00,Thursday,0,YU
20:37:00,Thursday,3,YU
20:42:00,Thursday,0,YU
21:26:00,Thursday,0,YU
21:59:00,Thursday,5,BD
22:00:00,Thursday,0,YU/BD
22:02:00,Thursday,0,YU
22:46:00,Thursday,0,YU
23:00:00,Thursday,0,BD
23:02:00,Thursday,0,YU
23:58:00,Thursday,0,YU
00:02:00,Thursday,0,YU
00:06:00,Thursday,18,BD
00:24:00,Thursday,5,BD
00:31:00,Thursday,4,YU
00:52:00,Thursday,0,BD
00:59:00,Thursday,5,BD
01:08:00,Thursday,16,YU
01:12:00,Thursday,5,BD
01:44:00,Thursday,0,BD
02:15:00,Friday,0,YU
05:32:00,Friday,0,YU
05:40:00,Friday,6,BD
05:53:00,Friday,5,YU
06:03:00,Friday,0,BD
06:11:00,Friday,3,YU
07:05:00,Friday,3,BD
07:08:00,Friday,3,BD
07:57:00,Friday,27,YU
08:07:00,Friday,0,BD
08:12:00,Friday,0,BD
08:29:00,Friday,0,BD
08:44:00,Friday,0,YU
09:05:00,Friday,0,BD
09:42:00,Friday,0,YU
10:06:00,Friday,0,BD
10:52:00,Friday,3,YU
10:55:00,Friday,0,BD
12:03:00,Friday,0,YU
12:09:00,Friday,0,BD
12:46:00,Friday,0,YU
13:45:00,Friday,17,BD
14:01:00,Friday,0,YU
14:13:00,Friday,0,BD
14:19:00,Friday,3,YU
14:35:00,Friday,3,BD
15:28:00,Friday,0,YU
15:30:00,Friday,9,YU
15:38:00,Friday,0,YU
15:57:00,Friday,0,BD
15:58:00,Friday,0,BD
16:01:00,Friday,0,BD
17:16:00,Friday,0,YU
17:24:00,Friday,0,YU
18:03:00,Friday,0,BD
18:18:00,Friday,13,BD
19:07:00,Friday,0,BD
19:10:00,Friday,5,BD
19:50:00,Friday,0,BD
20:00:00,Friday,3,BD
20:10:00,Friday,0,BD
20:10:00,Friday,11,BD
20:22:00,Friday,3,BD
21:00:00,Friday,5,BD
21:04:00,Friday,0,YU
21:27:00,Friday,0,BD
21:41:00,Friday,0,BD
22:00:00,Friday,0,YU/BD
22:18:00,Friday,10,YU
22:24:00,Friday,0,YU
22:28:00,Friday,3,YU
22:29:00,Friday,3,BD
22:49:00,Friday,0,YU
22:49:00,Friday,3,BD
22:59:00,Friday,3,YU
23:00:00,Friday,0,BD
23:04:00,Friday,0,BD
23:32:00,Friday,10,BD
23:44:00,Friday,0,YU
23:46:00,Friday,0,YU
00:15:00,Friday,30,YU
00:17:00,Friday,0,YU
00:32:00,Friday,8,BD
00:40:00,Friday,0,YU
00:41:00,Friday,0,BD
00:41:00,Friday,0,YU
00:44:00,Friday,0,BD
01:26:00,Friday,0,YU
01:28:00,Friday,16,BD
01:29:00,Friday,0,BD
01:30:00,Friday,0,YU
01:42:00,Friday,3,BD
01:44:00,Friday,0,BD
01:45:00,Friday,0,BD
01:58:00,Friday,0,YU
02:22:00,Saturday,0,BD
02:44:00,Saturday,0,YU
05:18:00,Saturday,0,BD
05:40:00,Saturday,0,YU
05:48:00,Saturday,6,YU
05:50:00,Saturday,0,YU
06:10:00,Saturday,7,YU
06:15:00,Saturday,0,BD
06:29:00,Saturday,0,YU
06:34:00,Saturday,14,YU
08:13:00,Saturday,0,YU
08:17:00,Saturday,4,YU
08:25:00,Saturday,5,BD
08:32:00,Saturday,5,BD
09:03:00,Saturday,0,YU
09:46:00,Saturday,5,BD
10:17:00,Saturday,0,BD
10:46:00,Saturday,0,YU
11:18:00,Saturday,0,BD
11:31:00,Saturday,0,BD
12:03:00,Saturday,4,BD
12:50:00,Saturday,0,BD
13:09:00,Saturday,0,BD
13:13:00,Saturday,0,BD
13:28:00,Saturday,0,YU
13:36:00,Saturday,0,BD
13:47:00,Saturday,4,YU
13:50:00,Saturday,0,BD
14:07:00,Saturday,0,YU
14:15:00,Saturday,7,YU
14:29:00,Saturday,4,YU
14:37:00,Saturday,9,BD
14:46:00,Saturday,3,BD
15:24:00,Saturday,0,BD
16:02:00,Saturday,0,BD
16:22:00,Saturday,0,BD
16:23:00,Saturday,0,YU
16:49:00,Saturday,0,BD
16:51:00,Saturday,24,YU
16:52:00,Saturday,4,BD
16:54:00,Saturday,7,YU
16:57:00,Saturday,0,YU
17:26:00,Saturday,5,YU
17:45:00,Saturday,0,YU
17:46:00,Saturday,0,YU
17:48:00,Saturday,4,YU
18:09:00,Saturday,0,YU
18:20:00,Saturday,0,YU
18:29:00,Saturday,0,BD
18:54:00,Saturday,11,BD
19:08:00,Saturday,0,YU
19:18:00,Saturday,11,BD
19:21:00,Saturday,0,YU
19:28:00,Saturday,0,YU
19:32:00,Saturday,0,YU
19:33:00,Saturday,0,BD
19:45:00,Saturday,6,BD
19:45:00,Saturday,0,YU
20:18:00,Saturday,5,BD
20:28:00,Saturday,0,YU
20:50:00,Saturday,0,YU
20:55:00,Saturday,0,YU
21:02:00,Saturday,0,YU
21:29:00,Saturday,0,YU
21:30:00,Saturday,6,YU
21:37:00,Saturday,0,YU
21:43:00,Saturday,0,YU
22:00:00,Saturday,0,YU/BD
22:06:00,Saturday,0,YU
22:19:00,Saturday,0,BD
22:21:00,Saturday,8,BD
23:05:00,Saturday,6,YU
23:19:00,Saturday,0,YU
23:39:00,Saturday,0,BD
00:11:00,Saturday,0,BD
00:29:00,Saturday,0,BD
00:35:00,Saturday,0,BD
01:15:00,Saturday,0,YU
01:20:00,Saturday,0,BD
05:52:00,Saturday,7,SHP
09:43:00,Saturday,4,SHP
13:45:00,Saturday,0,SHP
14:05:00,Saturday,4,SHP
18:36:00,Saturday,0,SHP
18:39:00,Saturday,0,SHP
00:37:00,Saturday,0,SHP
02:05:00,Sunday,0,YU
02:15:00,Sunday,0,BD
03:13:00,Sunday,0,YU
05:05:00,Sunday,0,BD
05:13:00,Sunday,0,YU
05:47:00,Sunday,0,YU
05:59:00,Sunday,0,YU
06:23:00,Sunday,0,BD
06:25:00,Sunday,4,BD
06:34:00,Sunday,11,YU
07:12:00,Sunday,0,BD
07:18:00,Sunday,0,YU
07:53:00,Sunday,0,BD
08:27:00,Sunday,4,BD
08:30:00,Sunday,0,BD
08:46:00,Sunday,0,YU
09:22:00,Sunday,6,BD
09:24:00,Sunday,0,BD
09:25:00,Sunday,0,YU
09:52:00,Sunday,3,YU
10:00:00,Sunday,0,BD
10:19:00,Sunday,5,YU
10:26:00,Sunday,0,BD
10:36:00,Sunday,18,BD
10:42:00,Sunday,0,BD
11:34:00,Sunday,0,BD
11:46:00,Sunday,0,YU
12:26:00,Sunday,3,YU
12:36:00,Sunday,0,BD
12:46:00,Sunday,0,BD
12:55:00,Sunday,0,YU
13:05:00,Sunday,4,BD
13:12:00,Sunday,7,YU
13:43:00,Sunday,6,YU
13:47:00,Sunday,8,YU
13:47:00,Sunday,0,YU
13:53:00,Sunday,4,YU
13:55:00,Sunday,0,YU
14:02:00,Sunday,4,YU
14:04:00,Sunday,4,BD
14:17:00,Sunday,15,BD
14:22:00,Sunday,0,BD
15:10:00,Sunday,0,BD
15:25:00,Sunday,4,YU
16:52:00,Sunday,0,YU
16:53:00,Sunday,0,YU
16:57:00,Sunday,9,YU
17:11:00,Sunday,0,BD
17:12:00,Sunday,0,YU
17:15:00,Sunday,0,YU
17:16:00,Sunday,3,YU
17:20:00,Sunday,0,YU
17:49:00,Sunday,0,YU
18:15:00,Sunday,4,YU
18:51:00,Sunday,0,BD
18:58:00,Sunday,0,YU
19:01:00,Sunday,23,BD
19:23:00,Sunday,0,YU
19:30:00,Sunday,5,BD
20:02:00,Sunday,0,YU
20:06:00,Sunday,0,YU
20:43:00,Sunday,0,BD
20:50:00,Sunday,0,BD
20:53:00,Sunday,0,YU
20:55:00,Sunday,0,YU
21:15:00,Sunday,0,YU
21:33:00,Sunday,0,YU
21:44:00,Sunday,0,YU
21:48:00,Sunday,0,BD
21:58:00,Sunday,0,YU
22:00:00,Sunday,0,YU
22:01:00,Sunday,0,BD
22:23:00,Sunday,0,BD
22:36:00,Sunday,0,YU
22:42:00,Sunday,0,YU
23:22:00,Sunday,0,YU
23:46:00,Sunday,0,YU
00:11:00,Sunday,20,YU
00:12:00,Sunday,9,YU
00:38:00,Sunday,0,YU
00:41:00,Sunday,4,BD
00:58:00,Sunday,0,BD
01:34:00,Sunday,0,YU
01:38:00,Sunday,0,BD
02:32:00,Sunday,0,SHP
08:14:00,Sunday,31,SHP
08:15:00,Sunday,7,SHP
12:15:00,Sunday,8,SHP
17:33:00,Sunday,0,SHP
21:17:00,Sunday,0,SHP
02:01:00,Monday,0,YU
02:10:00,Monday,0,YU
02:17:00,Monday,0,YU
02:22:00,Monday,0,BD
02:27:00,Monday,0,YU
03:04:00,Monday,0,YU
04:36:00,Monday,0,BD
04:37:00,Monday,0,YU
04:39:00,Monday,0,YU
05:30:00,Monday,0,BD
05:36:00,Monday,5,YU
06:40:00,Monday,4,BD
06:48:00,Monday,0,BD
07:28:00,Monday,0,YU
07:45:00,Monday,7,YU
07:48:00,Monday,0,BD
07:56:00,Monday,4,BD
08:06:00,Monday,3,BD
08:10:00,Monday,3,YU
08:12:00,Monday,3,YU
08:12:00,Monday,0,YU
08:15:00,Monday,0,BD
08:16:00,Monday,0,BD
08:53:00,Monday,3,YU
08:59:00,Monday,0,YU
09:25:00,Monday,0,YU
10:02:00,Monday,0,BD
10:07:00,Monday,0,BD
10:14:00,Monday,0,YU
10:17:00,Monday,3,YU
10:24:00,Monday,3,YU
10:26:00,Monday,0,BD
10:30:00,Monday,0,BD
11:04:00,Monday,0,YU
11:10:00,Monday,0,BD
11:27:00,Monday,0,YU
11:32:00,Monday,0,BD
11:33:00,Monday,0,YU
11:42:00,Monday,4,YU
12:15:00,Monday,0,BD
12:38:00,Monday,3,YU
13:07:00,Monday,0,YU
13:19:00,Monday,0,YU
13:51:00,Monday,0,YU
14:12:00,Monday,24,BD
14:32:00,Monday,0,YU
15:00:00,Monday,0,YU
15:01:00,Monday,0,YU
15:07:00,Monday,3,BD
15:08:00,Monday,0,YU
16:06:00,Monday,0,YU
16:06:00,Monday,3,BD
16:49:00,Monday,3,YU
16:50:00,Monday,0,YU
16:55:00,Monday,4,YU
16:55:00,Monday,0,YU
17:06:00,Monday,4,YU
17:10:00,Monday,0,BD
17:37:00,Monday,3,BD
18:00:00,Monday,0,BD
18:05:00,Monday,9,YU
18:34:00,Monday,6,YU
18:53:00,Monday,0,YU
19:18:00,Monday,0,BD
19:27:00,Monday,0,BD
19:34:00,Monday,3,BD
19:47:00,Monday,0,BD
20:11:00,Monday,0,BD
20:16:00,Monday,0,YU
21:01:00,Monday,4,BD
21:18:00,Monday,0,YU
21:54:00,Monday,3,YU
21:58:00,Monday,0,YU
22:00:00,Monday,0,YU/BD
22:18:00,Monday,0,YU
22:34:00,Monday,0,YU
23:00:00,Monday,0,YU
23:02:00,Monday,0,BD
23:13:00,Monday,0,YU
23:15:00,Monday,0,YU
23:27:00,Monday,0,YU
23:38:00,Monday,5,BD
23:39:00,Monday,17,BD
23:52:00,Monday,0,BD
23:57:00,Monday,0,BD
00:05:00,Monday,0,BD
00:45:00,Monday,0,BD
04:32:00,Monday,0,SHP
05:39:00,Monday,0,SHP
21:28:00,Monday,0,SHP
23:43:00,Monday,0,SHP
05:29:00,Tuesday,0,BD
05:54:00,Tuesday,4,YU
05:57:00,Tuesday,0,BD
06:06:00,Tuesday,9,YU
06:11:00,Tuesday,14,YU
06:18:00,Tuesday,20,YU
06:41:00,Tuesday,0,BD
06:47:00,Tuesday,0,YU
07:00:00,Tuesday,4,YU
07:08:00,Tuesday,3,YU
07:15:00,Tuesday,6,YU
07:53:00,Tuesday,0,YU
08:00:00,Tuesday,0,BD
08:08:00,Tuesday,0,YU
08:09:00,Tuesday,0,YU
08:14:00,Tuesday,5,YU
08:14:00,Tuesday,5,YU
08:21:00,Tuesday,3,YU
08:25:00,Tuesday,12,YU
08:26:00,Tuesday,3,BD
08:31:00,Tuesday,7,YU
08:34:00,Tuesday,5,BD
08:36:00,Tuesday,3,BD
08:40:00,Tuesday,4,BD
08:41:00,Tuesday,10,YU
08:45:00,Tuesday,0,YU
08:45:00,Tuesday,6,YU
09:08:00,Tuesday,3,YU
09:09:00,Tuesday,0,BD
09:09:00,Tuesday,0,YU
09:40:00,Tuesday,0,BD
09:59:00,Tuesday,0,BD
10:01:00,Tuesday,0,YU
10:11:00,Tuesday,0,YU
10:13:00,Tuesday,0,BD
10:28:00,Tuesday,0,BD
10:54:00,Tuesday,0,BD
11:00:00,Tuesday,0,BD
11:04:00,Tuesday,0,YU
12:29:00,Tuesday,0,BD
12:48:00,Tuesday,3,BD
12:53:00,Tuesday,9,BD
13:03:00,Tuesday,0,YU
13:09:00,Tuesday,0,YU
13:29:00,Tuesday,0,BD
14:17:00,Tuesday,4,BD
14:41:00,Tuesday,18,BD
15:01:00,Tuesday,0,YU
15:02:00,Tuesday,7,YU
15:15:00,Tuesday,0,BD
15:23:00,Tuesday,3,YU
15:59:00,Tuesday,0,YU
16:01:00,Tuesday,0,BD
16:24:00,Tuesday,0,YU
16:34:00,Tuesday,5,YU
17:00:00,Tuesday,5,BD
17:02:00,Tuesday,0,YU
17:28:00,Tuesday,3,BD
17:34:00,Tuesday,7,YU
17:49:00,Tuesday,0,YU
18:00:00,Tuesday,4,YU
18:07:00,Tuesday,0,YU
18:15:00,Tuesday,0,BD
18:16:00,Tuesday,19,BD
18:43:00,Tuesday,0,YU
19:07:00,Tuesday,0,BD
19:21:00,Tuesday,6,BD
19:22:00,Tuesday,0,BD
20:11:00,Tuesday,0,BD
20:28:00,Tuesday,21,YU
20:45:00,Tuesday,4,YU
20:51:00,Tuesday,0,BD
21:10:00,Tuesday,3,BD
21:24:00,Tuesday,10,YU
21:24:00,Tuesday,0,BD
21:47:00,Tuesday,0,YU
22:00:00,Tuesday,0,YU/ BD
22:10:00,Tuesday,3,BD
22:44:00,Tuesday,0,YU
22:49:00,Tuesday,6,YU
22:59:00,Tuesday,0,YU
23:00:00,Tuesday,0,BD
00:20:00,Tuesday,0,YU
00:28:00,Tuesday,3,YU
00:40:00,Tuesday,0,YU
00:56:00,Tuesday,0,YU
00:57:00,Tuesday,0,BD
01:10:00,Tuesday,0,BD
01:22:00,Tuesday,0,BD
01:25:00,Tuesday,0,YU
13:24:00,Tuesday,0,SHP
15:52:00,Tuesday,0,SHP
02:24:00,Wednesday,0,YU
02:39:00,Wednesday,0,BD
02:39:00,Wednesday,0,YU
04:19:00,Wednesday,0,BD
05:41:00,Wednesday,0,YU
05:54:00,Wednesday,4,YU
05:56:00,Wednesday,4,YU
06:11:00,Wednesday,3,YU
06:35:00,Wednesday,0,BD
07:01:00,Wednesday,0,BD
07:06:00,Wednesday,3,BD
07:19:00,Wednesday,3,YU
07:43:00,Wednesday,0,YU
07:54:00,Wednesday,0,BD
08:16:00,Wednesday,0,BD
08:20:00,Wednesday,3,BD
08:32:00,Wednesday,0,YU
08:33:00,Wednesday,0,YU
08:35:00,Wednesday,3,BD
08:38:00,Wednesday,0,YU
08:39:00,Wednesday,0,YU
09:47:00,Wednesday,0,YU
09:55:00,Wednesday,0,BD
10:02:00,Wednesday,6,YU
10:34:00,Wednesday,0,YU
11:30:00,Wednesday,21,BD
11:39:00,Wednesday,8,BD
11:57:00,Wednesday,0,BD
12:25:00,Wednesday,0,YU
12:30:00,Wednesday,6,YU
12:39:00,Wednesday,0,YU
12:51:00,Wednesday,0,YU
13:14:00,Wednesday,0,BD
13:32:00,Wednesday,0,BD
13:34:00,Wednesday,0,BD
13:35:00,Wednesday,0,YU
13:43:00,Wednesday,12,YU
13:44:00,Wednesday,3,BD
13:55:00,Wednesday,0,BD
14:00:00,Wednesday,0,YU
14:06:00,Wednesday,0,BD
14:20:00,Wednesday,0,YU
14:41:00,Wednesday,3,BD
15:28:00,Wednesday,0,YU
15:42:00,Wednesday,0,BD
15:50:00,Wednesday,3,BD
16:16:00,Wednesday,0,YU
16:57:00,Wednesday,0,YU
17:02:00,Wednesday,0,YU
17:07:00,Wednesday,3,YU
17:40:00,Wednesday,0,BD
17:45:00,Wednesday,0,YU
17:46:00,Wednesday,0,BD
17:53:00,Wednesday,0,BD
18:55:00,Wednesday,10,BD
19:09:00,Wednesday,0,BD
19:28:00,Wednesday,0,BD
19:29:00,Wednesday,3,YU
20:25:00,Wednesday,0,BD
20:43:00,Wednesday,0,BD
20:50:00,Wednesday,0,BD
20:56:00,Wednesday,9,YU
20:58:00,Wednesday,0,BD
21:12:00,Wednesday,0,YU
21:13:00,Wednesday,5,YU
21:13:00,Wednesday,0,YU
21:14:00,Wednesday,9,YU
21:31:00,Wednesday,0,BD
21:43:00,Wednesday,6,YU
22:00:00,Wednesday,0,YU/ BD
22:31:00,Wednesday,5,YU
22:54:00,Wednesday,0,BD
23:00:00,Wednesday,0,YU
23:00:00,Wednesday,0,YU
23:00:00,Wednesday,0,BD
23:22:00,Wednesday,0,BD
23:33:00,Wednesday,4,YU
23:43:00,Wednesday,3,BD
23:49:00,Wednesday,0,YU
00:08:00,Wednesday,0,YU
00:40:00,Wednesday,5,BD
01:00:00,Wednesday,0,BD
01:15:00,Wednesday,0,YU
01:18:00,Wednesday,6,BD
01:32:00,Wednesday,0,YU
01:37:00,Wednesday,0,BD
01:40:00,Wednesday,6,BD
08:47:00,Wednesday,0,SHP
02:09:00,Thursday,11,BD
02:10:00,Thursday,0,YU
02:47:00,Thursday,0,YU
03:24:00,Thursday,0,YU
03:26:00,Thursday,0,YU
04:29:00,Thursday,0,YU
05:46:00,Thursday,0,BD
06:00:00,Thursday,3,YU
06:07:00,Thursday,3,YU
06:09:00,Thursday,0,YU
06:13:00,Thursday,3,YU
06:19:00,Thursday,6,BD
06:22:00,Thursday,11,BD
06:28:00,Thursday,0,YU
08:13:00,Thursday,5,BD
08:13:00,Thursday,0,YU
08:14:00,Thursday,0,YU
08:15:00,Thursday,0,YU
08:21:00,Thursday,5,BD
08:45:00,Thursday,0,YU
08:50:00,Thursday,0,BD
10:46:00,Thursday,4,BD
11:00:00,Thursday,0,BD
11:14:00,Thursday,4,BD
11:31:00,Thursday,0,YU
11:53:00,Thursday,0,BD
11:59:00,Thursday,0,BD
12:01:00,Thursday,12,BD
12:02:00,Thursday,0,YU
12:02:00,Thursday,0,YU
12:05:00,Thursday,3,YU
13:01:00,Thursday,0,YU
13:10:00,Thursday,0,YU
13:43:00,Thursday,4,BD
13:43:00,Thursday,24,YU
13:51:00,Thursday,0,YU
14:09:00,Thursday,0,YU
14:23:00,Thursday,6,YU
14:49:00,Thursday,0,BD
15:08:00,Thursday,4,BD
15:27:00,Thursday,5,BD
15:51:00,Thursday,0,BD
15:58:00,Thursday,19,YU
16:09:00,Thursday,0,BD
16:19:00,Thursday,0,YU
16:28:00,Thursday,8,YU
16:35:00,Thursday,0,YU
16:37:00,Thursday,0,YU
16:51:00,Thursday,0,YU
17:05:00,Thursday,0,BD
17:10:00,Thursday,3,YU
17:51:00,Thursday,0,BD
17:54:00,Thursday,0,BD
18:17:00,Thursday,70,BD
18:23:00,Thursday,23,YU
18:27:00,Thursday,7,YU
18:50:00,Thursday,6,YU
18:55:00,Thursday,0,BD
19:00:00,Thursday,3,YU
19:16:00,Thursday,0,YU
19:23:00,Thursday,5,BD
19:28:00,Thursday,3,BD
20:30:00,Thursday,0,YU
20:38:00,Thursday,0,BD
20:40:00,Thursday,0,BD
20:54:00,Thursday,5,BD
20:54:00,Thursday,0,BD
21:02:00,Thursday,0,BD
21:43:00,Thursday,18,BD
22:00:00,Thursday,0,YU/BD
22:36:00,Thursday,0,YU
22:37:00,Thursday,5,YU
22:39:00,Thursday,0,YU
22:42:00,Thursday,0,YU
22:59:00,Thursday,0,YU
23:00:00,Thursday,0,YU
23:00:00,Thursday,0,BD
23:09:00,Thursday,0,BD
23:23:00,Thursday,0,BD
23:59:00,Thursday,4,YU
00:33:00,Thursday,0,BD
00:37:00,Thursday,0,BD
01:02:00,Thursday,0,BD
01:27:00,Thursday,0,YU
01:50:00,Thursday,0,BD
17:20:00,Thursday,0,SHP
21:29:00,Thursday,0,SHP
02:04:00,Friday,0,BD
02:27:00,Friday,0,BD
02:38:00,Friday,0,YU
04:42:00,Friday,0,YU
05:15:00,Friday,0,BD
05:40:00,Friday,0,YU
05:51:00,Friday,3,YU
06:48:00,Friday,0,BD
07:08:00,Friday,3,YU
08:01:00,Friday,0,YU
08:31:00,Friday,3,YU
08:31:00,Friday,0,YU
08:58:00,Friday,3,YU
09:25:00,Friday,0,YU
09:40:00,Friday,0,YU
09:43:00,Friday,0,YU
09:55:00,Friday,8,BD
10:07:00,Friday,0,YU
10:16:00,Friday,0,BD
10:35:00,Friday,0,BD
10:36:00,Friday,0,BD
11:51:00,Friday,4,YU
11:53:00,Friday,0,YU
12:06:00,Friday,4,YU
12:14:00,Friday,0,BD
12:16:00,Friday,6,YU
12:27:00,Friday,7,YU
13:21:00,Friday,0,YU
13:32:00,Friday,8,YU
13:59:00,Friday,0,BD
14:02:00,Friday,0,BD
14:17:00,Friday,0,BD
14:27:00,Friday,0,YU
15:00:00,Friday,0,BD
15:05:00,Friday,4,YU
15:13:00,Friday,0,YU
15:20:00,Friday,7,YU
15:31:00,Friday,0,BD
15:37:00,Friday,3,BD
15:54:00,Friday,0,YU
15:55:00,Friday,8,BD
16:04:00,Friday,0,YU
16:06:00,Friday,3,BD
16:09:00,Friday,3,YU
16:32:00,Friday,0,BD
16:40:00,Friday,0,BD
16:52:00,Friday,15,YU
17:25:00,Friday,0,BD
18:01:00,Friday,3,BD
18:06:00,Friday,0,BD
18:16:00,Friday,0,BD
19:06:00,Friday,4,YU
19:24:00,Friday,0,BD
20:03:00,Friday,3,BD
20:09:00,Friday,0,BD
20:16:00,Friday,0,YU
20:44:00,Friday,6,BD
20:53:00,Friday,4,BD
20:58:00,Friday,0,BD
21:23:00,Friday,0,BD
21:23:00,Friday,0,BD
21:29:00,Friday,0,YU
21:35:00,Friday,7,BD
21:58:00,Friday,0,BD
22:00:00,Friday,0,YU/BD
22:05:00,Friday,0,BD
22:06:00,Friday,8,YU
22:11:00,Friday,0,YU
22:16:00,Friday,0,BD
22:20:00,Friday,0,BD
22:26:00,Friday,0,BD
22:53:00,Friday,0,YU
23:00:00,Friday,0,BD
23:00:00,Friday,18,YU
23:14:00,Friday,0,YU
23:21:00,Friday,0,YU
23:30:00,Friday,0,YU
23:42:00,Friday,0,BD
00:01:00,Friday,0,BD
00:03:00,Friday,0,YU
00:15:00,Friday,0,BD
00:19:00,Friday,0,BD
00:30:00,Friday,5,BD
00:56:00,Friday,0,YU
01:31:00,Friday,6,YU
14:10:00,Friday,0,SHP
02:17:00,Saturday,0,BD
02:26:00,Saturday,0,YU
03:13:00,Saturday,0,BD
03:15:00,Saturday,0,BD
03:16:00,Saturday,0,BD
03:52:00,Saturday,0,BD
05:22:00,Saturday,29,BD
06:25:00,Saturday,0,YU
07:00:00,Saturday,5,BD
08:22:00,Saturday,0,YU
08:23:00,Saturday,0,YU
09:09:00,Saturday,3,YU
09:39:00,Saturday,5,YU
09:43:00,Saturday,3,YU
11:32:00,Saturday,0,YU
11:40:00,Saturday,0,YU
12:47:00,Saturday,0,YU
12:52:00,Saturday,0,BD
12:54:00,Saturday,6,YU
13:47:00,Saturday,9,BD
15:34:00,Saturday,0,YU
15:56:00,Saturday,0,BD
15:59:00,Saturday,0,YU
16:00:00,Saturday,0,BD
16:34:00,Saturday,0,BD
16:43:00,Saturday,3,YU
16:47:00,Saturday,0,YU
16:56:00,Saturday,0,BD
17:02:00,Saturday,0,YU
17:04:00,Saturday,0,YU
17:05:00,Saturday,0,YU
17:06:00,Saturday,0,BD
17:07:00,Saturday,3,BD
17:07:00,Saturday,0,BD
17:08:00,Saturday,0,YU
17:10:00,Saturday,0,BD
17:24:00,Saturday,6,YU
17:29:00,Saturday,0,YU
17:54:00,Saturday,3,YU
18:01:00,Saturday,0,BD
18:11:00,Saturday,0,BD
18:20:00,Saturday,0,BD
18:21:00,Saturday,0,BD
18:35:00,Saturday,3,YU
19:07:00,Saturday,0,BD
19:27:00,Saturday,0,BD
19:30:00,Saturday,0,YU
20:15:00,Saturday,5,BD
20:23:00,Saturday,6,BD
20:58:00,Saturday,5,BD
21:07:00,Saturday,0,BD
21:57:00,Saturday,0,YU
22:00:00,Saturday,0,YU/BD
22:31:00,Saturday,5,YU
22:40:00,Saturday,0,BD
23:02:00,Saturday,0,YU
23:14:00,Saturday,0,YU
23:50:00,Saturday,12,YU
01:32:00,Saturday,0,YU
01:46:00,Saturday,0,BD
01:53:00,Saturday,0,BD
01:54:00,Saturday,0,BD
01:56:00,Saturday,0,YU
03:11:00,Saturday,0,SHP
20:22:00,Saturday,0,SHP
00:48:00,Saturday,0,SHP
02:30:00,Sunday,0,BD
02:33:00,Sunday,0,BD
06:33:00,Sunday,0,YU
07:59:00,Sunday,0,BD
08:10:00,Sunday,5,YU
08:18:00,Sunday,0,BD
08:36:00,Sunday,0,YU
08:43:00,Sunday,6,YU
11:05:00,Sunday,10,YU
11:41:00,Sunday,10,BD
11:47:00,Sunday,0,YU
12:04:00,Sunday,3,BD
12:07:00,Sunday,0,BD
12:12:00,Sunday,0,BD
12:45:00,Sunday,0,YU
12:59:00,Sunday,0,YU
13:07:00,Sunday,15,BD
13:07:00,Sunday,15,YU
13:24:00,Sunday,11,YU
14:43:00,Sunday,5,BD
16:17:00,Sunday,76,YU
16:22:00,Sunday,0,BD
16:28:00,Sunday,7,BD
16:48:00,Sunday,0,YU
16:54:00,Sunday,0,YU
17:21:00,Sunday,0,BD
17:54:00,Sunday,4,YU
18:08:00,Sunday,0,BD
18:48:00,Sunday,0,YU
19:46:00,Sunday,7,BD
19:56:00,Sunday,0,BD
19:59:00,Sunday,0,YU
20:53:00,Sunday,0,BD
22:00:00,Sunday,0,YU/BD
22:52:00,Sunday,0,BD
23:21:00,Sunday,0,YU
23:40:00,Sunday,0,YU
23:53:00,Sunday,0,BD
23:57:00,Sunday,0,YU
00:31:00,Sunday,16,YU
00:56:00,Sunday,0,YU
01:18:00,Sunday,0,BD
01:30:00,Sunday,0,BD
01:47:00,Sunday,0,YU
04:08:00,Monday,0,YU
05:45:00,Monday,3,BD
05:45:00,Monday,0,BD
05:50:00,Monday,4,YU
05:55:00,Monday,9,YU
05:57:00,Monday,3,YU
06:09:00,Monday,3,YU
06:20:00,Monday,0,YU
06:21:00,Monday,0,YU
07:00:00,Monday,0,BD
07:22:00,Monday,0,BD
08:00:00,Monday,0,BD
08:03:00,Monday,4,YU
08:59:00,Monday,12,BD
09:17:00,Monday,0,BD
10:07:00,Monday,0,BD
10:10:00,Monday,0,BD
11:03:00,Monday,22,BD
11:05:00,Monday,0,YU
12:22:00,Monday,4,BD
12:29:00,Monday,21,YU
12:51:00,Monday,0,YU
12:56:00,Monday,0,BD
13:04:00,Monday,5,YU
13:43:00,Monday,0,BD
14:00:00,Monday,0,BD
14:10:00,Monday,0,BD
14:33:00,Monday,4,BD
14:34:00,Monday,7,YU
14:46:00,Monday,3,YU
15:13:00,Monday,7,YU
15:14:00,Monday,0,YU
15:25:00,Monday,11,YU
15:53:00,Monday,0,YU
15:55:00,Monday,0,YU
16:01:00,Monday,0,BD
16:10:00,Monday,0,YU
16:31:00,Monday,0,BD
16:43:00,Monday,11,YU
17:00:00,Monday,0,BD
17:04:00,Monday,3,YU
18:12:00,Monday,0,BD
19:00:00,Monday,0,YU
20:07:00,Monday,0,BD
20:30:00,Monday,0,BD
20:39:00,Monday,0,BD
21:09:00,Monday,0,BD
21:57:00,Monday,0,YU
22:00:00,Monday,0,YU/BD
22:17:00,Monday,6,BD
22:44:00,Monday,0,BD
23:24:00,Monday,0,YU
23:24:00,Monday,0,YU
23:41:00,Monday,0,BD
23:54:00,Monday,0,YU
23:59:00,Monday,0,BD
01:08:00,Monday,0,BD
01:12:00,Monday,0,YU
01:47:00,Monday,0,YU
16:46:00,Monday,30,SHP
17:13:00,Monday,8,SHP
02:16:00,Tuesday,0,YU
02:19:00,Tuesday,0,YU
02:52:00,Tuesday,0,YU
02:55:00,Tuesday,0,YU
05:43:00,Tuesday,0,YU
05:56:00,Tuesday,3,YU
05:56:00,Tuesday,5,YU
06:03:00,Tuesday,0,YU
06:20:00,Tuesday,0,YU
07:38:00,Tuesday,0,YU
08:17:00,Tuesday,27,YU
08:21:00,Tuesday,3,BD
08:32:00,Tuesday,0,YU
08:49:00,Tuesday,3,YU
09:00:00,Tuesday,0,YU
09:14:00,Tuesday,0,YU
09:17:00,Tuesday,4,YU
09:33:00,Tuesday,0,BD
09:42:00,Tuesday,11,YU
09:48:00,Tuesday,0,YU
10:16:00,Tuesday,0,YU
10:28:00,Tuesday,6,YU
10:44:00,Tuesday,6,YU
11:30:00,Tuesday,0,BD
12:28:00,Tuesday,5,BD
12:40:00,Tuesday,0,BD
12:50:00,Tuesday,0,BD
13:01:00,Tuesday,0,BD
13:13:00,Tuesday,7,YU
13:20:00,Tuesday,0,BD
14:06:00,Tuesday,0,YU
14:20:00,Tuesday,25,BD
14:22:00,Tuesday,0,YU
14:42:00,Tuesday,0,BD
14:50:00,Tuesday,5,YU
15:16:00,Tuesday,0,YU
16:18:00,Tuesday,5,YU
16:43:00,Tuesday,0,BD
16:43:00,Tuesday,28,YU
16:45:00,Tuesday,0,YU
16:53:00,Tuesday,0,BD
16:53:00,Tuesday,0,YU
17:05:00,Tuesday,4,YU
17:14:00,Tuesday,0,BD
17:36:00,Tuesday,34,BD
18:07:00,Tuesday,0,BD
18:45:00,Tuesday,0,YU
19:02:00,Tuesday,0,YU
19:19:00,Tuesday,0,YU
19:26:00,Tuesday,4,BD
19:30:00,Tuesday,0,YU
19:51:00,Tuesday,0,YU
19:57:00,Tuesday,0,YU
20:17:00,Tuesday,32,BD
20:31:00,Tuesday,3,BD
20:48:00,Tuesday,0,BD
21:09:00,Tuesday,4,BD
21:46:00,Tuesday,0,YU
21:52:00,Tuesday,0,YU
22:00:00,Tuesday,0,YU/BD
22:02:00,Tuesday,0,YU
22:16:00,Tuesday,0,BD
22:47:00,Tuesday,15,BD
23:00:00,Tuesday,0,BD
23:11:00,Tuesday,6,YU
23:16:00,Tuesday,8,YU
00:28:00,Tuesday,6,YU
00:51:00,Tuesday,0,BD
01:21:00,Tuesday,0,YU
01:44:00,Tuesday,0,YU
05:48:00,Tuesday,69,SHP
08:23:00,Tuesday,0,SHP
13:17:00,Tuesday,7,SHP
02:02:00,Wednesday,0,BD
02:06:00,Wednesday,0,YU
02:10:00,Wednesday,0,BD
05:26:00,Wednesday,0,BD
05:30:00,Wednesday,0,YU
05:48:00,Wednesday,4,YU
06:00:00,Wednesday,3,YU
06:13:00,Wednesday,0,YU
08:43:00,Wednesday,0,YU
08:44:00,Wednesday,24,YU
08:58:00,Wednesday,0,YU
09:04:00,Wednesday,0,BD
09:10:00,Wednesday,0,BD
09:42:00,Wednesday,5,YU
09:55:00,Wednesday,0,BD
09:58:00,Wednesday,4,YU
10:07:00,Wednesday,7,YU
10:09:00,Wednesday,0,YU
10:36:00,Wednesday,0,YU
11:01:00,Wednesday,9,YU
11:23:00,Wednesday,0,YU
11:56:00,Wednesday,6,YU
12:01:00,Wednesday,0,YU
12:30:00,Wednesday,4,YU
13:31:00,Wednesday,0,BD
13:33:00,Wednesday,0,YU
13:36:00,Wednesday,3,YU
13:40:00,Wednesday,0,YU
13:41:00,Wednesday,0,YU
13:49:00,Wednesday,0,BD
14:00:00,Wednesday,0,YU
14:08:00,Wednesday,0,BD
14:45:00,Wednesday,0,YU
14:48:00,Wednesday,4,YU
14:54:00,Wednesday,4,BD
14:57:00,Wednesday,0,BD
15:06:00,Wednesday,0,BD
15:27:00,Wednesday,0,YU & BD
15:29:00,Wednesday,0,YU
16:08:00,Wednesday,4,YU
16:19:00,Wednesday,0,BD
16:44:00,Wednesday,0,BD
16:55:00,Wednesday,3,YU
17:27:00,Wednesday,4,YU
17:28:00,Wednesday,0,BD
17:32:00,Wednesday,4,YU
17:42:00,Wednesday,0,BD
18:00:00,Wednesday,0,BD
18:07:00,Wednesday,0,YU
18:11:00,Wednesday,0,BD
18:13:00,Wednesday,0,YU
18:27:00,Wednesday,0,BD
18:36:00,Wednesday,4,BD
18:48:00,Wednesday,10,YU
18:52:00,Wednesday,5,BD
19:00:00,Wednesday,7,BD
19:01:00,Wednesday,0,YU
19:08:00,Wednesday,0,YU
19:50:00,Wednesday,0,BD
20:14:00,Wednesday,0,YU
20:17:00,Wednesday,11,BD
20:56:00,Wednesday,15,BD
21:06:00,Wednesday,0,BD
21:25:00,Wednesday,0,YU
21:45:00,Wednesday,0,BD
22:00:00,Wednesday,0,BD
22:11:00,Wednesday,0,BD
22:50:00,Wednesday,28,BD
23:00:00,Wednesday,0,BD
23:01:00,Wednesday,0,BD
23:20:00,Wednesday,0,BD
23:29:00,Wednesday,0,YU
00:48:00,Wednesday,0,BD
00:56:00,Wednesday,5,BD
01:13:00,Wednesday,0,YU
01:29:00,Wednesday,0,YU
01:30:00,Wednesday,0,BD
01:47:00,Wednesday,0,YU
09:11:00,Wednesday,0,SHP
09:30:00,Wednesday,0,SHP
14:50:00,Wednesday,4,SHP
14:56:00,Wednesday,0,SHP
22:08:00,Wednesday,0,SHP
23:15:00,Wednesday,0,SHP
00:58:00,Wednesday,8,SHP
02:06:00,Thursday,0,BD
04:12:00,Thursday,0,YU
05:53:00,Thursday,3,YU
05:58:00,Thursday,3,YU
06:04:00,Thursday,6,YU
06:09:00,Thursday,3,YU
06:13:00,Thursday,0,YU
06:52:00,Thursday,4,YU
07:13:00,Thursday,3,BD
07:20:00,Thursday,0,YU
07:25:00,Thursday,30,YU
08:00:00,Thursday,0,BD
08:37:00,Thursday,0,BD
08:42:00,Thursday,4,YU
09:40:00,Thursday,0,BD
09:52:00,Thursday,0,YU
10:29:00,Thursday,0,BD
10:40:00,Thursday,0,BD
10:56:00,Thursday,15,BD
11:06:00,Thursday,0,BD
11:09:00,Thursday,4,YU
11:15:00,Thursday,0,YU
12:02:00,Thursday,0,YU
13:24:00,Thursday,0,YU
13:28:00,Thursday,4,YU
13:36:00,Thursday,4,BD
14:01:00,Thursday,0,YU
14:10:00,Thursday,0,BD
14:20:00,Thursday,8,BD
14:45:00,Thursday,0,YU
14:48:00,Thursday,0,BD
14:58:00,Thursday,0,BD
15:31:00,Thursday,0,YU
15:52:00,Thursday,3,YU
16:21:00,Thursday,4,BD
16:35:00,Thursday,3,YU
16:44:00,Thursday,0,YU
16:44:00,Thursday,0,YU
16:53:00,Thursday,0,YU
16:55:00,Thursday,26,BD
17:02:00,Thursday,0,YU
17:08:00,Thursday,0,YU
17:18:00,Thursday,0,BD
17:24:00,Thursday,0,YU
17:28:00,Thursday,0,BD
17:34:00,Thursday,0,YU
17:44:00,Thursday,7,BD
17:58:00,Thursday,0,BD
18:19:00,Thursday,0,YU
19:25:00,Thursday,4,BD
19:35:00,Thursday,0,BD
19:39:00,Thursday,3,BD
19:50:00,Thursday,0,BD
19:50:00,Thursday,3,BD
20:01:00,Thursday,0,BD
20:32:00,Thursday,7,BD
20:42:00,Thursday,4,BD
21:19:00,Thursday,0,BD
21:55:00,Thursday,0,YU
21:55:00,Thursday,0,BD
22:00:00,Thursday,0,YU/BD
23:00:00,Thursday,0,BD
00:08:00,Thursday,20,YU
00:27:00,Thursday,0,YU
00:53:00,Thursday,0,YU
01:15:00,Thursday,0,BD
01:21:00,Thursday,0,YU
01:33:00,Thursday,0,YU
01:40:00,Thursday,0,BD
01:42:00,Thursday,5,BD
02:04:00,Friday,0,YU
04:51:00,Friday,0,BD
05:40:00,Friday,0,BD
05:48:00,Friday,3,YU
05:54:00,Friday,0,BD
06:06:00,Friday,5,BD
06:15:00,Friday,5,YU
06:22:00,Friday,5,YU
06:30:00,Friday,0,YU
06:32:00,Friday,0,YU
06:36:00,Friday,4,YU
06:42:00,Friday,0,YU
07:02:00,Friday,0,BD
07:02:00,Friday,6,BD
09:01:00,Friday,4,YU
09:06:00,Friday,3,YU
09:11:00,Friday,0,YU
09:15:00,Friday,0,YU
09:54:00,Friday,0,BD
09:55:00,Friday,3,YU
10:00:00,Friday,0,BD
10:03:00,Friday,0,BD
10:28:00,Friday,3,YU
10:38:00,Friday,5,YU
10:47:00,Friday,0,YU
11:01:00,Friday,3,YU
11:36:00,Friday,0,BD
12:00:00,Friday,10,YU
12:22:00,Friday,0,YU
12:29:00,Friday,3,YU
13:01:00,Friday,24,YU
13:25:00,Friday,11,YU
13:35:00,Friday,0,YU
13:56:00,Friday,0,YU
14:12:00,Friday,0,BD
14:24:00,Friday,8,YU
14:29:00,Friday,0,BD
14:52:00,Friday,0,BD
15:20:00,Friday,4,BD
16:11:00,Friday,0,BD
16:23:00,Friday,0,BD
16:24:00,Friday,0,YU
16:30:00,Friday,0,YU
17:00:00,Friday,0,BD
17:02:00,Friday,0,YU
17:08:00,Friday,3,YU
17:18:00,Friday,9,YU
17:20:00,Friday,0,YU
17:40:00,Friday,0,YU
17:55:00,Friday,0,YU
18:05:00,Friday,0,YU
18:18:00,Friday,3,YU
18:47:00,Friday,0,BD
19:00:00,Friday,0,BD
19:07:00,Friday,4,BD
19:48:00,Friday,3,YU
20:35:00,Friday,0,BD
20:47:00,Friday,0,BD
20:55:00,Friday,9,BD
21:24:00,Friday,11,YU
21:30:00,Friday,0,YU
21:50:00,Friday,0,YU
22:00:00,Friday,0,YU/BD
22:35:00,Friday,3,YU
23:00:00,Friday,0,BD
23:18:00,Friday,0,YU
23:20:00,Friday,0,YU
23:30:00,Friday,0,BD
00:22:00,Friday,3,YU
00:43:00,Friday,0,BD
01:28:00,Friday,0,YU
01:35:00,Friday,0,YU
01:50:00,Friday,0,YU
02:55:00,Friday,0,SHP
06:49:00,Friday,0,SHP
14:04:00,Friday,15,SHP
14:10:00,Friday,15,SHP
14:22:00,Friday,0,SHP
14:46:00,Friday,7,SHP
14:54:00,Friday,7,SHP
16:10:00,Friday,0,SHP
02:08:00,Saturday,0,YU
02:10:00,Saturday,0,BD
02:21:00,Saturday,0,YU
02:27:00,Saturday,0,BD
03:05:00,Saturday,0,YU
03:13:00,Saturday,0,BD
04:33:00,Saturday,0,YU
05:08:00,Saturday,0,YU
05:42:00,Saturday,8,YU
05:48:00,Saturday,5,YU
06:32:00,Saturday,0,YU
07:00:00,Saturday,25,YU
07:04:00,Saturday,3,YU
09:44:00,Saturday,0,YU
10:04:00,Saturday,0,YU
10:19:00,Saturday,0,YU
11:34:00,Saturday,5,YU
12:07:00,Saturday,0,BD
12:09:00,Saturday,4,BD
12:19:00,Saturday,0,YU
12:41:00,Saturday,3,YU
14:04:00,Saturday,0,YU
14:38:00,Saturday,0,BD
15:17:00,Saturday,5,YU
15:39:00,Saturday,23,BD
16:08:00,Saturday,0,YU
16:34:00,Saturday,5,BD
16:54:00,Saturday,0,YU
16:57:00,Saturday,0,BD
16:59:00,Saturday,0,BD
17:00:00,Saturday,0,BD
17:01:00,Saturday,0,BD
17:02:00,Saturday,0,YU
17:03:00,Saturday,0,YU
17:04:00,Saturday,0,BD
17:36:00,Saturday,3,YU
17:38:00,Saturday,0,BD
17:45:00,Saturday,8,BD
17:54:00,Saturday,0,YU
18:27:00,Saturday,0,BD
18:33:00,Saturday,0,BD
18:34:00,Saturday,0,YU
18:39:00,Saturday,4,YU
18:40:00,Saturday,0,BD
18:46:00,Saturday,0,YU
18:51:00,Saturday,0,YU
19:18:00,Saturday,3,BD
19:23:00,Saturday,26,BD
19:57:00,Saturday,0,YU
19:57:00,Saturday,0,BD
20:01:00,Saturday,3,YU
20:13:00,Saturday,0,YU
20:25:00,Saturday,0,YU
20:26:00,Saturday,5,BD
20:28:00,Saturday,0,BD
20:30:00,Saturday,0,YU
20:46:00,Saturday,0,BD
21:12:00,Saturday,0,BD
21:41:00,Saturday,0,YU
22:00:00,Saturday,0,YU/BD
22:14:00,Saturday,0,BD
22:57:00,Saturday,0,BD
22:58:00,Saturday,0,BD
23:50:00,Saturday,0,BD
00:08:00,Saturday,0,YU
00:26:00,Saturday,0,YU
00:30:00,Saturday,0,YU
00:39:00,Saturday,0,BD
00:50:00,Saturday,3,YU
01:04:00,Saturday,0,BD
01:41:00,Saturday,0,BD
12:37:00,Saturday,20,SHP
17:33:00,Saturday,0,SHP
00:29:00,Saturday,5,SHP
02:04:00,Sunday,0,BD
02:34:00,Sunday,0,YU
07:09:00,Sunday,0,BD
07:10:00,Sunday,0,YU
07:19:00,Sunday,0,YU
07:43:00,Sunday,9,BD
08:10:00,Sunday,5,BD
08:10:00,Sunday,4,BD
08:19:00,Sunday,5,BD
08:19:00,Sunday,9,BD
08:24:00,Sunday,4,BD
08:29:00,Sunday,8,BD
08:32:00,Sunday,0,BD
08:44:00,Sunday,0,YU
09:11:00,Sunday,0,BD
09:24:00,Sunday,3,BD
10:05:00,Sunday,4,BD
13:51:00,Sunday,0,BD
14:00:00,Sunday,4,BD
14:05:00,Sunday,0,BD
14:48:00,Sunday,6,BD
15:09:00,Sunday,3,YU
15:34:00,Sunday,5,BD
15:39:00,Sunday,0,BD
15:40:00,Sunday,9,BD
16:16:00,Sunday,0,BD
16:19:00,Sunday,0,BD
16:22:00,Sunday,0,BD
16:47:00,Sunday,0,BD
17:04:00,Sunday,0,BD
17:05:00,Sunday,0,YU
17:07:00,Sunday,0,BD
18:59:00,Sunday,0,BD
19:00:00,Sunday,0,BD
19:56:00,Sunday,0,YU
20:29:00,Sunday,0,YU
21:00:00,Sunday,4,YU
21:04:00,Sunday,100,YU
22:00:00,Sunday,0,YU & BD
22:50:00,Sunday,0,YU
23:14:00,Sunday,0,BD
23:17:00,Sunday,3,YU
23:58:00,Sunday,0,YU
01:09:00,Sunday,0,BD
01:10:00,Sunday,0,BD
01:18:00,Sunday,3,YU
01:41:00,Sunday,0,YU
02:03:00,Monday,0,BD
02:46:00,Monday,0,YU
02:49:00,Monday,0,YU
04:40:00,Monday,0,YU
05:15:00,Monday,0,YU
05:21:00,Monday,0,BD
05:38:00,Monday,12,YU
05:50:00,Monday,3,YU
06:16:00,Monday,0,YU
06:21:00,Monday,6,BD
06:31:00,Monday,0,YU
06:44:00,Monday,3,YU
06:48:00,Monday,0,YU
07:20:00,Monday,10,YU
07:57:00,Monday,2,BD
08:09:00,Monday,0,BD
08:18:00,Monday,14,BD
08:20:00,Monday,0,BD
08:25:00,Monday,24,BD
08:33:00,Monday,5,YU
08:37:00,Monday,2,BD
08:39:00,Monday,3,BD
08:45:00,Monday,2,BD
09:38:00,Monday,0,BD
10:56:00,Monday,0,BD
11:38:00,Monday,5,YU
11:58:00,Monday,0,YU
12:01:00,Monday,4,YU
12:07:00,Monday,0,BD
12:25:00,Monday,3,BD
12:32:00,Monday,0,YU
12:35:00,Monday,0,YU
12:41:00,Monday,0,YU
12:44:00,Monday,0,YU
13:53:00,Monday,12,BD
13:54:00,Monday,0,BD
13:58:00,Monday,0,YU
14:08:00,Monday,11,BD
14:16:00,Monday,0,BD
14:41:00,Monday,0,BD
14:58:00,Monday,3,YU
15:09:00,Monday,0,YU
15:18:00,Monday,0,YU
15:44:00,Monday,0,BD
15:55:00,Monday,0,YU
17:11:00,Monday,0,YU
17:15:00,Monday,0,YU
17:17:00,Monday,10,YU
17:24:00,Monday,3,YU
17:38:00,Monday,4,YU
17:57:00,Monday,0,YU
17:59:00,Monday,6,YU
18:15:00,Monday,14,BD
18:15:00,Monday,0,YU
18:19:00,Monday,0,YU
18:28:00,Monday,0,YU
18:30:00,Monday,0,YU
18:46:00,Monday,0,YU
19:22:00,Monday,0,BD
19:58:00,Monday,0,BD
20:18:00,Monday,0,BD
20:25:00,Monday,0,YU
20:28:00,Monday,0,BD
20:40:00,Monday,0,BD
20:49:00,Monday,0,BD
20:59:00,Monday,0,YU
21:08:00,Monday,0,BD
21:19:00,Monday,24,YU
21:32:00,Monday,4,BD
21:34:00,Monday,0,BD
21:41:00,Monday,0,YU
21:42:00,Monday,0,YU
21:46:00,Monday,16,YU
22:00:00,Monday,0,YU/ BD
22:06:00,Monday,0,BD
22:26:00,Monday,0,YU
22:28:00,Monday,6,YU
23:00:00,Monday,0,BD
23:23:00,Monday,0,BD
23:26:00,Monday,5,YU
00:10:00,Monday,0,BD
00:26:00,Monday,0,BD
00:36:00,Monday,21,BD
01:23:00,Monday,0,BD
01:52:00,Monday,0,BD
01:55:00,Monday,0,YU
02:45:00,Monday,0,SHP
14:26:00,Monday,6,SHP
16:50:00,Monday,4,SHP
02:02:00,Tuesday,4,YU
04:13:00,Tuesday,0,BD
04:24:00,Tuesday,0,BD
05:06:00,Tuesday,0,BD
05:40:00,Tuesday,53,BD
05:42:00,Tuesday,7,BD
05:54:00,Tuesday,4,YU
05:54:00,Tuesday,0,BD
06:06:00,Tuesday,5,YU
06:11:00,Tuesday,0,BD
06:19:00,Tuesday,5,YU
06:24:00,Tuesday,0,YU
06:34:00,Tuesday,0,YU
06:44:00,Tuesday,4,YU
07:19:00,Tuesday,0,BD
07:34:00,Tuesday,3,BD
09:20:00,Tuesday,4,BD
09:43:00,Tuesday,0,BD
10:01:00,Tuesday,4,YU
10:03:00,Tuesday,0,BD
10:31:00,Tuesday,0,BD
10:39:00,Tuesday,9,YU
10:54:00,Tuesday,4,BD
10:56:00,Tuesday,0,BD
11:04:00,Tuesday,0,BD
11:09:00,Tuesday,0,YU
11:45:00,Tuesday,0,BD
12:24:00,Tuesday,0,BD
12:26:00,Tuesday,9,BD
12:40:00,Tuesday,4,YU
12:50:00,Tuesday,3,YU
13:54:00,Tuesday,0,BD
13:56:00,Tuesday,16,BD
13:58:00,Tuesday,5,YU
15:00:00,Tuesday,0,BD
15:02:00,Tuesday,0,BD
15:04:00,Tuesday,3,YU
15:15:00,Tuesday,3,BD
15:48:00,Tuesday,0,BD
16:07:00,Tuesday,0,YU
16:10:00,Tuesday,0,BD
16:51:00,Tuesday,0,BD
17:23:00,Tuesday,3,YU
18:01:00,Tuesday,0,YU
18:25:00,Tuesday,21,YU
18:25:00,Tuesday,0,BD
18:43:00,Tuesday,0,BD
18:51:00,Tuesday,0,BD
18:58:00,Tuesday,0,BD
18:59:00,Tuesday,4,YU
19:12:00,Tuesday,3,YU
19:52:00,Tuesday,0,YU
20:14:00,Tuesday,0,YU
20:33:00,Tuesday,8,BD
20:36:00,Tuesday,9,YU
21:32:00,Tuesday,0,BD
22:00:00,Tuesday,0,YU/BD
23:00:00,Tuesday,0,BD
23:21:00,Tuesday,0,YU
23:23:00,Tuesday,6,YU
00:12:00,Tuesday,7,YU
00:25:00,Tuesday,0,YU
00:28:00,Tuesday,11,YU
01:00:00,Tuesday,0,BD
01:20:00,Tuesday,0,YU
01:27:00,Tuesday,0,YU
01:29:00,Tuesday,13,YU
07:59:00,Tuesday,0,SHP
10:10:00,Tuesday,0,SHP
13:25:00,Tuesday,4,SHP
14:44:00,Tuesday,33,SHP
15:28:00,Tuesday,4,SHP
01:01:00,Tuesday,0,SHP
05:14:00,Wednesday,0,YU
05:38:00,Wednesday,14,YU
05:46:00,Wednesday,3,YU
06:41:00,Wednesday,0,YU
06:42:00,Wednesday,13,YU
06:55:00,Wednesday,0,BD
07:21:00,Wednesday,11,YU
07:42:00,Wednesday,257,YU
08:22:00,Wednesday,0,BD
08:24:00,Wednesday,0,YU
08:49:00,Wednesday,0,YU
08:57:00,Wednesday,3,YU
09:03:00,Wednesday,0,YU
09:05:00,Wednesday,0,YU
09:07:00,Wednesday,0,YU
09:15:00,Wednesday,0,YU
09:39:00,Wednesday,4,YU
09:52:00,Wednesday,0,YU
11:41:00,Wednesday,0,BD
12:04:00,Wednesday,0,YU
12:08:00,Wednesday,0,YU
12:11:00,Wednesday,12,YU
12:31:00,Wednesday,4,YU
12:32:00,Wednesday,5,YU
13:08:00,Wednesday,3,BD
13:29:00,Wednesday,0,BD
13:37:00,Wednesday,79,BD
14:10:00,Wednesday,9,BD
14:19:00,Wednesday,7,BD
14:29:00,Wednesday,0,BD
14:34:00,Wednesday,4,YU
14:37:00,Wednesday,4,YU
14:42:00,Wednesday,0,YU
14:42:00,Wednesday,0,BD
15:38:00,Wednesday,4,YU
16:05:00,Wednesday,0,YU
16:11:00,Wednesday,0,YU
16:55:00,Wednesday,0,BD
16:59:00,Wednesday,0,YU
17:35:00,Wednesday,4,YU
18:07:00,Wednesday,0,BD
18:26:00,Wednesday,0,YU
18:26:00,Wednesday,0,BD
18:36:00,Wednesday,0,YU
19:02:00,Wednesday,0,YU
19:05:00,Wednesday,3,YU
19:10:00,Wednesday,10,BD
19:13:00,Wednesday,0,YU
19:46:00,Wednesday,0,BD
20:33:00,Wednesday,0,BD
20:49:00,Wednesday,5,BD
21:31:00,Wednesday,21,BD
22:00:00,Wednesday,0,YU
22:00:00,Wednesday,0,YU/BD
22:01:00,Wednesday,0,BD
22:10:00,Wednesday,16,BD
22:26:00,Wednesday,0,BD
22:28:00,Wednesday,0,BD
22:31:00,Wednesday,0,YU
22:40:00,Wednesday,6,YU
23:00:00,Wednesday,0,BD
23:00:00,Wednesday,0,BD
23:29:00,Wednesday,0,YU
23:32:00,Wednesday,0,YU
23:41:00,Wednesday,4,YU
00:46:00,Wednesday,0,YU
01:36:00,Wednesday,0,BD
08:47:00,Wednesday,0,SHP
15:41:00,Wednesday,0,SHP
22:24:00,Wednesday,0,SHP
02:00:00,Thursday,0,YU
02:17:00,Thursday,0,YU
03:36:00,Thursday,0,BD
05:36:00,Thursday,5,BD
05:51:00,Thursday,3,YU
06:00:00,Thursday,0,YU/BD
06:45:00,Thursday,0,BD
06:56:00,Thursday,0,YU
07:51:00,Thursday,0,YU
08:34:00,Thursday,0,BD
08:41:00,Thursday,0,YU
08:48:00,Thursday,0,BD
08:56:00,Thursday,4,BD
09:38:00,Thursday,9,BD
11:42:00,Thursday,6,YU
11:50:00,Thursday,0,BD
12:01:00,Thursday,0,YU
12:46:00,Thursday,4,BD
13:22:00,Thursday,0,YU
13:28:00,Thursday,4,YU
13:33:00,Thursday,5,BD
13:45:00,Thursday,4,BD
13:52:00,Thursday,0,BD
13:55:00,Thursday,8,YU
14:13:00,Thursday,0,YU
14:50:00,Thursday,12,YU
15:11:00,Thursday,9,BD
15:15:00,Thursday,0,BD
15:20:00,Thursday,5,YU
15:41:00,Thursday,0,BD
15:42:00,Thursday,0,BD
16:11:00,Thursday,3,BD
16:26:00,Thursday,9,BD
17:00:00,Thursday,0,YU
17:01:00,Thursday,0,YU
17:25:00,Thursday,0,BD
17:33:00,Thursday,2,YU
17:42:00,Thursday,3,BD
17:51:00,Thursday,0,YU
17:55:00,Thursday,0,BD
18:20:00,Thursday,0,BD
18:35:00,Thursday,0,BD
19:10:00,Thursday,0,YU
19:17:00,Thursday,0,BD
20:09:00,Thursday,0,BD
20:11:00,Thursday,0,YU
20:32:00,Thursday,5,BD
20:35:00,Thursday,0,BD
20:49:00,Thursday,0,BD
20:50:00,Thursday,3,BD
21:02:00,Thursday,0,YU
21:03:00,Thursday,0,BD
21:42:00,Thursday,0,YU
21:54:00,Thursday,13,BD
21:55:00,Thursday,4,YU
22:00:00,Thursday,0,YU/ BD
22:05:00,Thursday,0,BD
22:33:00,Thursday,0,BD
22:46:00,Thursday,23,YU
23:00:00,Thursday,0,BD
00:09:00,Thursday,0,YU
00:13:00,Thursday,12,YU
05:56:00,Thursday,12,SHP
06:00:00,Thursday,0,SHP
08:14:00,Thursday,0,SHP
08:19:00,Thursday,9,SHP
02:40:00,Friday,0,YU
05:00:00,Friday,7,BD
05:46:00,Friday,5,YU
06:58:00,Friday,0,YU
07:19:00,Friday,3,BD
07:26:00,Friday,0,YU
08:15:00,Friday,5,YU
08:26:00,Friday,6,YU
08:55:00,Friday,0,YU
08:59:00,Friday,0,YU
09:02:00,Friday,0,YU
09:31:00,Friday,3,BD
09:42:00,Friday,0,YU
10:06:00,Friday,0,YU
10:39:00,Friday,12,YU
10:40:00,Friday,0,BD
11:49:00,Friday,5,YU
11:53:00,Friday,0,YU
11:59:00,Friday,0,YU
13:02:00,Friday,0,BD
13:22:00,Friday,5,YU
13:29:00,Friday,0,BD
13:35:00,Friday,4,BD
13:59:00,Friday,0,YU
14:10:00,Friday,3,YU
14:11:00,Friday,0,YU
14:17:00,Friday,0,YU
14:36:00,Friday,0,YU
14:50:00,Friday,0,YU
15:10:00,Friday,0,YU
15:10:00,Friday,0,YU
15:23:00,Friday,23,YU
15:47:00,Friday,4,YU
15:59:00,Friday,3,BD
16:00:00,Friday,0,YU
16:19:00,Friday,0,YU
16:26:00,Friday,0,YU
17:01:00,Friday,0,BD
17:04:00,Friday,9,YU
17:10:00,Friday,8,BD
17:18:00,Friday,0,BD
17:41:00,Friday,0,BD
18:28:00,Friday,3,YU
18:40:00,Friday,0,YU
19:21:00,Friday,0,BD
19:46:00,Friday,0,BD
19:52:00,Friday,0,BD
20:03:00,Friday,0,YU
20:49:00,Friday,0,YU
21:02:00,Friday,3,YU
21:06:00,Friday,0,YU
21:08:00,Friday,4,BD
21:29:00,Friday,0,BD
21:46:00,Friday,0,YU
21:53:00,Friday,0,YU
22:00:00,Friday,0,YU/BD
22:14:00,Friday,0,BD
23:00:00,Friday,0,BD
23:04:00,Friday,3,YU
23:25:00,Friday,0,YU
23:35:00,Friday,0,YU
23:39:00,Friday,0,BD
23:41:00,Friday,0,BD
23:44:00,Friday,8,YU
23:47:00,Friday,0,YU
23:56:00,Friday,0,YU
00:29:00,Friday,0,YU
00:48:00,Friday,0,BD
00:53:00,Friday,6,YU
01:12:00,Friday,0,YU
01:37:00,Friday,0,YU
01:37:00,Friday,0,YU
02:44:00,Saturday,0,YU
04:23:00,Saturday,0,BD
05:00:00,Saturday,0,BD
05:33:00,Saturday,6,YU
05:39:00,Saturday,12,YU
05:40:00,Saturday,0,YU
05:54:00,Saturday,6,YU
06:06:00,Saturday,6,YU
06:14:00,Saturday,0,BD
07:27:00,Saturday,0,BD
10:33:00,Saturday,0,BD
10:44:00,Saturday,3,BD
11:28:00,Saturday,5,BD
11:41:00,Saturday,0,YU
12:09:00,Saturday,0,BD
12:28:00,Saturday,0,YU
12:38:00,Saturday,4,YU
13:07:00,Saturday,0,BD
13:41:00,Saturday,5,YU
14:10:00,Saturday,0,YU
14:37:00,Saturday,0,BD
15:20:00,Saturday,3,YU
15:57:00,Saturday,3,YU
16:32:00,Saturday,0,BD
16:37:00,Saturday,0,BD
16:38:00,Saturday,0,BD
17:07:00,Saturday,3,YU
17:21:00,Saturday,0,YU
18:27:00,Saturday,0,BD
18:37:00,Saturday,0,YU
18:40:00,Saturday,5,YU
19:35:00,Saturday,0,BD
19:53:00,Saturday,8,YU
19:54:00,Saturday,0,BD
20:05:00,Saturday,6,YU
20:22:00,Saturday,0,YU
20:57:00,Saturday,3,BD
21:31:00,Saturday,0,BD
22:00:00,Saturday,0,YU/BD
22:04:00,Saturday,0,BD
22:28:00,Saturday,0,YU
22:45:00,Saturday,0,YU
22:54:00,Saturday,0,BD
22:55:00,Saturday,0,YU
22:58:00,Saturday,0,YU
22:59:00,Saturday,0,BD
23:09:00,Saturday,5,BD
23:46:00,Saturday,5,BD
00:39:00,Saturday,0,BD
00:42:00,Saturday,5,BD
00:55:00,Saturday,5,BD
01:04:00,Saturday,0,BD
01:32:00,Saturday,3,BD
01:45:00,Saturday,0,YU
16:13:00,Saturday,0,SHP
21:38:00,Saturday,0,SHP
02:03:00,Sunday,0,YU
02:20:00,Sunday,0,YU
03:03:00,Sunday,0,YU
03:05:00,Sunday,0,YU
04:50:00,Sunday,0,YU
07:59:00,Sunday,0,BD
08:14:00,Sunday,5,BD
08:16:00,Sunday,116,BD
08:30:00,Sunday,0,YU
08:47:00,Sunday,7,YU
09:13:00,Sunday,0,YU
09:37:00,Sunday,0,BD
09:46:00,Sunday,0,YU
09:49:00,Sunday,0,YU
09:50:00,Sunday,3,BD
10:19:00,Sunday,0,BD
10:46:00,Sunday,0,BD
10:56:00,Sunday,4,YU
11:13:00,Sunday,12,YU
11:19:00,Sunday,0,BD
13:16:00,Sunday,0,BD
13:27:00,Sunday,0,BD
13:35:00,Sunday,0,YU
13:44:00,Sunday,0,BD
14:06:00,Sunday,0,BD
14:33:00,Sunday,0,BD
14:33:00,Sunday,0,YU
14:53:00,Sunday,6,YU
15:17:00,Sunday,0,BD
15:29:00,Sunday,0,YU
15:31:00,Sunday,0,YU
15:50:00,Sunday,0,BD
15:58:00,Sunday,0,YU
16:18:00,Sunday,0,YU
16:42:00,Sunday,0,BD
16:45:00,Sunday,3,BD
16:45:00,Sunday,0,BD
17:11:00,Sunday,0,YU
17:19:00,Sunday,17,YU
17:20:00,Sunday,0,BD
17:34:00,Sunday,5,YU
17:44:00,Sunday,3,BD
18:00:00,Sunday,0,BD
18:15:00,Sunday,0,BD
18:43:00,Sunday,0,BD
19:51:00,Sunday,0,YU
21:25:00,Sunday,5,YU
22:00:00,Sunday,0,YU/BD
22:25:00,Sunday,11,BD
00:11:00,Sunday,8,BD
01:16:00,Sunday,0,YU
01:32:00,Sunday,3,BD
02:24:00,Monday,0,BD
04:37:00,Monday,0,BD
05:45:00,Monday,5,YU
05:48:00,Monday,4,BD
05:49:00,Monday,5,BD
05:50:00,Monday,5,YU
05:55:00,Monday,3,BD
06:22:00,Monday,0,BD
06:50:00,Monday,0,BD
06:53:00,Monday,0,YU
06:56:00,Monday,3,YU
07:03:00,Monday,0,BD
07:06:00,Monday,4,YU
07:14:00,Monday,4,YU
07:26:00,Monday,0,BD
07:29:00,Monday,0,BD
07:31:00,Monday,8,YU
07:44:00,Monday,9,BD
07:47:00,Monday,0,BD
07:55:00,Monday,0,BD
07:56:00,Monday,0,BD
08:02:00,Monday,3,BD
08:16:00,Monday,4,BD
08:17:00,Monday,0,YU
08:18:00,Monday,0,BD
08:19:00,Monday,3,YU
08:20:00,Monday,3,BD
08:34:00,Monday,0,YU
08:45:00,Monday,0,BD
09:10:00,Monday,4,YU
09:18:00,Monday,0,BD
09:38:00,Monday,3,YU
10:14:00,Monday,3,YU
10:21:00,Monday,3,YU
10:22:00,Monday,0,BD
10:33:00,Monday,0,YU
10:47:00,Monday,17,BD
10:59:00,Monday,0,BD
11:31:00,Monday,4,BD
14:15:00,Monday,0,YU
14:25:00,Monday,4,BD
14:26:00,Monday,0,YU
14:46:00,Monday,8,YU
15:14:00,Monday,3,BD
15:25:00,Monday,0,YU
15:45:00,Monday,3,YU
16:04:00,Monday,3,BD
16:17:00,Monday,5,BD
16:25:00,Monday,0,BD
16:34:00,Monday,0,YU
16:46:00,Monday,0,YU
16:47:00,Monday,0,YU
16:48:00,Monday,0,YU
17:40:00,Monday,3,BD
17:43:00,Monday,6,YU
18:21:00,Monday,10,BD
18:52:00,Monday,22,YU
19:06:00,Monday,0,YU
20:12:00,Monday,0,BD
21:10:00,Monday,0,YU
21:16:00,Monday,0,YU
21:25:00,Monday,5,YU
21:33:00,Monday,0,BD
21:40:00,Monday,0,BD
21:51:00,Monday,3,BD
21:52:00,Monday,0,BD
21:53:00,Monday,0,YU
21:58:00,Monday,0,BD
22:00:00,Monday,0,YU/BD
22:02:00,Monday,3,BD
22:28:00,Monday,3,YU
22:31:00,Monday,0,YU
23:00:00,Monday,0,BD
23:05:00,Monday,10,YU
23:10:00,Monday,4,YU
23:14:00,Monday,0,YU
23:15:00,Monday,5,BD
23:18:00,Monday,0,YU
23:18:00,Monday,0,YU
23:21:00,Monday,5,YU
23:46:00,Monday,0,BD
00:14:00,Monday,0,YU
00:26:00,Monday,32,BD
01:40:00,Monday,0,YU
09:31:00,Monday,0,SHP
12:44:00,Monday,0,SHP
13:20:00,Monday,0,SHP
17:22:00,Monday,0,SHP
02:04:00,Tuesday,6,YU
02:12:00,Tuesday,0,YU
04:58:00,Tuesday,0,YU
05:14:00,Tuesday,0,BD
05:20:00,Tuesday,0,YU
05:30:00,Tuesday,0,BD
05:47:00,Tuesday,0,YU
05:50:00,Tuesday,4,YU
05:58:00,Tuesday,3,YU
06:01:00,Tuesday,3,YU
06:04:00,Tuesday,4,YU
06:20:00,Tuesday,3,BD
07:03:00,Tuesday,7,YU
07:41:00,Tuesday,7,YU
08:07:00,Tuesday,0,BD
08:14:00,Tuesday,0,YU
08:15:00,Tuesday,0,YU
08:29:00,Tuesday,0,BD
08:31:00,Tuesday,0,BD
09:00:00,Tuesday,0,BD
09:09:00,Tuesday,0,BD
09:25:00,Tuesday,0,YU
09:33:00,Tuesday,3,YU
10:25:00,Tuesday,0,YU
10:25:00,Tuesday,0,YU
10:39:00,Tuesday,4,YU
11:05:00,Tuesday,15,YU
11:20:00,Tuesday,19,YU
11:39:00,Tuesday,0,YU
11:40:00,Tuesday,0,BD
11:43:00,Tuesday,3,BD
13:37:00,Tuesday,4,BD
15:03:00,Tuesday,0,BD
15:12:00,Tuesday,0,YU
15:25:00,Tuesday,4,BD
15:28:00,Tuesday,4,BD
15:57:00,Tuesday,4,BD
16:10:00,Tuesday,0,BD
16:35:00,Tuesday,4,YU
16:39:00,Tuesday,8,YU
16:45:00,Tuesday,3,YU
16:50:00,Tuesday,0,YU
16:50:00,Tuesday,0,BD
16:55:00,Tuesday,3,YU
17:00:00,Tuesday,0,BD
17:18:00,Tuesday,0,BD
17:25:00,Tuesday,0,BD
17:39:00,Tuesday,7,BD
17:53:00,Tuesday,0,BD
18:14:00,Tuesday,0,BD
18:50:00,Tuesday,8,YU
19:00:00,Tuesday,5,BD
19:33:00,Tuesday,0,BD
19:36:00,Tuesday,0,BD
19:38:00,Tuesday,5,YU
20:29:00,Tuesday,0,YU
20:59:00,Tuesday,0,YU
21:03:00,Tuesday,0,BD
21:37:00,Tuesday,0,BD
21:52:00,Tuesday,0,YU
21:57:00,Tuesday,0,BD
22:00:00,Tuesday,0,BD/ YUS
23:00:00,Tuesday,0,BD
23:36:00,Tuesday,3,YU
23:37:00,Tuesday,0,BD
23:52:00,Tuesday,3,BD
00:33:00,Tuesday,5,YU
00:42:00,Tuesday,3,YU
00:46:00,Tuesday,0,YU
20:48:00,Tuesday,30,SHP
02:02:00,Wednesday,0,BD
03:01:00,Wednesday,0,BD
04:31:00,Wednesday,3,YU
05:15:00,Wednesday,0,YU
05:37:00,Wednesday,0,BD
05:39:00,Wednesday,11,YU
05:44:00,Wednesday,15,YU
05:50:00,Wednesday,4,YU
06:00:00,Wednesday,0,YU/BD
06:17:00,Wednesday,3,YU
06:37:00,Wednesday,6,YU
06:48:00,Wednesday,6,YU
06:58:00,Wednesday,0,YU
07:04:00,Wednesday,3,BD
07:22:00,Wednesday,0,BD
07:50:00,Wednesday,3,YU
07:51:00,Wednesday,0,BD
07:57:00,Wednesday,0,BD
08:09:00,Wednesday,3,YU
08:42:00,Wednesday,0,BD
08:48:00,Wednesday,0,YU
10:13:00,Wednesday,0,BD
10:17:00,Wednesday,0,BD
10:29:00,Wednesday,0,BD
11:15:00,Wednesday,4,BD
11:21:00,Wednesday,0,BD
14:12:00,Wednesday,5,YU
14:25:00,Wednesday,4,BD
14:28:00,Wednesday,0,BD
14:30:00,Wednesday,0,BD
14:30:00,Wednesday,5,YU
14:31:00,Wednesday,14,YU
14:32:00,Wednesday,4,BD
14:36:00,Wednesday,4,BD
14:47:00,Wednesday,0,YU
15:40:00,Wednesday,0,BD
15:53:00,Wednesday,0,BD
16:28:00,Wednesday,5,YU
16:34:00,Wednesday,0,YU
16:41:00,Wednesday,13,YU
16:55:00,Wednesday,3,BD
17:13:00,Wednesday,0,BD
17:14:00,Wednesday,0,YU
17:25:00,Wednesday,0,BD
17:47:00,Wednesday,7,YU
18:01:00,Wednesday,6,YU
18:37:00,Wednesday,3,YU
19:01:00,Wednesday,0,BD
19:23:00,Wednesday,0,BD
19:25:00,Wednesday,0,YU
19:34:00,Wednesday,4,BD
20:53:00,Wednesday,3,BD
21:34:00,Wednesday,0,BD
22:00:00,Wednesday,0,YU/BD
22:10:00,Wednesday,0,YU
23:00:00,Wednesday,0,BD
23:09:00,Wednesday,0,BD
23:21:00,Wednesday,0,BD
23:36:00,Wednesday,0,BD
23:49:00,Wednesday,4,BD
00:07:00,Wednesday,0,YU
01:57:00,Wednesday,0,YU
06:00:00,Wednesday,0,SHP
12:29:00,Wednesday,12,SHP
04:51:00,Thursday,0,YU
05:15:00,Thursday,0,BD
05:40:00,Thursday,0,BD
05:43:00,Thursday,0,BD
05:47:00,Thursday,0,YU
05:54:00,Thursday,0,BD
06:04:00,Thursday,5,BD
06:24:00,Thursday,0,BD
07:14:00,Thursday,0,BD
07:24:00,Thursday,0,YU
07:54:00,Thursday,0,BD
08:25:00,Thursday,0,YU
08:34:00,Thursday,0,BD
09:22:00,Thursday,0,BD
09:29:00,Thursday,4,YU
10:56:00,Thursday,8,YU
11:51:00,Thursday,3,YU
11:54:00,Thursday,0,BD
11:56:00,Thursday,0,YU
12:09:00,Thursday,3,YU
12:11:00,Thursday,0,BD
12:45:00,Thursday,0,BD
13:06:00,Thursday,0,BD
14:25:00,Thursday,3,YU
14:31:00,Thursday,0,YU
14:39:00,Thursday,4,BD
15:30:00,Thursday,13,YU
15:50:00,Thursday,0,YU
15:58:00,Thursday,11,BD
16:19:00,Thursday,0,YU
16:31:00,Thursday,10,YU
16:39:00,Thursday,0,YU
16:42:00,Thursday,0,YU
16:44:00,Thursday,2,YU
16:46:00,Thursday,0,YU
16:47:00,Thursday,10,YU
16:53:00,Thursday,2,YU
17:02:00,Thursday,2,YU
17:04:00,Thursday,5,BD
17:08:00,Thursday,2,YU
17:18:00,Thursday,0,YU
17:20:00,Thursday,0,YU
17:21:00,Thursday,24,YU
17:21:00,Thursday,0,YU
18:43:00,Thursday,7,BD
18:47:00,Thursday,3,YU
19:11:00,Thursday,0,BD
19:27:00,Thursday,0,YU
19:30:00,Thursday,0,YU
20:26:00,Thursday,0,YU
20:29:00,Thursday,4,YU
20:46:00,Thursday,0,YU
20:58:00,Thursday,0,BD
21:00:00,Thursday,0,BD
21:01:00,Thursday,3,BD
21:04:00,Thursday,0,BD
21:08:00,Thursday,0,BD
21:10:00,Thursday,3,YU
21:22:00,Thursday,0,BD
21:35:00,Thursday,3,YU
21:36:00,Thursday,0,YU
21:41:00,Thursday,0,BD
21:49:00,Thursday,0,YU
22:00:00,Thursday,0,BD/ YU
22:14:00,Thursday,19,BD
22:22:00,Thursday,0,YU
22:34:00,Thursday,0,BD
23:11:00,Thursday,0,BD
00:03:00,Thursday,6,BD
00:03:00,Thursday,0,YU
00:18:00,Thursday,0,BD
00:20:00,Thursday,0,BD
00:27:00,Thursday,0,BD
00:52:00,Thursday,5,BD
01:10:00,Thursday,3,BD
01:40:00,Thursday,8,YU
08:46:00,Thursday,0,SHP
09:55:00,Thursday,0,SHP
09:56:00,Thursday,4,SHP
11:44:00,Thursday,0,SHP
11:46:00,Thursday,0,SHP
13:32:00,Thursday,0,SHP
13:34:00,Thursday,0,SHP
13:42:00,Thursday,9,SHP
14:09:00,Thursday,6,SHP
14:30:00,Thursday,7,SHP
22:31:00,Thursday,17,SHP
02:03:00,Friday,0,BD
03:09:00,Friday,0,YU
05:35:00,Friday,0,BD
05:50:00,Friday,5,YU
06:22:00,Friday,0,BD
06:31:00,Friday,0,BD
07:12:00,Friday,0,YU
07:35:00,Friday,0,BD
07:35:00,Friday,0,YU
07:52:00,Friday,0,BD
07:53:00,Friday,2,BD
07:58:00,Friday,0,BD
07:58:00,Friday,4,YU
08:33:00,Friday,5,YU
08:47:00,Friday,7,BD
09:01:00,Friday,9,BD
09:04:00,Friday,3,YU
09:31:00,Friday,5,BD
09:59:00,Friday,3,YU
10:15:00,Friday,5,BD
10:30:00,Friday,0,YU
10:32:00,Friday,0,BD
10:35:00,Friday,0,YU
10:41:00,Friday,0,YU
10:47:00,Friday,0,YU
10:50:00,Friday,3,YU
10:52:00,Friday,3,YU
10:54:00,Friday,4,YU
10:55:00,Friday,0,BD
11:36:00,Friday,0,BD
11:43:00,Friday,0,YU
11:45:00,Friday,0,YU
11:49:00,Friday,0,BD
12:21:00,Friday,5,YU
12:39:00,Friday,5,YU
13:23:00,Friday,0,YU
13:36:00,Friday,0,YU
13:47:00,Friday,5,BD
13:57:00,Friday,0,YU
14:03:00,Friday,5,YU
14:16:00,Friday,10,BD
14:39:00,Friday,3,YU
14:55:00,Friday,3,BD
14:58:00,Friday,0,BD
15:02:00,Friday,19,YU
15:21:00,Friday,19,YU
15:26:00,Friday,6,YU
15:33:00,Friday,4,BD
15:45:00,Friday,3,BD
15:47:00,Friday,3,BD
15:50:00,Friday,0,YU
15:57:00,Friday,3,YU
16:48:00,Friday,0,BD
16:52:00,Friday,0,YU
16:57:00,Friday,0,YU
17:07:00,Friday,3,YU
17:27:00,Friday,0,BD
17:43:00,Friday,0,YU
18:25:00,Friday,3,BD
18:30:00,Friday,0,BD
18:35:00,Friday,0,BD
18:46:00,Friday,0,BD
19:09:00,Friday,0,BD
19:21:00,Friday,3,YU
20:03:00,Friday,5,YU
20:24:00,Friday,0,BD
20:50:00,Friday,0,YU
20:59:00,Friday,11,YU
21:02:00,Friday,0,BD
21:03:00,Friday,3,YU
21:06:00,Friday,0,BD
21:49:00,Friday,0,SRT
22:00:00,Friday,0,YU/BD
22:07:00,Friday,15,YU
23:20:00,Friday,0,BD
23:44:00,Friday,0,BD
00:02:00,Friday,0,BD
00:12:00,Friday,0,BD
00:14:00,Friday,0,BD
00:42:00,Friday,17,BD
00:43:00,Friday,0,YU
00:52:00,Friday,0,YU
02:08:00,Saturday,0,BD
02:12:00,Saturday,0,YU
02:30:00,Saturday,0,YU
02:56:00,Saturday,0,YU
05:50:00,Saturday,5,BD
06:00:00,Saturday,0,BD
06:09:00,Saturday,6,YU
06:29:00,Saturday,0,YU
06:45:00,Saturday,0,BD
06:50:00,Saturday,0,BD
07:24:00,Saturday,6,YU
07:58:00,Saturday,0,BD
08:46:00,Saturday,0,BD
09:04:00,Saturday,14,YU
09:13:00,Saturday,10,YU
09:21:00,Saturday,10,BD
09:25:00,Saturday,0,YU
09:36:00,Saturday,20,YU
10:11:00,Saturday,0,YU
10:34:00,Saturday,3,YU
11:38:00,Saturday,10,BD
11:56:00,Saturday,0,YU
12:43:00,Saturday,0,YU
13:03:00,Saturday,0,YU
13:20:00,Saturday,0,YU
13:41:00,Saturday,0,BD
14:08:00,Saturday,0,BD
14:35:00,Saturday,3,YU
15:01:00,Saturday,0,YU
15:50:00,Saturday,0,BD
16:12:00,Saturday,13,YU
16:33:00,Saturday,0,BD
16:34:00,Saturday,0,BD
16:36:00,Saturday,0,YU
16:41:00,Saturday,11,BD
17:16:00,Saturday,4,YU
17:26:00,Saturday,0,YU
18:43:00,Saturday,7,YU
18:52:00,Saturday,0,BD
19:21:00,Saturday,0,YU
19:26:00,Saturday,0,YU
19:28:00,Saturday,0,BD
19:35:00,Saturday,0,YU
19:40:00,Saturday,0,YU
19:48:00,Saturday,0,YU
20:44:00,Saturday,0,BD
20:53:00,Saturday,0,YU
20:57:00,Saturday,7,BD
21:00:00,Saturday,0,BD
21:10:00,Saturday,4,YU
21:13:00,Saturday,0,YU
21:14:00,Saturday,0,YU
21:24:00,Saturday,5,YU
21:48:00,Saturday,3,YU
21:50:00,Saturday,16,YU
21:56:00,Saturday,0,YU
22:00:00,Saturday,0,YU/BD
22:01:00,Saturday,0,YU
22:05:00,Saturday,0,YU
22:41:00,Saturday,50,YU
22:53:00,Saturday,0,BD
23:04:00,Saturday,0,YU
00:27:00,Saturday,0,YU
01:10:00,Saturday,0,BD
01:12:00,Saturday,0,YU
01:38:00,Saturday,0,YU
16:01:00,Saturday,4,SHP
18:54:00,Saturday,0,SHP
02:18:00,Sunday,0,BD
03:09:00,Sunday,0,YU
08:00:00,Sunday,0,BD
08:03:00,Sunday,3,YU
08:18:00,Sunday,6,YU
08:22:00,Sunday,12,YU
08:32:00,Sunday,10,YU
08:37:00,Sunday,5,YU
09:02:00,Sunday,5,YU
09:02:00,Sunday,0,YU
09:12:00,Sunday,0,YU
09:24:00,Sunday,0,YU
09:28:00,Sunday,3,BD
09:51:00,Sunday,0,BD
09:51:00,Sunday,0,YU
10:02:00,Sunday,0,YU
10:09:00,Sunday,0,BD
10:43:00,Sunday,0,YU
10:43:00,Sunday,0,YU
11:02:00,Sunday,0,BD
11:06:00,Sunday,0,YU
11:35:00,Sunday,4,BD
11:44:00,Sunday,0,YU
11:47:00,Sunday,5,YU
11:50:00,Sunday,5,YU
12:38:00,Sunday,0,YU
13:58:00,Sunday,4,YU
14:22:00,Sunday,0,BD
14:41:00,Sunday,4,YU
14:44:00,Sunday,7,YU
15:49:00,Sunday,4,YU
16:07:00,Sunday,4,BD
17:31:00,Sunday,0,YU
17:46:00,Sunday,0,YU
18:10:00,Sunday,0,YU
18:12:00,Sunday,3,YU
18:56:00,Sunday,0,YU
19:38:00,Sunday,16,BD
20:14:00,Sunday,0,YU
20:16:00,Sunday,0,BD
20:17:00,Sunday,0,BD
20:32:00,Sunday,3,BD
20:40:00,Sunday,5,BD
20:58:00,Sunday,3,BD
21:11:00,Sunday,3,YU
21:31:00,Sunday,0,BD
21:31:00,Sunday,0,YU
22:00:00,Sunday,0,YU / BD
22:38:00,Sunday,3,BD
23:03:00,Sunday,0,YU
23:44:00,Sunday,0,YU
00:50:00,Sunday,0,YU
00:54:00,Sunday,0,BD
01:14:00,Sunday,4,YU
01:35:00,Sunday,9,YU
14:06:00,Sunday,0,SHP
02:02:00,Monday,0,YU
04:33:00,Monday,0,BD
05:38:00,Monday,10,YU
05:38:00,Monday,7,YU
05:50:00,Monday,4,YU
05:50:00,Monday,3,BD
05:53:00,Monday,5,YU
06:00:00,Monday,0,YUS/BD
06:03:00,Monday,4,YU
06:06:00,Monday,4,YU
06:16:00,Monday,4,YU
06:18:00,Monday,0,BD
06:29:00,Monday,0,YU
06:55:00,Monday,3,BD
07:44:00,Monday,0,YU
07:53:00,Monday,3,BD
08:08:00,Monday,0,YU
09:39:00,Monday,0,BD
10:07:00,Monday,0,YU
10:14:00,Monday,24,YU
10:19:00,Monday,0,YU
10:37:00,Monday,0,YU
10:51:00,Monday,6,YU
11:03:00,Monday,37,YU
11:05:00,Monday,8,BD
11:45:00,Monday,0,BD
12:06:00,Monday,0,BD
12:13:00,Monday,0,YU
12:34:00,Monday,3,BD
12:44:00,Monday,0,YU
13:03:00,Monday,0,BD
13:15:00,Monday,7,BD
13:34:00,Monday,6,YU
13:57:00,Monday,0,YU
13:57:00,Monday,0,BD
14:05:00,Monday,3,YU
14:13:00,Monday,3,YU
14:20:00,Monday,0,YU
14:52:00,Monday,0,YU
14:53:00,Monday,26,YU
15:14:00,Monday,0,YU
15:16:00,Monday,0,BD
15:21:00,Monday,0,YU
16:06:00,Monday,0,BD
16:28:00,Monday,0,BD
16:39:00,Monday,0,BD
16:56:00,Monday,0,BD
17:18:00,Monday,0,BD
18:06:00,Monday,4,YU
18:39:00,Monday,16,YU
18:45:00,Monday,12,BD
18:48:00,Monday,3,YU
19:05:00,Monday,0,BD
19:12:00,Monday,4,BD
19:22:00,Monday,33,YU
20:10:00,Monday,3,YU
20:43:00,Monday,0,YU
20:44:00,Monday,0,YU
21:45:00,Monday,0,BD
21:55:00,Monday,7,YU
22:00:00,Monday,0,YU/BD
22:01:00,Monday,0,BD
22:08:00,Monday,0,YU
22:18:00,Monday,3,YU
22:56:00,Monday,0,YU
23:00:00,Monday,0,BD
23:00:00,Monday,0,YU
23:11:00,Monday,0,BD
23:30:00,Monday,0,BD
00:06:00,Monday,0,BD
00:18:00,Monday,0,YU
00:27:00,Monday,6,YU
00:54:00,Monday,5,BD
01:37:00,Monday,0,BD
01:37:00,Monday,3,YU
06:00:00,Monday,0,SHP
05:13:00,Tuesday,0,BD
05:40:00,Tuesday,39,BD
05:47:00,Tuesday,4,BD
06:07:00,Tuesday,7,YU
06:22:00,Tuesday,7,YU
06:39:00,Tuesday,0,BD
06:44:00,Tuesday,7,BD
07:57:00,Tuesday,6,YU
08:07:00,Tuesday,3,BD
08:10:00,Tuesday,4,YU
08:25:00,Tuesday,3,YU
09:37:00,Tuesday,0,YU
10:35:00,Tuesday,0,BD
11:22:00,Tuesday,0,BD
12:10:00,Tuesday,0,BD
12:29:00,Tuesday,3,YU
12:55:00,Tuesday,0,BD
13:28:00,Tuesday,5,YU
13:33:00,Tuesday,3,BD
13:49:00,Tuesday,0,YU
13:55:00,Tuesday,0,YU
14:00:00,Tuesday,0,YU
14:08:00,Tuesday,0,BD
14:56:00,Tuesday,0,YU
14:57:00,Tuesday,0,YU
15:09:00,Tuesday,0,YU
15:13:00,Tuesday,0,BD
15:22:00,Tuesday,0,BD
15:31:00,Tuesday,0,YU
15:36:00,Tuesday,0,YU
15:51:00,Tuesday,9,YU
15:55:00,Tuesday,0,BD
16:28:00,Tuesday,0,YU
16:29:00,Tuesday,0,YU
16:34:00,Tuesday,0,YU
16:38:00,Tuesday,22,BD
17:21:00,Tuesday,0,YU
17:23:00,Tuesday,0,YU
18:04:00,Tuesday,0,BD
18:47:00,Tuesday,9,BD
19:11:00,Tuesday,0,BD
19:20:00,Tuesday,0,YU
20:22:00,Tuesday,0,BD
21:27:00,Tuesday,0,YU
21:30:00,Tuesday,0,YU
22:00:00,Tuesday,0,YU/BD
22:57:00,Tuesday,0,YU
23:00:00,Tuesday,0,BD
23:00:00,Tuesday,0,YU
23:18:00,Tuesday,5,BD
23:52:00,Tuesday,0,BD
00:32:00,Tuesday,0,BD
00:44:00,Tuesday,0,BD
00:56:00,Tuesday,0,YU
01:02:00,Tuesday,0,YU
01:33:00,Tuesday,0,YU
01:53:00,Tuesday,0,YU
02:46:00,Wednesday,0,BD
02:48:00,Wednesday,0,BD
02:50:00,Wednesday,0,YU
05:02:00,Wednesday,0,BD
05:40:00,Wednesday,5,BD
05:47:00,Wednesday,7,BD
05:49:00,Wednesday,0,BD
06:00:00,Wednesday,0,YU
06:01:00,Wednesday,4,YU
06:07:00,Wednesday,3,YU
06:24:00,Wednesday,5,BD
06:26:00,Wednesday,4,BD
07:35:00,Wednesday,0,BD
07:40:00,Wednesday,0,BD
07:58:00,Wednesday,0,BD
07:59:00,Wednesday,15,BD
08:23:00,Wednesday,3,YU
08:38:00,Wednesday,0,BD
08:45:00,Wednesday,0,BD
08:47:00,Wednesday,0,BD
08:50:00,Wednesday,0,YU
09:01:00,Wednesday,4,YU
09:02:00,Wednesday,5,BD
09:52:00,Wednesday,3,YU
10:11:00,Wednesday,0,YU
10:43:00,Wednesday,4,BD
10:44:00,Wednesday,0,BD
11:12:00,Wednesday,3,YU
11:18:00,Wednesday,0,YU
11:45:00,Wednesday,4,BD
13:17:00,Wednesday,3,BD
13:24:00,Wednesday,0,YU
13:53:00,Wednesday,0,YU
14:15:00,Wednesday,5,BD
14:29:00,Wednesday,0,BD
15:04:00,Wednesday,5,BD
15:17:00,Wednesday,0,YU
15:36:00,Wednesday,0,YU
16:23:00,Wednesday,0,YU
16:24:00,Wednesday,0,BD
16:25:00,Wednesday,3,BD
17:02:00,Wednesday,0,BD
17:08:00,Wednesday,5,YU
17:10:00,Wednesday,3,YU
17:58:00,Wednesday,3,BD
18:29:00,Wednesday,0,YU
18:51:00,Wednesday,3,YU
18:52:00,Wednesday,3,BD
19:04:00,Wednesday,0,YU
19:14:00,Wednesday,0,BD
19:32:00,Wednesday,0,YU
19:34:00,Wednesday,5,BD
19:34:00,Wednesday,4,BD
20:01:00,Wednesday,0,YU
20:04:00,Wednesday,0,BD
20:07:00,Wednesday,0,BD
20:28:00,Wednesday,3,YU
20:42:00,Wednesday,0,BD
20:48:00,Wednesday,0,BD
20:53:00,Wednesday,5,BD
20:55:00,Wednesday,8,YU
21:08:00,Wednesday,5,YU
21:29:00,Wednesday,0,YU
22:00:00,Wednesday,0,YU/BD
22:10:00,Wednesday,0,YU
22:14:00,Wednesday,0,BD
22:36:00,Wednesday,0,YU
23:00:00,Wednesday,0,BD
23:00:00,Wednesday,0,YU
23:01:00,Wednesday,0,BD
23:15:00,Wednesday,0,BD
23:28:00,Wednesday,0,BD
23:46:00,Wednesday,0,YU
00:30:00,Wednesday,6,YU
01:51:00,Wednesday,0,BD
07:32:00,Wednesday,0,SHP
02:24:00,Thursday,0,YU
02:26:00,Thursday,0,YU
02:28:00,Thursday,0,YU
02:39:00,Thursday,6,YU
02:43:00,Thursday,0,YU
05:47:00,Thursday,0,BD
05:48:00,Thursday,5,BD
06:03:00,Thursday,5,YU
06:06:00,Thursday,11,BD
06:15:00,Thursday,7,YU
06:47:00,Thursday,3,YU
07:14:00,Thursday,0,BD
07:19:00,Thursday,3,BD
07:22:00,Thursday,4,BD
08:06:00,Thursday,0,BD
08:47:00,Thursday,0,BD
08:57:00,Thursday,3,BD
09:07:00,Thursday,3,BD
09:09:00,Thursday,0,BD
09:50:00,Thursday,4,BD
10:22:00,Thursday,0,BD
10:30:00,Thursday,0,BD
11:12:00,Thursday,3,YU
11:34:00,Thursday,8,YU
11:51:00,Thursday,0,YU
11:58:00,Thursday,0,YU
12:00:00,Thursday,0,YU
12:08:00,Thursday,0,YU
13:16:00,Thursday,0,YU
13:56:00,Thursday,5,YU
13:59:00,Thursday,0,BD
14:11:00,Thursday,0,YU
14:16:00,Thursday,4,YU
14:33:00,Thursday,4,BD
14:52:00,Thursday,0,BD
15:18:00,Thursday,0,YU
15:28:00,Thursday,0,YU
15:49:00,Thursday,0,BD
16:00:00,Thursday,8,YU
16:14:00,Thursday,3,BD
16:25:00,Thursday,17,YU
16:35:00,Thursday,0,BD
16:41:00,Thursday,0,YU
16:59:00,Thursday,0,YU
17:00:00,Thursday,3,YU
17:16:00,Thursday,0,BD
17:27:00,Thursday,0,YU
17:30:00,Thursday,0,YU
17:31:00,Thursday,0,YU
17:40:00,Thursday,0,BD
19:05:00,Thursday,0,BD
19:12:00,Thursday,0,YU
19:25:00,Thursday,15,YU
19:41:00,Thursday,7,YU
19:57:00,Thursday,0,YU
21:32:00,Thursday,0,BD
21:39:00,Thursday,0,YU
21:56:00,Thursday,18,BD
22:00:00,Thursday,0,YU/BD
22:18:00,Thursday,0,BD
22:26:00,Thursday,0,BD
23:00:00,Thursday,0,BD
23:00:00,Thursday,0,YU
23:01:00,Thursday,0,BD
23:08:00,Thursday,0,BD
23:08:00,Thursday,6,BD
23:32:00,Thursday,0,BD
00:03:00,Thursday,8,BD
00:05:00,Thursday,0,BD
00:08:00,Thursday,0,BD
01:17:00,Thursday,0,BD
01:47:00,Thursday,0,YU
02:18:00,Friday,0,BD
04:53:00,Friday,0,BD
05:09:00,Friday,0,YU
05:17:00,Friday,0,YU
06:28:00,Friday,8,YU
06:49:00,Friday,0,BD
06:53:00,Friday,0,YU
06:59:00,Friday,0,BD
07:00:00,Friday,0,BD
07:07:00,Friday,0,BD
07:10:00,Friday,0,BD
07:46:00,Friday,4,YU
08:16:00,Friday,16,YU
08:19:00,Friday,3,YU
08:28:00,Friday,7,YU
08:34:00,Friday,0,YU
08:51:00,Friday,0,BD
09:27:00,Friday,7,BD
09:35:00,Friday,3,BD
09:49:00,Friday,0,BD
10:12:00,Friday,0,YU
10:42:00,Friday,0,BD
11:09:00,Friday,0,BD
11:37:00,Friday,3,BD
11:40:00,Friday,0,BD
11:45:00,Friday,7,YU
11:49:00,Friday,0,BD
12:11:00,Friday,3,YU
12:19:00,Friday,0,BD
12:24:00,Friday,0,BD
13:35:00,Friday,0,YU
13:56:00,Friday,0,YU
13:58:00,Friday,0,BD
14:15:00,Friday,0,YU
14:30:00,Friday,0,BD
14:30:00,Friday,0,BD
15:36:00,Friday,12,YU
15:48:00,Friday,3,YU
15:56:00,Friday,0,BD
16:44:00,Friday,0,YU
16:46:00,Friday,0,YU
16:46:00,Friday,0,BD
16:57:00,Friday,21,YU
17:01:00,Friday,3,YU
17:22:00,Friday,0,BD
17:50:00,Friday,0,YU
18:00:00,Friday,0,YU
18:02:00,Friday,0,BD
19:19:00,Friday,5,BD
19:23:00,Friday,3,YU
19:27:00,Friday,3,BD
19:49:00,Friday,4,BD
19:54:00,Friday,7,YU
20:42:00,Friday,3,YU
22:00:00,Friday,0,YU/BD
22:25:00,Friday,5,YU
22:48:00,Friday,0,YU
23:00:00,Friday,0,BD
23:02:00,Friday,0,BD
23:57:00,Friday,0,BD
00:13:00,Friday,0,BD
00:16:00,Friday,0,BD
00:38:00,Friday,0,BD
00:56:00,Friday,0,YU
14:07:00,Friday,0,SHP
16:12:00,Friday,0,SHP
16:24:00,Friday,0,SHP
22:13:00,Friday,11,SHP
05:20:00,Saturday,0,BD
05:35:00,Saturday,0,YU
05:40:00,Saturday,0,YU
05:48:00,Saturday,0,BD
06:17:00,Saturday,0,YU
06:46:00,Saturday,12,YU
07:43:00,Saturday,0,YU
07:48:00,Saturday,0,BD
08:01:00,Saturday,0,YU
09:17:00,Saturday,0,YU
09:53:00,Saturday,0,BD
10:02:00,Saturday,0,YU
10:12:00,Saturday,0,BD
10:50:00,Saturday,4,YU
10:51:00,Saturday,0,BD
10:52:00,Saturday,0,YU
10:57:00,Saturday,4,BD
11:00:00,Saturday,0,BD
11:15:00,Saturday,0,YU
12:05:00,Saturday,3,YU
12:30:00,Saturday,4,BD
13:59:00,Saturday,0,YU
14:06:00,Saturday,0,BD
14:12:00,Saturday,4,YU
14:30:00,Saturday,0,YU
14:33:00,Saturday,0,YU
15:31:00,Saturday,5,YU
17:06:00,Saturday,0,BD
17:29:00,Saturday,0,BD
17:30:00,Saturday,15,YU
18:02:00,Saturday,3,BD
18:06:00,Saturday,3,BD
18:20:00,Saturday,3,BD
18:28:00,Saturday,0,BD
18:34:00,Saturday,20,YU
18:36:00,Saturday,0,BD
18:40:00,Saturday,4,YU
18:44:00,Saturday,0,BD
19:00:00,Saturday,0,YU
19:28:00,Saturday,15,YU
19:45:00,Saturday,0,YU
20:00:00,Saturday,14,BD
20:14:00,Saturday,6,BD
20:18:00,Saturday,0,BD
20:20:00,Saturday,5,YU
22:00:00,Saturday,0,YU/BD
22:31:00,Saturday,0,YU
22:32:00,Saturday,0,YU
23:07:00,Saturday,8,BD
23:11:00,Saturday,0,BD
23:11:00,Saturday,19,YU
23:15:00,Saturday,0,YU
23:48:00,Saturday,51,YU
23:50:00,Saturday,6,YU
23:53:00,Saturday,0,YU
00:04:00,Saturday,0,YU
00:05:00,Saturday,0,YU
00:14:00,Saturday,0,YU
00:18:00,Saturday,6,BD
00:43:00,Saturday,3,YU
00:43:00,Saturday,0,YU
00:51:00,Saturday,0,YU
00:58:00,Saturday,0,YU
01:38:00,Saturday,0,BD
02:01:00,Sunday,0,YU
03:44:00,Sunday,0,YU
07:57:00,Sunday,0,BD
07:59:00,Sunday,0,BD
08:06:00,Sunday,4,YU
08:11:00,Sunday,0,BD
08:13:00,Sunday,0,BD
08:56:00,Sunday,12,YU
09:18:00,Sunday,0,BD
09:49:00,Sunday,0,YU
10:13:00,Sunday,3,YU
10:35:00,Sunday,0,BD
10:38:00,Sunday,0,YU
11:21:00,Sunday,0,BD
11:31:00,Sunday,0,BD
11:41:00,Sunday,0,BD
11:45:00,Sunday,0,YU
11:56:00,Sunday,0,BD
12:03:00,Sunday,0,BD
12:04:00,Sunday,4,YU
12:36:00,Sunday,5,BD
12:49:00,Sunday,0,BD
12:59:00,Sunday,0,YU
13:05:00,Sunday,0,BD
13:17:00,Sunday,0,BD
13:51:00,Sunday,0,BD
14:35:00,Sunday,0,YU
14:40:00,Sunday,0,YU
14:41:00,Sunday,0,BD
15:05:00,Sunday,0,BD
15:34:00,Sunday,0,YU
15:40:00,Sunday,3,BD
16:59:00,Sunday,0,YU
17:24:00,Sunday,0,YU
17:34:00,Sunday,0,YU
18:11:00,Sunday,0,BD
18:50:00,Sunday,4,BD
18:52:00,Sunday,6,YU
19:12:00,Sunday,4,YU
19:25:00,Sunday,0,BD
19:26:00,Sunday,0,BD
19:56:00,Sunday,0,BD
20:00:00,Sunday,4,BD
20:16:00,Sunday,0,YU
20:21:00,Sunday,0,BD
20:34:00,Sunday,6,YU
20:35:00,Sunday,4,YU
21:00:00,Sunday,0,YU
22:00:00,Sunday,0,BD/YU
22:04:00,Sunday,4,BD
22:25:00,Sunday,0,BD
22:47:00,Sunday,0,BD
23:33:00,Sunday,0,YU/BD
23:41:00,Sunday,0,BD
00:38:00,Sunday,0,BD
00:48:00,Sunday,0,BD
01:20:00,Sunday,0,YU
01:54:00,Sunday,0,BD
20:49:00,Sunday,0,SHP
02:02:00,Monday,0,BD
02:31:00,Monday,0,YU
05:24:00,Monday,0,BD
05:36:00,Monday,0,BD
05:44:00,Monday,10,BD
05:54:00,Monday,3,BD
05:59:00,Monday,5,YU
06:41:00,Monday,0,BD
06:55:00,Monday,4,BD
07:34:00,Monday,4,BD
07:44:00,Monday,0,YU
07:49:00,Monday,0,BD
07:55:00,Monday,0,BD
08:12:00,Monday,0,BD
08:13:00,Monday,0,BD
08:17:00,Monday,7,BD
08:25:00,Monday,7,BD
08:26:00,Monday,0,BD
10:32:00,Monday,0,BD
11:00:00,Monday,0,BD / YU
12:04:00,Monday,31,YU
12:07:00,Monday,31,BD
12:39:00,Monday,45,YU
13:24:00,Monday,0,BD
13:26:00,Monday,7,BD
13:40:00,Monday,4,BD
13:44:00,Monday,0,BD
13:45:00,Monday,0,BD
13:49:00,Monday,0,YU
13:56:00,Monday,0,BD
13:56:00,Monday,0,BD
14:15:00,Monday,0,BD
14:20:00,Monday,0,YU
14:28:00,Monday,0,BD
14:32:00,Monday,0,BD
14:38:00,Monday,4,YU
15:00:00,Monday,4,BD
15:01:00,Monday,4,BD
15:19:00,Monday,0,YU
15:31:00,Monday,3,BD
15:53:00,Monday,0,BD
16:06:00,Monday,0,BD
16:09:00,Monday,0,BD
16:13:00,Monday,5,BD
16:16:00,Monday,0,YU
16:17:00,Monday,3,BD
16:23:00,Monday,0,YU
16:24:00,Monday,0,BD
16:26:00,Monday,0,BD
16:38:00,Monday,3,BD
16:50:00,Monday,0,BD
16:54:00,Monday,0,YU
17:05:00,Monday,0,BD
17:11:00,Monday,0,YU
17:17:00,Monday,0,YU
17:18:00,Monday,6,BD
17:19:00,Monday,0,YU
17:43:00,Monday,0,BD
18:09:00,Monday,0,BD
18:25:00,Monday,0,BD
18:30:00,Monday,0,BD
18:31:00,Monday,0,BD
19:02:00,Monday,5,BD
19:40:00,Monday,0,YU
19:41:00,Monday,0,YU
19:42:00,Monday,0,BD
20:04:00,Monday,0,BD
21:06:00,Monday,0,YU
21:32:00,Monday,0,BD
21:46:00,Monday,0,YU
22:00:00,Monday,0,YU/BD
22:02:00,Monday,0,BD
22:26:00,Monday,0,BD
22:46:00,Monday,0,BD
22:57:00,Monday,6,YU
23:04:00,Monday,8,YU
23:32:00,Monday,0,YU
00:15:00,Monday,0,BD
00:38:00,Monday,0,BD
00:45:00,Monday,0,BD
00:56:00,Monday,0,BD
06:29:00,Monday,0,SHP
18:18:00,Monday,0,SHP
02:14:00,Tuesday,0,YU
05:50:00,Tuesday,0,BD
05:50:00,Tuesday,7,YU
05:52:00,Tuesday,0,YU
06:13:00,Tuesday,0,YU
06:15:00,Tuesday,4,YU
06:24:00,Tuesday,0,BD
06:45:00,Tuesday,6,YU
06:58:00,Tuesday,3,BD
07:20:00,Tuesday,0,YU
07:53:00,Tuesday,3,BD
07:56:00,Tuesday,0,YU
09:10:00,Tuesday,0,BD
09:19:00,Tuesday,5,BD
09:40:00,Tuesday,0,YU
09:45:00,Tuesday,0,YU
09:58:00,Tuesday,0,BD
10:24:00,Tuesday,4,BD
10:29:00,Tuesday,0,BD
10:30:00,Tuesday,0,YU
10:33:00,Tuesday,0,YU
11:19:00,Tuesday,0,YU
12:35:00,Tuesday,0,BD
12:50:00,Tuesday,4,BD
13:22:00,Tuesday,3,YU
13:25:00,Tuesday,4,YU
13:30:00,Tuesday,3,BD
13:40:00,Tuesday,0,YU
14:25:00,Tuesday,22,BD
14:56:00,Tuesday,0,BD
15:09:00,Tuesday,8,BD
15:35:00,Tuesday,4,YU
15:39:00,Tuesday,60,BD
16:00:00,Tuesday,0,BD
16:04:00,Tuesday,10,BD
16:13:00,Tuesday,0,BD
16:17:00,Tuesday,4,BD
16:39:00,Tuesday,8,BD
16:48:00,Tuesday,0,BD
17:27:00,Tuesday,3,BD
17:33:00,Tuesday,0,BD
17:55:00,Tuesday,0,BD
18:00:00,Tuesday,4,YU
18:07:00,Tuesday,4,BD
18:13:00,Tuesday,0,BD
18:26:00,Tuesday,0,BD
18:30:00,Tuesday,4,YU
18:39:00,Tuesday,0,YU
18:47:00,Tuesday,5,BD
19:34:00,Tuesday,3,BD
19:36:00,Tuesday,3,BD
19:40:00,Tuesday,0,BD
21:15:00,Tuesday,8,YU
21:18:00,Tuesday,40,YU
21:36:00,Tuesday,0,YU
21:38:00,Tuesday,0,YU
21:43:00,Tuesday,0,YU
21:56:00,Tuesday,11,BD
22:00:00,Tuesday,0,YU/BD
22:13:00,Tuesday,3,BD
22:17:00,Tuesday,3,YU
22:34:00,Tuesday,0,YU
22:39:00,Tuesday,0,BD
22:47:00,Tuesday,0,BD
23:05:00,Tuesday,0,YU
23:37:00,Tuesday,6,BD
00:40:00,Tuesday,0,YU
00:54:00,Tuesday,8,BD
01:02:00,Tuesday,0,BD
01:09:00,Tuesday,0,BD
01:17:00,Tuesday,0,YU
01:23:00,Tuesday,20,BD
01:31:00,Tuesday,0,BD
01:44:00,Tuesday,0,YU
01:54:00,Tuesday,9,YU
01:57:00,Tuesday,0,YU
10:48:00,Tuesday,4,SHP
02:07:00,Wednesday,34,BD
05:47:00,Wednesday,7,BD
05:51:00,Wednesday,9,YU
06:29:00,Wednesday,9,BD
06:41:00,Wednesday,0,YU
06:43:00,Wednesday,5,YU
06:46:00,Wednesday,0,YU
07:16:00,Wednesday,0,BD
07:33:00,Wednesday,0,BD
07:59:00,Wednesday,0,BD
08:00:00,Wednesday,0,YU
08:21:00,Wednesday,0,BD
08:23:00,Wednesday,3,BD
08:26:00,Wednesday,0,BD
09:04:00,Wednesday,0,YU
09:10:00,Wednesday,7,BD
09:15:00,Wednesday,0,YU
09:51:00,Wednesday,10,BD
10:13:00,Wednesday,0,BD
11:41:00,Wednesday,0,BD
11:45:00,Wednesday,0,YU
11:59:00,Wednesday,11,YU
12:02:00,Wednesday,0,BD
12:06:00,Wednesday,5,YU
12:07:00,Wednesday,3,YU
12:47:00,Wednesday,0,BD
12:50:00,Wednesday,0,BD
12:55:00,Wednesday,0,BD
13:13:00,Wednesday,0,YU
13:25:00,Wednesday,0,BD
14:12:00,Wednesday,0,BD
14:27:00,Wednesday,3,BD
14:45:00,Wednesday,0,YU
15:00:00,Wednesday,0,YU
15:07:00,Wednesday,0,BD
15:36:00,Wednesday,0,YU
15:50:00,Wednesday,0,BD
15:50:00,Wednesday,0,YU
16:04:00,Wednesday,0,YU
16:12:00,Wednesday,0,YU
16:13:00,Wednesday,0,BD
16:16:00,Wednesday,0,BD
16:16:00,Wednesday,0,BD
16:19:00,Wednesday,0,YU
16:23:00,Wednesday,0,BD
16:30:00,Wednesday,4,YU
16:42:00,Wednesday,0,BD
16:43:00,Wednesday,8,YU
16:48:00,Wednesday,0,BD
17:14:00,Wednesday,0,BD
17:26:00,Wednesday,6,YU
17:35:00,Wednesday,0,YU
17:52:00,Wednesday,9,YU
18:13:00,Wednesday,0,YU
18:45:00,Wednesday,0,BD
18:47:00,Wednesday,0,BD
18:58:00,Wednesday,0,YU
19:08:00,Wednesday,3,YU
19:37:00,Wednesday,6,BD
20:00:00,Wednesday,0,YU
20:22:00,Wednesday,5,YU
20:41:00,Wednesday,0,YU
20:42:00,Wednesday,0,YU
21:38:00,Wednesday,0,YU
21:42:00,Wednesday,11,YU
21:54:00,Wednesday,0,BD
22:00:00,Wednesday,0,YU/BD
22:01:00,Wednesday,0,YU
22:59:00,Wednesday,0,BD
23:20:00,Wednesday,0,BD
23:37:00,Wednesday,5,YU
23:47:00,Wednesday,0,BD
00:03:00,Wednesday,3,BD
00:45:00,Wednesday,0,YU
01:16:00,Wednesday,0,BD
01:53:00,Wednesday,5,BD
17:38:00,Wednesday,0,SHP
20:13:00,Wednesday,0,SHP
20:34:00,Wednesday,0,SHP
02:34:00,Thursday,0,BD
04:18:00,Thursday,0,BD
05:52:00,Thursday,5,BD
06:07:00,Thursday,6,YU
06:09:00,Thursday,5,BD
06:16:00,Thursday,0,BD
06:18:00,Thursday,0,YU
06:55:00,Thursday,0,BD
07:31:00,Thursday,5,YU
07:52:00,Thursday,0,BD
08:06:00,Thursday,3,YU
08:54:00,Thursday,0,YU
09:13:00,Thursday,0,BD
09:16:00,Thursday,3,BD
09:23:00,Thursday,0,BD
09:24:00,Thursday,0,YU
09:44:00,Thursday,0,YU
10:42:00,Thursday,3,BD
11:42:00,Thursday,0,BD
12:25:00,Thursday,0,BD
12:45:00,Thursday,3,BD
12:47:00,Thursday,0,BD
12:48:00,Thursday,0,BD
12:50:00,Thursday,0,BD
13:13:00,Thursday,0,YU
13:16:00,Thursday,4,YU
13:46:00,Thursday,0,BD
13:47:00,Thursday,0,YU
13:58:00,Thursday,4,YU
14:05:00,Thursday,3,BD
14:15:00,Thursday,0,BD
14:30:00,Thursday,0,YU
15:04:00,Thursday,0,YU
15:07:00,Thursday,4,YU
15:10:00,Thursday,0,YU
16:01:00,Thursday,0,YU
16:11:00,Thursday,3,BD
16:20:00,Thursday,3,BD
16:35:00,Thursday,29,YU
16:44:00,Thursday,3,YU
16:46:00,Thursday,0,YU
16:53:00,Thursday,0,BD
17:11:00,Thursday,4,YU
17:14:00,Thursday,0,BD
17:32:00,Thursday,0,BD
17:48:00,Thursday,3,BD
17:51:00,Thursday,3,BD
17:54:00,Thursday,0,BD
17:56:00,Thursday,4,BD
18:13:00,Thursday,0,BD
18:15:00,Thursday,0,BD
18:25:00,Thursday,15,BD
18:46:00,Thursday,6,YU
18:57:00,Thursday,0,YU
19:07:00,Thursday,0,BD
19:15:00,Thursday,21,YU
19:47:00,Thursday,0,BD
20:07:00,Thursday,0,YU
20:22:00,Thursday,0,YU
20:38:00,Thursday,0,BD
20:48:00,Thursday,16,YU
21:07:00,Thursday,3,BD
21:21:00,Thursday,0,YU
21:35:00,Thursday,4,BD
22:00:00,Thursday,0,YU/BD
22:03:00,Thursday,0,BD
22:17:00,Thursday,21,YU
22:42:00,Thursday,5,YU
22:45:00,Thursday,0,BD
23:24:00,Thursday,0,BD
23:50:00,Thursday,0,BD
23:52:00,Thursday,0,BD
00:04:00,Thursday,0,YU
00:08:00,Thursday,0,YU
00:27:00,Thursday,7,YU
00:38:00,Thursday,0,YU
16:32:00,Thursday,10,SHP
06:21:00,Friday,5,YU
06:34:00,Friday,3,YU
06:58:00,Friday,0,YU
07:27:00,Friday,0,YU
07:39:00,Friday,0,BD
07:39:00,Friday,4,YU
07:42:00,Friday,0,YU
08:04:00,Friday,3,YU
08:22:00,Friday,0,YU
08:46:00,Friday,0,YU
08:48:00,Friday,5,YU
09:04:00,Friday,0,BD
09:15:00,Friday,4,BD
09:25:00,Friday,0,BD
09:54:00,Friday,0,YU
11:02:00,Friday,0,YU
11:22:00,Friday,0,YU
12:03:00,Friday,0,YU
12:15:00,Friday,0,YU
12:17:00,Friday,0,YU
12:44:00,Friday,0,YU
13:20:00,Friday,17,YU
13:47:00,Friday,0,YU
14:30:00,Friday,0,BD
14:35:00,Friday,11,BD
14:36:00,Friday,0,BD
15:21:00,Friday,0,YU
15:34:00,Friday,0,BD
15:36:00,Friday,0,YU
15:48:00,Friday,4,BD
16:08:00,Friday,0,BD
16:12:00,Friday,0,BD
16:25:00,Friday,0,YU
16:36:00,Friday,8,YU
16:46:00,Friday,0,BD
17:22:00,Friday,4,YU
17:56:00,Friday,6,YU
18:03:00,Friday,3,YU
19:06:00,Friday,0,BD
19:18:00,Friday,0,YU
19:50:00,Friday,0,BD
19:50:00,Friday,3,YU
20:09:00,Friday,0,YU
20:27:00,Friday,0,YU
21:15:00,Friday,3,YU
22:00:00,Friday,0,YU/BD
22:33:00,Friday,24,BD
23:13:00,Friday,5,YU
23:22:00,Friday,0,YU
23:28:00,Friday,0,YU
23:28:00,Friday,0,YU
23:28:00,Friday,8,YU
00:18:00,Friday,3,YU
00:18:00,Friday,3,BD
01:08:00,Friday,0,BD
01:17:00,Friday,0,YU
01:48:00,Friday,0,BD
01:48:00,Friday,0,YU
13:16:00,Friday,3,SHP
16:09:00,Friday,0,SHP
17:32:00,Friday,0,SHP
17:36:00,Friday,0,SHP
19:38:00,Friday,3,SHP
00:19:00,Friday,0,SHP
05:25:00,Saturday,0,BD
05:25:00,Saturday,0,BD
05:30:00,Saturday,0,YU
05:30:00,Saturday,0,BD
05:39:00,Saturday,0,BD
05:40:00,Saturday,0,YU
05:59:00,Saturday,5,BD
06:00:00,Saturday,0,YU/BD
06:09:00,Saturday,0,YU
06:29:00,Saturday,15,YU
07:34:00,Saturday,0,YU
07:37:00,Saturday,17,YU
08:23:00,Saturday,0,BD
08:59:00,Saturday,0,BD
09:07:00,Saturday,0,YU
09:18:00,Saturday,0,YU
10:01:00,Saturday,0,YU
10:04:00,Saturday,0,BD
10:12:00,Saturday,12,YU
10:23:00,Saturday,0,YU
10:31:00,Saturday,0,YU
10:50:00,Saturday,0,YU
11:01:00,Saturday,5,BD
11:16:00,Saturday,0,YU
11:53:00,Saturday,0,YU
12:05:00,Saturday,0,YU
12:06:00,Saturday,0,YU
12:15:00,Saturday,5,YU
12:23:00,Saturday,0,BD
12:52:00,Saturday,0,BD
13:35:00,Saturday,0,YU
13:35:00,Saturday,4,YU
14:10:00,Saturday,0,BD
15:01:00,Saturday,0,YU
15:13:00,Saturday,4,YU
15:14:00,Saturday,0,BD
15:15:00,Saturday,0,YU
15:22:00,Saturday,5,YU
15:47:00,Saturday,15,YU
16:15:00,Saturday,0,YU
16:28:00,Saturday,0,YU
16:44:00,Saturday,4,YU
16:57:00,Saturday,6,YU
17:10:00,Saturday,0,YU
17:12:00,Saturday,0,BD
17:14:00,Saturday,0,YU
17:21:00,Saturday,6,YU
17:30:00,Saturday,0,BD
17:35:00,Saturday,0,BD
17:40:00,Saturday,0,BD
17:55:00,Saturday,0,BD
18:00:00,Saturday,0,BD
18:36:00,Saturday,0,BD
18:37:00,Saturday,6,YU
18:59:00,Saturday,0,BD
19:00:00,Saturday,0,BD
19:47:00,Saturday,0,YU
19:49:00,Saturday,0,YU
21:01:00,Saturday,0,BD
21:32:00,Saturday,0,BD
21:42:00,Saturday,26,BD
22:00:00,Saturday,0,YU/BD
22:28:00,Saturday,0,BD
22:43:00,Saturday,5,YU
00:14:00,Saturday,0,YU
00:22:00,Saturday,0,BD
00:32:00,Saturday,12,BD
01:09:00,Saturday,0,YU
06:00:00,Saturday,0,SHP
18:39:00,Saturday,7,SHP
02:08:00,Sunday,0,BD
07:35:00,Sunday,7,BD
07:59:00,Sunday,9,BD
08:08:00,Sunday,5,YU
08:11:00,Sunday,3,YU
08:17:00,Sunday,5,BD
08:23:00,Sunday,0,YU
08:24:00,Sunday,9,YU
08:28:00,Sunday,3,BD
08:38:00,Sunday,3,BD
09:07:00,Sunday,6,YU
09:41:00,Sunday,0,YU
09:56:00,Sunday,0,YU
10:20:00,Sunday,0,YU
10:21:00,Sunday,3,BD
10:39:00,Sunday,0,YU
10:57:00,Sunday,0,BD
11:09:00,Sunday,0,BD
11:31:00,Sunday,0,YU
11:52:00,Sunday,3,BD
12:01:00,Sunday,0,BD
12:12:00,Sunday,3,BD
12:18:00,Sunday,6,BD
12:40:00,Sunday,3,BD
13:18:00,Sunday,0,YU
13:20:00,Sunday,5,YU
13:36:00,Sunday,0,YU
13:53:00,Sunday,3,BD
14:02:00,Sunday,0,BD
14:03:00,Sunday,0,BD
14:42:00,Sunday,3,YU
15:37:00,Sunday,0,BD
15:43:00,Sunday,0,YU
16:06:00,Sunday,0,BD
16:08:00,Sunday,16,YU
16:26:00,Sunday,0,YU
16:56:00,Sunday,0,YU
17:02:00,Sunday,5,YU
17:12:00,Sunday,11,BD
17:53:00,Sunday,4,YU
18:01:00,Sunday,5,YU
18:11:00,Sunday,3,YU
18:53:00,Sunday,0,YU
18:55:00,Sunday,0,BD
19:01:00,Sunday,0,YU
20:33:00,Sunday,10,BD
21:24:00,Sunday,6,BD
21:38:00,Sunday,0,YU
22:00:00,Sunday,0,YU/BD
22:40:00,Sunday,0,YU
22:51:00,Sunday,15,YU
22:55:00,Sunday,0,YU
00:00:00,Sunday,6,BD
00:44:00,Sunday,0,BD
01:21:00,Sunday,0,YU
01:30:00,Sunday,0,YU
02:25:00,Sunday,0,SHP
09:06:00,Sunday,16,SHP
10:29:00,Sunday,0,SHP
11:26:00,Sunday,7,SHP
12:36:00,Sunday,4,SHP
02:02:00,Monday,0,YU
02:24:00,Monday,0,YU
05:15:00,Monday,0,YU
05:28:00,Monday,0,BD
05:30:00,Monday,0,YU
05:35:00,Monday,0,YU
05:45:00,Monday,0,BD
06:05:00,Monday,5,YU
06:12:00,Monday,4,BD
07:20:00,Monday,6,BD
08:05:00,Monday,3,BD
08:19:00,Monday,0,YU
08:37:00,Monday,0,BD
08:38:00,Monday,0,BD
08:46:00,Monday,0,BD
08:53:00,Monday,0,YU
09:01:00,Monday,0,BD
09:42:00,Monday,3,BD
09:44:00,Monday,0,BD
09:48:00,Monday,0,BD
10:09:00,Monday,4,BD
10:48:00,Monday,0,BD
10:56:00,Monday,8,YU
11:03:00,Monday,0,YU
11:06:00,Monday,0,YU
11:17:00,Monday,0,BD
11:21:00,Monday,0,BD
11:28:00,Monday,3,BD
11:31:00,Monday,0,YU
11:46:00,Monday,27,BD
12:07:00,Monday,3,YU
12:17:00,Monday,0,YU
13:21:00,Monday,3,BD
13:21:00,Monday,0,YU
13:39:00,Monday,0,YU
13:59:00,Monday,0,BD
14:14:00,Monday,0,YU
14:24:00,Monday,0,BD
14:47:00,Monday,0,BD
14:47:00,Monday,0,YU
15:16:00,Monday,4,YU
15:36:00,Monday,0,BD
15:43:00,Monday,0,BD
15:44:00,Monday,0,BD
16:18:00,Monday,0,YU
16:25:00,Monday,0,BD
16:25:00,Monday,0,YU
17:01:00,Monday,0,YU
17:38:00,Monday,13,BD
17:41:00,Monday,0,YU
17:44:00,Monday,5,YU
17:47:00,Monday,0,YU
17:53:00,Monday,3,YU
18:42:00,Monday,0,YU
19:00:00,Monday,0,YU
19:43:00,Monday,5,YU
19:55:00,Monday,0,BD
20:36:00,Monday,0,YU
20:39:00,Monday,0,BD
20:48:00,Monday,0,BD
20:54:00,Monday,0,BD
20:54:00,Monday,5,BD
20:59:00,Monday,0,BD
21:16:00,Monday,4,YU
21:17:00,Monday,0,BD
22:00:00,Monday,0,YU/BD
23:01:00,Monday,0,YU
23:04:00,Monday,6,YU
23:05:00,Monday,4,BD
23:24:00,Monday,0,YU
23:36:00,Monday,0,YU
00:46:00,Monday,0,YU
00:59:00,Monday,0,YU
01:28:00,Monday,0,YU
01:59:00,Monday,0,YU
10:18:00,Monday,0,SHP
17:28:00,Monday,0,SHP
02:08:00,Tuesday,0,BD
02:19:00,Tuesday,0,BD
05:16:00,Tuesday,0,YU
05:47:00,Tuesday,3,BD
06:00:00,Tuesday,0,BD
06:02:00,Tuesday,3,BD
06:05:00,Tuesday,6,YU
06:08:00,Tuesday,6,YU
07:31:00,Tuesday,3,YU
07:44:00,Tuesday,0,YU
07:48:00,Tuesday,0,YU
07:59:00,Tuesday,0,BD
08:27:00,Tuesday,0,YU
08:41:00,Tuesday,4,YU
08:50:00,Tuesday,0,BD
09:03:00,Tuesday,0,YU
09:08:00,Tuesday,3,BD
09:11:00,Tuesday,0,BD
09:11:00,Tuesday,0,YU
09:19:00,Tuesday,0,BD
09:23:00,Tuesday,0,BD
09:26:00,Tuesday,20,BD
09:27:00,Tuesday,0,BD
10:21:00,Tuesday,0,YU
11:26:00,Tuesday,3,YU
11:29:00,Tuesday,0,BD
11:41:00,Tuesday,0,BD
11:42:00,Tuesday,0,YU
12:35:00,Tuesday,0,YU
12:54:00,Tuesday,0,BD
13:12:00,Tuesday,0,BD
13:52:00,Tuesday,0,YU
13:54:00,Tuesday,4,YU
13:58:00,Tuesday,0,BD
14:00:00,Tuesday,0,BD
14:02:00,Tuesday,0,BD
14:07:00,Tuesday,0,BD
14:20:00,Tuesday,0,YU
14:21:00,Tuesday,0,BD
14:23:00,Tuesday,0,YU
14:24:00,Tuesday,5,BD
14:38:00,Tuesday,4,BD
14:48:00,Tuesday,3,YU
15:49:00,Tuesday,0,YU
15:57:00,Tuesday,9,BD
16:27:00,Tuesday,6,BD
16:33:00,Tuesday,0,YU
16:35:00,Tuesday,0,BD
16:42:00,Tuesday,0,YU
16:57:00,Tuesday,0,YU
17:05:00,Tuesday,0,YU
17:11:00,Tuesday,0,BD
17:40:00,Tuesday,4,YU
17:43:00,Tuesday,5,YU
17:59:00,Tuesday,0,BD
18:06:00,Tuesday,0,BD
18:07:00,Tuesday,0,YU
18:17:00,Tuesday,0,YU
18:18:00,Tuesday,0,YU
18:22:00,Tuesday,0,BD
18:43:00,Tuesday,3,BD
18:57:00,Tuesday,0,YU
18:59:00,Tuesday,0,YU
19:22:00,Tuesday,4,YU
20:27:00,Tuesday,0,BD
20:49:00,Tuesday,5,YU
20:57:00,Tuesday,0,BD
21:17:00,Tuesday,6,YU
22:00:00,Tuesday,0,BD/YU
23:20:00,Tuesday,0,BD
23:24:00,Tuesday,0,BD
23:50:00,Tuesday,0,BD
23:59:00,Tuesday,0,BD
00:24:00,Tuesday,43,BD
01:15:00,Tuesday,3,BD
01:37:00,Tuesday,0,YU
01:37:00,Tuesday,0,BD
01:58:00,Tuesday,0,BD
06:00:00,Tuesday,0,SHP
02:00:00,Wednesday,0,YU
02:15:00,Wednesday,0,YU
02:25:00,Wednesday,0,YU
04:47:00,Wednesday,0,YU
05:54:00,Wednesday,5,BD
06:08:00,Wednesday,6,YU
06:09:00,Wednesday,5,YU
06:12:00,Wednesday,6,YU
06:21:00,Wednesday,0,BD
06:45:00,Wednesday,0,BD
06:55:00,Wednesday,6,YU
07:46:00,Wednesday,0,BD
07:53:00,Wednesday,0,YU
07:54:00,Wednesday,3,YU
08:07:00,Wednesday,13,YU
08:12:00,Wednesday,0,YU
08:20:00,Wednesday,3,BD
08:48:00,Wednesday,0,BD
08:57:00,Wednesday,0,YU
09:05:00,Wednesday,0,BD
09:17:00,Wednesday,4,YU
09:39:00,Wednesday,0,YU
09:39:00,Wednesday,5,YU
09:42:00,Wednesday,0,YU
09:44:00,Wednesday,0,BD
09:50:00,Wednesday,0,YU
09:56:00,Wednesday,0,BD
09:57:00,Wednesday,0,YU
10:16:00,Wednesday,0,BD
10:31:00,Wednesday,0,YU
11:04:00,Wednesday,0,BD
11:04:00,Wednesday,5,BD
12:20:00,Wednesday,4,BD
12:30:00,Wednesday,0,YU
13:01:00,Wednesday,6,BD
13:08:00,Wednesday,0,BD
13:22:00,Wednesday,4,YU
13:35:00,Wednesday,0,BD
13:35:00,Wednesday,0,BD
13:53:00,Wednesday,5,BD
14:22:00,Wednesday,5,YU
14:36:00,Wednesday,3,BD
14:57:00,Wednesday,4,YU
15:03:00,Wednesday,8,BD
15:31:00,Wednesday,0,YU
15:32:00,Wednesday,4,BD
15:40:00,Wednesday,5,BD
16:11:00,Wednesday,0,YU
16:15:00,Wednesday,0,BD
16:30:00,Wednesday,0,YU
16:31:00,Wednesday,0,BD
16:40:00,Wednesday,6,YU
17:03:00,Wednesday,0,YU
17:30:00,Wednesday,0,YU
18:16:00,Wednesday,6,BD
18:21:00,Wednesday,6,YU
18:47:00,Wednesday,0,BD
18:52:00,Wednesday,8,BD
19:03:00,Wednesday,3,BD
19:13:00,Wednesday,0,BD
19:36:00,Wednesday,4,YU
20:12:00,Wednesday,0,YU
20:21:00,Wednesday,0,YU
20:23:00,Wednesday,3,BD
20:35:00,Wednesday,5,YU
20:36:00,Wednesday,4,YU
20:51:00,Wednesday,4,YU
22:00:00,Wednesday,0,YU/BD
22:00:00,Wednesday,3,YU
22:04:00,Wednesday,11,YU
22:31:00,Wednesday,7,YU
22:47:00,Wednesday,3,YU
22:56:00,Wednesday,0,BD
23:11:00,Wednesday,0,BD
23:31:00,Wednesday,9,YU
23:32:00,Wednesday,0,YU
23:45:00,Wednesday,20,YU
00:33:00,Wednesday,0,BD
00:52:00,Wednesday,15,YU
01:06:00,Wednesday,0,BD
01:11:00,Wednesday,6,YU
02:08:00,Wednesday,0,SHP
07:39:00,Wednesday,0,SHP
17:11:00,Wednesday,0,SHP
03:55:00,Thursday,0,BD
05:12:00,Thursday,0,YU
05:25:00,Thursday,0,YU
06:06:00,Thursday,15,BD
06:15:00,Thursday,5,BD
07:28:00,Thursday,0,BD
07:42:00,Thursday,6,BD
07:58:00,Thursday,0,YU
08:24:00,Thursday,0,YU
09:08:00,Thursday,0,BD
09:10:00,Thursday,0,YU
09:56:00,Thursday,0,BD
09:59:00,Thursday,13,YU
10:07:00,Thursday,5,BD
10:08:00,Thursday,0,YU
10:39:00,Thursday,0,BD
10:47:00,Thursday,0,BD
11:02:00,Thursday,0,YU
11:08:00,Thursday,0,YU
11:12:00,Thursday,5,YU
11:22:00,Thursday,16,YU
13:03:00,Thursday,11,YU
13:05:00,Thursday,24,YU
13:24:00,Thursday,5,YU
13:39:00,Thursday,0,YU
13:47:00,Thursday,0,YU
13:48:00,Thursday,0,BD
14:23:00,Thursday,18,YU
14:28:00,Thursday,17,BD
14:43:00,Thursday,38,BD
14:55:00,Thursday,0,BD
14:56:00,Thursday,0,BD
14:58:00,Thursday,0,YU
15:01:00,Thursday,0,BD
15:22:00,Thursday,4,YU
15:57:00,Thursday,0,YU
16:10:00,Thursday,0,BD
16:13:00,Thursday,3,BD
16:40:00,Thursday,3,YU
16:43:00,Thursday,0,YU
16:56:00,Thursday,0,BD
17:02:00,Thursday,3,YU
17:15:00,Thursday,3,YU
17:15:00,Thursday,0,YU
17:22:00,Thursday,0,YU
17:27:00,Thursday,3,YU
17:39:00,Thursday,4,YU
17:41:00,Thursday,4,YU
17:43:00,Thursday,0,YU
17:50:00,Thursday,10,YU
17:54:00,Thursday,4,YU
17:55:00,Thursday,3,YU
17:56:00,Thursday,3,BD
18:04:00,Thursday,6,YU
18:05:00,Thursday,0,BD
18:15:00,Thursday,0,YU
18:17:00,Thursday,0,YU
18:38:00,Thursday,3,YU
18:42:00,Thursday,0,YU
18:50:00,Thursday,5,YU
18:55:00,Thursday,0,BD
18:56:00,Thursday,5,YU
19:00:00,Thursday,3,YU
19:05:00,Thursday,0,YU
19:51:00,Thursday,0,BD
20:13:00,Thursday,0,YU
20:33:00,Thursday,0,BD
21:53:00,Thursday,0,BD
22:00:00,Thursday,0,YU/BD
22:02:00,Thursday,0,BD
22:07:00,Thursday,0,YU
22:18:00,Thursday,0,YU
22:19:00,Thursday,6,BD
22:47:00,Thursday,0,YU
23:12:00,Thursday,29,YU
23:42:00,Thursday,9,YU
23:58:00,Thursday,4,BD
00:20:00,Thursday,0,YU
00:39:00,Thursday,0,BD
01:00:00,Thursday,6,YU
01:10:00,Thursday,14,YU
01:34:00,Thursday,3,YU
17:11:00,Thursday,0,SHP
02:08:00,Friday,0,YU
02:22:00,Friday,10,YU
02:34:00,Friday,0,YU
04:41:00,Friday,0,YU
05:38:00,Friday,4,YU
05:47:00,Friday,3,BD
06:13:00,Friday,0,BD
07:00:00,Friday,0,YU
07:11:00,Friday,3,BD
08:13:00,Friday,0,YU
08:33:00,Friday,0,YU
08:39:00,Friday,4,YU
09:18:00,Friday,0,YU
09:27:00,Friday,0,YU
09:29:00,Friday,3,BD
09:36:00,Friday,0,YU
09:44:00,Friday,0,BD
09:47:00,Friday,0,YU
09:58:00,Friday,0,BD
10:07:00,Friday,0,YU
10:20:00,Friday,0,BD
10:21:00,Friday,5,BD
11:16:00,Friday,0,BD
12:40:00,Friday,0,BD
12:41:00,Friday,0,BD
12:43:00,Friday,0,YU
13:13:00,Friday,0,YU
13:18:00,Friday,3,YU
13:36:00,Friday,3,BD
13:56:00,Friday,7,BD
14:42:00,Friday,0,BD
14:44:00,Friday,8,YU
14:51:00,Friday,11,YU
15:01:00,Friday,0,YU
15:04:00,Friday,0,BD
15:09:00,Friday,0,BD
15:13:00,Friday,3,BD
15:42:00,Friday,0,BD
15:47:00,Friday,15,YU
15:51:00,Friday,0,BD
16:01:00,Friday,4,YU
16:15:00,Friday,3,BD
16:28:00,Friday,0,YU
16:38:00,Friday,3,YU
16:42:00,Friday,0,YU
16:55:00,Friday,3,BD
17:00:00,Friday,0,BD
17:15:00,Friday,0,BD
17:17:00,Friday,4,BD
17:17:00,Friday,0,BD
17:40:00,Friday,9,YU
17:44:00,Friday,0,BD
17:52:00,Friday,5,YU
18:02:00,Friday,10,YU
18:07:00,Friday,3,YU
18:08:00,Friday,0,YU
18:13:00,Friday,6,YU
18:17:00,Friday,0,YU
18:45:00,Friday,0,YU
18:54:00,Friday,0,BD
20:15:00,Friday,0,BD
20:23:00,Friday,0,YU
20:47:00,Friday,0,YU
20:56:00,Friday,0,YU
21:35:00,Friday,0,YU
21:49:00,Friday,21,BD
22:00:00,Friday,0,YU/BD
22:01:00,Friday,3,BD
22:12:00,Friday,0,BD
22:25:00,Friday,3,BD
23:05:00,Friday,0,YU
23:34:00,Friday,0,YU
00:22:00,Friday,0,YU
00:47:00,Friday,0,BD
00:54:00,Friday,0,BD
01:23:00,Friday,24,YU
01:24:00,Friday,4,YU
01:26:00,Friday,10,YU
01:42:00,Friday,0,BD
23:22:00,Friday,18,SHP
02:18:00,Saturday,0,BD
02:25:00,Saturday,0,BD
05:16:00,Saturday,0,BD
05:35:00,Saturday,0,YU
05:40:00,Saturday,0,YU
05:45:00,Saturday,0,BD
05:49:00,Saturday,5,YU
05:57:00,Saturday,0,BD
05:57:00,Saturday,0,YU
05:58:00,Saturday,3,YU
06:05:00,Saturday,6,YU
06:08:00,Saturday,0,BD
06:34:00,Saturday,0,BD
08:29:00,Saturday,0,YU
08:36:00,Saturday,0,BD
09:20:00,Saturday,0,YU
09:48:00,Saturday,3,BD
09:52:00,Saturday,0,YU
11:25:00,Saturday,3,YU
12:10:00,Saturday,5,YU
12:12:00,Saturday,0,YU
13:09:00,Saturday,0,YU
13:26:00,Saturday,0,BD
13:47:00,Saturday,0,BD
13:50:00,Saturday,0,YU
13:52:00,Saturday,0,YU
14:11:00,Saturday,0,BD
14:15:00,Saturday,0,BD
14:18:00,Saturday,4,BD
14:39:00,Saturday,0,BD
15:46:00,Saturday,4,BD
15:46:00,Saturday,0,BD
16:31:00,Saturday,0,BD
16:33:00,Saturday,0,BD
16:55:00,Saturday,4,BD
16:57:00,Saturday,4,BD
16:57:00,Saturday,0,BD
18:25:00,Saturday,3,YU
18:29:00,Saturday,3,BD
18:45:00,Saturday,0,BD
19:01:00,Saturday,0,YU
19:41:00,Saturday,0,YU
20:19:00,Saturday,13,YU
20:40:00,Saturday,0,BD
20:51:00,Saturday,4,BD
21:24:00,Saturday,0,YU
21:29:00,Saturday,13,BD
21:50:00,Saturday,3,YU
22:00:00,Saturday,0,YU/BD
22:04:00,Saturday,7,YU
22:09:00,Saturday,3,YU
22:43:00,Saturday,0,YU
22:48:00,Saturday,6,YU
23:30:00,Saturday,0,YU
23:48:00,Saturday,0,BD
23:51:00,Saturday,0,BD
23:55:00,Saturday,0,YU
00:28:00,Saturday,0,BD
00:57:00,Saturday,0,YU
01:35:00,Saturday,0,YU
02:32:00,Saturday,0,SHP
14:55:00,Saturday,5,SHP
15:05:00,Saturday,3,SHP
02:22:00,Sunday,0,YU
02:25:00,Sunday,25,YU
02:34:00,Sunday,0,YU
08:24:00,Sunday,6,YU
08:33:00,Sunday,0,BD
08:40:00,Sunday,0,YU
08:54:00,Sunday,0,YU
09:09:00,Sunday,4,YU
09:44:00,Sunday,0,YU
10:15:00,Sunday,0,BD
10:25:00,Sunday,0,YU
10:53:00,Sunday,0,BD
11:21:00,Sunday,3,BD
11:21:00,Sunday,11,YU
11:49:00,Sunday,5,YU
11:58:00,Sunday,5,YU
12:07:00,Sunday,0,BD
13:06:00,Sunday,4,BD
13:11:00,Sunday,13,YU
14:57:00,Sunday,0,BD
15:33:00,Sunday,0,YU
15:35:00,Sunday,4,BD
15:48:00,Sunday,6,BD
15:51:00,Sunday,0,YU
15:58:00,Sunday,0,BD
16:03:00,Sunday,0,YU
16:04:00,Sunday,0,YU
16:28:00,Sunday,0,YU
16:29:00,Sunday,0,YU
16:43:00,Sunday,0,BD
17:43:00,Sunday,0,BD
18:25:00,Sunday,0,BD
18:30:00,Sunday,0,YU
19:03:00,Sunday,4,YU
19:53:00,Sunday,6,YU
20:11:00,Sunday,0,YU
20:20:00,Sunday,0,BD
20:25:00,Sunday,3,YU
20:28:00,Sunday,29,BD
20:44:00,Sunday,5,BD
20:51:00,Sunday,0,YU
21:00:00,Sunday,0,BD
21:19:00,Sunday,0,BD
21:33:00,Sunday,5,BD
22:00:00,Sunday,0,YUS/BD
22:17:00,Sunday,0,BD
22:27:00,Sunday,3,YU
22:35:00,Sunday,0,YU
23:03:00,Sunday,0,YU
00:34:00,Sunday,0,BD
01:41:00,Sunday,0,YU
01:47:00,Sunday,0,YU
01:54:00,Sunday,0,YU
02:01:00,Monday,0,BD
02:03:00,Monday,0,YU
02:05:00,Monday,0,BD
05:51:00,Monday,3,YU
05:57:00,Monday,0,BD
05:59:00,Monday,4,YU
06:14:00,Monday,4,YU
06:25:00,Monday,5,BD
06:50:00,Monday,5,YU
06:51:00,Monday,0,YU
06:55:00,Monday,0,BD
06:59:00,Monday,5,YU
07:03:00,Monday,0,BD
07:49:00,Monday,0,BD
07:53:00,Monday,0,YU
08:16:00,Monday,0,BD
08:33:00,Monday,0,YU
08:58:00,Monday,0,BD
09:06:00,Monday,0,BD
09:10:00,Monday,10,YU
09:50:00,Monday,0,BD
09:51:00,Monday,4,YU
10:30:00,Monday,0,YU
10:33:00,Monday,6,BD
10:54:00,Monday,15,BD
11:29:00,Monday,0,YU
11:41:00,Monday,0,YU
11:43:00,Monday,0,BD
12:02:00,Monday,0,YU
12:59:00,Monday,0,BD
13:08:00,Monday,6,YU
13:11:00,Monday,8,YU
13:23:00,Monday,0,BD
13:23:00,Monday,5,YU
13:52:00,Monday,0,YU
14:02:00,Monday,4,YU
14:38:00,Monday,0,BD
14:48:00,Monday,0,BD
14:54:00,Monday,0,YU
15:00:00,Monday,8,YU
15:23:00,Monday,21,BD
16:42:00,Monday,0,BD
16:46:00,Monday,8,BD
16:56:00,Monday,0,YU
16:58:00,Monday,0,YU
17:12:00,Monday,0,YU
17:15:00,Monday,5,YU
17:23:00,Monday,4,YU
17:30:00,Monday,5,YU
17:42:00,Monday,0,YU
17:47:00,Monday,0,YU
17:58:00,Monday,0,BD
18:02:00,Monday,3,YU
19:15:00,Monday,0,YU
20:04:00,Monday,0,BD
20:09:00,Monday,3,BD
20:50:00,Monday,0,BD
21:08:00,Monday,0,BD
21:17:00,Monday,0,BD
21:23:00,Monday,0,BD
21:30:00,Monday,0,BD
21:46:00,Monday,0,YU
22:00:00,Monday,0,YU/BD
22:11:00,Monday,11,YU
22:15:00,Monday,5,BD
23:00:00,Monday,0,YU
00:42:00,Monday,13,BD
13:49:00,Monday,7,SHP
02:05:00,Tuesday,0,YU
02:18:00,Tuesday,0,YU
05:30:00,Tuesday,4,YU
05:43:00,Tuesday,0,BD
05:57:00,Tuesday,3,YU
06:00:00,Tuesday,0,YU/BD
06:02:00,Tuesday,5,YU
06:03:00,Tuesday,0,BD
06:07:00,Tuesday,0,YU
06:52:00,Tuesday,0,YU
06:56:00,Tuesday,0,BD
07:19:00,Tuesday,0,YU
07:30:00,Tuesday,16,YU
07:43:00,Tuesday,0,YU
07:49:00,Tuesday,0,YU
07:55:00,Tuesday,4,YU
08:19:00,Tuesday,3,BD
08:25:00,Tuesday,11,BD
08:37:00,Tuesday,4,YU
08:57:00,Tuesday,3,YU
09:05:00,Tuesday,0,YU
09:36:00,Tuesday,0,YU
10:23:00,Tuesday,0,BD
10:39:00,Tuesday,8,BD
10:39:00,Tuesday,0,BD
11:03:00,Tuesday,0,YU
11:09:00,Tuesday,0,YU
12:02:00,Tuesday,0,YU
12:18:00,Tuesday,0,BD
12:53:00,Tuesday,0,BD
13:07:00,Tuesday,0,BD
13:11:00,Tuesday,5,BD
13:30:00,Tuesday,15,BD
14:05:00,Tuesday,0,BD
14:09:00,Tuesday,5,YU
14:30:00,Tuesday,5,BD
14:38:00,Tuesday,7,YU
14:43:00,Tuesday,0,YU
15:12:00,Tuesday,0,YU
15:14:00,Tuesday,7,YU
15:15:00,Tuesday,8,YU
16:30:00,Tuesday,0,BD
16:34:00,Tuesday,3,YU
16:37:00,Tuesday,0,YU
16:49:00,Tuesday,0,YU
17:40:00,Tuesday,0,YU
17:53:00,Tuesday,0,YU
18:16:00,Tuesday,3,BD
18:17:00,Tuesday,0,YU
19:54:00,Tuesday,0,YU
20:30:00,Tuesday,0,YU
21:11:00,Tuesday,3,BD
22:00:00,Tuesday,0,YU/BD
22:15:00,Tuesday,0,YU
23:07:00,Tuesday,6,YU
23:15:00,Tuesday,0,BD
23:43:00,Tuesday,0,YU
23:43:00,Tuesday,3,BD
23:51:00,Tuesday,0,YU
00:01:00,Tuesday,0,YU
01:58:00,Tuesday,0,YU
06:00:00,Tuesday,0,SHP
06:07:00,Tuesday,8,SHP
06:17:00,Tuesday,7,SHP
02:08:00,Wednesday,0,YU
02:14:00,Wednesday,5,BD
02:31:00,Wednesday,0,YU
02:33:00,Wednesday,0,YU
03:32:00,Wednesday,0,YU
06:00:00,Wednesday,0,YU/BD
06:49:00,Wednesday,8,YU
07:45:00,Wednesday,0,YU
08:46:00,Wednesday,5,BD
08:57:00,Wednesday,0,YU
09:03:00,Wednesday,0,YU
09:30:00,Wednesday,4,YU
09:36:00,Wednesday,6,BD
09:40:00,Wednesday,3,BD
09:53:00,Wednesday,10,BD
10:08:00,Wednesday,0,YU
10:20:00,Wednesday,0,BD
10:37:00,Wednesday,4,YU
10:45:00,Wednesday,0,BD
11:11:00,Wednesday,6,YU
12:06:00,Wednesday,0,YU
12:17:00,Wednesday,0,BD
12:45:00,Wednesday,0,BD
13:04:00,Wednesday,0,YU
13:05:00,Wednesday,4,YU
13:10:00,Wednesday,0,YU
13:13:00,Wednesday,0,BD
13:23:00,Wednesday,0,YU
13:24:00,Wednesday,3,BD
13:28:00,Wednesday,4,BD
13:35:00,Wednesday,0,BD
13:59:00,Wednesday,0,BD
14:02:00,Wednesday,0,YU
14:21:00,Wednesday,0,BD
14:37:00,Wednesday,6,BD
14:55:00,Wednesday,0,BD
15:13:00,Wednesday,3,YU
15:32:00,Wednesday,0,YU
15:38:00,Wednesday,0,BD
15:38:00,Wednesday,4,BD
15:50:00,Wednesday,0,BD
15:53:00,Wednesday,3,BD
16:12:00,Wednesday,5,YU
16:29:00,Wednesday,0,BD
16:34:00,Wednesday,0,YU
16:44:00,Wednesday,0,YU
16:49:00,Wednesday,0,YU
17:20:00,Wednesday,4,YU
17:44:00,Wednesday,0,YU
17:49:00,Wednesday,12,YU
18:08:00,Wednesday,5,YU
18:28:00,Wednesday,0,BD
18:37:00,Wednesday,0,BD
18:56:00,Wednesday,0,YU
19:04:00,Wednesday,16,YU
19:08:00,Wednesday,0,YU
19:29:00,Wednesday,6,BD
20:21:00,Wednesday,0,YU
21:45:00,Wednesday,0,BD
22:00:00,Wednesday,0,YU/BD
22:31:00,Wednesday,34,YU
23:00:00,Wednesday,0,YU
23:02:00,Wednesday,7,YU
23:09:00,Wednesday,9,YU
23:54:00,Wednesday,6,YU
00:10:00,Wednesday,6,YU
01:37:00,Wednesday,0,YU
06:00:00,Wednesday,0,SHP
16:10:00,Wednesday,0,SHP
20:26:00,Wednesday,4,SHP
02:08:00,Thursday,0,YU
06:09:00,Thursday,6,BD
06:24:00,Thursday,0,BD
06:29:00,Thursday,4,BD
06:40:00,Thursday,12,YU
07:16:00,Thursday,0,YU
07:28:00,Thursday,5,YU
07:58:00,Thursday,0,YU
08:19:00,Thursday,0,YU
08:20:00,Thursday,0,BD
09:11:00,Thursday,8,YU
09:20:00,Thursday,0,BD
09:24:00,Thursday,0,YU
10:25:00,Thursday,0,YU
11:35:00,Thursday,0,YU
11:38:00,Thursday,0,BD
11:48:00,Thursday,0,BD
12:04:00,Thursday,3,YU
12:13:00,Thursday,37,BD
12:21:00,Thursday,8,BD
12:38:00,Thursday,5,YU
13:20:00,Thursday,0,YU
13:39:00,Thursday,0,YU
13:46:00,Thursday,3,YU
14:03:00,Thursday,4,BD
14:09:00,Thursday,0,BD
14:17:00,Thursday,4,YU
14:23:00,Thursday,5,YU
14:35:00,Thursday,0,BD
14:36:00,Thursday,0,YU
15:23:00,Thursday,0,BD
15:44:00,Thursday,3,YU
15:59:00,Thursday,0,BD
16:11:00,Thursday,0,YU
16:29:00,Thursday,0,YU
16:42:00,Thursday,0,YU
16:43:00,Thursday,3,YU
16:49:00,Thursday,4,YU
17:08:00,Thursday,4,YU
17:10:00,Thursday,5,YU
17:14:00,Thursday,2,YU
17:41:00,Thursday,0,BD
17:42:00,Thursday,0,BD
17:42:00,Thursday,0,YU
17:43:00,Thursday,0,BD
17:46:00,Thursday,0,YU
18:28:00,Thursday,3,YU
18:47:00,Thursday,0,YU
18:51:00,Thursday,3,BD
18:53:00,Thursday,3,YU
19:09:00,Thursday,0,YU
19:40:00,Thursday,0,YU
19:48:00,Thursday,0,YU
19:53:00,Thursday,7,YU
19:57:00,Thursday,5,BD
20:18:00,Thursday,0,BD
20:20:00,Thursday,7,YU
20:27:00,Thursday,10,BD
21:04:00,Thursday,6,BD
21:21:00,Thursday,4,YU
22:00:00,Thursday,0,YU/BD
22:11:00,Thursday,4,BD
22:16:00,Thursday,0,BD
22:44:00,Thursday,10,BD
22:48:00,Thursday,0,BD
22:59:00,Thursday,0,BD
23:00:00,Thursday,0,YU
23:14:00,Thursday,0,YU
01:01:00,Thursday,0,YU
01:26:00,Thursday,0,BD
01:51:00,Thursday,3,YU
19:35:00,Thursday,0,SHP
02:13:00,Friday,0,YU
03:00:00,Friday,0,YU
05:31:00,Friday,0,BD
05:53:00,Friday,4,BD
05:54:00,Friday,7,BD
06:17:00,Friday,4,BD
06:18:00,Friday,7,YU
06:25:00,Friday,7,BD
06:29:00,Friday,0,YU
06:41:00,Friday,0,BD
07:06:00,Friday,0,BD
07:23:00,Friday,0,BD
07:26:00,Friday,3,YU
07:35:00,Friday,3,BD
07:47:00,Friday,0,YU
08:33:00,Friday,0,BD
08:36:00,Friday,0,BD
09:00:00,Friday,0,YU
09:04:00,Friday,0,BD
09:32:00,Friday,4,BD
09:40:00,Friday,4,BD
10:05:00,Friday,0,YU
10:07:00,Friday,0,BD
10:19:00,Friday,0,YU
10:53:00,Friday,9,YU
10:54:00,Friday,0,YU
11:08:00,Friday,0,YU
11:12:00,Friday,0,BD
12:02:00,Friday,0,YU
12:58:00,Friday,4,YU
13:06:00,Friday,0,YU
13:33:00,Friday,0,YU
13:34:00,Friday,4,YU
13:48:00,Friday,3,YU
13:49:00,Friday,0,BD
13:52:00,Friday,4,YU
14:16:00,Friday,0,YU
14:30:00,Friday,6,YU
15:07:00,Friday,0,BD
15:17:00,Friday,0,BD
15:40:00,Friday,10,BD
15:55:00,Friday,0,YU
15:57:00,Friday,4,YU
16:01:00,Friday,3,BD
16:01:00,Friday,0,YU
16:03:00,Friday,3,BD
16:11:00,Friday,0,BD
16:12:00,Friday,0,BD
16:13:00,Friday,0,BD
16:20:00,Friday,3,YU
17:10:00,Friday,21,YU
17:11:00,Friday,0,YU
17:12:00,Friday,3,BD
17:24:00,Friday,5,BD
17:34:00,Friday,26,BD
17:55:00,Friday,0,BD
18:35:00,Friday,38,BD
19:03:00,Friday,3,BD
19:07:00,Friday,0,YU
19:17:00,Friday,0,BD
19:33:00,Friday,0,YU
19:46:00,Friday,0,YU
19:54:00,Friday,0,BD
20:28:00,Friday,0,BD
21:04:00,Friday,0,BD
21:04:00,Friday,5,BD
22:00:00,Friday,0,YU/BD
22:16:00,Friday,7,YU
23:00:00,Friday,0,YU
23:21:00,Friday,8,YU
23:43:00,Friday,0,BD
23:45:00,Friday,0,YU
00:00:00,Friday,0,YU
00:06:00,Friday,0,YU
00:37:00,Friday,0,BD
01:44:00,Friday,0,BD
01:55:00,Friday,0,BD
11:23:00,Friday,0,SHP
12:16:00,Friday,0,SHP
16:23:00,Friday,38,SHP
17:16:00,Friday,46,SHP
22:24:00,Friday,0,SHP
05:45:00,Saturday,0,BD
05:45:00,Saturday,0,YU
05:45:00,Saturday,6,YU
05:57:00,Saturday,17,YU
05:59:00,Saturday,5,BD
06:05:00,Saturday,0,YU
06:06:00,Saturday,0,BD
06:27:00,Saturday,4,BD
06:28:00,Saturday,0,YU
06:51:00,Saturday,0,YU
07:58:00,Saturday,0,BD
08:07:00,Saturday,0,YU
09:02:00,Saturday,0,BD
09:12:00,Saturday,3,YU
09:21:00,Saturday,4,BD
09:45:00,Saturday,0,BD
09:53:00,Saturday,7,YU
10:01:00,Saturday,0,BD
10:32:00,Saturday,0,YU
11:45:00,Saturday,11,BD
12:24:00,Saturday,3,YU
12:32:00,Saturday,45,BD
12:42:00,Saturday,4,BD
12:50:00,Saturday,0,BD
13:19:00,Saturday,0,BD
13:25:00,Saturday,0,YU
13:34:00,Saturday,0,BD
14:28:00,Saturday,3,YU
14:47:00,Saturday,0,BD
14:57:00,Saturday,5,YU
15:16:00,Saturday,0,YU
15:58:00,Saturday,6,YU
16:05:00,Saturday,0,YU
16:18:00,Saturday,13,YU
16:33:00,Saturday,0,BD
16:45:00,Saturday,45,YU
16:54:00,Saturday,4,BD
17:01:00,Saturday,0,BD
17:02:00,Saturday,0,YU
17:11:00,Saturday,0,YU
17:33:00,Saturday,0,YU
17:34:00,Saturday,0,YU
17:42:00,Saturday,0,YU
17:46:00,Saturday,0,BD
17:58:00,Saturday,7,YU
18:18:00,Saturday,4,YU
18:21:00,Saturday,0,YU
18:38:00,Saturday,0,YU
18:48:00,Saturday,6,YU
19:38:00,Saturday,0,YU
20:31:00,Saturday,0,BD
21:38:00,Saturday,0,YU
21:51:00,Saturday,6,YU
22:00:00,Saturday,0,YU/BD
22:01:00,Saturday,34,YU
22:02:00,Saturday,6,BD
22:03:00,Saturday,3,YU
22:39:00,Saturday,0,BD
22:48:00,Saturday,0,YU
22:49:00,Saturday,0,BD
22:50:00,Saturday,5,YU
23:13:00,Saturday,0,BD
23:30:00,Saturday,0,BD
00:00:00,Saturday,0,BD
00:14:00,Saturday,6,BD
00:29:00,Saturday,0,YU
00:33:00,Saturday,0,YU
00:35:00,Saturday,5,YU
00:58:00,Saturday,0,YU
01:04:00,Saturday,0,BD
10:30:00,Saturday,0,SHP
15:26:00,Saturday,0,SHP
21:19:00,Saturday,7,SHP
23:59:00,Saturday,0,SHP
00:30:00,Saturday,0,SHP
02:01:00,Sunday,0,YU
02:09:00,Sunday,0,YU
02:31:00,Sunday,0,BD
07:23:00,Sunday,5,BD
07:26:00,Sunday,5,BD
07:40:00,Sunday,0,BD
08:00:00,Sunday,0,YU
08:05:00,Sunday,0,BD
08:20:00,Sunday,6,YU
08:23:00,Sunday,0,BD
08:34:00,Sunday,4,BD
08:35:00,Sunday,3,BD
08:43:00,Sunday,5,BD
08:50:00,Sunday,4,BD
09:11:00,Sunday,0,YU
09:22:00,Sunday,5,BD
11:30:00,Sunday,0,YU
12:03:00,Sunday,42,SHP
12:26:00,Sunday,0,YU
12:35:00,Sunday,0,YU
12:43:00,Sunday,0,YU
12:52:00,Sunday,0,YU
13:20:00,Sunday,4,YU
13:57:00,Sunday,4,YU
14:05:00,Sunday,3,YU
14:10:00,Sunday,5,YU
14:15:00,Sunday,3,YU
14:40:00,Sunday,11,YU
14:41:00,Sunday,5,YU
14:55:00,Sunday,6,YU
15:53:00,Sunday,0,YU
16:07:00,Sunday,0,BD
16:32:00,Sunday,0,BD
16:51:00,Sunday,0,YU
17:05:00,Sunday,0,YU
17:11:00,Sunday,6,YU
17:32:00,Sunday,6,YU
17:54:00,Sunday,5,YU
18:33:00,Sunday,0,YU
18:39:00,Sunday,0,YU
19:05:00,Sunday,6,YU
20:35:00,Sunday,0,BD
20:47:00,Sunday,0,YU
20:55:00,Sunday,10,BD
20:57:00,Sunday,0,YU
21:50:00,Sunday,4,BD
21:52:00,Sunday,0,YU
22:00:00,Sunday,0,YU/BD
22:52:00,Sunday,4,YU
22:55:00,Sunday,6,BD
23:59:00,Sunday,19,YU
00:28:00,Sunday,0,YU
00:55:00,Sunday,0,BD
01:32:00,Sunday,0,BD
01:36:00,Sunday,3,BD
01:51:00,Sunday,0,YU
01:53:00,Sunday,0,BD
02:03:00,Monday,0,YU
02:18:00,Monday,0,YU
02:21:00,Monday,0,BD
04:28:00,Monday,0,YU
05:19:00,Monday,0,BD
05:35:00,Monday,0,YU
05:38:00,Monday,0,YU
05:40:00,Monday,5,YU
05:47:00,Monday,0,YU
06:02:00,Monday,13,YU
06:06:00,Monday,8,BD
06:07:00,Monday,7,YU
06:13:00,Monday,0,BD
06:34:00,Monday,0,BD
06:40:00,Monday,4,YU
07:14:00,Monday,6,YU
07:32:00,Monday,3,YU
07:41:00,Monday,3,YU
07:46:00,Monday,3,YU
08:20:00,Monday,3,YU
08:23:00,Monday,3,YU
09:08:00,Monday,6,BD
09:11:00,Monday,0,YU
09:49:00,Monday,0,BD
10:04:00,Monday,3,YU
10:16:00,Monday,4,YU
10:21:00,Monday,0,BD
10:23:00,Monday,3,YU
10:56:00,Monday,0,BD
11:10:00,Monday,0,BD
11:35:00,Monday,19,YU
12:38:00,Monday,15,BD
13:11:00,Monday,17,BD
13:14:00,Monday,0,BD
13:52:00,Monday,0,BD
14:01:00,Monday,0,BD
14:14:00,Monday,0,YU
14:25:00,Monday,0,YU
14:41:00,Monday,34,YU
14:49:00,Monday,0,YU
15:41:00,Monday,3,BD
15:59:00,Monday,0,BD
16:17:00,Monday,4,BD
16:25:00,Monday,0,BD
16:34:00,Monday,7,YU
17:04:00,Monday,0,YU
17:11:00,Monday,3,BD
17:39:00,Monday,0,BD
18:00:00,Monday,0,YU
18:01:00,Monday,0,BD
18:39:00,Monday,0,BD
19:02:00,Monday,0,YU
19:14:00,Monday,3,BD
19:18:00,Monday,0,BD
19:29:00,Monday,6,BD
19:39:00,Monday,7,BD
20:04:00,Monday,0,YU
20:18:00,Monday,40,YU
20:22:00,Monday,0,YU
20:39:00,Monday,0,BD
20:41:00,Monday,0,BD
20:51:00,Monday,0,YU
21:20:00,Monday,0,BD
21:32:00,Monday,0,YU
21:35:00,Monday,0,BD
21:39:00,Monday,0,YU
21:41:00,Monday,0,YU
21:41:00,Monday,0,YU
21:52:00,Monday,0,YU
22:00:00,Monday,0,YU/BD
22:00:00,Monday,0,YU/BD
22:10:00,Monday,3,BD
22:21:00,Monday,0,YU
22:26:00,Monday,0,YU
22:43:00,Monday,6,YU
23:04:00,Monday,0,YU
23:57:00,Monday,0,BD
00:50:00,Monday,0,YU
01:07:00,Monday,6,BD
01:29:00,Monday,10,YU
08:15:00,Monday,0,SHP
11:28:00,Monday,8,SHP
17:23:00,Monday,0,SHP
02:18:00,Tuesday,0,YU
03:05:00,Tuesday,0,BD
05:44:00,Tuesday,9,BD
05:54:00,Tuesday,7,BD
05:54:00,Tuesday,4,YU
05:59:00,Tuesday,4,YU
06:38:00,Tuesday,8,YU
07:16:00,Tuesday,0,YU
07:47:00,Tuesday,4,YU
07:57:00,Tuesday,4,YU
08:05:00,Tuesday,0,YU
08:28:00,Tuesday,3,YU
08:35:00,Tuesday,13,BD
08:41:00,Tuesday,0,BD
08:52:00,Tuesday,0,YU
10:09:00,Tuesday,0,BD
10:10:00,Tuesday,4,YU
10:19:00,Tuesday,3,YU
10:52:00,Tuesday,0,BD
10:57:00,Tuesday,8,YU
11:07:00,Tuesday,6,YU
11:22:00,Tuesday,0,BD
11:39:00,Tuesday,0,BD
11:48:00,Tuesday,6,YU
11:59:00,Tuesday,4,BD
12:04:00,Tuesday,3,BD
12:15:00,Tuesday,4,YU
12:20:00,Tuesday,0,YU
12:28:00,Tuesday,6,BD
12:39:00,Tuesday,6,BD
12:57:00,Tuesday,11,BD
13:07:00,Tuesday,3,YU
13:09:00,Tuesday,0,YU
13:19:00,Tuesday,0,BD
13:27:00,Tuesday,5,BD
13:48:00,Tuesday,0,YU
13:55:00,Tuesday,3,YU
14:05:00,Tuesday,0,YU
14:16:00,Tuesday,0,BD
14:19:00,Tuesday,0,YU
14:39:00,Tuesday,3,YU
14:39:00,Tuesday,5,YU
14:41:00,Tuesday,0,BD
14:46:00,Tuesday,0,YU
14:52:00,Tuesday,5,YU
15:00:00,Tuesday,0,BD
15:23:00,Tuesday,4,YU
15:45:00,Tuesday,8,YU
15:53:00,Tuesday,0,YU
15:55:00,Tuesday,0,YU
16:10:00,Tuesday,9,YU
16:19:00,Tuesday,32,20 CLIFFSIDE
16:42:00,Tuesday,0,YU
17:11:00,Tuesday,12,BD
17:18:00,Tuesday,3,BD
17:38:00,Tuesday,6,YU
17:42:00,Tuesday,4,BD
17:47:00,Tuesday,0,YU
17:51:00,Tuesday,4,YU
17:57:00,Tuesday,0,BD
18:17:00,Tuesday,0,YU
18:20:00,Tuesday,0,YU
19:14:00,Tuesday,0,YU
19:16:00,Tuesday,12,YU
19:30:00,Tuesday,8,YU
19:53:00,Tuesday,0,BD
19:54:00,Tuesday,7,YU
20:46:00,Tuesday,0,YU
20:56:00,Tuesday,0,BD
21:31:00,Tuesday,0,YU
21:38:00,Tuesday,0,BD
21:45:00,Tuesday,0,BD
22:00:00,Tuesday,0,YU/BD
22:22:00,Tuesday,0,YU
22:39:00,Tuesday,24,YU
23:23:00,Tuesday,0,BD
23:31:00,Tuesday,0,YU
00:30:00,Tuesday,0,YU
01:04:00,Tuesday,0,YU
01:12:00,Tuesday,0,BD
01:58:00,Tuesday,0,BD
06:00:00,Tuesday,0,SHP
09:26:00,Tuesday,0,SHP
16:00:00,Tuesday,0,SHP
17:54:00,Tuesday,0,SHP
02:10:00,Wednesday,0,BD
05:59:00,Wednesday,9,YU
06:29:00,Wednesday,4,YU
07:01:00,Wednesday,3,BD
07:27:00,Wednesday,10,YU
07:36:00,Wednesday,0,BD
07:41:00,Wednesday,8,YU
07:50:00,Wednesday,0,BD
08:05:00,Wednesday,0,YU
08:28:00,Wednesday,8,YU
08:33:00,Wednesday,3,YU
08:36:00,Wednesday,0,BD
08:42:00,Wednesday,3,YU
09:07:00,Wednesday,0,BD
09:19:00,Wednesday,0,YU
09:27:00,Wednesday,0,YU
09:31:00,Wednesday,0,BD
09:36:00,Wednesday,3,YU
10:33:00,Wednesday,0,YU
10:54:00,Wednesday,3,BD
11:13:00,Wednesday,0,BD
11:16:00,Wednesday,0,YU
11:17:00,Wednesday,0,YU
11:18:00,Wednesday,0,BD
11:20:00,Wednesday,13,YU
11:57:00,Wednesday,29,BD
12:10:00,Wednesday,0,BD
12:26:00,Wednesday,4,YU
12:27:00,Wednesday,14,BD
12:41:00,Wednesday,12,BD
12:50:00,Wednesday,4,YU
13:03:00,Wednesday,87,BD
13:07:00,Wednesday,4,BD
13:12:00,Wednesday,0,YU
13:30:00,Wednesday,0,YU
14:00:00,Wednesday,3,YU
14:22:00,Wednesday,0,YU
14:29:00,Wednesday,0,YU
14:40:00,Wednesday,4,BD
14:59:00,Wednesday,5,YU
15:11:00,Wednesday,32,BD
15:26:00,Wednesday,0,BD
15:51:00,Wednesday,3,BD
15:54:00,Wednesday,0,BD
16:05:00,Wednesday,0,YU
16:18:00,Wednesday,3,YU
16:28:00,Wednesday,8,YU
16:28:00,Wednesday,0,BD
16:31:00,Wednesday,0,YU
16:42:00,Wednesday,8,YU
16:43:00,Wednesday,0,YU
16:44:00,Wednesday,0,YU
16:50:00,Wednesday,63,YU
16:57:00,Wednesday,6,YU
17:09:00,Wednesday,0,YU
17:17:00,Wednesday,0,BD
17:20:00,Wednesday,0,BD
17:43:00,Wednesday,0,YU
17:53:00,Wednesday,0,BD
18:08:00,Wednesday,0,YU
18:15:00,Wednesday,0,BD
18:22:00,Wednesday,0,BD
18:24:00,Wednesday,4,YU
18:28:00,Wednesday,0,BD
18:29:00,Wednesday,6,BD
18:34:00,Wednesday,6,YU
18:38:00,Wednesday,0,BD
18:46:00,Wednesday,0,YU
19:24:00,Wednesday,0,YU
19:26:00,Wednesday,0,YU
19:45:00,Wednesday,4,YU
20:16:00,Wednesday,23,YU
20:18:00,Wednesday,0,BD
20:42:00,Wednesday,0,BD
21:01:00,Wednesday,10,BD
21:59:00,Wednesday,5,BD
22:00:00,Wednesday,0,YU/BD
22:06:00,Wednesday,0,BD
22:17:00,Wednesday,0,YU
22:47:00,Wednesday,8,YU
22:48:00,Wednesday,0,YU
23:46:00,Wednesday,0,YU
00:34:00,Wednesday,0,BD
00:44:00,Wednesday,0,BD
00:50:00,Wednesday,0,BD
00:57:00,Wednesday,0,YU
01:07:00,Wednesday,0,YU
01:13:00,Wednesday,0,BD
01:28:00,Wednesday,0,BD
01:33:00,Wednesday,0,YU
01:38:00,Wednesday,0,BD
01:44:00,Wednesday,10,BD
01:46:00,Wednesday,0,YU
18:09:00,Wednesday,0,SHP
02:07:00,Thursday,0,YU
02:11:00,Thursday,0,BD
02:18:00,Thursday,0,BD
02:21:00,Thursday,5,BD
05:59:00,Thursday,7,YU
06:11:00,Thursday,3,BD
06:17:00,Thursday,3,YU
06:28:00,Thursday,7,YU
06:30:00,Thursday,4,YU
06:42:00,Thursday,3,YU
06:42:00,Thursday,3,BD
06:47:00,Thursday,5,BD
06:48:00,Thursday,7,BD
07:25:00,Thursday,4,YU
07:25:00,Thursday,0,BD
07:35:00,Thursday,0,YU
07:56:00,Thursday,0,BD
07:59:00,Thursday,4,YU
08:03:00,Thursday,0,BD
08:04:00,Thursday,0,YU
08:10:00,Thursday,0,YU
08:11:00,Thursday,5,BD
08:39:00,Thursday,6,YU
08:40:00,Thursday,0,BD
08:52:00,Thursday,16,YU
08:57:00,Thursday,5,YU
09:32:00,Thursday,3,BD
09:56:00,Thursday,0,YU
10:05:00,Thursday,0,BD
10:32:00,Thursday,3,YU
10:34:00,Thursday,4,BD
10:34:00,Thursday,0,YU
10:39:00,Thursday,4,YU
10:59:00,Thursday,0,YU
11:04:00,Thursday,0,YU
11:12:00,Thursday,24,BD
11:26:00,Thursday,0,BD
11:27:00,Thursday,0,YU
11:30:00,Thursday,0,BD
12:31:00,Thursday,4,BD
12:37:00,Thursday,5,YU
12:45:00,Thursday,0,BD
12:49:00,Thursday,0,BD
12:56:00,Thursday,6,YU
13:28:00,Thursday,0,BD
13:42:00,Thursday,0,YU
13:43:00,Thursday,17,BD
13:51:00,Thursday,5,YU
14:07:00,Thursday,0,BD
14:25:00,Thursday,0,YU
14:28:00,Thursday,0,YU
14:33:00,Thursday,10,YU
14:41:00,Thursday,0,BD
14:42:00,Thursday,4,YU
15:13:00,Thursday,4,YU
15:27:00,Thursday,0,BD
15:32:00,Thursday,0,BD
16:18:00,Thursday,3,YU
16:34:00,Thursday,5,YU
16:58:00,Thursday,3,BD
17:03:00,Thursday,0,YU
17:03:00,Thursday,0,BD
17:08:00,Thursday,3,YUS
17:17:00,Thursday,9,YU
17:17:00,Thursday,3,BD
17:33:00,Thursday,3,YU
17:38:00,Thursday,0,BD
17:49:00,Thursday,0,BD
17:50:00,Thursday,0,BD
18:20:00,Thursday,0,YU
18:33:00,Thursday,3,YU
18:38:00,Thursday,0,YU
19:00:00,Thursday,0,BD
19:15:00,Thursday,0,YU
19:29:00,Thursday,5,YU
19:29:00,Thursday,37,YU
19:36:00,Thursday,19,BD
20:44:00,Thursday,0,BD
20:50:00,Thursday,10,YU
20:52:00,Thursday,0,BD
21:02:00,Thursday,3,YU
21:09:00,Thursday,0,BD
21:11:00,Thursday,0,YU
21:40:00,Thursday,0,BD
22:00:00,Thursday,0,YU/BD
22:26:00,Thursday,5,YU
22:35:00,Thursday,0,YU
23:00:00,Thursday,0,YU
23:14:00,Thursday,3,YU
00:09:00,Thursday,10,YU
01:23:00,Thursday,3,YU
01:45:00,Thursday,0,YU
10:58:00,Thursday,5,SHP
11:50:00,Thursday,13,SHP
19:17:00,Thursday,0,SHP
19:32:00,Thursday,0,SHP
02:30:00,Friday,0,BD
03:13:00,Friday,0,YU
05:15:00,Friday,0,BD
05:25:00,Friday,0,BD
05:38:00,Friday,0,BD
05:40:00,Friday,0,YU
06:01:00,Friday,6,YU
06:49:00,Friday,0,YU
07:18:00,Friday,3,BD
07:41:00,Friday,8,YU
07:44:00,Friday,0,YU
07:45:00,Friday,0,BD
07:56:00,Friday,3,YU
08:25:00,Friday,6,YU
08:34:00,Friday,8,YU
08:38:00,Friday,8,YU
09:00:00,Friday,0,BD
09:00:00,Friday,0,BD
09:49:00,Friday,5,YU
10:58:00,Friday,0,YU
11:13:00,Friday,0,BD
11:22:00,Friday,0,BD
11:40:00,Friday,0,BD
13:05:00,Friday,0,BD
13:10:00,Friday,5,BD
13:20:00,Friday,0,BD
13:30:00,Friday,0,BD
13:36:00,Friday,0,BD
14:11:00,Friday,0,BD
14:46:00,Friday,0,BD
14:54:00,Friday,0,YU
15:39:00,Friday,27,YU
15:41:00,Friday,12,BD
15:48:00,Friday,4,YU
16:23:00,Friday,0,YU
16:24:00,Friday,0,YU
16:26:00,Friday,7,BD
16:33:00,Friday,0,BD
16:34:00,Friday,0,YU
16:35:00,Friday,0,BD
16:54:00,Friday,0,YU
17:05:00,Friday,3,YU
17:54:00,Friday,0,BD
18:05:00,Friday,0,YU
18:07:00,Friday,0,BD
18:16:00,Friday,3,YU
18:30:00,Friday,0,BD
18:36:00,Friday,0,YU
18:39:00,Friday,0,YU
18:47:00,Friday,3,YU
19:06:00,Friday,3,BD
20:13:00,Friday,0,BD
20:27:00,Friday,3,YU
21:00:00,Friday,0,BD
21:56:00,Friday,0,YU
22:00:00,Friday,0,YU / BD
22:18:00,Friday,0,BD
22:23:00,Friday,9,YU
22:41:00,Friday,0,YU
23:00:00,Friday,0,YU
23:03:00,Friday,20,YU
23:29:00,Friday,5,BD
23:46:00,Friday,0,YU
23:50:00,Friday,11,BD
23:55:00,Friday,9,YU
23:59:00,Friday,6,YU
00:04:00,Friday,6,YU
01:00:00,Friday,0,YU
01:10:00,Friday,0,YU
01:36:00,Friday,0,BD
01:45:00,Friday,0,YU
02:35:00,Friday,0,SHP
05:49:00,Saturday,5,BD
05:50:00,Saturday,6,YU
05:56:00,Saturday,0,YU
05:57:00,Saturday,6,YU
06:05:00,Saturday,4,YU
06:44:00,Saturday,4,BD
07:08:00,Saturday,0,BD
07:13:00,Saturday,0,BD
07:55:00,Saturday,4,BD
09:01:00,Saturday,0,BD
09:40:00,Saturday,0,BD
09:42:00,Saturday,0,YU
09:45:00,Saturday,0,BD
09:56:00,Saturday,0,YU
09:56:00,Saturday,0,BD
10:00:00,Saturday,0,BD
10:07:00,Saturday,0,YU
11:03:00,Saturday,0,YU
11:06:00,Saturday,0,YU
11:17:00,Saturday,0,BD
11:48:00,Saturday,4,BD
12:00:00,Saturday,0,BD
12:23:00,Saturday,4,YU
12:29:00,Saturday,6,YU
12:34:00,Saturday,0,YU
12:43:00,Saturday,0,BD
13:16:00,Saturday,0,BD
13:46:00,Saturday,0,YU
13:59:00,Saturday,0,YU
14:36:00,Saturday,0,BD
14:46:00,Saturday,0,YU
14:59:00,Saturday,35,BD
15:04:00,Saturday,6,YU
15:13:00,Saturday,0,BD
15:33:00,Saturday,3,BD
15:44:00,Saturday,6,YU
16:26:00,Saturday,0,YU
16:34:00,Saturday,0,BD
16:34:00,Saturday,4,YU
16:40:00,Saturday,0,BD
17:10:00,Saturday,0,BD
17:22:00,Saturday,0,YU
17:25:00,Saturday,0,YU
17:29:00,Saturday,3,BD
17:55:00,Saturday,4,YU
18:07:00,Saturday,0,BD
18:37:00,Saturday,0,BD
18:51:00,Saturday,0,BD
18:51:00,Saturday,0,YU
18:52:00,Saturday,0,BD
18:57:00,Saturday,4,YU
18:59:00,Saturday,0,YU
19:17:00,Saturday,6,YU
19:19:00,Saturday,0,YU
19:56:00,Saturday,3,YU
20:05:00,Saturday,0,BD
20:21:00,Saturday,11,YU
21:09:00,Saturday,5,YU
21:16:00,Saturday,3,BD
21:21:00,Saturday,0,BD
21:36:00,Saturday,0,BD
21:38:00,Saturday,13,BD
21:58:00,Saturday,0,YU
21:58:00,Saturday,9,YU
22:00:00,Saturday,0,YU/BD
22:09:00,Saturday,12,YU
22:12:00,Saturday,5,BD
22:25:00,Saturday,0,BD
22:59:00,Saturday,0,YU
23:25:00,Saturday,0,YU
00:03:00,Saturday,0,BD
00:07:00,Saturday,0,BD
01:40:00,Saturday,0,BD
06:14:00,Saturday,0,SHP
23:03:00,Saturday,0,SHP
02:15:00,Sunday,0,YU
02:21:00,Sunday,0,BD
07:54:00,Sunday,0,YU
08:02:00,Sunday,6,YU
08:25:00,Sunday,9,YU
08:36:00,Sunday,3,YU
08:46:00,Sunday,3,BD
08:49:00,Sunday,0,BD
09:18:00,Sunday,16,YU
09:21:00,Sunday,0,BD
09:52:00,Sunday,0,BD
10:00:00,Sunday,0,YU
10:25:00,Sunday,0,BD
11:29:00,Sunday,16,BD
12:18:00,Sunday,0,BD
13:05:00,Sunday,0,BD
14:42:00,Sunday,40,BD
14:43:00,Sunday,0,YU
14:43:00,Sunday,40,YU
15:26:00,Sunday,0,BD
15:48:00,Sunday,0,BD
16:05:00,Sunday,0,BD
16:25:00,Sunday,0,YU
16:38:00,Sunday,0,BD
17:20:00,Sunday,0,YU
18:09:00,Sunday,5,BD
18:14:00,Sunday,0,BD
18:33:00,Sunday,3,BD
18:39:00,Sunday,0,YU
18:41:00,Sunday,24,YU
19:33:00,Sunday,8,BD
19:47:00,Sunday,0,BD
19:57:00,Sunday,6,YU
20:11:00,Sunday,5,BD
20:23:00,Sunday,0,YU
20:58:00,Sunday,0,YU
21:35:00,Sunday,3,YU
21:36:00,Sunday,0,BD
21:53:00,Sunday,0,YU
22:00:00,Sunday,0,YU/BD
22:38:00,Sunday,0,BD
01:15:00,Sunday,0,YU
01:30:00,Sunday,0,BD
01:35:00,Sunday,0,BD
01:46:00,Sunday,0,BD
02:00:00,Monday,0,YU
02:21:00,Monday,0,BD
03:06:00,Monday,0,BD
05:48:00,Monday,10,BD
06:18:00,Monday,5,YU
06:31:00,Monday,4,YU
06:32:00,Monday,4,YU
06:44:00,Monday,4,YU
06:44:00,Monday,0,BD
06:53:00,Monday,0,YU
07:14:00,Monday,0,YU
07:28:00,Monday,0,BD
07:33:00,Monday,3,BD
07:40:00,Monday,0,BD
07:44:00,Monday,19,YU
07:46:00,Monday,0,BD
08:17:00,Monday,78,YU
08:29:00,Monday,0,YU
08:34:00,Monday,9,YU
09:02:00,Monday,3,BD
09:02:00,Monday,0,YU
09:51:00,Monday,3,YU
09:52:00,Monday,6,YU
10:10:00,Monday,4,YU
10:12:00,Monday,0,BD
10:16:00,Monday,3,YU
10:17:00,Monday,0,YU
10:36:00,Monday,11,YU
11:01:00,Monday,4,YU
11:31:00,Monday,0,BD
11:40:00,Monday,5,YU
11:43:00,Monday,0,BD
11:47:00,Monday,0,YU
12:27:00,Monday,0,YU
12:28:00,Monday,4,YU
13:09:00,Monday,0,YU
13:12:00,Monday,6,YU
13:16:00,Monday,10,BD
13:20:00,Monday,0,BD
13:28:00,Monday,0,BD
13:33:00,Monday,9,YU
14:37:00,Monday,11,YU
14:52:00,Monday,10,BD
16:14:00,Monday,3,YU
16:18:00,Monday,0,BD
16:22:00,Monday,0,YU
16:24:00,Monday,0,YU
16:26:00,Monday,0,YU
16:26:00,Monday,4,BD
16:34:00,Monday,3,YU
16:55:00,Monday,3,YU
17:13:00,Monday,0,YU
17:26:00,Monday,0,YU
17:29:00,Monday,0,YU
18:08:00,Monday,0,BD
18:17:00,Monday,0,YU
18:20:00,Monday,4,YU
18:31:00,Monday,0,YU
19:06:00,Monday,3,BD
19:17:00,Monday,8,YU
19:24:00,Monday,0,YU
19:30:00,Monday,0,YU
19:33:00,Monday,4,BD
19:42:00,Monday,0,YU
20:14:00,Monday,0,YU
20:16:00,Monday,0,YU
20:30:00,Monday,6,BD
20:43:00,Monday,3,YU
20:52:00,Monday,3,YU
21:16:00,Monday,5,YU
21:23:00,Monday,0,BD
21:28:00,Monday,0,BD
21:50:00,Monday,0,YU
22:00:00,Monday,0,YU/BD
22:33:00,Monday,0,YU
00:06:00,Monday,0,BD
00:28:00,Monday,0,BD
00:28:00,Monday,0,YU
00:29:00,Monday,0,YU
01:12:00,Monday,0,YU
01:14:00,Monday,0,YU
01:16:00,Monday,0,BD
01:23:00,Monday,0,YU
01:32:00,Monday,17,YU
22:15:00,Monday,4,SHP
02:11:00,Tuesday,0,BD
03:16:00,Tuesday,0,YU
05:01:00,Tuesday,0,YU
05:39:00,Tuesday,7,BD
05:41:00,Tuesday,0,BD
05:47:00,Tuesday,5,BD
05:59:00,Tuesday,8,YU
06:00:00,Tuesday,0,YU/BD
06:00:00,Tuesday,0,YU/BD
06:00:00,Tuesday,0,YU
06:00:00,Tuesday,0,YU/BD
06:05:00,Tuesday,7,YU
06:13:00,Tuesday,4,YU
06:21:00,Tuesday,3,BD
06:36:00,Tuesday,3,YU
06:42:00,Tuesday,3,YU
06:58:00,Tuesday,0,YU
07:39:00,Tuesday,0,BD
08:22:00,Tuesday,0,YU
08:28:00,Tuesday,0,BD
08:46:00,Tuesday,7,YU
08:49:00,Tuesday,6,YU
09:00:00,Tuesday,5,YU
09:52:00,Tuesday,5,YU
10:06:00,Tuesday,0,YU
10:47:00,Tuesday,0,YU
10:55:00,Tuesday,3,YU
11:26:00,Tuesday,0,YU
11:28:00,Tuesday,5,YU
11:30:00,Tuesday,0,YU
11:33:00,Tuesday,0,YU
12:08:00,Tuesday,0,BD
12:48:00,Tuesday,0,YU
12:50:00,Tuesday,0,YU
12:57:00,Tuesday,4,YU
13:05:00,Tuesday,5,YU
13:34:00,Tuesday,0,YU
14:08:00,Tuesday,0,BD
14:52:00,Tuesday,0,YU
15:15:00,Tuesday,0,YU
15:41:00,Tuesday,67,BD
15:51:00,Tuesday,0,BD
15:51:00,Tuesday,4,BD
16:01:00,Tuesday,0,YU
16:16:00,Tuesday,0,BD
16:27:00,Tuesday,0,YU
16:51:00,Tuesday,0,YU
16:54:00,Tuesday,5,YU
17:01:00,Tuesday,0,BD
17:03:00,Tuesday,0,BD
17:03:00,Tuesday,0,YU
17:09:00,Tuesday,4,BD
17:09:00,Tuesday,0,BD
17:18:00,Tuesday,0,YU
17:24:00,Tuesday,10,YU
17:25:00,Tuesday,0,BD
17:27:00,Tuesday,0,BD
18:34:00,Tuesday,0,BD
18:58:00,Tuesday,5,YU
19:04:00,Tuesday,3,YU
19:10:00,Tuesday,0,BD
19:11:00,Tuesday,0,BD
19:33:00,Tuesday,0,BD
19:36:00,Tuesday,0,BD
19:46:00,Tuesday,0,YU
19:50:00,Tuesday,0,BD
19:56:00,Tuesday,0,BD
20:07:00,Tuesday,0,YU
20:19:00,Tuesday,5,BD
20:45:00,Tuesday,0,BD
21:34:00,Tuesday,0,BD
22:00:00,Tuesday,0,YU/BD
22:10:00,Tuesday,6,YU
22:14:00,Tuesday,3,YU
22:17:00,Tuesday,0,YU
22:19:00,Tuesday,0,BD
22:27:00,Tuesday,5,YU
22:32:00,Tuesday,0,YU
23:24:00,Tuesday,0,YU
23:28:00,Tuesday,6,BD
23:33:00,Tuesday,0,BD
23:40:00,Tuesday,5,BD
00:08:00,Tuesday,3,YU
00:12:00,Tuesday,0,YU
00:32:00,Tuesday,0,BD
00:47:00,Tuesday,0,YU
01:05:00,Tuesday,0,YU
01:16:00,Tuesday,0,YU
01:32:00,Tuesday,24,YU
01:36:00,Tuesday,0,YU
01:46:00,Tuesday,0,YU
06:00:00,Tuesday,0,SHP
06:00:00,Tuesday,0,SHP
06:00:00,Tuesday,0,SHP
06:08:00,Tuesday,0,SHP
09:30:00,Tuesday,0,SHP
15:41:00,Tuesday,0,SHP
18:13:00,Tuesday,0,SHP
01:29:00,Tuesday,0,SHP
02:01:00,Wednesday,0,BD
03:54:00,Wednesday,0,YU
05:43:00,Wednesday,0,YU
05:47:00,Wednesday,10,YU
06:05:00,Wednesday,5,YU
06:26:00,Wednesday,5,BD
06:28:00,Wednesday,10,YU
06:59:00,Wednesday,0,BD
06:59:00,Wednesday,56,YU
08:00:00,Wednesday,0,BD
08:16:00,Wednesday,0,YU
08:37:00,Wednesday,0,YU
08:45:00,Wednesday,4,YU
10:59:00,Wednesday,3,BD
11:10:00,Wednesday,0,BD
12:00:00,Wednesday,7,YU
12:03:00,Wednesday,3,YU
12:22:00,Wednesday,3,BD
12:23:00,Wednesday,3,YU
13:00:00,Wednesday,8,BD
13:04:00,Wednesday,0,YU
13:04:00,Wednesday,0,BD
13:59:00,Wednesday,0,YU
14:16:00,Wednesday,0,BD
14:33:00,Wednesday,0,YU
14:37:00,Wednesday,32,YU
14:45:00,Wednesday,0,BD
14:47:00,Wednesday,5,BD
14:53:00,Wednesday,14,YU
15:00:00,Wednesday,0,YU
15:47:00,Wednesday,6,YU
15:49:00,Wednesday,0,YU
15:53:00,Wednesday,0,BD
16:23:00,Wednesday,4,BD
16:35:00,Wednesday,5,YU
16:45:00,Wednesday,10,BD
16:46:00,Wednesday,11,YU
17:04:00,Wednesday,0,BD
17:31:00,Wednesday,14,YU
18:10:00,Wednesday,0,YU
18:19:00,Wednesday,0,BD
18:37:00,Wednesday,27,BD
19:28:00,Wednesday,0,BD
19:31:00,Wednesday,0,BD
19:45:00,Wednesday,11,YU
20:08:00,Wednesday,3,YU
20:12:00,Wednesday,0,BD
20:14:00,Wednesday,0,YU
20:16:00,Wednesday,0,YU
20:23:00,Wednesday,0,YU
20:36:00,Wednesday,0,BD
20:39:00,Wednesday,0,BD
20:39:00,Wednesday,0,BD
20:47:00,Wednesday,0,YU
20:51:00,Wednesday,0,BD
20:54:00,Wednesday,45,YU
21:09:00,Wednesday,0,BD
22:00:00,Wednesday,0,YU/BD
22:09:00,Wednesday,0,YU
22:33:00,Wednesday,0,BD
23:06:00,Wednesday,0,YU
23:06:00,Wednesday,0,YU
23:10:00,Wednesday,4,BD
23:15:00,Wednesday,0,BD
23:57:00,Wednesday,0,YU
00:08:00,Wednesday,0,YU
00:26:00,Wednesday,0,YU
00:40:00,Wednesday,0,BD
01:43:00,Wednesday,0,BD
01:44:00,Wednesday,16,YU
02:23:00,Wednesday,0,SHP
12:33:00,Wednesday,0,SHP
23:02:00,Wednesday,9,SHP
00:08:00,Wednesday,5,SHP
02:09:00,Thursday,0,YU
02:27:00,Thursday,0,BD
02:43:00,Thursday,0,BD
05:53:00,Thursday,5,BD
05:59:00,Thursday,7,YU
06:24:00,Thursday,3,BD
07:00:00,Thursday,0,YU
07:42:00,Thursday,3,YU
07:53:00,Thursday,0,BD
07:57:00,Thursday,3,YU
08:01:00,Thursday,0,BD
08:04:00,Thursday,0,YU
08:05:00,Thursday,0,BD
09:07:00,Thursday,0,BD
09:09:00,Thursday,0,BD
09:45:00,Thursday,0,YU
10:03:00,Thursday,8,BD
10:07:00,Thursday,0,YU
11:03:00,Thursday,0,YU
11:48:00,Thursday,0,YU
11:51:00,Thursday,0,YU
12:03:00,Thursday,0,YU
12:09:00,Thursday,3,BD
12:48:00,Thursday,0,YU
12:53:00,Thursday,0,BD
13:30:00,Thursday,4,BD
15:23:00,Thursday,0,YU
15:40:00,Thursday,0,BD
15:42:00,Thursday,3,BD
16:09:00,Thursday,5,YU
16:18:00,Thursday,0,YU
16:23:00,Thursday,5,YU
16:31:00,Thursday,6,YU
16:43:00,Thursday,8,BD
16:58:00,Thursday,0,YU
17:29:00,Thursday,0,BD
17:43:00,Thursday,0,YU
17:59:00,Thursday,6,YU
18:22:00,Thursday,8,YU
19:06:00,Thursday,0,YU
19:08:00,Thursday,0,YU
19:15:00,Thursday,3,YU
19:26:00,Thursday,0,BD
19:37:00,Thursday,0,YU
19:51:00,Thursday,3,BD
19:52:00,Thursday,0,BD
19:56:00,Thursday,0,YU
20:17:00,Thursday,0,YU
20:32:00,Thursday,0,BD
21:05:00,Thursday,3,YU
21:11:00,Thursday,0,BD
21:13:00,Thursday,0,BD
21:31:00,Thursday,0,YU
22:00:00,Thursday,0,YU/BD
22:12:00,Thursday,4,YU
22:19:00,Thursday,0,YU
22:20:00,Thursday,0,YU
22:25:00,Thursday,0,BD
22:30:00,Thursday,0,YU
22:38:00,Thursday,20,YU
22:42:00,Thursday,0,YU
23:00:00,Thursday,0,YU
23:07:00,Thursday,0,BD
23:27:00,Thursday,0,YU
23:39:00,Thursday,0,BD
00:23:00,Thursday,4,YU
01:10:00,Thursday,0,YU
01:36:00,Thursday,0,BD
01:39:00,Thursday,0,YU
06:30:00,Thursday,22,SHP
05:20:00,Friday,0,YU
05:25:00,Friday,10,YU
05:38:00,Friday,10,YU
05:59:00,Friday,10,YU
06:07:00,Friday,5,YU
06:14:00,Friday,0,BD
06:33:00,Friday,0,YU
06:38:00,Friday,0,BD
07:00:00,Friday,0,BD
07:21:00,Friday,6,BD
07:24:00,Friday,3,YU
07:37:00,Friday,0,YU
07:45:00,Friday,112,BD
08:51:00,Friday,0,BD
09:26:00,Friday,0,BD
09:42:00,Friday,5,YU
10:14:00,Friday,0,BD
10:28:00,Friday,0,YU
10:31:00,Friday,0,YU
10:34:00,Friday,7,BD
10:56:00,Friday,21,BD
11:02:00,Friday,8,YU
11:10:00,Friday,6,YU
12:22:00,Friday,0,YU
12:22:00,Friday,4,YU
12:23:00,Friday,0,YU
13:09:00,Friday,5,YU
13:16:00,Friday,5,YU
13:37:00,Friday,0,BD
13:50:00,Friday,0,YU
14:25:00,Friday,3,BD
14:55:00,Friday,0,BD
15:29:00,Friday,0,YU
15:44:00,Friday,0,YU
15:45:00,Friday,0,BD
15:59:00,Friday,0,YU
16:10:00,Friday,8,BD
16:26:00,Friday,0,YU
17:22:00,Friday,5,YU
17:37:00,Friday,0,YU
18:50:00,Friday,19,YU
19:30:00,Friday,0,BD
19:40:00,Friday,0,YU
19:56:00,Friday,0,YU
20:00:00,Friday,0,BD
20:01:00,Friday,4,YU
20:04:00,Friday,0,BD
20:11:00,Friday,0,BD
20:18:00,Friday,0,YU
20:23:00,Friday,8,YU
20:25:00,Friday,7,YU
20:56:00,Friday,0,YU
21:05:00,Friday,4,YU
21:06:00,Friday,3,BD
21:20:00,Friday,36,YU
22:00:00,Friday,0,YU/BD
22:10:00,Friday,0,YU
22:28:00,Friday,0,YU
22:32:00,Friday,0,YU
22:39:00,Friday,4,BD
22:46:00,Friday,0,YU
23:00:00,Friday,0,YU
23:24:00,Friday,0,BD
23:36:00,Friday,0,YU
00:01:00,Friday,5,YU
00:10:00,Friday,13,YU
00:38:00,Friday,0,BD
00:43:00,Friday,0,BD
01:09:00,Friday,0,BD
01:38:00,Friday,0,BD
19:21:00,Friday,5,SHP
01:30:00,Friday,7,SHP
02:16:00,Saturday,0,BD
03:28:00,Saturday,0,BD
05:44:00,Saturday,0,BD
06:09:00,Saturday,0,YU
06:41:00,Saturday,5,YU
06:50:00,Saturday,5,YU
07:26:00,Saturday,0,YU
07:30:00,Saturday,3,BD
08:13:00,Saturday,0,YU
08:14:00,Saturday,0,BD
08:50:00,Saturday,0,BD
09:10:00,Saturday,4,BD
09:34:00,Saturday,0,BD
09:37:00,Saturday,4,YU
09:45:00,Saturday,0,BD
09:50:00,Saturday,0,BD
09:50:00,Saturday,0,BD
09:57:00,Saturday,0,YU
10:02:00,Saturday,3,BD
10:35:00,Saturday,3,YU
11:04:00,Saturday,0,BD
12:35:00,Saturday,0,YU
12:42:00,Saturday,0,BD
12:42:00,Saturday,4,BD
12:56:00,Saturday,0,BD
13:46:00,Saturday,3,YU
14:02:00,Saturday,41,YU
15:43:00,Saturday,0,BD
15:54:00,Saturday,11,BD
16:04:00,Saturday,0,BD
16:06:00,Saturday,0,YU
16:28:00,Saturday,8,YU
17:06:00,Saturday,0,YU
17:15:00,Saturday,0,YU
17:18:00,Saturday,0,YU
17:22:00,Saturday,0,YU
17:28:00,Saturday,0,BD
17:41:00,Saturday,0,YU
17:45:00,Saturday,0,BD
17:47:00,Saturday,14,YU
18:29:00,Saturday,0,BD
18:51:00,Saturday,0,BD
19:37:00,Saturday,0,BD
19:50:00,Saturday,3,BD
20:17:00,Saturday,4,YU
20:19:00,Saturday,0,YU
21:02:00,Saturday,0,YU
21:09:00,Saturday,0,YU
21:26:00,Saturday,0,BD
22:00:00,Saturday,0,YU/BD
22:07:00,Saturday,0,BD
22:35:00,Saturday,0,YU
22:46:00,Saturday,0,YU
23:23:00,Saturday,0,YU
23:28:00,Saturday,3,YU
23:30:00,Saturday,0,YU
23:54:00,Saturday,0,BD
00:46:00,Saturday,3,BD
00:49:00,Saturday,0,YU
01:05:00,Saturday,0,BD
01:25:00,Saturday,3,YU
01:30:00,Saturday,0,YU
01:31:00,Saturday,0,YU
08:39:00,Saturday,63,SHP
14:00:00,Saturday,3,SHP
15:17:00,Saturday,0,SHP
02:05:00,Sunday,0,BD
03:36:00,Sunday,0,YU
03:51:00,Sunday,0,BD
06:05:00,Sunday,0,YU
07:30:00,Sunday,0,YU
07:50:00,Sunday,0,BD
07:50:00,Sunday,0,YU
08:18:00,Sunday,6,YU
08:34:00,Sunday,0,BD
08:59:00,Sunday,3,BD
09:19:00,Sunday,0,YU
09:21:00,Sunday,0,YU
09:45:00,Sunday,0,BD
10:02:00,Sunday,0,BD
10:03:00,Sunday,0,YU
10:35:00,Sunday,5,YU
10:43:00,Sunday,0,YU
10:48:00,Sunday,0,YU
11:34:00,Sunday,0,YU
11:47:00,Sunday,0,BD
11:52:00,Sunday,4,YU
11:55:00,Sunday,0,YU
12:17:00,Sunday,4,YU
12:26:00,Sunday,0,YU
13:08:00,Sunday,0,YU
13:20:00,Sunday,5,YU
14:16:00,Sunday,0,YU
16:07:00,Sunday,0,YU
16:08:00,Sunday,0,BD
16:14:00,Sunday,0,YU
16:15:00,Sunday,0,YU
16:16:00,Sunday,0,BD
16:34:00,Sunday,0,BD
16:50:00,Sunday,0,YU
17:02:00,Sunday,0,BD
17:16:00,Sunday,0,YU
17:30:00,Sunday,5,YU
18:11:00,Sunday,5,YU
19:57:00,Sunday,0,YU
20:31:00,Sunday,5,YU
20:43:00,Sunday,0,BD
21:07:00,Sunday,0,YU
21:23:00,Sunday,4,BD
22:00:00,Sunday,0,YU/BD
22:09:00,Sunday,0,BD
22:11:00,Sunday,0,YU
22:17:00,Sunday,0,YU
23:00:00,Sunday,0,YU
23:01:00,Sunday,0,BD
23:02:00,Sunday,0,YU
23:11:00,Sunday,7,YU
23:57:00,Sunday,0,YU
00:05:00,Sunday,4,BD
00:40:00,Sunday,0,YU
00:41:00,Sunday,0,BD
01:33:00,Sunday,0,BD
01:35:00,Sunday,0,YU
01:43:00,Sunday,0,BD
01:54:00,Sunday,0,BD
10:03:00,Sunday,4,SHP
02:03:00,Monday,5,YU
02:20:00,Monday,0,YU
05:54:00,Monday,7,BD
05:59:00,Monday,3,YU
05:59:00,Monday,8,YU
06:03:00,Monday,4,YU
06:31:00,Monday,0,YU
06:31:00,Monday,0,BD
07:08:00,Monday,8,BD
08:00:00,Monday,4,BD
08:01:00,Monday,0,YU
08:15:00,Monday,4,YU
08:20:00,Monday,4,BD
08:39:00,Monday,0,BD
08:45:00,Monday,0,BD
09:26:00,Monday,0,YU
09:29:00,Monday,0,BD
09:30:00,Monday,0,BD
09:34:00,Monday,0,YU
09:45:00,Monday,0,YU
10:03:00,Monday,3,YU
11:57:00,Monday,0,BD
12:11:00,Monday,0,BD
12:32:00,Monday,0,YU
12:38:00,Monday,0,BD
13:38:00,Monday,0,YU
13:45:00,Monday,0,BD
13:56:00,Monday,25,YU
14:10:00,Monday,0,YU
14:29:00,Monday,12,BD
14:33:00,Monday,3,BD
14:38:00,Monday,0,BD
14:48:00,Monday,0,YU
15:06:00,Monday,5,YU
15:11:00,Monday,0,BD
15:25:00,Monday,0,BD
15:27:00,Monday,0,YU
15:45:00,Monday,5,YU
15:54:00,Monday,4,BD
16:26:00,Monday,3,BD
16:40:00,Monday,0,BD
16:51:00,Monday,0,BD
16:55:00,Monday,0,BD
17:03:00,Monday,3,BD
17:10:00,Monday,0,YU
17:14:00,Monday,0,YU
17:22:00,Monday,0,BD
17:23:00,Monday,0,BD
17:25:00,Monday,0,BD
17:26:00,Monday,0,YU
17:27:00,Monday,0,YU
17:29:00,Monday,0,BD
17:33:00,Monday,0,YU
17:37:00,Monday,3,BD
18:20:00,Monday,7,BD
19:34:00,Monday,0,BD
20:00:00,Monday,0,BD
20:16:00,Monday,6,YU
21:47:00,Monday,13,YU
21:52:00,Monday,0,BD
22:00:00,Monday,0,YU/BD
22:09:00,Monday,0,YU
22:17:00,Monday,0,YU
23:03:00,Monday,0,YU
00:50:00,Monday,0,BD
01:36:00,Monday,0,YU
08:53:00,Monday,4,SHP
09:10:00,Monday,0,SHP
09:26:00,Monday,0,SHP
13:36:00,Monday,0,SHP
17:34:00,Monday,0,SHP
18:57:00,Monday,0,SHP
02:19:00,Tuesday,0,YU
02:27:00,Tuesday,0,BD
03:06:00,Tuesday,0,BD
03:58:00,Tuesday,0,BD
04:32:00,Tuesday,0,YU
04:42:00,Tuesday,0,YU
04:42:00,Tuesday,0,BD
05:47:00,Tuesday,0,BD
05:59:00,Tuesday,5,YU
06:14:00,Tuesday,0,BD
06:35:00,Tuesday,0,YU
06:40:00,Tuesday,5,YU
06:49:00,Tuesday,0,YU
06:55:00,Tuesday,12,BD
07:12:00,Tuesday,0,YU
08:05:00,Tuesday,4,YU
08:17:00,Tuesday,0,BD
08:31:00,Tuesday,0,YU
09:05:00,Tuesday,5,YU
10:13:00,Tuesday,0,BD
10:18:00,Tuesday,0,YU
10:58:00,Tuesday,0,YU
11:27:00,Tuesday,0,BD
11:29:00,Tuesday,5,BD
11:35:00,Tuesday,0,YU
11:37:00,Tuesday,3,YU
12:07:00,Tuesday,0,YU
13:15:00,Tuesday,0,BD
13:23:00,Tuesday,42,YU
13:56:00,Tuesday,14,YU
14:17:00,Tuesday,0,YU
14:19:00,Tuesday,0,YU
14:31:00,Tuesday,0,BD
14:40:00,Tuesday,25,YU
14:57:00,Tuesday,29,YU
15:09:00,Tuesday,4,YU
15:19:00,Tuesday,0,YU
15:48:00,Tuesday,0,YU
15:52:00,Tuesday,6,BD
16:01:00,Tuesday,13,BD
16:02:00,Tuesday,5,BD
16:30:00,Tuesday,4,BD
16:40:00,Tuesday,3,BD
16:47:00,Tuesday,0,BD
17:12:00,Tuesday,0,YU
17:44:00,Tuesday,0,BD
18:32:00,Tuesday,37,BD
18:39:00,Tuesday,0,YU
19:53:00,Tuesday,4,BD
20:01:00,Tuesday,0,YU
20:40:00,Tuesday,0,YU
21:56:00,Tuesday,0,BD
22:00:00,Tuesday,0,YU/BD
22:45:00,Tuesday,10,YU
23:02:00,Tuesday,0,BD
23:05:00,Tuesday,0,YU
23:19:00,Tuesday,0,YU
23:19:00,Tuesday,0,YU
23:28:00,Tuesday,0,YU
23:40:00,Tuesday,0,BD
00:20:00,Tuesday,0,BD
01:26:00,Tuesday,3,YU
01:27:00,Tuesday,3,YU
02:34:00,Tuesday,0,SHP
02:02:00,Wednesday,0,YU
02:21:00,Wednesday,0,YU
02:24:00,Wednesday,0,BD
05:00:00,Wednesday,0,YU
05:35:00,Wednesday,0,BD
05:38:00,Wednesday,0,YU/BD
05:42:00,Wednesday,8,YU
05:59:00,Wednesday,8,YU
06:55:00,Wednesday,0,BD
07:31:00,Wednesday,0,YU
08:43:00,Wednesday,0,YU
08:51:00,Wednesday,0,BD
09:09:00,Wednesday,0,YU
09:26:00,Wednesday,0,YU
09:35:00,Wednesday,9,BD
09:38:00,Wednesday,0,YU
09:38:00,Wednesday,0,BD
10:05:00,Wednesday,5,YU
10:20:00,Wednesday,0,BD
10:21:00,Wednesday,152,YU
10:33:00,Wednesday,0,BD
10:37:00,Wednesday,0,YU
10:39:00,Wednesday,0,YU
10:51:00,Wednesday,0,YU
10:53:00,Wednesday,0,YU
10:59:00,Wednesday,3,YU
11:00:00,Wednesday,8,BD
11:35:00,Wednesday,5,YU
11:38:00,Wednesday,5,YU
11:39:00,Wednesday,0,BD
11:42:00,Wednesday,16,BD
11:59:00,Wednesday,0,BD
13:05:00,Wednesday,5,YU
13:18:00,Wednesday,0,BD
13:37:00,Wednesday,0,YU
13:44:00,Wednesday,0,BD
13:56:00,Wednesday,0,YU
14:06:00,Wednesday,8,BD
14:15:00,Wednesday,0,BD
14:47:00,Wednesday,0,YU
15:13:00,Wednesday,18,YU
15:17:00,Wednesday,0,YU
15:40:00,Wednesday,0,BD
16:12:00,Wednesday,0,BD
16:25:00,Wednesday,0,YU
16:47:00,Wednesday,0,YU
17:12:00,Wednesday,0,BD
17:17:00,Wednesday,0,BD
17:47:00,Wednesday,0,YU
18:07:00,Wednesday,3,BD
18:14:00,Wednesday,0,BD
18:36:00,Wednesday,0,BD
19:01:00,Wednesday,10,BD
19:10:00,Wednesday,29,YU
19:20:00,Wednesday,22,YU
19:37:00,Wednesday,46,YU
21:27:00,Wednesday,0,YU
22:17:00,Wednesday,0,BD
22:28:00,Wednesday,6,YU
22:51:00,Wednesday,6,YU
22:59:00,Wednesday,0,YU
23:37:00,Wednesday,8,BD
00:13:00,Wednesday,0,BD
00:16:00,Wednesday,0,YU
00:31:00,Wednesday,9,YU
03:10:00,Wednesday,0,SHP
10:26:00,Wednesday,0,SHP
14:35:00,Wednesday,0,SHP
19:13:00,Wednesday,0,SHP
02:10:00,Thursday,0,BD
03:37:00,Thursday,0,BD
05:15:00,Thursday,0,YU
05:25:00,Thursday,0,BD
05:40:00,Thursday,10,BD
05:43:00,Thursday,7,YU
05:44:00,Thursday,0,YU
05:45:00,Thursday,0,YU
05:59:00,Thursday,12,YU
06:02:00,Thursday,4,YU
06:07:00,Thursday,5,YU
06:48:00,Thursday,0,BD
06:56:00,Thursday,0,BD
07:05:00,Thursday,0,BD
07:11:00,Thursday,2,YU
07:13:00,Thursday,4,YU
07:25:00,Thursday,45,YU
07:50:00,Thursday,0,YU
08:15:00,Thursday,0,YU
08:16:00,Thursday,0,YU
08:17:00,Thursday,0,YU
08:19:00,Thursday,0,BD
09:00:00,Thursday,0,BD
09:06:00,Thursday,0,YU
09:15:00,Thursday,0,BD
09:45:00,Thursday,0,BD
09:45:00,Thursday,0,BD
09:59:00,Thursday,0,BD
10:13:00,Thursday,0,BD
10:18:00,Thursday,0,YU
10:30:00,Thursday,4,YU
10:47:00,Thursday,23,BD
11:05:00,Thursday,6,YU
11:12:00,Thursday,15,BD
11:17:00,Thursday,22,BD
11:26:00,Thursday,0,YU
11:29:00,Thursday,0,BD
11:35:00,Thursday,4,BD
11:39:00,Thursday,0,YU
11:46:00,Thursday,6,YU
12:00:00,Thursday,0,BD
12:24:00,Thursday,4,BD
12:25:00,Thursday,0,BD
13:06:00,Thursday,14,BD
13:20:00,Thursday,0,BD
13:29:00,Thursday,0,BD
13:37:00,Thursday,0,YU
13:47:00,Thursday,0,BD
14:01:00,Thursday,0,YU
14:09:00,Thursday,0,BD
14:20:00,Thursday,0,BD
14:54:00,Thursday,0,YU
15:51:00,Thursday,3,BD
15:53:00,Thursday,0,BD
16:10:00,Thursday,5,YU
16:13:00,Thursday,0,BD
16:14:00,Thursday,3,BD
16:31:00,Thursday,0,BD
16:53:00,Thursday,0,BD
17:00:00,Thursday,0,YU
17:14:00,Thursday,4,BD
17:15:00,Thursday,0,BD
17:30:00,Thursday,0,YU
18:10:00,Thursday,0,YU
18:33:00,Thursday,0,YU
19:12:00,Thursday,0,BD
19:49:00,Thursday,4,BD
19:50:00,Thursday,0,BD
20:10:00,Thursday,0,BD
20:11:00,Thursday,0,BD
20:36:00,Thursday,0,YU
20:39:00,Thursday,0,YU
21:09:00,Thursday,0,BD
21:18:00,Thursday,0,YU
21:38:00,Thursday,3,YU
21:55:00,Thursday,0,YU
22:00:00,Thursday,0,BD/YU
22:11:00,Thursday,0,BD
22:28:00,Thursday,3,BD
22:38:00,Thursday,0,BD
22:40:00,Thursday,3,YU
22:57:00,Thursday,0,BD
23:02:00,Thursday,4,YU
23:07:00,Thursday,0,YU
23:10:00,Thursday,0,YU
23:18:00,Thursday,0,BD
23:33:00,Thursday,16,YU
00:03:00,Thursday,0,YU
00:52:00,Thursday,13,BD
00:58:00,Thursday,0,YU
01:24:00,Thursday,0,BD
01:33:00,Thursday,0,BD
01:44:00,Thursday,0,BD
01:56:00,Thursday,0,YU
09:31:00,Thursday,0,SHP
02:08:00,Friday,0,BD
02:25:00,Friday,0,YU
05:42:00,Friday,0,BD
05:59:00,Friday,8,YU
06:21:00,Friday,3,BD
06:22:00,Friday,0,BD
06:35:00,Friday,0,BD
06:43:00,Friday,3,YU
06:57:00,Friday,0,YU
07:07:00,Friday,3,BD
07:16:00,Friday,0,BD
07:19:00,Friday,0,BD
07:26:00,Friday,0,BD
07:29:00,Friday,5,BD
07:37:00,Friday,0,BD
08:38:00,Friday,4,YU
08:42:00,Friday,0,BD
08:45:00,Friday,0,YU
08:47:00,Friday,0,YU
08:52:00,Friday,5,YU
08:55:00,Friday,0,BD
08:57:00,Friday,0,BD
09:04:00,Friday,0,YU
09:14:00,Friday,0,YU
09:24:00,Friday,0,BD
09:26:00,Friday,0,YU
09:33:00,Friday,12,YU
09:54:00,Friday,0,BD
10:05:00,Friday,0,YU
10:35:00,Friday,5,YU
10:36:00,Friday,5,YU
10:41:00,Friday,12,YU
11:23:00,Friday,0,BD
11:34:00,Friday,0,BD
11:45:00,Friday,4,BD
11:55:00,Friday,19,BD
12:05:00,Friday,0,YU
12:11:00,Friday,6,BD
12:22:00,Friday,0,YU
12:45:00,Friday,0,YU
13:33:00,Friday,0,YU
14:42:00,Friday,0,BD
14:52:00,Friday,3,BD
14:59:00,Friday,3,BD
15:01:00,Friday,3,BD
15:38:00,Friday,3,BD
15:42:00,Friday,0,YU
15:44:00,Friday,0,BD
15:46:00,Friday,5,BD
15:57:00,Friday,0,BD
15:59:00,Friday,0,YU
16:21:00,Friday,0,BD
16:33:00,Friday,0,YU
16:39:00,Friday,14,YU
17:13:00,Friday,0,BD
17:15:00,Friday,0,YU
17:27:00,Friday,0,YU
17:27:00,Friday,8,BD
17:53:00,Friday,0,BD
18:03:00,Friday,0,BD
18:35:00,Friday,0,BD
19:04:00,Friday,18,BD
19:11:00,Friday,18,BD
19:44:00,Friday,0,BD
19:46:00,Friday,4,BD
19:59:00,Friday,0,BD
20:12:00,Friday,0,YU
20:15:00,Friday,10,YU
20:24:00,Friday,3,YU
20:36:00,Friday,4,YU
20:52:00,Friday,0,YU
21:22:00,Friday,0,YU
21:30:00,Friday,0,BD
21:42:00,Friday,5,YU
21:45:00,Friday,4,YU
22:00:00,Friday,0,YU/BD
22:48:00,Friday,0,BD
23:26:00,Friday,14,YU
23:44:00,Friday,0,YU
23:54:00,Friday,0,YU
00:18:00,Friday,0,BD
00:29:00,Friday,7,BD
00:53:00,Friday,0,BD
00:54:00,Friday,14,BD
01:42:00,Friday,0,BD
01:50:00,Friday,0,YU
02:46:00,Saturday,0,YU
04:26:00,Saturday,0,BD
05:17:00,Saturday,0,YU
05:20:00,Saturday,0,BD
05:45:00,Saturday,0,YU
06:32:00,Saturday,3,YU
06:34:00,Saturday,11,YU
06:42:00,Saturday,4,YU
09:08:00,Saturday,5,BD
09:50:00,Saturday,0,YU
10:25:00,Saturday,0,YU
10:31:00,Saturday,3,BD
11:42:00,Saturday,5,BD
12:08:00,Saturday,4,BD
12:18:00,Saturday,4,BD
12:28:00,Saturday,0,YU
12:46:00,Saturday,4,YU
13:06:00,Saturday,6,YU
13:33:00,Saturday,0,YU
13:33:00,Saturday,0,YU
13:43:00,Saturday,33,BD
14:24:00,Saturday,3,YU
14:33:00,Saturday,5,BD
15:55:00,Saturday,0,YU
16:35:00,Saturday,0,YU
16:45:00,Saturday,0,YU
16:53:00,Saturday,0,BD
16:55:00,Saturday,4,YU
17:01:00,Saturday,0,YU
17:05:00,Saturday,0,YU
17:10:00,Saturday,0,BD
17:12:00,Saturday,0,YU
17:20:00,Saturday,0,YU
17:24:00,Saturday,0,YU
17:31:00,Saturday,3,BD
17:45:00,Saturday,0,YU
17:55:00,Saturday,0,YU
17:55:00,Saturday,0,BD
18:09:00,Saturday,0,BD
18:13:00,Saturday,0,BD
18:23:00,Saturday,17,YU
18:46:00,Saturday,0,YU
19:01:00,Saturday,16,BD
19:16:00,Saturday,3,YU
19:20:00,Saturday,0,YU
19:22:00,Saturday,0,YU
19:31:00,Saturday,12,BD
19:44:00,Saturday,11,YU
20:19:00,Saturday,0,BD
20:21:00,Saturday,0,BD
20:31:00,Saturday,9,YU
20:44:00,Saturday,0,BD
21:31:00,Saturday,3,YU
21:43:00,Saturday,0,BD
22:00:00,Saturday,0,YU/BD
22:10:00,Saturday,7,YU
22:18:00,Saturday,3,YU
22:55:00,Saturday,0,YU
23:15:00,Saturday,0,YU
23:23:00,Saturday,0,YU
23:40:00,Saturday,3,YU
23:59:00,Saturday,0,BD
00:18:00,Saturday,0,YU
09:02:00,Saturday,7,SHP
02:22:00,Sunday,0,YU
02:31:00,Sunday,0,BD
02:32:00,Sunday,0,YU
02:50:00,Sunday,0,YU
06:17:00,Sunday,0,BD
07:00:00,Sunday,0,BD
07:03:00,Sunday,0,YU
07:03:00,Sunday,0,BD
07:04:00,Sunday,0,BD
07:05:00,Sunday,0,YU
07:09:00,Sunday,0,YU
07:38:00,Sunday,0,BD
08:06:00,Sunday,3,BD
08:15:00,Sunday,0,BD
08:19:00,Sunday,9,BD
08:21:00,Sunday,14,YU
08:31:00,Sunday,0,YU
08:46:00,Sunday,10,YU
08:52:00,Sunday,5,BD
09:08:00,Sunday,0,YU
09:33:00,Sunday,6,YU
09:55:00,Sunday,0,BD
10:20:00,Sunday,3,YU
11:10:00,Sunday,0,BD
11:21:00,Sunday,0,YU
12:04:00,Sunday,0,BD
12:55:00,Sunday,0,BD
13:33:00,Sunday,0,YU
13:58:00,Sunday,0,YU
14:12:00,Sunday,0,BD
14:18:00,Sunday,0,YU
15:06:00,Sunday,0,BD
15:25:00,Sunday,0,YU
15:38:00,Sunday,3,YU
15:38:00,Sunday,0,YU
15:41:00,Sunday,0,BD
15:43:00,Sunday,0,BD
16:36:00,Sunday,0,BD
16:42:00,Sunday,0,BD
16:44:00,Sunday,0,YU
16:47:00,Sunday,4,YU
17:13:00,Sunday,0,YU
18:07:00,Sunday,0,YU
18:18:00,Sunday,0,BD
18:47:00,Sunday,0,BD
19:17:00,Sunday,0,YU
19:26:00,Sunday,0,YU
20:35:00,Sunday,0,YU
20:49:00,Sunday,0,YU
21:05:00,Sunday,0,YU
21:25:00,Sunday,0,BD
21:46:00,Sunday,0,BD
21:48:00,Sunday,0,BD
22:00:00,Sunday,0,YU/BD
22:22:00,Sunday,0,BD
23:05:00,Sunday,5,YU
23:11:00,Sunday,19,BD
23:14:00,Sunday,4,BD
23:26:00,Sunday,0,BD
23:33:00,Sunday,3,YU
00:27:00,Sunday,55,BD
00:40:00,Sunday,0,YU
01:41:00,Sunday,0,YU
11:30:00,Sunday,0,SHP
12:13:00,Sunday,0,SHP
12:18:00,Sunday,0,SHP
02:10:00,Monday,0,BD
02:24:00,Monday,0,YU
03:03:00,Monday,0,YU
04:17:00,Monday,0,YU
05:10:00,Monday,0,YU
05:25:00,Monday,0,BD
05:35:00,Monday,0,YU
05:40:00,Monday,0,YU
05:40:00,Monday,0,YU
05:44:00,Monday,0,YU
05:50:00,Monday,4,BD
05:59:00,Monday,8,YU
06:52:00,Monday,3,BD
07:08:00,Monday,0,YU
07:55:00,Monday,0,YU
08:42:00,Monday,5,YU
09:55:00,Monday,0,YU
10:36:00,Monday,0,BD
10:45:00,Monday,4,YU
12:08:00,Monday,0,BD
12:14:00,Monday,0,YU
12:31:00,Monday,19,YU
12:58:00,Monday,0,BD
13:08:00,Monday,3,YU
13:09:00,Monday,0,YU
13:21:00,Monday,0,BD
13:35:00,Monday,3,YU
14:12:00,Monday,0,BD
14:16:00,Monday,0,BD
14:20:00,Monday,0,YU
14:35:00,Monday,4,YU
14:41:00,Monday,4,YU
14:49:00,Monday,3,YU
14:56:00,Monday,22,BD
15:08:00,Monday,0,BD
15:53:00,Monday,6,YU
16:38:00,Monday,0,BD
17:03:00,Monday,0,YU
17:28:00,Monday,0,YU
17:35:00,Monday,0,BD
17:39:00,Monday,0,YU
17:51:00,Monday,0,BD
17:58:00,Monday,4,YU
18:11:00,Monday,0,BD
18:26:00,Monday,0,BD
18:45:00,Monday,4,YU
19:20:00,Monday,17,BD
19:27:00,Monday,6,YU
19:30:00,Monday,0,BD
19:58:00,Monday,0,BD
20:15:00,Monday,35,BD
20:54:00,Monday,13,BD
20:56:00,Monday,14,YU
21:02:00,Monday,0,BD
21:16:00,Monday,3,BD
21:16:00,Monday,0,YU
21:39:00,Monday,0,BD
22:00:00,Monday,0,YU/BD
22:04:00,Monday,0,BD
22:23:00,Monday,0,YU
22:49:00,Monday,0,BD
23:07:00,Monday,7,YU
23:13:00,Monday,13,YU
23:21:00,Monday,0,BD
23:23:00,Monday,0,YU
23:34:00,Monday,0,BD
23:38:00,Monday,0,BD
23:49:00,Monday,4,BD
00:13:00,Monday,0,YU
00:40:00,Monday,0,YU
01:07:00,Monday,0,YU
01:36:00,Monday,18,YU
01:58:00,Monday,0,YU
20:53:00,Monday,3,SHP
22:51:00,Monday,7,SHP
02:10:00,Tuesday,0,YU
02:41:00,Tuesday,0,YU
03:00:00,Tuesday,0,BD
03:08:00,Tuesday,0,YU
04:40:00,Tuesday,0,BD
05:10:00,Tuesday,0,YU
05:20:00,Tuesday,0,BD
05:35:00,Tuesday,0,YU
05:45:00,Tuesday,0,BD
05:58:00,Tuesday,4,BD
05:59:00,Tuesday,9,YU
06:43:00,Tuesday,18,BD
08:24:00,Tuesday,0,BD
08:39:00,Tuesday,0,BD
09:27:00,Tuesday,0,BD
09:41:00,Tuesday,0,BD
10:19:00,Tuesday,0,BD
10:33:00,Tuesday,0,YU
11:18:00,Tuesday,0,YU
11:18:00,Tuesday,0,YU
11:53:00,Tuesday,3,YU
12:05:00,Tuesday,0,BD
12:27:00,Tuesday,4,BD
12:58:00,Tuesday,0,YU
13:11:00,Tuesday,0,YU
13:32:00,Tuesday,0,YU
13:43:00,Tuesday,4,YU
14:11:00,Tuesday,0,YU
14:13:00,Tuesday,0,BD
15:12:00,Tuesday,0,BD
15:21:00,Tuesday,0,YU
15:35:00,Tuesday,0,BD
15:37:00,Tuesday,0,YU
15:42:00,Tuesday,0,YU
15:43:00,Tuesday,0,YU
15:45:00,Tuesday,0,BD
15:47:00,Tuesday,0,YU
15:47:00,Tuesday,0,BD
15:48:00,Tuesday,0,BD
15:51:00,Tuesday,3,BD
16:11:00,Tuesday,3,BD
16:30:00,Tuesday,0,YU
16:45:00,Tuesday,4,BD
16:55:00,Tuesday,3,YU
17:03:00,Tuesday,0,YU
17:16:00,Tuesday,0,BD
17:21:00,Tuesday,0,BD
17:40:00,Tuesday,0,YU
17:41:00,Tuesday,0,BD
18:20:00,Tuesday,0,YU
18:26:00,Tuesday,0,YU
19:03:00,Tuesday,0,YU
19:04:00,Tuesday,3,YU
19:05:00,Tuesday,0,YU
19:20:00,Tuesday,0,BD
19:59:00,Tuesday,0,YU
20:05:00,Tuesday,4,YU
20:07:00,Tuesday,8,YU
20:08:00,Tuesday,0,BD
20:28:00,Tuesday,3,BD
20:30:00,Tuesday,0,YU
20:43:00,Tuesday,39,BD
21:47:00,Tuesday,0,YU
21:48:00,Tuesday,0,BD
22:00:00,Tuesday,0,YU/BD
22:18:00,Tuesday,0,BD
23:06:00,Tuesday,0,BD
23:15:00,Tuesday,0,BD
23:30:00,Tuesday,3,YU
23:39:00,Tuesday,0,BD
00:04:00,Tuesday,0,BD
00:10:00,Tuesday,13,BD
00:21:00,Tuesday,0,YU
00:35:00,Tuesday,0,YU
00:37:00,Tuesday,0,BD
00:48:00,Tuesday,15,BD
01:15:00,Tuesday,0,BD
11:29:00,Tuesday,4,SHP
01:12:00,Tuesday,9,SHP
02:01:00,Wednesday,0,YU
02:04:00,Wednesday,0,BD
02:54:00,Wednesday,0,BD
04:37:00,Wednesday,0,YU
05:44:00,Wednesday,0,YU
08:04:00,Wednesday,7,BD
08:22:00,Wednesday,8,YU
08:46:00,Wednesday,10,YU
09:19:00,Wednesday,5,BD
10:52:00,Wednesday,4,BD
11:03:00,Wednesday,3,YU
11:56:00,Wednesday,0,YU
12:08:00,Wednesday,0,YU
12:24:00,Wednesday,0,YU
13:12:00,Wednesday,10,YU
13:20:00,Wednesday,0,YU
13:40:00,Wednesday,4,BD
13:54:00,Wednesday,4,BD
14:19:00,Wednesday,5,YU
14:25:00,Wednesday,0,BD
14:45:00,Wednesday,0,YU
14:48:00,Wednesday,0,YU
15:30:00,Wednesday,0,YU
15:55:00,Wednesday,0,BD
16:03:00,Wednesday,0,BD
16:15:00,Wednesday,0,YU
16:37:00,Wednesday,0,BD
17:25:00,Wednesday,10,YU
17:45:00,Wednesday,9,YU
17:52:00,Wednesday,7,YU
18:04:00,Wednesday,8,BD
18:07:00,Wednesday,6,YU
19:09:00,Wednesday,0,YU
19:53:00,Wednesday,0,YU
20:01:00,Wednesday,8,YU
20:54:00,Wednesday,66,YU
21:45:00,Wednesday,0,BD
22:00:00,Wednesday,0,BD/YU
22:30:00,Wednesday,0,YU
22:35:00,Wednesday,11,YU
22:42:00,Wednesday,6,YU
23:00:00,Wednesday,0,BD
23:07:00,Wednesday,0,YU
23:59:00,Wednesday,0,YU
00:37:00,Wednesday,4,YU
00:51:00,Wednesday,14,YU
00:51:00,Wednesday,6,YU
01:40:00,Wednesday,4,YU
23:06:00,Wednesday,0,SHP
02:17:00,Thursday,0,BD
02:24:00,Thursday,0,YU
03:50:00,Thursday,0,YU
05:20:00,Thursday,0,YU
05:25:00,Thursday,0,BD
05:35:00,Thursday,0,YU
05:35:00,Thursday,0,BD
05:35:00,Thursday,0,YU
05:39:00,Thursday,4,BD
05:40:00,Thursday,0,YU
05:40:00,Thursday,0,YU
06:03:00,Thursday,0,BD
06:08:00,Thursday,0,BD
07:36:00,Thursday,0,YU
08:39:00,Thursday,3,YU
09:00:00,Thursday,0,YU
10:13:00,Thursday,0,YU
10:33:00,Thursday,3,YU
11:15:00,Thursday,0,YU
11:15:00,Thursday,0,YU
11:50:00,Thursday,4,YU
12:29:00,Thursday,7,YU
12:35:00,Thursday,19,BD
13:10:00,Thursday,3,YU
13:45:00,Thursday,0,BD
15:08:00,Thursday,0,YU
15:32:00,Thursday,3,YU
15:43:00,Thursday,4,YU
15:54:00,Thursday,4,YU
15:55:00,Thursday,0,BD
16:06:00,Thursday,0,YU
16:07:00,Thursday,0,BD
16:51:00,Thursday,0,BD
17:07:00,Thursday,0,YU
17:34:00,Thursday,6,YU
17:43:00,Thursday,0,YU
17:57:00,Thursday,0,YU
18:29:00,Thursday,0,YU
18:29:00,Thursday,0,BD
18:31:00,Thursday,0,BD
19:03:00,Thursday,3,YU
19:05:00,Thursday,0,YU
19:07:00,Thursday,0,BD
19:57:00,Thursday,0,YU
20:12:00,Thursday,0,YU
20:13:00,Thursday,0,BD
20:49:00,Thursday,0,BD
21:08:00,Thursday,0,YU
21:39:00,Thursday,0,BD
21:53:00,Thursday,0,YU
22:00:00,Thursday,0,YU/BD
22:12:00,Thursday,0,YU
22:32:00,Thursday,0,YU
22:37:00,Thursday,0,YU
22:39:00,Thursday,0,BD
22:42:00,Thursday,4,YU
23:03:00,Thursday,4,BD
23:22:00,Thursday,0,YU
23:33:00,Thursday,13,YU
00:27:00,Thursday,0,BD
01:15:00,Thursday,0,YU
01:35:00,Thursday,0,YU
03:59:00,Thursday,0,SHP
05:10:00,Thursday,0,SHP
11:55:00,Thursday,4,SHP
01:03:00,Thursday,0,SHP
01:57:00,Thursday,0,SHP
02:03:00,Friday,0,YU
05:15:00,Friday,0,YU
05:20:00,Friday,0,BD
05:25:00,Friday,0,BD
05:40:00,Friday,0,YU
05:40:00,Friday,0,YU
05:59:00,Friday,4,YU
06:07:00,Friday,3,BD
06:16:00,Friday,0,BD
06:22:00,Friday,11,YU
07:27:00,Friday,0,BD
07:48:00,Friday,10,BD
07:58:00,Friday,18,BD
08:08:00,Friday,0,BD
08:28:00,Friday,10,BD
08:38:00,Friday,0,BD
09:00:00,Friday,3,YU
09:45:00,Friday,0,YU
09:54:00,Friday,4,BD
09:58:00,Friday,3,YU
11:02:00,Friday,5,BD
11:02:00,Friday,0,YU
11:06:00,Friday,4,BD
11:10:00,Friday,0,YU
11:46:00,Friday,4,BD
11:50:00,Friday,3,BD
11:54:00,Friday,5,YU
12:16:00,Friday,0,YU
12:26:00,Friday,0,BD
12:50:00,Friday,0,YU
13:05:00,Friday,0,YU
13:19:00,Friday,8,YU
13:31:00,Friday,5,YU
13:51:00,Friday,0,BD
13:59:00,Friday,0,BD
14:08:00,Friday,0,BD
14:12:00,Friday,6,YU
14:23:00,Friday,0,YU
14:25:00,Friday,0,YU
14:42:00,Friday,0,BD
14:51:00,Friday,0,BD
15:21:00,Friday,0,YU
15:30:00,Friday,3,BD
16:20:00,Friday,0,YU
16:22:00,Friday,0,BD
16:46:00,Friday,4,YU
16:57:00,Friday,0,BD
17:03:00,Friday,0,YU
17:04:00,Friday,0,YU
17:06:00,Friday,0,YU
17:07:00,Friday,0,BD
17:08:00,Friday,0,YU
17:20:00,Friday,0,YU
18:10:00,Friday,0,YU
18:20:00,Friday,0,BD
19:06:00,Friday,5,BD
19:07:00,Friday,0,BD
19:25:00,Friday,0,YU
19:47:00,Friday,4,BD
19:57:00,Friday,0,BD
20:20:00,Friday,0,YU
20:53:00,Friday,0,BD
21:03:00,Friday,0,BD
21:07:00,Friday,0,YU
21:57:00,Friday,0,YU
22:00:00,Friday,0,YU/BD
22:06:00,Friday,0,BD
22:08:00,Friday,0,BD
22:21:00,Friday,0,YU
23:00:00,Friday,0,BD
23:42:00,Friday,0,BD
00:25:00,Friday,8,YU
00:40:00,Friday,0,BD
01:38:00,Friday,0,BD
01:39:00,Friday,0,BD
01:43:00,Friday,0,YU
02:26:00,Friday,0,SHP
17:29:00,Friday,0,SHP
02:06:00,Saturday,0,BD
02:30:00,Saturday,0,BD
05:15:00,Saturday,0,BD
05:15:00,Saturday,0,BD
05:15:00,Saturday,0,YU
05:30:00,Saturday,0,BD
05:40:00,Saturday,0,YU
05:45:00,Saturday,0,BD
05:50:00,Saturday,0,YU
06:00:00,Saturday,7,BD
06:34:00,Saturday,13,YU
07:30:00,Saturday,5,BD
07:52:00,Saturday,0,BD
07:54:00,Saturday,0,YU
07:59:00,Saturday,0,YU
08:10:00,Saturday,0,BD
09:33:00,Saturday,0,YU
09:51:00,Saturday,3,BD
09:57:00,Saturday,0,BD
09:58:00,Saturday,0,YU
10:27:00,Saturday,0,BD
10:45:00,Saturday,4,BD
11:27:00,Saturday,3,YU
11:36:00,Saturday,0,YU
11:46:00,Saturday,3,BD
11:54:00,Saturday,0,YU
12:07:00,Saturday,0,YU
12:14:00,Saturday,0,BD
12:30:00,Saturday,0,YU
12:57:00,Saturday,3,YU
13:17:00,Saturday,0,YU
13:52:00,Saturday,0,YU
14:10:00,Saturday,4,BD
14:29:00,Saturday,0,BD
14:33:00,Saturday,0,YU
15:00:00,Saturday,0,BD
15:11:00,Saturday,3,YU
15:46:00,Saturday,0,BD
16:26:00,Saturday,4,YU
16:36:00,Saturday,0,YU
17:04:00,Saturday,0,YU
17:06:00,Saturday,0,YU
17:11:00,Saturday,0,BD
17:12:00,Saturday,0,BD
17:24:00,Saturday,4,YU
17:35:00,Saturday,0,BD
17:44:00,Saturday,0,BD
17:52:00,Saturday,4,BD
17:56:00,Saturday,0,YU
17:56:00,Saturday,0,YU
18:03:00,Saturday,0,BD
18:10:00,Saturday,4,BD
18:14:00,Saturday,0,BD
18:43:00,Saturday,0,BD
19:11:00,Saturday,10,BD
19:25:00,Saturday,4,BD
19:41:00,Saturday,0,YU
19:42:00,Saturday,0,BD
19:47:00,Saturday,6,BD
20:02:00,Saturday,3,BD
20:14:00,Saturday,5,BD
20:31:00,Saturday,0,YU
21:40:00,Saturday,0,YU
21:52:00,Saturday,0,YU
22:00:00,Saturday,0,YU / BD
22:11:00,Saturday,0,BD
22:20:00,Saturday,0,BD
22:24:00,Saturday,6,BD
22:52:00,Saturday,0,YU
22:56:00,Saturday,3,BD
23:21:00,Saturday,0,BD
23:41:00,Saturday,0,YU
00:18:00,Saturday,6,YU
00:29:00,Saturday,0,BD
00:40:00,Saturday,7,BD
01:08:00,Saturday,0,BD
01:32:00,Saturday,0,YU
01:53:00,Saturday,0,BD
02:30:00,Saturday,0,SHP
09:45:00,Saturday,0,SHP
18:44:00,Saturday,0,SHP
19:02:00,Saturday,0,SHP
01:20:00,Saturday,0,SHP
07:25:00,Sunday,0,YU
07:30:00,Sunday,0,BD
07:55:00,Sunday,0,BD
08:03:00,Sunday,3,YU
08:10:00,Sunday,0,BD
08:10:00,Sunday,5,YU
08:14:00,Sunday,5,BD
08:22:00,Sunday,15,YU
08:33:00,Sunday,7,YU
08:38:00,Sunday,3,BD
09:14:00,Sunday,3,YU
09:42:00,Sunday,0,BD
09:47:00,Sunday,4,BD
09:50:00,Sunday,11,YU
10:08:00,Sunday,4,YU
10:25:00,Sunday,0,BD
10:28:00,Sunday,4,YU
10:37:00,Sunday,8,YU
11:30:00,Sunday,4,YU
11:42:00,Sunday,0,YU
13:06:00,Sunday,0,YU
13:38:00,Sunday,4,YU
14:03:00,Sunday,0,BD
14:13:00,Sunday,0,YU
14:30:00,Sunday,0,BD
14:47:00,Sunday,0,YU
14:47:00,Sunday,11,BD
15:00:00,Sunday,0,BD
15:12:00,Sunday,3,YU
15:30:00,Sunday,0,YU
15:34:00,Sunday,0,BD
16:09:00,Sunday,4,BD
16:29:00,Sunday,0,YU
16:45:00,Sunday,0,YU
16:45:00,Sunday,0,YU
16:55:00,Sunday,0,YU
16:55:00,Sunday,0,YU
16:55:00,Sunday,4,YU
16:55:00,Sunday,0,YU
17:00:00,Sunday,0,BD
17:05:00,Sunday,0,BD
17:05:00,Sunday,0,BD
17:06:00,Sunday,258,YU
17:24:00,Sunday,0,YU
17:36:00,Sunday,0,YU
17:39:00,Sunday,12,BD
17:53:00,Sunday,19,YU
18:20:00,Sunday,0,YU
18:35:00,Sunday,0,YU
19:04:00,Sunday,0,YU
19:06:00,Sunday,0,BD
19:08:00,Sunday,0,YU
19:21:00,Sunday,0,BD
20:04:00,Sunday,6,YU
20:19:00,Sunday,3,YU
20:45:00,Sunday,0,YU
21:55:00,Sunday,0,BD
22:00:00,Sunday,0,YU / BD
22:20:00,Sunday,0,YU
23:00:00,Sunday,0,BD
23:02:00,Sunday,0,YU
23:46:00,Sunday,0,YU
00:09:00,Sunday,0,BD
01:07:00,Sunday,0,YU
01:53:00,Sunday,0,BD
02:22:00,Sunday,0,SHP
02:12:00,Monday,0,YU
03:01:00,Monday,0,YU
05:10:00,Monday,0,BD
05:15:00,Monday,0,BD
05:15:00,Monday,0,BD
05:20:00,Monday,0,BD
05:20:00,Monday,0,BD
05:25:00,Monday,0,BD
05:25:00,Monday,0,BD
05:25:00,Monday,0,YU
05:47:00,Monday,3,YU
05:48:00,Monday,3,BD
05:59:00,Monday,9,YU
06:32:00,Monday,4,BD
06:33:00,Monday,0,YU
06:35:00,Monday,6,BD
06:59:00,Monday,0,BD
07:08:00,Monday,0,YU
07:09:00,Monday,0,YU
07:36:00,Monday,0,BD
07:46:00,Monday,4,BD
07:46:00,Monday,3,BD
08:24:00,Monday,3,BD
08:51:00,Monday,0,YU
09:03:00,Monday,4,BD
09:06:00,Monday,0,BD
09:11:00,Monday,3,BD
09:15:00,Monday,0,YU
09:31:00,Monday,3,YU
09:44:00,Monday,0,YU
10:28:00,Monday,8,BD
10:34:00,Monday,0,YU
10:49:00,Monday,7,YU
11:38:00,Monday,0,YU
11:49:00,Monday,0,BD
11:59:00,Monday,3,YU
12:37:00,Monday,0,YU
12:47:00,Monday,4,YU
12:55:00,Monday,3,BD
12:57:00,Monday,4,BD
13:00:00,Monday,0,YU
13:37:00,Monday,0,YU
13:47:00,Monday,4,YU
13:53:00,Monday,0,YU
13:58:00,Monday,0,BD
14:06:00,Monday,0,BD
14:07:00,Monday,0,BD
14:07:00,Monday,8,YU
14:57:00,Monday,0,BD
15:53:00,Monday,3,BD
15:53:00,Monday,0,BD
16:13:00,Monday,3,BD
16:28:00,Monday,0,YU
16:49:00,Monday,0,YU
16:55:00,Monday,0,YU
17:03:00,Monday,0,BD
17:19:00,Monday,0,BD
17:36:00,Monday,15,BD
17:39:00,Monday,4,BD
17:44:00,Monday,0,BD
17:45:00,Monday,0,BD
17:48:00,Monday,0,BD
17:48:00,Monday,5,YU
17:50:00,Monday,7,BD
18:36:00,Monday,0,BD
18:39:00,Monday,5,YU
18:41:00,Monday,4,BD
19:22:00,Monday,0,BD
19:43:00,Monday,0,YU
19:57:00,Monday,0,BD
20:06:00,Monday,3,BD
20:13:00,Monday,0,BD
20:44:00,Monday,0,YU
20:49:00,Monday,4,YU
21:19:00,Monday,3,YU
21:38:00,Monday,0,BD
22:00:00,Monday,0,YU/BD
22:09:00,Monday,0,BD
22:17:00,Monday,0,BD
22:52:00,Monday,0,BD
23:25:00,Monday,0,YU
23:29:00,Monday,0,BD
23:47:00,Monday,0,YU
00:48:00,Monday,0,YU
01:04:00,Monday,0,BD
01:04:00,Monday,0,YU
01:41:00,Monday,0,YU
03:43:00,Monday,0,SHP
06:27:00,Monday,0,SHP
16:30:00,Monday,0,SHP
18:28:00,Monday,0,SHP
02:08:00,Tuesday,0,YU
02:33:00,Tuesday,0,YU
04:26:00,Tuesday,0,YU
04:50:00,Tuesday,0,YU
05:20:00,Tuesday,0,BD
05:30:00,Tuesday,0,YU
05:59:00,Tuesday,0,BD
06:05:00,Tuesday,0,BD
06:05:00,Tuesday,5,YU
06:43:00,Tuesday,6,BD
07:05:00,Tuesday,0,BD
08:16:00,Tuesday,0,YU
08:35:00,Tuesday,3,BD
08:54:00,Tuesday,0,BD
09:22:00,Tuesday,0,BD
09:31:00,Tuesday,0,BD
09:53:00,Tuesday,3,YU
10:18:00,Tuesday,5,YU
10:26:00,Tuesday,3,BD
10:46:00,Tuesday,3,BD
10:53:00,Tuesday,0,YU
11:03:00,Tuesday,3,BD
11:04:00,Tuesday,0,YU
11:30:00,Tuesday,0,BD
11:44:00,Tuesday,0,BD
11:53:00,Tuesday,0,YU
12:01:00,Tuesday,0,BD
12:10:00,Tuesday,102,BD
12:31:00,Tuesday,0,YU
12:33:00,Tuesday,10,YU
12:39:00,Tuesday,9,BD
13:18:00,Tuesday,0,BD
13:43:00,Tuesday,3,BD
14:12:00,Tuesday,7,BD
14:24:00,Tuesday,3,BD
14:24:00,Tuesday,5,BD
15:10:00,Tuesday,0,YU
15:14:00,Tuesday,12,YU
15:46:00,Tuesday,7,YU
15:55:00,Tuesday,3,YU
16:08:00,Tuesday,3,BD
16:10:00,Tuesday,0,YU
16:34:00,Tuesday,3,YU
16:35:00,Tuesday,0,YU
16:51:00,Tuesday,0,BD
17:05:00,Tuesday,0,YU
17:30:00,Tuesday,0,YU
17:30:00,Tuesday,0,YU
17:35:00,Tuesday,4,YU
17:35:00,Tuesday,0,YU
17:38:00,Tuesday,0,BD
17:40:00,Tuesday,0,YU
17:45:00,Tuesday,0,BD
17:45:00,Tuesday,0,BD
17:46:00,Tuesday,0,BD
17:55:00,Tuesday,0,YU
18:00:00,Tuesday,0,YU
18:00:00,Tuesday,10,YU
18:06:00,Tuesday,0,BD
18:43:00,Tuesday,6,YU
18:52:00,Tuesday,4,BD
19:21:00,Tuesday,12,YU
19:35:00,Tuesday,0,YU
19:38:00,Tuesday,4,YU
19:38:00,Tuesday,0,BD
20:24:00,Tuesday,6,YU
20:46:00,Tuesday,0,BD
21:13:00,Tuesday,9,BD
21:20:00,Tuesday,0,BD
21:30:00,Tuesday,0,BD
21:34:00,Tuesday,0,BD
21:34:00,Tuesday,0,BD
22:00:00,Tuesday,0,YU/BD
22:28:00,Tuesday,0,BD
22:38:00,Tuesday,0,YU
23:14:00,Tuesday,0,BD
23:18:00,Tuesday,3,YU
23:20:00,Tuesday,0,YU
23:25:00,Tuesday,0,BD
23:25:00,Tuesday,0,BD
23:26:00,Tuesday,0,BD
00:08:00,Tuesday,6,YU
00:31:00,Tuesday,0,YU
00:34:00,Tuesday,0,BD
00:36:00,Tuesday,0,BD
00:47:00,Tuesday,0,YU
00:51:00,Tuesday,0,YU
01:14:00,Tuesday,0,YU
01:25:00,Tuesday,0,YU
01:27:00,Tuesday,13,YU
01:34:00,Tuesday,0,BD
01:37:00,Tuesday,3,BD
01:55:00,Tuesday,0,BD
11:05:00,Tuesday,0,SHP
13:14:00,Tuesday,0,SHP
16:20:00,Tuesday,0,SHP
20:19:00,Tuesday,5,SHP
