time,day,station,min_delay,min_gap,bound,line
02:00:00,Monday,SHEPPARD STATION,0,0,N,YU
02:00:00,Monday,DUNDAS STATION,0,0,N,YU
02:08:00,Monday,DUNDAS STATION,4,10,N,YU
02:13:00,Monday,KENNEDY BD STATION,10,16,E,BD
02:22:00,Monday,BLOOR STATION,4,10,N,YU
02:25:00,Monday,ST CLAIR STATION,3,9,N,YU
02:25:00,Monday,BLOOR STATION,0,0,S,YU
02:27:00,Monday,WOODBINE STATION,7,13,E,BD
02:28:00,Monday,FINCH STATION,0,0,S,YU
02:30:00,Monday,DAVISVILLE STATION,13,19,N,YU
02:36:00,Monday,FINCH STATION,24,30,S,YU
02:45:00,Monday,COLLEGE STATION,12,18,N,YU
03:01:00,Monday,LAWRENCE WEST STATION,3,9,N,YU
03:06:00,Monday,LAWRENCE WEST STATION,0,0,S,YU
07:57:00,Monday,SHEPPARD WEST STATION,12,24,N,YU
08:41:00,Monday,EGLINTON STATION,6,12,N,YU
08:42:00,Monday,SHEPPARD WEST STATION,6,12,N,YU
09:06:00,Monday,COLLEGE STATION,0,0,S,YU
09:09:00,Monday,ST CLAIR STATION,7,13,S,YU
09:17:00,Monday,SUMMERHILL STATION,6,12,S,YU
09:45:00,Monday,QUEEN STATION,10,16,S,YUS
10:08:00,Monday,EGLINTON STATION,6,12,N,YU
11:18:00,Monday,QUEEN STATION,0,0,N,YU
11:39:00,Monday,OLD MILL STATION,3,7,E,BD
12:11:00,Monday,SPADINA YUS STATION,0,0,N,YU
12:54:00,Monday,ST PATRICK STATION,0,0,S,YU
14:06:00,Monday,YONGE BD STATION,0,0,E,BD
14:15:00,Monday,BLOOR STATION,12,16,N,YU
15:15:00,Monday,LANSDOWNE STATION,7,11,E,BD
15:38:00,Monday,COLLEGE STATION,4,8,N,YU
16:20:00,Monday,ROSEDALE STATION,7,11,S,YU
17:17:00,Monday,BLOOR STATION,0,0,S,YU
17:35:00,Monday,ROSEDALE STATION,0,0,N,YU
19:01:00,Monday,DUFFERIN STATION,0,0,W,BD
19:54:00,Monday,DONLANDS STATION,0,0,W,BD
20:52:00,Monday,QUEEN STATION,7,13,S,YU
21:07:00,Monday,KENNEDY BD STATION,6,12,W,BD
22:13:00,Monday,ST GEORGE YUS STATION,0,0,S,YU
00:44:00,Monday,VAUGHAN MC STATION,0,0,S,YU
00:48:00,Monday,BLOOR STATION,0,0,S,YU
01:10:00,Monday,VAUGHAN MC STATION,8,14,S,YU
01:11:00,Monday,DUNDAS STATION,0,0,S,YU
01:38:00,Monday,ST GEORGE YUS STATION,0,0,N,YU
02:06:00,Tuesday,FINCH STATION,0,0,S,YU
06:02:00,Tuesday,SPADINA BD STATION,0,0,E,BD
07:40:00,Tuesday,DAVISVILLE STATION,6,9,S,YU
07:45:00,Tuesday,ST GEORGE YUS STATION,0,0,N,YU
07:47:00,Tuesday,BLOOR STATION,0,0,N,YU
08:38:00,Tuesday,BLOOR STATION,0,0,N,YU
08:44:00,Tuesday,ST CLAIR STATION,6,9,N,YU
08:51:00,Tuesday,DUNDAS STATION,3,6,N,YU
09:12:00,Tuesday,BROADVIEW STATION,9,12,W,BD
09:33:00,Tuesday,FINCH WEST STATION,4,7,N,YU
11:48:00,Tuesday,QUEEN'S PARK STATION,0,0,S,YU
13:12:00,Tuesday,DOWNSVIEW PARK STATION,5,10,N,YU
13:42:00,Tuesday,ST GEORGE YUS STATION,3,8,S,YU
13:46:00,Tuesday,EGLINTON STATION,3,8,N,YU
13:55:00,Tuesday,KEELE STATION,0,0,E,BD
14:03:00,Tuesday,NORTH YORK CTR STATION,8,13,S,YU
14:36:00,Tuesday,ST GEORGE YUS STATION,21,26,S,YU
15:09:00,Tuesday,KIPLING STATION,3,6,E,BD
15:12:00,Tuesday,MUSEUM STATION,8,13,S,YU
15:43:00,Tuesday,KEELE STATION,3,6,W,BD
15:54:00,Tuesday,DAVISVILLE STATION,6,11,N,YU
16:05:00,Tuesday,ISLINGTON STATION,0,0,E,BD
16:31:00,Tuesday,DONLANDS STATION,0,0,W,BD
16:32:00,Tuesday,PIONEER VILLAGE STATIO,0,0,S,YU
16:53:00,Tuesday,BLOOR STATION,0,0,N,YU
18:00:00,Tuesday,WOODBINE STATION,0,0,E,BD
18:09:00,Tuesday,COLLEGE STATION,10,13,S,YU
18:38:00,Tuesday,BLOOR STATION,16,20,S,YU
18:41:00,Tuesday,YONGE BD STATION,16,20,W,BD
19:01:00,Tuesday,BLOOR STATION,24,27,N,YU
19:01:00,Tuesday,YONGE BD STATION,24,29,E,BD
19:34:00,Tuesday,ROSEDALE STATION,20,23,S,YU
20:12:00,Tuesday,WARDEN STATION,3,8,W,BD
20:38:00,Tuesday,WELLESLEY STATION,0,0,N,YU
20:40:00,Tuesday,EGLINTON STATION,9,14,S,YU
20:42:00,Tuesday,SHERBOURNE STATION,0,0,W,BD
21:05:00,Tuesday,YORKDALE STATION,0,0,S,YU
23:33:00,Tuesday,WARDEN STATION,4,9,E,BD
00:08:00,Tuesday,KENNEDY BD STATION,5,10,W,BD
01:48:00,Tuesday,EGLINTON WEST STATION,0,0,N,YU
01:48:00,Tuesday,BROADVIEW STATION,11,16,W,BD
01:59:00,Tuesday,JANE STATION,0,0,W,BD
05:27:00,Tuesday,SHEPPARD-YONGE STATION,0,0,E,SHP
05:39:00,Tuesday,DON MILLS STATION,0,0,W,SHP
16:07:00,Tuesday,BAYVIEW STATION,4,11,W,SHP
07:17:00,Wednesday,DUNDAS STATION,3,6,S,YU
08:34:00,Wednesday,UNION STATION,0,0,N,YU
08:48:00,Wednesday,DUNDAS STATION,0,0,S,YU
11:32:00,Wednesday,VICTORIA PARK STATION,4,8,W,BD
11:54:00,Wednesday,LANSDOWNE STATION,0,0,E,BD
12:30:00,Wednesday,EGLINTON STATION,0,0,S,YU
12:50:00,Wednesday,DAVISVILLE STATION,5,10,N,YU
12:55:00,Wednesday,SHEPPARD STATION,0,0,N,YU
13:30:00,Wednesday,YONGE BD STATION,9,13,W,BD
15:25:00,Wednesday,MAIN STREET STATION,0,0,E,BD
15:26:00,Wednesday,EGLINTON STATION,5,10,N,YU
15:35:00,Wednesday,BLOOR STATION,0,0,N,YU
15:37:00,Wednesday,YONGE BD STATION,0,0,W,BD
15:57:00,Wednesday,FINCH WEST STATION,0,0,S,YU
17:03:00,Wednesday,BLOOR STATION,0,0,S,YU
17:23:00,Wednesday,LAWRENCE WEST STATION,0,0,S,YU
17:30:00,Wednesday,SHERBOURNE STATION,26,29,W,BD
17:42:00,Wednesday,ROSEDALE STATION,12,15,N,YU
17:52:00,Wednesday,WELLESLEY STATION,3,6,N,YU
18:19:00,Wednesday,LAWRENCE STATION,8,11,S,YU
19:34:00,Wednesday,DONLANDS STATION,5,10,W,BD
20:10:00,Wednesday,VAUGHAN MC STATION,43,47,S,YU
20:47:00,Wednesday,BAY STATION,4,9,W,BD
20:52:00,Wednesday,EGLINTON STATION,4,9,S,YU
21:02:00,Wednesday,BLOOR STATION,6,11,N,YU
21:05:00,Wednesday,YONGE BD STATION,0,0,E,BD
23:22:00,Wednesday,WARDEN STATION,0,0,E,BD
23:44:00,Wednesday,BLOOR STATION,0,0,S,YU
00:20:00,Wednesday,WILSON STATION,0,0,N,YU
00:24:00,Wednesday,SHEPPARD WEST STATION,8,13,N,YU
01:35:00,Wednesday,KIPLING STATION,3,0,E,BD
01:36:00,Wednesday,COLLEGE STATION,0,0,S,YU
23:17:00,Wednesday,BESSARION STATION,0,0,E,SHP
06:16:00,Thursday,ST GEORGE YUS STATION,0,0,N,YU
06:52:00,Thursday,NORTH YORK CTR STATION,5,8,S,YU
06:56:00,Thursday,BLOOR STATION,0,0,S,YU
06:58:00,Thursday,SHEPPARD STATION,3,6,S,YU
07:28:00,Thursday,WOODBINE STATION,4,7,W,BD
07:28:00,Thursday,MAIN STREET STATION,0,0,W,BD
07:45:00,Thursday,FINCH STATION,0,0,S,YU
07:46:00,Thursday,SPADINA YUS STATION,6,9,N,YU
07:48:00,Thursday,NORTH YORK CTR STATION,7,10,S,YU
07:55:00,Thursday,MAIN STREET STATION,4,7,W,BD
07:55:00,Thursday,WOODBINE STATION,4,7,E,BD
08:03:00,Thursday,UNION STATION,9,12,N,YU
08:21:00,Thursday,LAWRENCE STATION,7,10,N,YU
09:20:00,Thursday,ROSEDALE STATION,5,8,N,YU
09:30:00,Thursday,DUNDAS WEST STATION,8,11,W,BD
09:40:00,Thursday,KEELE STATION,0,0,W,BD
09:59:00,Thursday,EGLINTON STATION,6,11,N,YU
10:16:00,Thursday,DUNDAS STATION,5,10,N,YU
10:25:00,Thursday,DUNDAS WEST STATION,6,10,W,BD
10:32:00,Thursday,YORK UNIVERSITY STATIO,6,10,S,YU
10:38:00,Thursday,WILSON STATION,3,6,N,YU
10:39:00,Thursday,FINCH WEST STATION,4,7,S,YU
10:42:00,Thursday,SHEPPARD WEST STATION,3,6,N,YU
10:59:00,Thursday,WARDEN STATION,8,12,W,BD
11:10:00,Thursday,WARDEN STATION,92,96,E,BD
11:18:00,Thursday,SUMMERHILL STATION,3,8,S,YU
11:35:00,Thursday,ROSEDALE STATION,4,9,N,YU
12:00:00,Thursday,VICTORIA PARK STATION,0,0,E,BD
12:26:00,Thursday,ISLINGTON STATION,6,10,E,BD
12:30:00,Thursday,ROSEDALE STATION,4,8,N,YU
12:44:00,Thursday,ST PATRICK STATION,0,0,N,YU
12:58:00,Thursday,ST GEORGE BD STATION,0,0,W,BD
13:12:00,Thursday,LAWRENCE WEST STATION,0,0,S,YU
13:28:00,Thursday,UNION STATION,0,0,N,YU
13:58:00,Thursday,FINCH STATION,5,10,S,YU
14:20:00,Thursday,YORK MILLS STATION,17,22,S,YU
14:27:00,Thursday,CHRISTIE STATION,0,0,W,BD
15:23:00,Thursday,HIGH PARK STATION,3,7,W,BD
15:47:00,Thursday,COLLEGE STATION,0,0,N,YU
15:52:00,Thursday,BLOOR STATION,0,0,N,YU
16:05:00,Thursday,MUSEUM STATION,14,17,S,YU
16:31:00,Thursday,ST CLAIR STATION,4,7,N,YU
16:34:00,Thursday,NORTH YORK CTR STATION,0,0,S,YU
16:42:00,Thursday,LAWRENCE STATION,3,6,N,YU
16:54:00,Thursday,ST CLAIR STATION,5,8,S,YU
18:59:00,Thursday,BROADVIEW STATION,3,6,E,BD
19:25:00,Thursday,BLOOR STATION,4,11,N,YU
19:43:00,Thursday,FINCH STATION,5,8,S,YU
20:21:00,Thursday,BLOOR STATION,0,0,N,YU
20:57:00,Thursday,CHESTER STATION,0,0,W,BD
21:40:00,Thursday,DUNDAS STATION,0,0,S,YU
22:00:00,Thursday,YONGE-UNIVERSITY AND B,0,0,B,YU/BD
22:02:00,Thursday,ISLINGTON STATION,0,0,E,BD
22:38:00,Thursday,SHEPPARD STATION,0,0,N,YU
23:08:00,Thursday,KENNEDY BD STATION,3,8,W,BD
23:35:00,Thursday,DUNDAS STATION,0,0,S,YU
00:15:00,Thursday,WOODBINE STATION,16,21,E,BD
00:31:00,Thursday,BLOOR STATION,0,0,N,YU
01:58:00,Thursday,KENNEDY BD STATION,0,0,W,BD
11:40:00,Thursday,SHEPPARD-YONGE STATION,0,0,E,SHP
19:12:00,Thursday,DON MILLS STATION,5,12,W,SHP
23:56:00,Thursday,SHEPPARD-YONGE STATION,11,18,E,SHP
06:27:00,Friday,LAWRENCE STATION,4,7,N,YU
06:30:00,Friday,ROYAL YORK STATION,0,0,E,BD
06:30:00,Friday,BAY STATION,0,0,E,BD
07:13:00,Friday,GREENWOOD STATION,3,6,E,BD
07:24:00,Friday,BLOOR STATION,3,6,S,YU
07:28:00,Friday,ST GEORGE YUS STATION,0,0,N,YU
08:18:00,Friday,ST GEORGE YUS STATION,0,0,S,YU
08:34:00,Friday,BLOOR STATION,0,0,N,YU
08:38:00,Friday,VAUGHAN MC STATION,3,6,S,YU
08:51:00,Friday,DUFFERIN STATION,0,0,E,BD
08:53:00,Friday,BLOOR STATION,8,11,N,YU
08:57:00,Friday,ISLINGTON STATION,12,15,W,BD
09:11:00,Friday,BLOOR STATION,0,0,N,YU
09:43:00,Friday,VICTORIA PARK STATION,3,6,E,BD
10:23:00,Friday,KENNEDY BD STATION,0,0,W,BD
11:16:00,Friday,SHEPPARD STATION,0,0,S,YU
11:39:00,Friday,MAIN STREET STATION,17,21,E,BD
12:23:00,Friday,SHEPPARD WEST STATION,0,0,S,YU
12:43:00,Friday,VAUGHAN MC STATION,0,0,S,YU
13:07:00,Friday,SHERBOURNE STATION,0,0,E,BD
13:26:00,Friday,COLLEGE STATION,4,9,N,YU
13:53:00,Friday,WELLESLEY STATION,0,0,N,YU
14:15:00,Friday,WILSON STATION,0,0,N,YU
15:26:00,Friday,COXWELL STATION,5,9,E,BD
15:45:00,Friday,BATHURST STATION,0,0,W,BD
16:27:00,Friday,CHESTER STATION,0,0,E,BD
16:33:00,Friday,YORK MILLS STATION,12,15,N,YU
16:46:00,Friday,SUMMERHILL STATION,0,0,N,YU
17:13:00,Friday,FINCH WEST STATION,3,6,N,YU
17:25:00,Friday,LAWRENCE STATION,4,7,N,YU
17:28:00,Friday,KEELE STATION,9,18,N,BD
17:50:00,Friday,UNION STATION,7,10,N,YU
17:54:00,Friday,COLLEGE STATION,3,6,S,YU
18:15:00,Friday,BLOOR STATION,22,25,S,YU
18:20:00,Friday,YONGE BD STATION,22,25,E,BD
18:21:00,Friday,ST GEORGE YUS STATION,4,7,N,YU
18:51:00,Friday,DUNDAS STATION,0,0,S,YU
19:17:00,Friday,COLLEGE STATION,0,0,S,YU
19:34:00,Friday,ST GEORGE BD STATION,13,18,W,BD
19:40:00,Friday,COXWELL STATION,6,11,W,BD
19:45:00,Friday,YONGE BD STATION,4,9,E,BD
19:48:00,Friday,UNION STATION,3,6,N,YU
19:53:00,Friday,LAWRENCE WEST STATION,0,0,S,YU
21:01:00,Friday,BROADVIEW STATION,8,13,E,BD
21:33:00,Friday,WARDEN STATION,0,0,E,BD
21:37:00,Friday,YORK MILLS STATION,3,8,N,YU
21:40:00,Friday,YORK MILLS STATION,15,20,S,YU
21:50:00,Friday,SHEPPARD STATION,0,0,N,YU
22:13:00,Friday,FINCH STATION,14,19,N,YU
01:04:00,Friday,COXWELL STATION,0,0,W,BD
01:08:00,Friday,DUFFERIN STATION,0,0,W,BD
01:21:00,Friday,EGLINTON STATION,20,25,N,YU
06:25:00,Saturday,DOWNSVIEW PARK STATION,7,13,S,YU
06:33:00,Saturday,SHEPPARD WEST STATION,6,12,S,YU
08:52:00,Saturday,BROADVIEW STATION,0,0,W,BD
08:54:00,Saturday,BROADVIEW STATION,8,13,W,BD
09:16:00,Saturday,CHRISTIE STATION,8,13,W,BD
10:35:00,Saturday,CHRISTIE STATION,0,0,E,BD
10:44:00,Saturday,CHRISTIE STATION,0,0,E,BD
12:03:00,Saturday,LANSDOWNE STATION,12,16,E,BD
12:09:00,Saturday,LANSDOWNE STATION,4,8,E,BD
12:39:00,Saturday,CHESTER STATION,7,11,E,BD
12:43:00,Saturday,DUNDAS WEST STATION,0,0,W,BD
12:59:00,Saturday,VICTORIA PARK STATION,0,0,E,BD
13:11:00,Saturday,BAY STATION,3,7,E,BD
13:33:00,Saturday,FINCH STATION,27,31,S,YU
13:45:00,Saturday,SPADINA YUS STATION,13,17,S,YU
14:05:00,Saturday,YORK MILLS STATION,3,7,N,YU
14:17:00,Saturday,SHEPPARD STATION,0,0,S,YU
14:24:00,Saturday,OSSINGTON STATION,3,7,E,YU
14:33:00,Saturday,BLOOR STATION,4,8,S,YU
14:45:00,Saturday,YONGE BD STATION,8,12,W,BD
15:31:00,Saturday,SPADINA BD STATION,3,7,E,BD
15:55:00,Saturday,UNION STATION,4,8,N,YU
17:31:00,Saturday,VAUGHAN MC STATION,4,8,S,YU
17:34:00,Saturday,UNION STATION,5,9,N,YU
18:48:00,Saturday,DUNDAS WEST STATION,3,7,E,BD
18:49:00,Saturday,DONLANDS STATION,0,0,W,BD
19:12:00,Saturday,MAIN STREET STATION,10,15,E,BD
19:13:00,Saturday,KENNEDY BD STATION,0,0,W,YU
19:59:00,Saturday,KIPLING STATION,5,10,E,BD
20:30:00,Saturday,SHEPPARD WEST STATION,4,8,N,YU
20:42:00,Saturday,BROADVIEW STATION,0,0,E,BD
20:43:00,Saturday,WOODBINE STATION,0,0,W,BD
22:33:00,Saturday,FINCH STATION,6,12,S,YU
22:45:00,Saturday,VICTORIA PARK STATION,6,12,E,BD
23:06:00,Saturday,DUFFERIN STATION,0,0,E,BD
00:24:00,Saturday,BLOOR STATION,6,12,N,YU
00:34:00,Saturday,COLLEGE STATION,7,13,S,YU
00:37:00,Saturday,YONGE BD STATION,0,0,E,BD
01:59:00,Saturday,ST CLAIR WEST STATION,6,12,N,YU
13:23:00,Saturday,SHEPPARD-YONGE STATION,8,15,E,SHP
07:38:00,Sunday,SHEPPARD WEST STATION,12,24,N,YU
08:25:00,Sunday,UNION STATION,3,0,N,YU
08:53:00,Sunday,KEELE STATION,0,0,W,BD
09:12:00,Sunday,DUFFERIN STATION,0,0,W,BD
09:57:00,Sunday,ST PATRICK STATION,0,0,S,YU
10:17:00,Sunday,BAYVIEW STATION,50,57,E,SHP
11:09:00,Sunday,VICTORIA PARK STATION,0,0,W,BD
11:11:00,Sunday,EGLINTON STATION,6,10,S,YU
11:19:00,Sunday,SPADINA STATION,0,0,E,BD
11:51:00,Sunday,ST GEORGE YUS STATION,10,14,S,YU
12:03:00,Sunday,WARDEN STATION,12,16,W,BD
12:06:00,Sunday,WILSON STATION,6,10,N,YU
13:18:00,Sunday,EGLINTON WEST STATION,5,9,N,YU
13:33:00,Sunday,QUEEN STATION,6,10,N,YU
13:59:00,Sunday,VICTORIA PARK STATION,0,0,E,BD
14:02:00,Sunday,EGLINTON STATION,5,9,S,YU
15:18:00,Sunday,FINCH STATION,0,0,S,YU
15:35:00,Sunday,COLLEGE STATION,0,0,S,YU
15:40:00,Sunday,KENNEDY BD STATION,4,8,W,BD
16:27:00,Sunday,WELLESLEY STATION,0,0,N,YU
16:38:00,Sunday,EGLINTON STATION,0,0,S,YU
17:14:00,Sunday,COXWELL STATION,0,0,E,BD
17:33:00,Sunday,DAVISVILLE STATION,0,0,S,YU
17:57:00,Sunday,EGLINTON WEST STATION,0,0,S,YU
19:34:00,Sunday,ST PATRICK STATION,0,0,S,YU
19:43:00,Sunday,EGLINTON WEST STATION,14,20,S,YU
20:19:00,Sunday,ST CLAIR WEST STATION,6,12,S,YU
20:49:00,Sunday,DUNDAS STATION,0,0,N,YU
22:08:00,Sunday,PAPE STATION,6,12,E,BD
22:35:00,Sunday,BROADVIEW STATION,0,0,E,BD
22:52:00,Sunday,QUEEN'S PARK STATION,0,0,S,YU
23:31:00,Sunday,BLOOR STATION,4,10,S,YU
00:12:00,Sunday,VAUGHAN MC STATION,6,12,S,YU
01:27:00,Sunday,DUNDAS WEST STATION,0,0,E,BD
01:50:00,Sunday,KENNEDY BD STATION,0,0,E,BD
02:14:00,Monday,OSSINGTON STATION,0,0,W,BD
02:40:00,Monday,VAUGHAN MC STATION,0,0,S,YU
06:58:00,Monday,CASTLE FRANK STATION,0,0,W,BD
07:06:00,Monday,ST GEORGE BD STATION,3,6,W,BD
08:01:00,Monday,PAPE STATION,3,6,E,BD
08:47:00,Monday,BATHURST STATION,0,0,E,BD
09:42:00,Monday,BLOOR STATION,0,0,N,YU
11:40:00,Monday,EGLINTON STATION,0,0,S,YU
12:10:00,Monday,EGLINTON STATION,12,17,N,YU
14:17:00,Monday,KIPLING STATION,0,0,E,BD
15:54:00,Monday,PAPE STATION,4,7,W,BD
16:05:00,Monday,BAY STATION,3,6,W,BD
17:08:00,Monday,COXWELL STATION,0,0,E,BD
17:25:00,Monday,ST CLAIR WEST STATION,0,0,N,YU
17:31:00,Monday,DUPONT STATION,3,6,S,YU
17:49:00,Monday,WARDEN STATION,5,8,W,BD
17:54:00,Monday,KIPLING STATION,6,9,E,BD
18:53:00,Monday,SHERBOURNE STATION,7,10,E,YU
19:16:00,Monday,ST GEORGE BD STATION,0,0,E,BD
19:17:00,Monday,HIGH PARK STATION,0,0,E,BD
19:23:00,Monday,WELLESLEY STATION,0,0,N,YU
19:40:00,Monday,ST CLAIR STATION,0,0,S,YU
19:46:00,Monday,CHRISTIE STATION,4,8,W,BD
20:03:00,Monday,MUSEUM STATION,6,9,N,YU
20:28:00,Monday,YORK MILLS STATION,13,18,S,YU
20:50:00,Monday,PAPE STATION,0,0,E,BD
21:27:00,Monday,ST CLAIR STATION,5,10,N,YU
22:14:00,Monday,KIPLING STATION,0,0,E,BD
23:24:00,Monday,DUNDAS STATION,0,0,S,YU
23:30:00,Monday,WELLESLEY STATION,3,8,S,YU
23:35:00,Monday,EGLINTON STATION,4,9,S,YU
00:32:00,Monday,BLOOR STATION,3,8,N,YU
01:17:00,Monday,WARDEN STATION,9,15,W,BD
01:28:00,Monday,JANE STATION,0,0,W,BD
19:30:00,Monday,DON MILLS STATION,0,0,W,SHP
19:46:00,Monday,SHEPPARD-YONGE STATION,0,0,E,SHP
22:41:00,Monday,LESLIE STATION,17,24,W,SHP
23:33:00,Monday,SHEPPARD-YONGE STATION,0,0,W,SHP
02:18:00,Tuesday,DUNDAS WEST STATION,0,0,W,BD
04:53:00,Tuesday,ROSEDALE STATION,0,0,N,YU
05:43:00,Tuesday,EGLINTON STATION,3,8,N,YU
06:11:00,Tuesday,GREENWOOD STATION,7,10,E,BD
06:59:00,Tuesday,BLOOR STATION,0,0,S,YU
07:02:00,Tuesday,FINCH STATION,0,0,S,YU
07:03:00,Tuesday,NORTH YORK CTR STATION,3,6,S,YU
07:33:00,Tuesday,WILSON STATION,6,9,S,YU
07:41:00,Tuesday,YORKDALE STATION,3,6,S,YU
07:47:00,Tuesday,SHEPPARD STATION,0,0,S,YU
07:58:00,Tuesday,YONGE BD STATION,0,0,E,BD
08:05:00,Tuesday,FINCH STATION,3,6,S,YU
08:08:00,Tuesday,NORTH YORK CTR STATION,3,6,S,YU
08:09:00,Tuesday,UNION STATION,0,0,S,YU
08:13:00,Tuesday,DAVISVILLE STATION,0,0,S,YU
08:15:00,Tuesday,KENNEDY BD STATION,3,5,W,BD
08:57:00,Tuesday,DUNDAS WEST STATION,0,0,E,BD
09:05:00,Tuesday,QUEEN STATION,0,0,S,YU
09:31:00,Tuesday,WILSON STATION,4,7,N,YU
09:49:00,Tuesday,ST CLAIR STATION,3,6,S,YU
09:55:00,Tuesday,KIPLING STATION,4,8,E,BD
10:19:00,Tuesday,BLOOR STATION,0,0,N,YU
10:19:00,Tuesday,YONGE BD STATION,0,0,E,BD
10:22:00,Tuesday,SUMMERHILL STATION,4,8,N,YU
10:33:00,Tuesday,VICTORIA PARK STATION,7,11,W,BD
10:59:00,Tuesday,VICTORIA PARK STATION,3,7,W,BD
11:40:00,Tuesday,GLENCAIRN STATION,26,31,S,YU
13:16:00,Tuesday,UNION STATION,3,8,N,YU
13:28:00,Tuesday,DUNDAS STATION,0,0,N,YU
13:51:00,Tuesday,DAVISVILLE STATION,4,9,N,YU
13:56:00,Tuesday,ROSEDALE STATION,7,12,S,YU
14:06:00,Tuesday,BLOOR STATION,5,10,S,YU
14:13:00,Tuesday,LAWRENCE WEST STATION,0,0,S,YU
14:34:00,Tuesday,KIPLING STATION,4,8,E,BD
15:14:00,Tuesday,BROADVIEW STATION,5,9,E,BD
15:27:00,Tuesday,WILSON STATION,4,9,N,YU
15:36:00,Tuesday,BATHURST STATION,0,0,W,BD
16:35:00,Tuesday,EGLINTON WEST STATION,0,0,S,YU
16:47:00,Tuesday,KING STATION,5,8,N,YU
18:20:00,Tuesday,WILSON STATION,4,7,N,YU
18:24:00,Tuesday,WELLESLEY STATION,6,9,S,YU
18:30:00,Tuesday,WELLESLEY STATION,3,6,S,YU
18:55:00,Tuesday,KENNEDY BD STATION,0,0,E,BD
18:55:00,Tuesday,KIPLING STATION,0,0,W,BD
19:40:00,Tuesday,ST GEORGE YUS STATION,0,0,N,YU
19:46:00,Tuesday,YONGE BD STATION,3,8,W,BD
20:28:00,Tuesday,DUNDAS STATION,11,15,N,YU
20:38:00,Tuesday,QUEEN STATION,3,8,N,YU
21:07:00,Tuesday,WILSON STATION,4,9,N,YU
21:44:00,Tuesday,WELLESLEY STATION,9,14,S,YU
22:17:00,Tuesday,ROSEDALE STATION,6,11,N,YU
22:58:00,Tuesday,DOWNSVIEW PARK STATION,3,8,S,YU
00:50:00,Tuesday,FINCH WEST STATION,35,40,S,YU
01:16:00,Tuesday,DUNDAS STATION,0,0,N,YU
02:13:00,Wednesday,ST CLAIR WEST STATION,10,15,N,YU
02:29:00,Wednesday,VAUGHAN MC STATION,0,0,S,YU
04:14:00,Wednesday,EGLINTON STATION (SOUT,0,0,S,YU
05:41:00,Wednesday,KEELE STATION,0,0,W,BD
05:54:00,Wednesday,VAUGHAN MC STATION,3,6,S,YU
06:08:00,Wednesday,DUNDAS STATION,7,10,N,YU
06:23:00,Wednesday,DUNDAS STATION,4,7,S,YU
06:26:00,Wednesday,PIONEER VILLAGE STATIO,3,6,S,YU
06:31:00,Wednesday,YORK UNIVERSITY STATIO,3,6,S,YU
07:19:00,Wednesday,ST GEORGE BD STATION,0,0,W,BD
07:48:00,Wednesday,OSGOODE STATION,0,0,N,YU
07:57:00,Wednesday,KEELE STATION,0,0,W,BD
08:11:00,Wednesday,LAWRENCE STATION,3,6,N,YU
08:42:00,Wednesday,DAVISVILLE STATION,0,0,S,YU
08:47:00,Wednesday,QUEEN'S PARK STATION,4,7,S,YU
08:53:00,Wednesday,ST CLAIR STATION,7,10,S,YU
09:00:00,Wednesday,KEELE STATION,0,0,W,BD
10:26:00,Wednesday,DUNDAS STATION,0,0,N,YU
10:27:00,Wednesday,FINCH STATION,13,18,S,YU
10:57:00,Wednesday,RUNNYMEDE STATION,7,11,E,BD
10:59:00,Wednesday,MUSEUM STATION,0,0,N,YU
11:20:00,Wednesday,MUSEUM STATION,5,10,N,YU
11:38:00,Wednesday,WELLESLEY STATION,0,0,N,YU
12:06:00,Wednesday,SHEPPARD WEST STATION,5,10,N,YU
12:34:00,Wednesday,DUNDAS STATION,0,0,N,YU
12:39:00,Wednesday,SHEPPARD WEST STATION,0,0,N,YU
12:46:00,Wednesday,KENNEDY BD STATION,3,7,W,BD
13:20:00,Wednesday,KIPLING STATION,4,8,E,BD
13:30:00,Wednesday,DAVISVILLE TO EGLINTON,0,0,N,YU
13:50:00,Wednesday,BLOOR STATION,5,10,S,YU
14:29:00,Wednesday,VAUGHAN MC STATION,5,10,S,YU
15:56:00,Wednesday,SHEPPARD STATION,0,0,N,YU
17:01:00,Wednesday,FINCH STATION,3,6,S,YU
17:06:00,Wednesday,LAWRENCE STATION,11,14,N,YU
18:00:00,Wednesday,ST CLAIR STATION,0,0,N,YU
18:47:00,Wednesday,KEELE STATION,0,0,E,BD
19:13:00,Wednesday,BLOOR STATION,0,0,N,YU
19:16:00,Wednesday,EGLINTON STATION,0,0,E,YU
19:17:00,Wednesday,KENNEDY BD STATION,0,0,W,BD
20:56:00,Wednesday,ST ANDREW STATION,0,0,S,YU
21:48:00,Wednesday,COXWELL STATION,20,25,W,BD
23:58:00,Wednesday,SPADINA YUS STATION,0,0,S,YU
01:00:00,Wednesday,DUNDAS STATION,0,0,S,YU
15:57:00,Wednesday,SHEPPARD-YONGE STATION,0,0,E,SHP
16:22:00,Wednesday,DON MILLS STATION,8,15,W,SHP
05:46:00,Thursday,DAVISVILLE STATION,4,0,S,YU
05:51:00,Thursday,EGLINTON STATION,8,13,N,YU
06:14:00,Thursday,KEELE STATION,5,10,E,YU
06:37:00,Thursday,SPADINA YUS STATION,8,11,S,YU
06:46:00,Thursday,ST GEORGE YUS STATION,5,8,S,YU
07:05:00,Thursday,EGLINTON WEST STATION,0,0,S,YU
07:25:00,Thursday,FINCH STATION,3,6,S,YU
07:32:00,Thursday,LAWRENCE STATION,7,10,N,YU
07:38:00,Thursday,ISLINGTON STATION,0,0,W,BD
07:55:00,Thursday,YONGE BD STATION,4,6,E,BD
08:24:00,Thursday,KENNEDY BD STATION,3,5,W,YU
08:54:00,Thursday,DUNDAS STATION,0,0,N,YU
09:34:00,Thursday,WILSON STATION,3,6,N,YU
09:46:00,Thursday,KIPLING STATION,3,7,E,BD
09:46:00,Thursday,WILSON STATION,3,6,N,YU
11:54:00,Thursday,DUNDAS STATION,0,0,S,YU
11:58:00,Thursday,KING STATION,0,0,S,YU
12:30:00,Thursday,DAVISVILLE STATION,0,0,N,YU
12:37:00,Thursday,CHRISTIE STATION,0,0,W,BD
14:56:00,Thursday,EGLINTON STATION,0,0,S,YU
15:24:00,Thursday,COLLEGE STATION,0,0,S,YU
15:43:00,Thursday,WILSON STATION,12,15,S,YU
15:57:00,Thursday,YORKDALE STATION,23,26,S,YU
17:20:00,Thursday,YONGE BD STATION,4,8,W,BD
17:46:00,Thursday,VICTORIA PARK STATION,0,0,E,BD
18:12:00,Thursday,OSGOODE STATION,0,0,N,YU
18:55:00,Thursday,BLOOR STATION,0,0,S,YU
23:54:00,Thursday,ST CLAIR STATION,14,19,N,YU
01:13:00,Thursday,FINCH STATION,0,0,S,YU
05:33:00,Thursday,SHEPPARD-YONGE STATION,0,0,E,SHP
19:24:00,Thursday,BAYVIEW STATION,5,12,W,SHP
06:26:00,Friday,ST GEORGE BD STATION,3,10,E,BD
06:34:00,Friday,GREENWOOD STATION,0,0,E,BD
06:59:00,Friday,YORK MILLS STATION,8,11,S,YU
07:28:00,Friday,KIPLING STATION,0,0,W,BD
07:37:00,Friday,KIPLING STATION,3,5,E,YU
07:40:00,Friday,DUPONT STATION,5,8,S,YU
07:49:00,Friday,ST GEORGE YUS STATION,0,0,S,YU
07:57:00,Friday,FINCH STATION,3,6,N,YU
08:28:00,Friday,QUEEN'S PARK STATION,0,0,N,YU
08:52:00,Friday,YORKDALE STATION,7,10,N,YU
08:59:00,Friday,LAWRENCE WEST STATION,0,0,S,YU
09:06:00,Friday,DOWNSVIEW PARK STATION,6,9,N,YU
10:24:00,Friday,LAWRENCE STATION,6,11,N,YU
11:47:00,Friday,COLLEGE STATION,3,8,N,YU
11:58:00,Friday,HIGH PARK STATION,0,0,E,BD
12:12:00,Friday,SPADINA BD STATION,8,13,W,BD
13:02:00,Friday,WILSON STATION,7,12,S,YU
13:53:00,Friday,WOODBINE STATION,0,0,W,BD
14:24:00,Friday,YORK UNIVERSITY STATIO,4,9,N,YU
14:40:00,Friday,DUNDAS WEST STATION,0,0,E,BD
15:15:00,Friday,KIPLING STATION,0,0,W,BD
15:28:00,Friday,SHERBOURNE STATION,3,6,E,BD
15:29:00,Friday,BATHURST STATION,0,0,E,BD
15:54:00,Friday,DONLANDS STATION,0,0,W,BD
15:58:00,Friday,BLOOR STATION,6,11,N,YU
16:17:00,Friday,WILSON STATION,0,0,S,YU
16:28:00,Friday,WILSON STATION,5,10,S,YU
16:44:00,Friday,WILSON STATION,3,6,S,YU
17:19:00,Friday,NORTH YORK CTR STATION,3,6,N,YU
17:26:00,Friday,FINCH STATION,0,0,S,YU
18:46:00,Friday,RUNNYMEDE STATION,0,0,E,BD
19:15:00,Friday,SHERBOURNE STATION,0,0,E,BD
19:30:00,Friday,VAUGHAN MC STATION,0,0,S,YU
19:52:00,Friday,BROADVIEW STATION,0,0,E,BD
19:56:00,Friday,HIGHWAY 407 STATION,13,17,S,YU
19:57:00,Friday,MAIN STREET STATION,0,0,W,BD
20:04:00,Friday,ST GEORGE BD STATION,0,0,W,BD
20:07:00,Friday,KEELE STATION,0,0,W,BD
20:08:00,Friday,BROADVIEW STATION,7,12,E,BD
20:50:00,Friday,RUNNYMEDE STATION,8,13,W,BD
20:52:00,Friday,CHRISTIE STATION,0,0,W,BD
21:16:00,Friday,PAPE STATION,12,17,E,BD
21:20:00,Friday,RUNNYMEDE STATION,13,18,E,BD
21:30:00,Friday,FINCH STATION,5,10,S,YU
23:02:00,Friday,UNION STATION,4,9,N,YU
23:04:00,Friday,DUNDAS WEST STATION,11,16,W,BD
00:02:00,Friday,CHRISTIE STATION,3,8,E,BD
00:16:00,Friday,WILSON STATION,5,10,S,YU
00:57:00,Friday,COXWELL STATION,0,0,W,BD
17:33:00,Friday,BESSARION STATION,0,0,W,SHP
02:19:00,Saturday,KIPLING STATION,10,15,W,BD
02:43:00,Saturday,KIPLING STATION,0,0,W,YU
05:48:00,Saturday,FINCH STATION,6,12,S,YU
05:53:00,Saturday,KIPLING STATION,5,10,E,BD
05:59:00,Saturday,ISLINGTON STATION,0,0,E,BD
05:59:00,Saturday,ISLINGTON STATION,3,8,E,BD
05:59:00,Saturday,ST CLAIR WEST STATION,6,0,S,YU
07:18:00,Saturday,SHEPPARD STATION,0,0,N,YU
08:32:00,Saturday,DUPONT STATION,3,9,S,YU
10:05:00,Saturday,COXWELL STATION,5,10,E,BD
10:14:00,Saturday,COXWELL STATION,0,0,W,BD
10:23:00,Saturday,ST GEORGE YUS STATION,6,12,S,YU
10:29:00,Saturday,COLLEGE STATION,0,0,S,YU
10:42:00,Saturday,SHERBOURNE STATION,3,8,W,BD
11:12:00,Saturday,BATHURST STATION,18,23,W,BD
11:19:00,Saturday,LAWRENCE STATION,17,21,S,YU
11:31:00,Saturday,ST CLAIR WEST STATION,7,13,N,YU
12:12:00,Saturday,FINCH STATION,4,8,S,YU
12:49:00,Saturday,CASTLE FRANK STATION,4,8,W,BD
13:02:00,Saturday,ISLINGTON STATION,0,0,E,BD
13:40:00,Saturday,LAWRENCE WEST STATION,8,15,S,YU
13:55:00,Saturday,CHRISTIE STATION,0,0,W,BD
14:08:00,Saturday,ST GEORGE YUS STATION,7,14,S,YU
14:19:00,Saturday,FINCH WEST STATION,0,0,S,YU
14:21:00,Saturday,YORKDALE STATION,20,27,S,YU
15:19:00,Saturday,ST CLAIR WEST STATION,0,0,S,YU
16:01:00,Saturday,ST CLAIR STATION,16,20,N,YU
16:13:00,Saturday,KENNEDY BD STATION,0,0,W,BD
16:17:00,Saturday,ST CLAIR STATION,10,14,S,YU
16:38:00,Saturday,ST GEORGE BD STATION,3,8,W,BD
17:43:00,Saturday,EGLINTON WEST STATION,0,0,N,YU
18:39:00,Saturday,WOODBINE STATION,0,0,W,BD
18:41:00,Saturday,ROYAL YORK STATION,25,29,W,YU
18:55:00,Saturday,YORKDALE STATION,0,0,N,YU
18:59:00,Saturday,HIGH PARK STATION,4,8,W,BD
19:11:00,Saturday,PAPE STATION,0,0,W,BD
19:21:00,Saturday,WOODBINE STATION,4,9,W,BD
19:29:00,Saturday,BLOOR STATION,0,0,N,YU
20:32:00,Saturday,VICTORIA PARK STATION,0,0,W,BD
21:30:00,Saturday,ST ANDREW STATION,0,0,N,YU
22:06:00,Saturday,ST GEORGE BD STATION,0,0,N,BD
22:16:00,Saturday,MAIN STREET STATION,0,0,W,BD
22:46:00,Saturday,HIGHWAY 407 STATION,7,14,S,YU
23:06:00,Saturday,COLLEGE STATION,0,0,N,YU
23:44:00,Saturday,YONGE BD STATION,0,0,E,BD
23:44:00,Saturday,BLOOR STATION,0,0,N,YU
01:20:00,Saturday,EGLINTON WEST STATION,0,0,S,YU
01:58:00,Saturday,FINCH STATION,0,0,S,YU
02:29:00,Sunday,FINCH STATION,0,0,S,YU
08:40:00,Sunday,BROADVIEW STATION,0,0,E,BD
08:41:00,Sunday,SUMMERHILL STATION,7,12,S,YU
08:45:00,Sunday,BROADVIEW STATION,4,8,E,BD
08:56:00,Sunday,PAPE STATION,0,0,E,BD
09:06:00,Sunday,WILSON STATION,3,10,S,YU
09:13:00,Sunday,YORKDALE STATION,4,11,S,YU
09:26:00,Sunday,KENNEDY BD STATION,4,8,W,BD
11:22:00,Sunday,DAVISVILLE STATION,66,70,S,YU
12:38:00,Sunday,UNION STATION,0,0,N,YU
12:41:00,Sunday,SHERBOURNE STATION,6,10,E,BD
12:54:00,Sunday,ISLINGTON STATION,0,0,E,BD
13:31:00,Sunday,CASTLE FRANK STATION,0,0,E,BD
13:58:00,Sunday,ST CLAIR STATION,3,8,S,YU
14:25:00,Sunday,PAPE STATION,4,8,E,BD
15:42:00,Sunday,DUFFERIN STATION,0,0,W,BD
16:37:00,Sunday,SHEPPARD WEST STATION,4,11,N,YU
16:38:00,Sunday,KEELE STATION,8,12,E,BD
18:12:00,Sunday,KEELE STATION,4,9,E,BD
18:53:00,Sunday,FINCH WEST STATION,0,0,N,YU
19:51:00,Sunday,ST GEORGE YUS STATION,0,0,N,YU
20:56:00,Sunday,BLOOR STATION,5,10,N,YU
21:10:00,Sunday,PAPE STATION,7,12,E,BD
21:49:00,Sunday,DUNDAS STATION,15,20,N,YU
21:51:00,Sunday,MAIN STREET STATION,0,0,W,BD
21:54:00,Sunday,PAPE STATION,0,0,W,BD
22:15:00,Sunday,DUNDAS STATION,0,0,S,YU
22:32:00,Sunday,DAVISVILLE STATION,6,12,S,YU
22:55:00,Sunday,MAIN STREET STATION,7,13,E,BD
23:33:00,Sunday,ST GEORGE BD STATION,5,11,E,BD
23:53:00,Sunday,ST ANDREW STATION,0,0,S,YU
00:23:00,Sunday,HIGH PARK STATION,0,0,W,BD
01:58:00,Sunday,KENNEDY BD STATION,0,0,W,YU
07:53:00,Sunday,SHEPPARD-YONGE STATION,61,0,E,SHP
14:46:00,Sunday,BAYVIEW STATION,7,14,W,SHP
19:54:00,Sunday,SHEPPARD-YONGE STATION,0,0,W,SHP
05:48:00,Monday,BAY STATION,5,8,W,BD
05:56:00,Monday,SHEPPARD WEST STATION,5,15,N,YU
06:04:00,Monday,WILSON STATION,3,6,S,YU
08:09:00,Monday,ST CLAIR STATION,3,6,S,YU
08:12:00,Monday,DUPONT STATION,4,7,S,YU
08:16:00,Monday,WOODBINE STATION,0,0,W,BD
08:52:00,Monday,LAWRENCE STATION,3,6,N,YU
08:58:00,Monday,CASTLE FRANK STATION,4,6,E,BD
09:51:00,Monday,BLOOR STATION,6,9,S,YU
09:53:00,Monday,DUNDAS STATION,3,6,S,YU
10:15:00,Monday,VAUGHAN MC STATION,4,9,S,YU
10:16:00,Monday,BLOOR STATION,3,8,S,YU
11:02:00,Monday,BROADVIEW STATION,5,9,E,BD
12:15:00,Monday,LAWRENCE WEST STATION,0,0,N,YU
12:19:00,Monday,SHERBOURNE STATION,0,0,W,BD
12:35:00,Monday,OSSINGTON STATION,0,0,E,BD
13:00:00,Monday,FINCH STATION,3,6,S,YU
13:14:00,Monday,KING STATION,0,0,S,YU
13:19:00,Monday,WILSON STATION,3,8,N,YU
13:41:00,Monday,ST GEORGE BD STATION,3,7,E,BD
13:45:00,Monday,SHEPPARD STATION,0,0,N,YU
14:13:00,Monday,JANE STATION,6,10,W,BD
14:20:00,Monday,JANE STATION,0,0,W,BD
14:26:00,Monday,OLD MILL STATION,0,0,E,BD
15:54:00,Monday,COLLEGE STATION,6,9,S,YU
16:12:00,Monday,WILSON STATION,3,6,S,YU
16:17:00,Monday,YORKDALE STATION,4,7,S,YU
16:32:00,Monday,ST GEORGE BD STATION,0,0,E,BD
16:33:00,Monday,DUPONT STATION,0,0,N,YU
16:58:00,Monday,EGLINTON WEST STATION,0,0,N,YU
17:01:00,Monday,KEELE STATION,0,0,W,BD
18:50:00,Monday,ISLINGTON STATION,0,0,W,BD
19:21:00,Monday,BLOOR STATION,0,0,S,YU
19:48:00,Monday,YONGE BD STATION,10,15,W,BD
20:11:00,Monday,EGLINTON WEST STATION,3,7,N,YU
20:35:00,Monday,DAVISVILLE STATION,0,0,N,YU
20:43:00,Monday,SPADINA BD STATION,0,0,E,BD
21:01:00,Monday,ISLINGTON STATION,3,8,E,BD
22:12:00,Monday,EGLINTON STATION,0,0,S,YU
22:24:00,Monday,MAIN STREET STATION,0,0,W,YU
22:31:00,Monday,QUEEN'S PARK STATION,0,0,S,YU
22:39:00,Monday,COXWELL STATION,0,0,W,BD
22:57:00,Monday,DONLANDS STATION,0,0,E,BD
23:04:00,Monday,BLOOR STATION,0,0,S,YU
23:04:00,Monday,YONGE BD STATION,0,0,W,BD
01:06:00,Monday,QUEEN'S PARK STATION,5,12,S,YU
19:55:00,Monday,BAYVIEW STATION,0,0,E,SHP
06:13:00,Tuesday,EGLINTON STATION,4,8,N,YU
06:47:00,Tuesday,ST GEORGE BD STATION,3,5,E,BD
06:49:00,Tuesday,KIPLING STATION,3,5,E,BD
07:00:00,Tuesday,CHESTER STATION,3,5,E,BD
07:04:00,Tuesday,OSGOODE STATION,3,6,N,YU
07:11:00,Tuesday,SHEPPARD STATION,4,7,N,YU
07:18:00,Tuesday,SPADINA YUS STATION,0,0,S,YU
07:43:00,Tuesday,ST GEORGE BD STATION,0,0,E,BD
08:09:00,Tuesday,EGLINTON STATION,0,0,N,YU
09:01:00,Tuesday,FINCH STATION,0,0,N,YU
10:12:00,Tuesday,ST CLAIR WEST STATION,3,7,S,YU
10:14:00,Tuesday,KENNEDY BD STATION,4,8,E,BD
10:29:00,Tuesday,ST CLAIR WEST STATION,0,0,S,YU
10:34:00,Tuesday,ST CLAIR WEST STATION,0,0,S,YU
12:16:00,Tuesday,DUNDAS STATION,0,0,N,YU
12:33:00,Tuesday,QUEEN STATION,5,10,N,YU
12:41:00,Tuesday,CASTLE FRANK STATION,5,9,E,BD
14:14:00,Tuesday,SHEPPARD STATION,5,10,N,YU
14:15:00,Tuesday,ST GEORGE BD STATION,0,0,E,BD
14:46:00,Tuesday,QUEEN'S PARK STATION,3,8,N,YU
15:04:00,Tuesday,KEELE STATION,0,0,W,BD
15:19:00,Tuesday,YORKDALE STATION,0,0,S,YU
15:30:00,Tuesday,ST GEORGE YUS STATION,0,0,N,YU
15:33:00,Tuesday,KIPLING STATION,0,0,E,BD
15:35:00,Tuesday,BLOOR STATION,4,9,N,YU
15:45:00,Tuesday,KIPLING STATION,0,0,W,BD
15:56:00,Tuesday,KIPLING STATION,0,0,W,BD
16:01:00,Tuesday,SHEPPARD STATION,10,15,S,YU
16:28:00,Tuesday,KIPLING STATION,0,0,W,BD
16:28:00,Tuesday,KIPLING STATION,3,6,W,BD
16:29:00,Tuesday,MUSEUM STATION,8,11,N,YU
17:38:00,Tuesday,BLOOR STATION,0,0,N,YU
18:21:00,Tuesday,ST CLAIR STATION,15,18,N,YU
18:42:00,Tuesday,DUNDAS STATION W/S,0,0,S,YU
18:55:00,Tuesday,KIPLING STATION,5,8,E,BD
19:28:00,Tuesday,KENNEDY BD STATION,5,10,W,BD
19:49:00,Tuesday,SPADINA YUS STATION,3,6,N,YU
20:44:00,Tuesday,SHEPPARD STATION,0,0,N,YU
20:55:00,Tuesday,WOODBINE STATION,0,0,E,BD
20:59:00,Tuesday,YONGE BD STATION,0,0,E,BD
21:08:00,Tuesday,CHRISTIE STATION,0,0,W,BD
21:33:00,Tuesday,BLOOR STATION,0,0,N,YU
21:36:00,Tuesday,YONGE BD STATION,6,12,W,BD
23:03:00,Tuesday,KENNEDY BD STATION,0,0,W,BD
23:32:00,Tuesday,SHEPPARD WEST STATION,0,0,S,YU
23:34:00,Tuesday,ROSEDALE STATION,5,10,N,YU
23:49:00,Tuesday,UNION STATION,0,0,N,YU
23:50:00,Tuesday,DAVISVILLE STATION,7,13,N,YU
01:54:00,Tuesday,EGLINTON WEST STATION,0,0,N,YU
05:33:00,Tuesday,DON MILLS STATION,7,0,W,SHP
05:58:00,Tuesday,BESSARION STATION,7,0,E,SHP
13:46:00,Tuesday,DON MILLS STATION,9,16,W,SHP
14:01:00,Tuesday,DON MILLS STATION,10,17,W,SHP
20:39:00,Tuesday,BAYVIEW STATION,0,0,E,SHP
20:42:00,Tuesday,BESSARION STATION,0,0,E,SHP
20:47:00,Tuesday,SHEPPARD-YONGE STATION,19,26,W,SHP
04:08:00,Wednesday,BLOOR STATION,0,0,S,YU
05:40:00,Wednesday,KENNEDY BD STATION,16,21,W,BD
05:43:00,Wednesday,COLLEGE STATION,4,0,N,YU
06:25:00,Wednesday,KENNEDY BD STATION,3,5,W,BD
06:30:00,Wednesday,BLOOR STATION,0,0,N,YU
06:42:00,Wednesday,FINCH STATION,4,7,S,YU
07:01:00,Wednesday,GREENWOOD YARD,3,6,E,BD
07:02:00,Wednesday,FINCH STATION,0,0,S,YU
07:05:00,Wednesday,DUPONT STATION,0,0,S,YU
07:05:00,Wednesday,HIGH PARK STATION,0,0,E,BD
07:10:00,Wednesday,ST GEORGE YUS STATION,10,13,S,YU
07:11:00,Wednesday,HIGH PARK STATION,0,0,E,BD
07:50:00,Wednesday,ST GEORGE BD STATION,3,5,E,BD
07:53:00,Wednesday,NORTH YORK CTR STATION,6,9,S,YU
08:11:00,Wednesday,EGLINTON WEST STATION,3,6,N,YU
08:16:00,Wednesday,BROADVIEW STATION,7,9,W,BD
08:22:00,Wednesday,YORK MILLS STATION,4,7,N,YU
08:22:00,Wednesday,BLOOR STATION,0,0,N,YU
08:24:00,Wednesday,BROADVIEW STATION,6,8,W,BD
08:53:00,Wednesday,MAIN STREET STATION,3,5,W,BD
09:17:00,Wednesday,ST GEORGE YUS STATION,0,0,N,YU
09:25:00,Wednesday,FINCH WEST STATION,4,7,N,YU
09:26:00,Wednesday,KENNEDY BD STATION,0,0,E,BD
09:39:00,Wednesday,NORTH YORK CTR STATION,0,0,N,YU
09:43:00,Wednesday,KEELE STATION,4,6,W,BD
10:06:00,Wednesday,KIPLING STATION,0,0,W,BD
10:31:00,Wednesday,EGLINTON WEST STATION,0,0,N,YU
11:01:00,Wednesday,WARDEN STATION,0,0,W,BD
11:08:00,Wednesday,WARDEN STATION,0,0,W,BD
11:15:00,Wednesday,WARDEN STATION,0,0,W,BD
11:21:00,Wednesday,WARDEN STATION,0,0,W,BD
11:52:00,Wednesday,MAIN STREET STATION,4,8,W,BD
12:13:00,Wednesday,WARDEN STATION,0,0,W,BD
12:17:00,Wednesday,WARDEN STATION,0,0,W,BD
12:20:00,Wednesday,ISLINGTON STATION,0,0,E,BD
12:55:00,Wednesday,SPADINA BD STATION,4,8,W,YU
14:51:00,Wednesday,DOWNSVIEW PARK STATION,0,0,N,YU
14:54:00,Wednesday,SPADINA BD STATION,0,0,W,BD
15:17:00,Wednesday,WARDEN STATION,0,0,W,BD
15:25:00,Wednesday,ISLINGTON STATION,4,8,E,BD
16:02:00,Wednesday,DUNDAS STATION,0,0,N,YU
16:39:00,Wednesday,BROADVIEW STATION,0,0,E,BD
16:42:00,Wednesday,EGLINTON WEST STATION,0,0,S,YU
16:47:00,Wednesday,DUFFERIN STATION,0,0,E,BD
16:52:00,Wednesday,LAWRENCE STATION,7,10,N,YU
16:56:00,Wednesday,WOODBINE STATION,0,0,E,BD
17:05:00,Wednesday,BATHURST STATION,4,7,E,BD
17:09:00,Wednesday,BATHURST STATION,0,0,W,BD
17:33:00,Wednesday,KING STATION,6,9,N,YU
18:01:00,Wednesday,DAVISVILLE STATION,3,6,N,YU
18:38:00,Wednesday,BLOOR STATION,0,0,S,YU
18:51:00,Wednesday,EGLINTON WEST STATION,3,6,N,YU
18:57:00,Wednesday,DAVISVILLE STATION,3,6,N,YU
19:25:00,Wednesday,GREENWOOD STATION,13,18,E,BD
19:48:00,Wednesday,OSSINGTON STATION,0,0,W,BD
20:39:00,Wednesday,KIPLING STATION,0,0,W,BD
20:45:00,Wednesday,SHEPPARD STATION,3,8,N,YU
20:50:00,Wednesday,DOWNSVIEW PARK STATION,6,11,S,YU
21:05:00,Wednesday,WILSON STATION,5,10,S,YU
21:32:00,Wednesday,RUNNYMEDE STATION,0,0,E,BD
21:51:00,Wednesday,FINCH STATION,5,10,S,YU
22:00:00,Wednesday,DUPONT STATION,0,0,N,YU
23:10:00,Wednesday,HIGH PARK STATION,0,0,E,BD
23:23:00,Wednesday,WOODBINE STATION,0,0,E,BD
23:24:00,Wednesday,ST PATRICK STATION,0,0,N,YU
06:02:00,Thursday,YORKDALE STATION,0,0,S,YU
06:52:00,Thursday,WILSON STATION,4,8,N,YU
07:25:00,Thursday,WARDEN STATION,0,0,W,BD
07:37:00,Thursday,WARDEN STATION,0,0,W,BD
07:50:00,Thursday,PIONEER VILLAGE STATIO,9,12,S,YU
07:51:00,Thursday,COLLEGE STATION,10,13,N,YU
08:22:00,Thursday,ST CLAIR STATION,3,6,N,YU
08:45:00,Thursday,YORK UNIVERSITY STATIO,6,9,N,YU
09:13:00,Thursday,KIPLING STATION,3,6,E,BD
09:34:00,Thursday,VICTORIA PARK STATION,0,0,E,BD
10:36:00,Thursday,RUNNYMEDE STATION,0,0,W,BD
11:34:00,Thursday,COXWELL STATION,0,0,W,BD
11:58:00,Thursday,ST GEORGE BD STATION,5,9,E,BD
12:22:00,Thursday,VICTORIA PARK STATION,0,0,W,BD
13:00:00,Thursday,CASTLE FRANK STATION,22,26,W,YU
13:25:00,Thursday,SUMMERHILL STATION,3,8,N,YU
13:27:00,Thursday,VICTORIA PARK STATION,3,7,E,BD
13:37:00,Thursday,BLOOR STATION,0,0,N,YU
14:36:00,Thursday,EGLINTON STATION,5,10,S,YU
14:43:00,Thursday,DAVISVILLE STATION,6,11,S,YU
14:45:00,Thursday,KEELE STATION,0,0,W,BD
15:25:00,Thursday,VAUGHAN MC STATION,0,0,S,YU
15:50:00,Thursday,YONGE BD STATION,8,12,E,BD
16:04:00,Thursday,VAUGHAN MC STATION,0,0,S,YU
16:07:00,Thursday,YORK UNIVERSITY STATIO,4,9,N,YU
16:11:00,Thursday,VAUGHAN MC STATION,0,0,S,YU
16:18:00,Thursday,WILSON STATION,12,15,S,YU
16:25:00,Thursday,DONLANDS STATION,0,0,E,BD
16:43:00,Thursday,SHEPPARD STATION,0,0,N,YU
16:44:00,Thursday,WOODBINE STATION,10,13,E,BD
16:44:00,Thursday,NORTH YORK CTR STATION,4,7,N,YU
16:47:00,Thursday,EGLINTON STATION,0,0,S,YU
16:52:00,Thursday,DAVISVILLE STATION,3,6,S,YU
17:12:00,Thursday,SUMMERHILL STATION,4,7,N,YU
17:59:00,Thursday,KING STATION,0,0,S,YU
18:00:00,Thursday,ST GEORGE YUS STATION,0,0,N,YU
18:17:00,Thursday,CASTLE FRANK STATION,6,9,E,BD
18:35:00,Thursday,ST CLAIR STATION,8,11,N,YU
18:36:00,Thursday,VAUGHAN MC STATION,0,0,S,YU
18:48:00,Thursday,WOODBINE STATION,0,0,E,BD
19:30:00,Thursday,SUMMERHILL STATION,0,0,N,YU
20:05:00,Thursday,FINCH STATION,0,0,N,YU
20:05:00,Thursday,QUEEN STATION,0,0,N,YU
20:44:00,Thursday,COLLEGE STATION,0,0,N,YU
20:51:00,Thursday,BLOOR STATION,3,8,S,YU
21:26:00,Thursday,DUFFERIN STATION,0,0,E,BD
21:38:00,Thursday,DUPONT STATION,0,0,S,YU
22:24:00,Thursday,BROADVIEW STATION,5,10,E,BD
23:07:00,Thursday,OSSINGTON STATION,0,0,E,BD
23:09:00,Thursday,COXWELL STATION,8,13,W,BD
23:46:00,Thursday,KENNEDY BD STATION,3,8,W,BD
23:58:00,Thursday,ST CLAIR STATION,3,9,N,YU
01:56:00,Thursday,KIPLING STATION,0,0,E,BD
06:47:00,Thursday,SHEPPARD-YONGE STATION,6,13,W,SHP
18:40:00,Thursday,SHEPPARD-YONGE STATION,0,0,E,SHP
05:57:00,Friday,YORK MILLS STATION,0,0,S,YU
06:41:00,Friday,EGLINTON STATION,0,0,S,YU
06:44:00,Friday,SPADINA YUS STATION,5,0,N,YU
07:10:00,Friday,OSGOODE STATION,0,0,N,YU
07:17:00,Friday,LAWRENCE STATION,3,7,N,YU
07:19:00,Friday,ISLINGTON STATION,3,5,E,BD
07:39:00,Friday,DUNDAS WEST STATION,2,4,E,BD
07:48:00,Friday,KIPLING STATION,7,9,E,BD
07:59:00,Friday,YORK MILLS STATION,5,8,N,YU
09:23:00,Friday,ISLINGTON STATION,0,0,W,BD
09:33:00,Friday,EGLINTON STATION,0,0,S,YU
09:53:00,Friday,SPADINA YUS STATION,16,19,S,YU
09:58:00,Friday,SPADINA YUS STATION,3,6,N,YU
10:03:00,Friday,BATHURST STATION,0,0,W,BD
10:14:00,Friday,WOODBINE STATION,0,0,E,BD
10:16:00,Friday,LAWRENCE STATION,5,8,N,YU
10:17:00,Friday,ROYAL YORK STATION,3,7,W,BD
10:26:00,Friday,KEELE STATION,6,10,W,BD
10:39:00,Friday,WILSON STATION,4,7,N,YU
11:04:00,Friday,DUNDAS STATION,0,0,S,YU
11:40:00,Friday,LAWRENCE STATION,5,10,S,YU
11:53:00,Friday,MAIN STREET STATION,4,8,W,BD
12:40:00,Friday,ST CLAIR WEST STATION,7,12,S,YU
13:01:00,Friday,ST CLAIR WEST STATION,0,0,S,YU
13:09:00,Friday,COXWELL STATION,0,0,W,BD
13:39:00,Friday,DAVISVILLE YARD,0,0,S,YU
14:16:00,Friday,BAY STATION,0,0,E,BD
14:36:00,Friday,ST CLAIR STATION,0,0,S,YU
14:44:00,Friday,LAWRENCE STATION,4,9,N,YU
14:58:00,Friday,NORTH YORK CTR STATION,3,6,N,YU
15:02:00,Friday,KENNEDY BD STATION,0,0,E,BD
15:05:00,Friday,CHESTER STATION,0,0,E,BD
15:12:00,Friday,WELLESLEY STATION,0,0,N,YU
15:22:00,Friday,LAWRENCE WEST STATION,7,12,N,YU
15:32:00,Friday,MAIN STREET STATION,0,0,E,BD
15:37:00,Friday,FINCH STATION,3,6,S,YU
15:39:00,Friday,ROYAL YORK STATION,5,8,E,BD
15:44:00,Friday,DONLANDS STATION,0,0,W,BD
15:48:00,Friday,EGLINTON STATION,4,7,S,YU
16:19:00,Friday,ST GEORGE BD STATION,0,0,W,BD
16:21:00,Friday,COXWELL STATION,3,6,E,BD
16:28:00,Friday,KENNEDY BD STATION,3,6,W,BD
16:29:00,Friday,DAVISVILLE STATION,0,0,N,YU
16:31:00,Friday,FINCH WEST STATION,3,8,S,YU
16:53:00,Friday,DAVISVILLE STATION,4,7,S,YU
16:55:00,Friday,DUNDAS STATION TO EGLI,6,9,N,YU
17:09:00,Friday,KIPLING STATION,0,0,E,BD
17:38:00,Friday,ST GEORGE YUS STATION,0,0,N,YU
17:40:00,Friday,ST CLAIR WEST STATION,5,8,N,YU
17:53:00,Friday,YORK MILLS STATION,4,7,N,YU
17:55:00,Friday,CHRISTIE STATION,13,16,E,BD
17:56:00,Friday,SHERBOURNE STATION,0,0,E,BD
18:04:00,Friday,FINCH STATION,3,6,S,YU
18:39:00,Friday,WOODBINE STATION,9,12,W,BD
18:40:00,Friday,NORTH YORK CTR STATION,0,0,N,YU
18:47:00,Friday,EGLINTON STATION,5,8,S,YU
19:04:00,Friday,ROYAL YORK STATION,27,30,E,BD
19:07:00,Friday,FINCH WEST STATION,0,0,N,YU
19:20:00,Friday,SPADINA YUS STATION,0,0,S,YU
19:48:00,Friday,QUEEN STATION,9,14,S,YU
20:09:00,Friday,ST GEORGE YUS STATION,10,15,S,YU
20:52:00,Friday,BLOOR STATION,0,0,S,YU
21:01:00,Friday,YONGE BD STATION,0,0,E,BD
21:30:00,Friday,SUMMERHILL STATION,0,0,N,YU
21:35:00,Friday,ROSEDALE STATION,0,0,S,YU
21:50:00,Friday,EGLINTON STATION,6,11,S,YU
21:54:00,Friday,ST GEORGE BD STATION,0,0,W,BD
21:57:00,Friday,ISLINGTON STATION,13,18,W,BD
23:42:00,Friday,QUEEN STATION,0,0,N,YU
00:00:00,Friday,ISLINGTON STATION,0,0,E,BD
00:35:00,Friday,QUEEN STATION,5,10,S,YU
01:03:00,Friday,DUNDAS WEST STATION,0,0,W,BD
01:16:00,Friday,KENNEDY BD STATION,5,10,W,BD
01:22:00,Friday,YONGE BD STATION,7,12,W,BD
14:40:00,Friday,BAYVIEW STATION,0,0,W,SHP
18:22:00,Friday,DON MILLS STATION,0,0,W,SHP
05:53:00,Saturday,KIPLING STATION,5,10,E,BD
06:00:00,Saturday,DOWNSVIEW PARK STATION,3,9,N,YU
06:30:00,Saturday,KENNEDY BD STATION,3,8,W,BD
06:34:00,Saturday,SPADINA BD STATION,0,0,W,BD
07:54:00,Saturday,KIPLING STATION,0,0,W,BD
08:06:00,Saturday,ST GEORGE YUS STATION,9,15,S,YU
08:54:00,Saturday,UNION STATION,4,9,N,YU
11:49:00,Saturday,FINCH STATION,5,10,S,YU
12:04:00,Saturday,UNION STATION,4,10,N,YU
12:15:00,Saturday,SUMMERHILL STATION,5,11,N,YU
12:44:00,Saturday,KIPLING STATION,0,0,E,BD
12:56:00,Saturday,WARDEN STATION,102,106,W,BD
13:28:00,Saturday,BLOOR STATION,0,0,N,YU
13:34:00,Saturday,DUFFERIN STATION,0,0,W,BD
15:21:00,Saturday,WARDEN STATION,0,0,W,BD
16:04:00,Saturday,KIPLING STATION,0,0,W,BD
16:05:00,Saturday,WARDEN STATION,0,0,W,BD
16:50:00,Saturday,WARDEN STATION,0,0,W,BD
16:56:00,Saturday,WILSON STATION,3,10,S,YU
17:18:00,Saturday,KENNEDY BD STATION,3,7,W,BD
17:48:00,Saturday,ROSEDALE STATION,0,0,S,YU
18:08:00,Saturday,KIPLING STATION,0,0,E,BD
18:43:00,Saturday,DONLANDS STATION,3,7,E,BD
18:49:00,Saturday,WOODBINE STATION,0,0,E,BD
18:52:00,Saturday,MAIN STREET STATION,0,0,E,BD
19:40:00,Saturday,VICTORIA PARK STATION,5,9,E,BD
19:40:00,Saturday,WARDEN STATION,5,9,W,BD
19:58:00,Saturday,DOWNSVIEW PARK STATION,3,9,N,YU
20:01:00,Saturday,BLOOR STATION,0,0,S,YU
20:24:00,Saturday,DOWNSVIEW PARK STATION,0,0,N,YU
20:45:00,Saturday,YORK MILLS STATION,40,46,S,YU
20:55:00,Saturday,WILSON STATION,7,14,N,YU
21:43:00,Saturday,KENNEDY BD STATION,0,0,E,BD
21:49:00,Saturday,WARDEN STATION,6,12,W,BD
22:00:00,Saturday,DAVISVILLE STATION,5,11,N,YU
22:07:00,Saturday,BLOOR STATION,13,19,S,YU
22:18:00,Saturday,WILSON STATION,8,15,N,YU
22:39:00,Saturday,PIONEER VILLAGE STATIO,5,12,N,YU
22:45:00,Saturday,HIGHWAY 407 STATION,8,13,N,YU
22:47:00,Saturday,ST ANDREW STATION,3,9,S,YU
23:05:00,Saturday,WOODBINE STATION,6,12,W,BD
23:11:00,Saturday,COLLEGE STATION,5,11,N,YU
23:21:00,Saturday,KING STATION,8,14,S,YU
23:31:00,Saturday,ISLINGTON STATION,0,0,E,BD
23:58:00,Saturday,DUNDAS STATION,0,0,N,YU
00:09:00,Saturday,ST GEORGE YUS STATION,7,14,N,YU
01:27:00,Saturday,YORK MILLS STATION,0,0,N,YU
01:45:00,Saturday,SPADINA BD STATION,0,0,W,BD
01:46:00,Saturday,SPADINA YUS STATION,0,0,N,YU
01:50:00,Saturday,EGLINTON STATION,0,0,N,YU
02:28:00,Saturday,SHEPPARD-YONGE STATION,0,0,W,SHP
19:44:00,Saturday,LESLIE STATION,13,20,W,SHP
20:20:00,Saturday,LESLIE STATION,6,13,W,SHP
22:50:00,Saturday,DON MILLS STATION,7,14,W,SHP
08:37:00,Sunday,ST GEORGE YUS STATION,5,11,S,YU
08:42:00,Sunday,WARDEN STATION,3,7,E,BD
10:35:00,Sunday,ROSEDALE STATION,0,0,N,YU
11:02:00,Sunday,DUNDAS STATION,3,9,N,YU
11:23:00,Sunday,ST ANDREW STATION,0,0,S,YU
12:08:00,Sunday,YORK MILLS STATION,6,12,S,YU
12:44:00,Sunday,SPADINA YUS STATION,5,12,N,YU
13:35:00,Sunday,DUNDAS STATION,0,0,N,YU
13:37:00,Sunday,DUNDAS STATION,7,14,N,YU
14:54:00,Sunday,LAWRENCE STATION,4,10,S,YU
15:43:00,Sunday,RUNNYMEDE STATION,0,0,E,BD
15:45:00,Sunday,SHEPPARD STATION,7,12,S,YU
16:09:00,Sunday,YORK MILLS STATION,0,0,N,YU
16:23:00,Sunday,BLOOR STATION,3,9,S,YU
16:29:00,Sunday,BLOOR STATION,0,0,S,YU
16:31:00,Sunday,BLOOR STATION,0,0,S,YU
16:50:00,Sunday,SHEPPARD STATION,11,17,S,YU
17:08:00,Sunday,SHERBOURNE STATION,7,11,E,BD
18:16:00,Sunday,UNION STATION,5,11,N,YU
18:59:00,Sunday,YORK MILLS STATION,12,18,S,YU
19:06:00,Sunday,WELLESLEY STATION,4,11,N,YU
19:06:00,Sunday,WELLESLEY STATION,0,0,S,YU
19:25:00,Sunday,WELLESLEY STATION,8,14,S,YU
21:38:00,Sunday,BLOOR STATION,0,0,N,YU
22:01:00,Sunday,KENNEDY BD STATION,6,12,W,BD
22:29:00,Sunday,ST GEORGE BD STATION,0,0,W,YU
22:41:00,Sunday,DUNDAS STATION,8,13,S,YU
23:41:00,Sunday,SPADINA BD STATION,0,0,W,BD
00:53:00,Sunday,WOODBINE STATION,0,0,E,BD
01:07:00,Sunday,CHESTER STATION,6,12,E,BD
01:51:00,Sunday,KENNEDY BD STATION,0,0,W,BD
05:45:00,Monday,YORK MILLS STATION,0,0,N,YU
06:06:00,Monday,HIGHWAY 407 STATION,3,9,S,YU
06:08:00,Monday,ST PATRICK STATION,4,0,N,YU
06:14:00,Monday,HIGHWAY 407 STATION,6,9,S,YU
06:16:00,Monday,FINCH WEST STATION,5,11,S,YU
06:24:00,Monday,PIONEER VILLAGE STATIO,4,7,S,YU
06:41:00,Monday,KENNEDY BD STATION,0,0,W,BD
07:00:00,Monday,GREENWOOD STATION,0,0,E,BD
08:02:00,Monday,DUNDAS STATION,0,0,N,YU
08:10:00,Monday,ISLINGTON STATION,0,0,W,BD
08:21:00,Monday,YORK MILLS STATION,4,7,N,YU
08:29:00,Monday,ISLINGTON STATION,5,7,W,BD
08:34:00,Monday,LAWRENCE STATION,6,9,N,YU
08:48:00,Monday,EGLINTON STATION,6,9,N,YU
08:56:00,Monday,LAWRENCE STATION,6,9,N,YU
09:11:00,Monday,EGLINTON STATION,0,0,S,YU
10:01:00,Monday,LAWRENCE WEST STATION,5,8,N,YU
10:09:00,Monday,WILSON STATION,5,8,N,YU
10:27:00,Monday,SPADINA BD STATION,5,9,E,BD
10:28:00,Monday,BLOOR STATION,5,9,N,YU
12:29:00,Monday,SHEPPARD WEST STATION,5,10,S,YU
13:24:00,Monday,JANE STATION,0,0,W,BD
14:39:00,Monday,KENNEDY BD STATION,9,13,E,BD
14:45:00,Monday,OSSINGTON STATION,0,0,W,BD
14:51:00,Monday,OSSINGTON STATION,0,0,E,BD
14:56:00,Monday,KIPLING STATION,3,7,W,BD
15:10:00,Monday,EGLINTON STATION,7,12,S,YU
15:21:00,Monday,NORTH YORK CTR STATION,3,8,S,YU
15:30:00,Monday,YORK MILLS STATION,3,8,S,YU
15:34:00,Monday,BAY STATION,0,0,W,BD
15:49:00,Monday,OSGOODE STATION,0,0,N,YU
15:55:00,Monday,CASTLE FRANK STATION,6,10,E,BD
16:16:00,Monday,WILSON STATION,5,10,S,YU
16:52:00,Monday,KENNEDY BD STATION,3,6,W,BD
16:56:00,Monday,SUMMERHILL STATION,0,0,N,YU
16:59:00,Monday,ISLINGTON STATION,0,0,E,BD
18:08:00,Monday,GREENWOOD STATION,3,6,E,BD
18:09:00,Monday,ST GEORGE BD STATION,0,0,W,BD
18:28:00,Monday,BLOOR STATION,0,0,N,YU
18:31:00,Monday,YONGE BD STATION,0,0,E,BD
18:37:00,Monday,ST PATRICK STATION,3,6,N,YU
18:43:00,Monday,YONGE BD STATION,0,0,W,BD
18:46:00,Monday,WILSON STATION,4,7,S,YU
18:49:00,Monday,KENNEDY BD STATION,3,6,W,BD
18:57:00,Monday,KIPLING STATION,3,6,E,BD
18:57:00,Monday,GLENCAIRN STATION,6,9,S,YU
19:08:00,Monday,EGLINTON WEST STATION,4,7,S,YU
19:45:00,Monday,WILSON STATION,8,11,N,YU
19:57:00,Monday,SHEPPARD WEST STATION,9,12,N,YU
20:05:00,Monday,SPADINA YUS STATION,0,0,S,YU
20:06:00,Monday,OSGOODE STATION,0,0,N,YU
20:06:00,Monday,DUNDAS WEST STATION,0,0,W,BD
20:09:00,Monday,YORK MILLS STATION,5,8,N,YU
20:31:00,Monday,UNION STATION,0,0,N,YU
22:23:00,Monday,ST ANDREW STATION,7,12,N,YU
23:00:00,Monday,QUEEN'S PARK STATION,0,0,S,YU
23:01:00,Monday,CASTLE FRANK STATION,9,14,E,BD
23:27:00,Monday,OLD MILL STATION,13,18,E,BD
00:07:00,Monday,FINCH STATION,0,0,S,YU
00:54:00,Monday,DUNDAS STATION,0,0,N,YU
00:57:00,Monday,DUNDAS STATION,0,0,N,YU
01:07:00,Monday,EGLINTON WEST STATION,23,28,S,YU
05:36:00,Tuesday,YORK MILLS STATION,4,0,N,YU
06:24:00,Tuesday,ST ANDREW STATION,0,0,N,YU
06:33:00,Tuesday,BLOOR STATION,3,0,S,YU
06:44:00,Tuesday,HIGHWAY 407 STATION,5,9,S,YU
06:55:00,Tuesday,FINCH WEST STATION,3,6,S,YU
07:07:00,Tuesday,OSGOODE STATION,0,0,N,YU
07:17:00,Tuesday,QUEEN'S PARK STATION,4,7,S,YU
07:23:00,Tuesday,ST PATRICK STATION,3,6,S,YU
07:26:00,Tuesday,LAWRENCE STATION,9,12,N,YU
07:34:00,Tuesday,BLOOR STATION,0,0,S,YU
07:35:00,Tuesday,FINCH STATION,0,0,S,YU
07:37:00,Tuesday,NORTH YORK CTR STATION,3,6,S,YU
08:10:00,Tuesday,MAIN STREET STATION,0,0,W,BD
08:11:00,Tuesday,ROSEDALE STATION,3,6,S,YU
08:20:00,Tuesday,KENNEDY BD STATION,3,5,W,BD
08:23:00,Tuesday,SHEPPARD STATION,3,6,S,YU
08:35:00,Tuesday,COXWELL STATION,3,5,W,BD
08:40:00,Tuesday,WILSON STATION,0,0,N,YU
08:41:00,Tuesday,BLOOR STATION,3,6,S,YU
08:46:00,Tuesday,UNION STATION,3,6,N,YU
08:46:00,Tuesday,SHEPPARD WEST STATION,5,8,N,YU
08:50:00,Tuesday,CASTLE FRANK STATION,0,0,W,BD
08:52:00,Tuesday,DOWNSVIEW PARK STATION,3,6,N,YU
09:12:00,Tuesday,KENNEDY BD STATION,0,0,W,BD
10:39:00,Tuesday,FINCH WEST STATION,5,9,N,YU
10:52:00,Tuesday,KEELE STATION,0,0,W,BD
11:16:00,Tuesday,CHESTER STATION,7,11,W,BD
11:17:00,Tuesday,COLLEGE STATION,4,9,S,YU
11:34:00,Tuesday,UNION STATION,5,10,N,YU
11:43:00,Tuesday,ST GEORGE YUS STATION,3,8,N,YU
12:11:00,Tuesday,KEELE STATION,4,8,E,BD
12:24:00,Tuesday,ROSEDALE STATION,3,8,S,YU
13:23:00,Tuesday,LAWRENCE WEST STATION,0,0,N,YU
13:23:00,Tuesday,BLOOR STATION,0,0,N,YU
13:39:00,Tuesday,KING STATION,5,10,S,YU
13:58:00,Tuesday,OLD MILL STATION,4,8,W,BD
14:18:00,Tuesday,FINCH WEST STATION,5,10,N,YU
14:25:00,Tuesday,YORK UNIVERSITY STATIO,3,8,N,YU
14:33:00,Tuesday,PIONEER VILLAGE STATIO,5,10,N,YU
14:37:00,Tuesday,YORK MILLS STATION,0,0,S,YU
15:14:00,Tuesday,YONGE BD STATION,0,0,W,BD
15:15:00,Tuesday,DUFFERIN STATION,0,0,E,BD
15:22:00,Tuesday,OSSINGTON STATION,0,0,W,BD
15:34:00,Tuesday,DUNDAS STATION,3,8,N,YU
16:41:00,Tuesday,SPADINA YUS STATION,3,6,S,YU
16:58:00,Tuesday,UNION STATION,3,6,S,YU
17:29:00,Tuesday,GLENCAIRN STATION,5,8,N,YU
18:29:00,Tuesday,UNION STATION,0,0,N,YU
18:36:00,Tuesday,ST CLAIR STATION,0,0,N,YU
20:00:00,Tuesday,WILSON STATION,6,9,N,YU
20:10:00,Tuesday,WILSON STATION,0,0,S,YU
20:43:00,Tuesday,ST GEORGE YUS STATION,9,14,N,YU
20:56:00,Tuesday,YORKDALE STATION,3,8,S,YU
21:14:00,Tuesday,DAVISVILLE STATION,0,0,N,YU
21:32:00,Tuesday,VICTORIA PARK STATION,3,9,W,BD
21:50:00,Tuesday,LANSDOWNE STATION,3,9,W,BD
22:21:00,Tuesday,BAY STATION,0,0,W,BD
22:41:00,Tuesday,BLOOR STATION,0,0,S,YU
23:23:00,Tuesday,HIGH PARK STATION,0,0,E,BD
23:33:00,Tuesday,EGLINTON WEST STATION,14,19,N,YU
23:44:00,Tuesday,SPADINA YUS STATION,0,0,N,YU
00:50:00,Tuesday,EGLINTON STATION,0,0,N,YU
00:57:00,Tuesday,QUEEN STATION,4,9,N,YU
01:03:00,Tuesday,BROADVIEW STATION,0,0,E,BD
01:20:00,Tuesday,BROADVIEW STATION,0,0,E,BD
01:40:00,Tuesday,WARDEN STATION,9,0,W,BD
13:16:00,Tuesday,SHEPPARD-YONGE STATION,0,0,E,SHP
05:38:00,Wednesday,BROADVIEW STATION,0,0,E,BD
05:39:00,Wednesday,YORK MILLS STATION,6,0,N,YU
05:39:00,Wednesday,ST GEORGE BD STATION,0,0,E,BD
06:16:00,Wednesday,GREENWOOD STATION,4,7,E,BD
06:17:00,Wednesday,OLD MILL STATION,5,8,W,BD
06:28:00,Wednesday,WILSON STATION,4,0,N,YU
06:30:00,Wednesday,WARDEN STATION,3,5,E,BD
07:06:00,Wednesday,FINCH STATION,5,8,S,YU
07:20:00,Wednesday,KIPLING STATION,3,6,E,BD
08:28:00,Wednesday,SHEPPARD WEST STATION,6,9,N,YU
09:14:00,Wednesday,OSSINGTON TO PAPE,5,7,E,BD
09:28:00,Wednesday,KIPLING STATION TO JAN,5,7,E,BD
10:12:00,Wednesday,SHEPPARD STATION,0,0,N,YU
10:39:00,Wednesday,RUNNYMEDE STATION,0,0,E,BD
10:59:00,Wednesday,EGLINTON STATION,18,23,N,YU
11:22:00,Wednesday,KEELE STATION,3,7,W,BD
11:29:00,Wednesday,OSSINGTON STATION,0,0,E,BD
11:51:00,Wednesday,ROYAL YORK STATION,6,10,E,BD
11:55:00,Wednesday,OLD MILL STATION,28,32,E,BD
12:03:00,Wednesday,DAVISVILLE STATION,3,8,N,YU
12:08:00,Wednesday,WELLESLEY STATION,4,9,N,YU
12:18:00,Wednesday,ROSEDALE STATION,4,9,S,YU
12:30:00,Wednesday,COLLEGE STATION,10,15,S,YU
12:51:00,Wednesday,ST CLAIR STATION,7,12,N,YU
14:13:00,Wednesday,WARDEN STATION,0,0,W,BD
14:39:00,Wednesday,SHERBOURNE STATION,0,0,W,BD
14:39:00,Wednesday,KIPLING STATION,0,0,E,BD
15:10:00,Wednesday,KIPLING STATION,4,8,E,BD
15:27:00,Wednesday,ISLINGTON STATION,3,6,E,BD
15:34:00,Wednesday,DUNDAS WEST STATION,0,0,E,BD
16:01:00,Wednesday,KEELE STATION,0,0,E,BD
16:14:00,Wednesday,ISLINGTON STATION,0,0,E,BD
16:25:00,Wednesday,COXWELL STATION,4,7,W,BD
16:42:00,Wednesday,YONGE BD STATION,36,39,W,BD
16:49:00,Wednesday,EGLINTON STATION,0,0,N,YU
17:27:00,Wednesday,WELLESLEY STATION,12,15,N,YU
17:43:00,Wednesday,GLENCAIRN STATION,6,9,N,YU
18:28:00,Wednesday,BLOOR STATION,0,0,N,YU
18:32:00,Wednesday,WARDEN STATION,0,0,E,BD
18:40:00,Wednesday,SHERBOURNE STATION,0,0,E,BD
18:55:00,Wednesday,PAPE STATION,0,0,W,BD
19:27:00,Wednesday,COXWELL STATION,4,9,W,BD
19:29:00,Wednesday,DAVISVILLE STATION,7,12,N,YU
19:36:00,Wednesday,COXWELL STATION,4,9,W,BD
20:21:00,Wednesday,YONGE BD STATION,4,9,W,BD
20:31:00,Wednesday,ST GEORGE BD STATION,0,0,E,BD
20:35:00,Wednesday,ISLINGTON STATION,5,10,E,BD
20:38:00,Wednesday,COLLEGE STATION,4,9,S,YU
21:12:00,Wednesday,CHESTER STATION,5,10,W,BD
22:06:00,Wednesday,QUEEN'S PARK STATION,0,0,S,YU
22:15:00,Wednesday,SHERBOURNE STATION,19,24,E,BD
22:46:00,Wednesday,KIPLING STATION,0,0,W,BD
23:36:00,Wednesday,DUNDAS STATION,0,0,S,YU
23:55:00,Wednesday,BLOOR STATION,5,11,N,YU
00:22:00,Wednesday,ROSEDALE STATION,6,11,N,YU
00:43:00,Wednesday,DUNDAS STATION,0,0,S,YU
01:12:00,Wednesday,SHEPPARD STATION,5,10,S,YU
01:14:00,Wednesday,BLOOR STATION,0,0,N,YU
05:44:00,Thursday,KIPLING STATION,7,14,E,BD
05:53:00,Thursday,VAUGHAN MC STATION,4,0,S,YU
06:08:00,Thursday,EGLINTON STATION,5,10,N,YU
06:19:00,Thursday,KIPLING STATION,6,0,E,BD
06:20:00,Thursday,QUEEN'S PARK STATION,5,9,N,YU
06:48:00,Thursday,DONLANDS STATION,0,0,W,BD
07:24:00,Thursday,LANSDOWNE TO ROYAL YOR,10,0,W,BD
07:53:00,Thursday,ST CLAIR WEST STATION,5,8,S,YU
07:57:00,Thursday,VICTORIA PARK STATION,0,0,E,BD
08:03:00,Thursday,BLOOR STATION,0,0,N,YU
08:57:00,Thursday,EGLINTON STATION,3,6,S,YU
09:04:00,Thursday,SHEPPARD STATION,0,0,N,YU
09:04:00,Thursday,BROADVIEW STATION,10,12,E,BD
09:12:00,Thursday,DUPONT STATION,38,41,N,YU
09:21:00,Thursday,YORKDALE STATION,3,6,S,YU
10:04:00,Thursday,COLLEGE STATION,4,7,S,YU
10:11:00,Thursday,DUNDAS STATION,5,8,S,YU
10:30:00,Thursday,BLOOR STATION,0,0,S,YU
10:32:00,Thursday,YONGE BD STATION,0,0,E,BD
10:41:00,Thursday,YORKDALE STATION,6,10,S,YU
10:50:00,Thursday,WILSON STATION,0,0,S,YU
11:47:00,Thursday,VAUGHAN MC STATION,5,10,S,YU
12:18:00,Thursday,PAPE STATION,9,13,E,BD
12:32:00,Thursday,YORKDALE STATION,10,15,S,YU
12:35:00,Thursday,DOWNSVIEW PARK STATION,5,10,S,YU
12:51:00,Thursday,KEELE STATION,0,0,E,BD
13:04:00,Thursday,COLLEGE STATION,0,0,N,YU
13:08:00,Thursday,BROADVIEW STATION,0,0,E,BD
14:36:00,Thursday,WILSON STATION,12,17,S,YU
15:38:00,Thursday,DUNDAS STATION,9,14,S,YU
16:08:00,Thursday,QUEEN'S PARK STATION,16,19,S,YU
16:25:00,Thursday,SPADINA YUS STATION,10,13,S,YU
16:50:00,Thursday,WELLESLEY STATION,5,8,N,YU
17:18:00,Thursday,FINCH STATION,3,6,S,YU
17:42:00,Thursday,LAWRENCE STATION,0,0,N,YU
18:03:00,Thursday,SHERBOURNE STATION,0,0,E,BD
18:12:00,Thursday,MAIN STREET STATION,0,0,W,BD
19:12:00,Thursday,ST CLAIR STATION,7,12,S,YU
19:15:00,Thursday,SHEPPARD STATION,0,0,S,YU
19:28:00,Thursday,OLD MILL STATION,0,0,E,BD
19:45:00,Thursday,LANSDOWNE STATION,14,19,W,BD
19:52:00,Thursday,OSGOODE STATION,14,19,N,YU
20:27:00,Thursday,NORTH YORK CTR STATION,9,14,S,YU
21:05:00,Thursday,COXWELL STATION,0,0,E,BD
21:26:00,Thursday,ROSEDALE STATION,14,19,N,YU
21:36:00,Thursday,BLOOR STATION,27,32,N,YU
21:48:00,Thursday,RUNNYMEDE STATION,0,0,E,BD
22:59:00,Thursday,ROSEDALE STATION,4,9,N,YU
23:11:00,Thursday,BLOOR STATION,0,0,N,YU
23:12:00,Thursday,SHEPPARD-YONGE STATION,5,10,N,YU
23:15:00,Thursday,YONGE BD STATION,0,0,W,BD
23:48:00,Thursday,DOWNSVIEW PARK STATION,9,14,S,YU
00:24:00,Thursday,KING STATION,0,0,N,YU
01:01:00,Thursday,BLOOR STATION,3,8,N,YU
01:01:00,Thursday,EGLINTON WEST STATION,0,0,N,YU
01:46:00,Thursday,OSSINGTON STATION,4,9,W,BD
01:47:00,Thursday,ROSEDALE STATION,9,14,N,YU
12:39:00,Thursday,BAYVIEW STATION,14,21,E,SHP
12:57:00,Thursday,BAYVIEW STATION,0,0,E,SHP
02:20:00,Friday,FINCH WEST CENTER TRAC,15,20,N,YU
04:49:00,Friday,LAWRENCE STATION,0,0,N,YU
05:07:00,Friday,LANSDOWNE STATION,4,0,W,BD
05:42:00,Friday,YORK MILLS STATION,4,0,S,YU
05:55:00,Friday,GREENWOOD STATION,6,10,E,BD
05:57:00,Friday,YONGE BD STATION,3,5,W,BD
06:08:00,Friday,MUSEUM STATION,7,0,N,YU
06:37:00,Friday,BLOOR STATION,5,8,S,YU
06:47:00,Friday,DONLANDS STATION,0,0,W,BD
07:18:00,Friday,OLD MILL STATION,4,7,W,BD
07:41:00,Friday,KIPLING STATION,3,5,E,BD
07:45:00,Friday,SHEPPARD STATION,0,0,N,YU
07:47:00,Friday,PAPE STATION,0,0,W,BD
08:07:00,Friday,CHESTER STATION,10,12,E,BD
08:09:00,Friday,RUNNYMEDE STATION,0,0,E,BD
08:26:00,Friday,LAWRENCE WEST STATION,16,19,N,YU
08:26:00,Friday,ST GEORGE YUS STATION,3,6,S,YU
08:29:00,Friday,ST GEORGE BD STATION,0,0,W,BD
09:26:00,Friday,MAIN STREET STATION,0,0,E,BD
10:37:00,Friday,COXWELL STATION,0,0,W,BD
11:06:00,Friday,CHESTER STATION,0,0,W,BD
11:25:00,Friday,YORKDALE STATION,0,0,S,YU
11:27:00,Friday,FINCH WEST STATION,4,7,N,YU
11:37:00,Friday,FINCH WEST STATION,5,9,S,YU
11:42:00,Friday,FINCH WEST STATION,4,8,N,YU
11:55:00,Friday,COXWELL STATION,3,7,E,BD
12:00:00,Friday,ST GEORGE YUS STATION,3,8,N,YU
12:19:00,Friday,KENNEDY BD STATION,4,8,W,BD
12:37:00,Friday,ST CLAIR STATION,4,9,N,YU
13:24:00,Friday,COLLEGE STATION,0,0,N,YU
13:27:00,Friday,KENNEDY BD STATION,4,8,W,BD
13:28:00,Friday,MAIN STREET STATION,4,8,W,BD
14:05:00,Friday,VAUGHAN MC STATION,5,10,S,YU
14:10:00,Friday,NORTH YORK CTR STATION,3,8,S,YU
14:10:00,Friday,HIGHWAY 407 STATION,4,8,S,YU
14:14:00,Friday,COXWELL STATION,4,8,W,BD
14:35:00,Friday,OSSINGTON STATION,0,0,W,BD
15:27:00,Friday,LAWRENCE WEST STATION,0,0,S,YU
15:29:00,Friday,BLOOR STATION,0,0,N,YU
15:56:00,Friday,MUSEUM STATION,16,21,N,YU
17:46:00,Friday,WELLESLEY STATION,10,13,N,YU
17:55:00,Friday,COLLEGE STATION,0,0,N,YU
18:28:00,Friday,FINCH WEST STATION,7,10,S,YU
18:49:00,Friday,BLOOR STATION,0,0,S,YU
19:27:00,Friday,UNION STATION,3,6,S,YU
19:41:00,Friday,VAUGHAN MC STATION,5,10,S,YU
19:44:00,Friday,UNION STATION,0,0,N,YU
20:01:00,Friday,DOWNSVIEW PARK STATION,9,14,S,YU
20:12:00,Friday,KEELE STATION,0,0,E,BD
20:32:00,Friday,YORK MILLS STATION,0,0,N,YU
20:35:00,Friday,DUNDAS STATION,5,10,S,YU
20:43:00,Friday,OSSINGTON STATION,11,16,W,BD
20:45:00,Friday,LAWRENCE STATION,5,9,N,YU
20:57:00,Friday,SHEPPARD STATION,6,11,N,YU
21:02:00,Friday,BAY STATION,6,12,E,BD
21:16:00,Friday,CASTLE FRANK STATION,11,16,E,BD
22:02:00,Friday,COXWELL STATION,0,0,W,BD
22:16:00,Friday,ST CLAIR STATION,5,10,S,YU
22:23:00,Friday,ST CLAIR STATION,5,10,N,YU
22:27:00,Friday,ST CLAIR STATION,0,0,N,YU
00:01:00,Friday,DUNDAS STATION,0,0,S,YU
00:22:00,Friday,PAPE STATION,0,0,W,BD
01:05:00,Friday,COLLEGE STATION,6,11,S,YU
01:22:00,Friday,WARDEN STATION,11,16,E,BD
01:26:00,Friday,DUNDAS STATION,0,0,N,YU
00:03:00,Friday,SHEPPARD-YONGE STATION,4,11,E,SHP
02:56:00,Saturday,FINCH WEST STATION,0,0,S,YU
05:53:00,Saturday,KEELE STATION,6,12,W,BD
06:00:00,Saturday,CASTLE FRANK STATION,0,0,W,BD
06:04:00,Saturday,KEELE STATION,5,10,W,BD
06:13:00,Saturday,ST GEORGE YUS STATION,3,9,N,YU
06:19:00,Saturday,DAVISVILLE STATION,7,13,S,YU
06:35:00,Saturday,CASTLE FRANK STATION,6,11,W,BD
06:37:00,Saturday,DAVISVILLE STATION,4,0,N,YU
06:38:00,Saturday,DAVISVILLE STATION,5,13,N,YU
07:04:00,Saturday,JANE STATION,0,0,E,BD
07:53:00,Saturday,YONGE BD STATION,0,0,W,BD
09:26:00,Saturday,COXWELL STATION,0,0,E,BD
09:28:00,Saturday,LAWRENCE STATION,0,0,N,YU
09:44:00,Saturday,FINCH STATION,5,11,S,YU
10:34:00,Saturday,JANE STATION,0,0,E,BD
10:34:00,Saturday,YONGE BD STATION,0,0,E,BD
10:40:00,Saturday,BROADVIEW STATION,0,0,E,BD
10:44:00,Saturday,LANSDOWNE STATION,5,10,W,BD
10:55:00,Saturday,MAIN STREET STATION,16,20,W,BD
11:23:00,Saturday,UNION STATION,4,10,N,YU
11:55:00,Saturday,LAWRENCE STATION,4,8,N,YU
12:33:00,Saturday,JANE STATION,0,0,E,BD
12:44:00,Saturday,KING STATION,7,13,N,YU
13:21:00,Saturday,SHEPPARD WEST STATION,6,12,N,YU
13:31:00,Saturday,YONGE BD STATION,5,9,E,BD
13:59:00,Saturday,WELLESLEY STATION,0,0,S,YU
14:46:00,Saturday,MUSEUM STATION,0,0,S,YU
14:50:00,Saturday,VAUGHAN MC STATION,6,12,S,YU
16:00:00,Saturday,DUPONT STATION,0,0,N,YU
16:43:00,Saturday,BLOOR STATION,0,0,S,YU
16:52:00,Saturday,CHRISTIE STATION,5,9,E,BD
17:10:00,Saturday,SPADINA BD STATION,0,0,W,BD
18:18:00,Saturday,CHRISTIE STATION,3,7,W,BD
18:19:00,Saturday,SUMMERHILL STATION,0,0,N,YU
19:07:00,Saturday,WILSON STATION,5,12,S,YU
20:34:00,Saturday,COXWELL STATION,0,0,E,BD
20:37:00,Saturday,OLD MILL STATION,3,8,E,BD
20:39:00,Saturday,VAUGHAN MC STATION,7,14,S,YU
21:02:00,Saturday,WILSON STATION,5,12,N,YU
21:07:00,Saturday,WOODBINE STATION,0,0,W,BD
21:42:00,Saturday,ISLINGTON STATION,5,10,W,BD
22:08:00,Saturday,ST CLAIR WEST STATION,10,17,S,YU
22:24:00,Saturday,LAWRENCE WEST STATION,0,0,S,YU
22:46:00,Saturday,SPADINA YUS STATION,0,0,S,YU
22:51:00,Saturday,WELLESLEY STATION,6,13,S,YU
23:13:00,Saturday,KENNEDY BD STATION,5,11,W,BD
23:21:00,Saturday,COLLEGE STATION,5,12,N,YU
23:46:00,Saturday,LAWRENCE STATION,5,11,N,YU
23:52:00,Saturday,VICTORIA PARK STATION,0,0,W,BD
01:14:00,Saturday,ROSEDALE STATION,4,10,N,YU
01:24:00,Saturday,ST GEORGE YUS STATION,8,15,S,YU
10:54:00,Saturday,LESLIE STATION,0,0,E,SHP
08:20:00,Sunday,GREENWOOD STATION,4,9,E,BD
08:27:00,Sunday,WILSON STATION,0,0,S,YU
08:32:00,Sunday,YORKDALE STATION,0,0,S,YU
09:45:00,Sunday,BLOOR STATION,0,0,S,YU
10:01:00,Sunday,COLLEGE STATION,8,15,N,YU
10:28:00,Sunday,WILSON STATION,6,14,N,YU
13:06:00,Sunday,KING STATION,10,17,N,YU
13:16:00,Sunday,UNION STATION,4,11,N,YU
13:20:00,Sunday,ST CLAIR STATION,6,13,N,YU
13:24:00,Sunday,WARDEN STATION,22,26,W,BD
13:57:00,Sunday,ST GEORGE YUS STATION,7,14,S,YU
15:00:00,Sunday,WARDEN STATION,4,8,E,BD
16:41:00,Sunday,YORK MILLS STATION,0,0,S,YU
16:47:00,Sunday,OLD MILL STATION,3,6,E,BD
17:01:00,Sunday,KING STATION,0,0,N,YU
17:10:00,Sunday,VICTORIA PARK STATION,0,0,W,BD
17:27:00,Sunday,DAVISVILLE STATION,5,12,S,YU
17:41:00,Sunday,ST CLAIR STATION,12,19,S,YU
18:11:00,Sunday,COLLEGE STATION,17,24,N,YU
18:19:00,Sunday,WILSON STATION,3,10,S,YU
18:50:00,Sunday,ST ANDREW STATION,8,15,S,YU
19:14:00,Sunday,DAVISVILLE STATION,0,0,S,YU
19:55:00,Sunday,DUNDAS STATION,0,0,S,YU
20:10:00,Sunday,SHERBOURNE STATION,5,10,E,BD
20:26:00,Sunday,UNION STATION,4,11,N,YU
21:38:00,Sunday,MAIN STREET STATION,0,0,W,BD
21:56:00,Sunday,SPADINA BD STATION,0,0,E,BD
22:29:00,Sunday,QUEEN STATION,0,0,S,YU
22:40:00,Sunday,CASTLE FRANK STATION,5,11,E,BD
22:54:00,Sunday,ST ANDREW STATION,7,14,S,YU
23:56:00,Sunday,SHERBOURNE STATION,3,9,W,BD
23:57:00,Sunday,UNION STATION,10,17,N,YU
00:13:00,Sunday,UNION STATION,0,0,N,YU
00:15:00,Sunday,ST GEORGE YUS STATION,0,0,N,YU
01:34:00,Sunday,DUNDAS WEST STATION,0,0,W,BD
07:32:00,Sunday,SHEPPARD-YONGE STATION,0,0,E,SHP
06:17:00,Monday,DUNDAS STATION,7,10,N,YU
06:39:00,Monday,COLLEGE STATION,0,0,S,YU
06:59:00,Monday,DONLANDS STATION,0,0,W,BD
07:18:00,Monday,ST GEORGE TO PAPE,6,9,E,BD
07:26:00,Monday,WOODBINE STATION,3,8,E,BD
08:06:00,Monday,BLOOR STATION,10,13,N,YU
08:30:00,Monday,VICTORIA PARK STATION,0,0,W,BD
09:04:00,Monday,QUEEN STATION,14,17,S,YU
09:22:00,Monday,QUEEN STATION,11,14,N,YU
09:29:00,Monday,ST GEORGE BD STATION,0,0,W,BD
09:50:00,Monday,BLOOR STATION,0,0,N,YU
10:03:00,Monday,WELLESLEY STATION,5,8,S,YU
10:12:00,Monday,UNION STATION,6,9,N,YU
11:31:00,Monday,DAVISVILLE BUILD UP,0,0,S,YU
12:54:00,Monday,WELLESLEY STATION,0,0,N,YU
13:48:00,Monday,MUSEUM STATION,0,0,N,YU
13:51:00,Monday,BLOOR STATION,7,12,N,YU
14:38:00,Monday,KENNEDY BD STATION,4,8,W,BD
15:39:00,Monday,BLOOR STATION,0,0,S,YU
16:29:00,Monday,ST GEORGE BD STATION,5,8,W,BD
17:02:00,Monday,BLOOR STATION,3,6,S,YU
17:30:00,Monday,SPADINA YUS STATION,5,8,N,YU
17:36:00,Monday,YONGE BD STATION,0,0,W,BD
18:05:00,Monday,LANSDOWNE STATION,5,8,E,BD
18:05:00,Monday,SHERBOURNE STATION,15,18,W,BD
18:12:00,Monday,BLOOR STATION,6,9,S,YU
18:26:00,Monday,BAY STATION,3,6,W,BD
18:33:00,Monday,YONGE BD STATION,0,0,S,BD
18:37:00,Monday,BLOOR STATION,0,0,S,YU
19:06:00,Monday,FINCH WEST STATION,8,11,N,YU
19:23:00,Monday,ROSEDALE STATION,0,0,N,YU
19:53:00,Monday,COLLEGE STATION,0,0,N,YU
20:10:00,Monday,BLOOR STATION,4,8,N,YU
21:07:00,Monday,MUSEUM STATION,4,9,N,YU
21:38:00,Monday,KEELE STATION,5,10,W,BD
21:59:00,Monday,BLOOR STATION,4,9,N,YU
22:07:00,Monday,ST CLAIR STATION,25,30,S,YU
23:20:00,Monday,ST CLAIR STATION,36,41,N,YU
01:26:00,Monday,DAVISVILLE STATION,12,18,S,YU
01:35:00,Monday,KIPLING STATION,5,0,W,BD
02:07:00,Tuesday,KIPLING STATION,0,0,E,BD
05:15:00,Tuesday,CHRISTIE STATION,19,0,W,BD
05:36:00,Tuesday,SPADINA BD STATION,0,0,E,BD
05:50:00,Tuesday,WOODBINE STATION,5,0,W,BD
06:00:00,Tuesday,KEELE STATION,5,7,W,BD
06:17:00,Tuesday,OSSINGTON STATION,135,140,W,BD
06:24:00,Tuesday,ST GEORGE YUS STATION,0,0,N,YU
06:48:00,Tuesday,SUMMERHILL STATION,7,10,N,YU
07:10:00,Tuesday,ST GEORGE BD STATION,0,0,W,BD
07:11:00,Tuesday,KEELE STATION,0,0,W,BD
08:39:00,Tuesday,LAWRENCE STATION,3,6,S,YU
08:55:00,Tuesday,YORK UNIVERSITY STATIO,3,6,N,YU
08:58:00,Tuesday,YORK UNIVERSITY STATIO,3,6,S,YU
09:07:00,Tuesday,DONLANDS STATION,0,0,W,BD
09:59:00,Tuesday,QUEEN'S PARK STATION,7,10,N,YU
10:28:00,Tuesday,YONGE BD STATION,0,0,E,BD
11:06:00,Tuesday,GREENWOOD STATION,9,13,W,BD
11:58:00,Tuesday,CHRISTIE STATION,4,8,W,BD
12:18:00,Tuesday,COXWELL STATION,3,7,W,BD
12:34:00,Tuesday,ROYAL YORK STATION,3,7,E,BD
12:49:00,Tuesday,BAY STATION,3,7,E,BD
13:13:00,Tuesday,FINCH STATION,5,10,S,YU
13:35:00,Tuesday,BLOOR STATION,0,0,S,YU
13:45:00,Tuesday,WILSON STATION,3,8,N,YU
13:53:00,Tuesday,GREENWOOD STATION,0,0,W,BD
14:02:00,Tuesday,HIGHWAY 407 STATION,0,0,N,YU
14:06:00,Tuesday,SHEPPARD STATION,11,16,S,YU
14:45:00,Tuesday,EGLINTON STATION,0,0,S,YU
15:32:00,Tuesday,DUNDAS STATION,0,0,N,YU
15:42:00,Tuesday,ROYAL YORK STATION,0,0,W,BD
15:44:00,Tuesday,BLOOR STATION,3,8,N,YU
15:50:00,Tuesday,FINCH STATION,3,6,N,YU
17:04:00,Tuesday,KING STATION,0,0,S,YU
17:08:00,Tuesday,SHERBOURNE STATION,0,0,E,BD
17:14:00,Tuesday,BLOOR STATION,0,0,S,YU
17:45:00,Tuesday,UNION STATION,0,0,N,YU
17:47:00,Tuesday,KIPLING STATION,0,0,E,BD
17:59:00,Tuesday,KENNEDY BD STATION,0,0,E,BD
18:04:00,Tuesday,VICTORIA PARK STATION,0,0,W,BD
18:11:00,Tuesday,ROSEDALE STATION,3,6,N,YU
18:20:00,Tuesday,KIPLING STATION,3,6,E,BD
19:17:00,Tuesday,SHERBOURNE STATION,4,7,E,BD
19:30:00,Tuesday,FINCH WEST STATION,3,6,N,YU
21:37:00,Tuesday,GLENCAIRN STATION,0,0,S,YU
22:42:00,Tuesday,FINCH STATION,11,16,S,YU
22:49:00,Tuesday,WILSON STATION,0,0,N,YU
23:05:00,Tuesday,DOWNSVIEW PARK STATION,59,64,S,YU
23:08:00,Tuesday,DUFFERIN STATION,0,0,W,BD
00:55:00,Tuesday,WELLESLEY STATION,0,0,S,YU
01:21:00,Tuesday,WELLESLEY STATION,0,0,N,YU
01:21:00,Tuesday,SHERBOURNE STATION,5,10,E,BD
01:33:00,Tuesday,FINCH STATION,0,0,S,YU
01:36:00,Tuesday,BLOOR STATION,0,0,N,YU
04:49:00,Wednesday,OLD MILL STATION,11,0,W,BD
06:01:00,Wednesday,ST GEORGE YUS STATION,7,0,S,YU
06:01:00,Wednesday,EGLINTON STATION,5,10,N,YU
06:02:00,Wednesday,UNION TO KING STATIONS,5,0,N,YU
07:12:00,Wednesday,KENNEDY BD STATION,0,0,W,BD
07:38:00,Wednesday,UNION STATION,7,10,S,YU
07:54:00,Wednesday,OLD MILL STATION,10,13,W,BD
08:32:00,Wednesday,BLOOR STATION,5,8,N,YU
08:41:00,Wednesday,BLOOR STATION,6,9,N,YU
08:43:00,Wednesday,FINCH STATION,0,0,S,YU
08:47:00,Wednesday,WOODBINE STATION,17,20,W,BD
08:47:00,Wednesday,NORTH YORK CTR STATION,3,8,S,YU
09:01:00,Wednesday,FINCH STATION,17,21,S,YU
09:19:00,Wednesday,OLD MILL STATION,5,9,E,BD
09:25:00,Wednesday,BROADVIEW STATION,4,7,E,BD
10:45:00,Wednesday,SHEPPARD STATION,0,0,N,YU
11:45:00,Wednesday,WARDEN STATION,3,7,E,BD
11:49:00,Wednesday,PAPE STATION,0,0,E,BD
12:46:00,Wednesday,QUEEN'S PARK STATION,8,13,N,YU
12:49:00,Wednesday,YONGE BD STATION,9,14,E,BD
13:07:00,Wednesday,SHERBOURNE STATION,0,0,E,BD
13:14:00,Wednesday,DUPONT STATION,8,13,S,YU
13:22:00,Wednesday,SPADINA YUS STATION,4,9,S,YU
13:40:00,Wednesday,ST CLAIR STATION,3,8,S,YU
13:47:00,Wednesday,SUMMERHILL STATION,9,14,N,YU
13:54:00,Wednesday,PAPE STATION,29,33,E,BD
14:10:00,Wednesday,QUEEN STATION,6,11,N,YU
14:17:00,Wednesday,BROADVIEW STATION,0,0,E,BD
14:22:00,Wednesday,WILSON STATION,15,20,S,YU
14:23:00,Wednesday,ST CLAIR STATION,3,8,N,YU
15:02:00,Wednesday,MUSEUM STATION,0,0,S,YU
15:05:00,Wednesday,ST ANDREW STATION,19,24,S,YU
15:24:00,Wednesday,BATHURST STATION,10,13,E,BD
15:27:00,Wednesday,ST CLAIR STATION,5,10,N,YU
16:15:00,Wednesday,BLOOR STATION,0,0,S,YU
16:16:00,Wednesday,YONGE BD STATION,0,0,E,BD
16:21:00,Wednesday,SHEPPARD STATION,3,8,S,YU
16:24:00,Wednesday,KIPLING STATION,0,0,E,BD
16:39:00,Wednesday,ST GEORGE STATION,3,6,N,YU
16:52:00,Wednesday,COLLEGE STATION,0,0,N,YU
16:59:00,Wednesday,YONGE BD STATION,12,15,E,BD
17:02:00,Wednesday,LANSDOWNE STATION,0,0,E,BD
17:03:00,Wednesday,EGLINTON STATION,3,6,N,YU
17:08:00,Wednesday,KENNEDY BD STATION,3,6,W,BD
17:09:00,Wednesday,VAUGHAN MC STATION,3,6,S,YU
18:00:00,Wednesday,SHERBOURNE STATION,0,0,E,BD
18:28:00,Wednesday,BROADVIEW STATION,0,0,E,BD
18:33:00,Wednesday,DUFFERIN STATION,0,0,E,BD
18:36:00,Wednesday,WARDEN STATION,5,8,E,BD
18:44:00,Wednesday,YONGE BD STATION,0,0,E,BD
18:45:00,Wednesday,EGLINTON STATION,0,0,N,YU
18:58:00,Wednesday,DUNDAS STATION,0,0,S,YU
19:44:00,Wednesday,BLOOR STATION,5,10,S,YU
19:47:00,Wednesday,EGLINTON STATION,12,17,S,YU
20:01:00,Wednesday,COLLEGE STATION,0,0,S,YU
20:35:00,Wednesday,KENNEDY BD STATION,5,10,E,BD
20:56:00,Wednesday,COLLEGE STATION,5,10,S,YU
21:02:00,Wednesday,UNION STATION,4,9,N,YU
21:29:00,Wednesday,DUNDAS STATION,0,0,S,YU
22:13:00,Wednesday,KIPLING STATION,5,10,W,BD
22:14:00,Wednesday,KIPLING STATION,3,8,E,BD
22:36:00,Wednesday,DUFFERIN STATION,0,0,E,BD
22:52:00,Wednesday,BLOOR STATION,0,0,N,YU
22:54:00,Wednesday,YONGE BD STATION,0,0,W,BD
23:01:00,Wednesday,COXWELL STATION,10,15,E,BD
00:21:00,Wednesday,BATHURST STATION,0,0,W,BD
00:31:00,Wednesday,SPADINA YUS STATION,0,0,S,YU
00:56:00,Wednesday,GREENWOOD STATION,10,15,E,BD
01:10:00,Wednesday,GREENWOOD STATION,0,0,E,BD
20:53:00,Wednesday,DON MILLS STATION,5,10,E,SHP
02:14:00,Thursday,BLOOR STATION,0,0,S,YU
05:53:00,Thursday,VICTORIA PARK STATION,0,0,E,BD
06:02:00,Thursday,KING STATION,0,0,S,YU
06:32:00,Thursday,PAPE STATION,0,0,W,BD
06:57:00,Thursday,DUNDAS STATION,0,0,N,YU
07:04:00,Thursday,VICTORIA PARK STATION,0,0,E,BD
07:19:00,Thursday,VICTORIA PARK STATION,0,0,E,BD
07:55:00,Thursday,BLOOR STATION,0,0,S,YU
08:17:00,Thursday,YORK MILLS STATION,7,10,S,YU
08:23:00,Thursday,ST GEORGE YUS STATION,0,0,S,YU
08:28:00,Thursday,VICTORIA PARK STATION,3,6,E,BD
08:50:00,Thursday,FINCH STATION,0,0,N,YU
08:58:00,Thursday,EGLINTON STATION,3,6,S,YU
09:25:00,Thursday,KIPLING STATION,13,18,E,BD
09:57:00,Thursday,BROADVIEW STATION,0,0,E,BD
11:03:00,Thursday,GREENWOOD STATION,0,0,W,BD
11:12:00,Thursday,WOODBINE STATION,0,0,W,BD
11:32:00,Thursday,YONGE BD STATION,0,0,W,BD
11:53:00,Thursday,FINCH STATION,0,0,S,YU
12:05:00,Thursday,MAIN STREET STATION,3,7,E,BD
12:11:00,Thursday,SPADINA BD STATION,0,0,E,BD
12:15:00,Thursday,FINCH STATION,5,10,S,YU
12:57:00,Thursday,KING STATION,5,10,N,YU
13:17:00,Thursday,ST PATRICK STATION,4,9,N,YU
13:33:00,Thursday,ST GEORGE BD STATION,6,10,E,BD
13:38:00,Thursday,KIPLING STATION,4,8,E,BD
13:45:00,Thursday,FINCH STATION,5,10,S,YU
13:57:00,Thursday,BROADVIEW STATION,0,0,E,BD
14:19:00,Thursday,HIGH PARK STATION,0,0,E,BD
15:41:00,Thursday,EGLINTON WEST STATION,3,8,S,YU
16:35:00,Thursday,YONGE BD STATION,0,0,E,BD
16:52:00,Thursday,DAVISVILLE STATION,3,6,S,YU
19:16:00,Thursday,DUNDAS WEST STATION,0,0,W,BD
19:17:00,Thursday,DONLANDS STATION,0,0,W,BD
19:28:00,Thursday,DONLANDS STATION,0,0,E,BD
19:29:00,Thursday,UNION STATION TO ST AN,0,0,N,YU
19:40:00,Thursday,WELLESLEY STATION,25,30,N,YU
20:14:00,Thursday,CHESTER STATION,0,0,E,BD
21:39:00,Thursday,COLLEGE STATION,29,34,N,YU
22:18:00,Thursday,ROYAL YORK STATION,0,0,E,BD
23:44:00,Thursday,RUNNYMEDE STATION,12,17,W,BD
00:54:00,Thursday,SHERBOURNE STATION,12,17,W,BD
12:53:00,Thursday,SHEPPARD-YONGE STATION,0,0,W,SHP
05:43:00,Friday,EGLINTON STATION,20,25,N,YU
05:59:00,Friday,KING STATION,8,0,S,YU
06:04:00,Friday,UNION STATION,4,6,N,YU
06:43:00,Friday,ISLINGTON STATION,0,0,E,BD
07:03:00,Friday,LAWRENCE STATION,3,7,S,YU
07:12:00,Friday,YONGE BD STATION,5,7,W,BD
08:06:00,Friday,KENNEDY BD STATION,0,0,W,BD
08:32:00,Friday,KENNEDY BD STATION,4,8,W,BD
11:04:00,Friday,GLENCAIRN STATION,5,10,S,YU
11:15:00,Friday,COXWELL STATION,10,14,W,BD
11:33:00,Friday,KENNEDY BD STATION,0,0,W,BD
11:48:00,Friday,DUNDAS STATION,0,0,S,YU
12:46:00,Friday,LAWRENCE STATION,3,8,S,YU
13:35:00,Friday,VICTORIA PARK STATION,0,0,W,BD
13:49:00,Friday,ST CLAIR STATION,3,7,N,YU
14:13:00,Friday,YORK MILLS STATION,5,10,N,YU
15:10:00,Friday,EGLINTON STATION,6,11,S,YU
15:33:00,Friday,QUEEN STATION,0,0,S,YU
15:34:00,Friday,KING STATION,6,11,S,YU
16:01:00,Friday,NORTH YORK CTR STATION,78,81,S,YU
17:08:00,Friday,PAPE STATION,0,0,W,BD
17:10:00,Friday,BLOOR STATION,0,0,S,YU
17:36:00,Friday,MAIN STREET STATION,0,0,W,BD
17:37:00,Friday,NORTH YORK CTR STATION,10,13,N,YU
17:53:00,Friday,QUEEN STATION,3,6,N,YU
18:08:00,Friday,NORTH YORK CTR STATION,9,16,N,YU
18:43:00,Friday,DUNDAS STATION,3,6,N,YU
19:37:00,Friday,UNION STATION TO FINCH,4,9,N,YU
20:03:00,Friday,BLOOR STATION,6,11,S,YU
20:44:00,Friday,KEELE STATION,0,0,E,BD
21:15:00,Friday,BROADVIEW STATION,0,0,E,BD
22:14:00,Friday,LAWRENCE STATION,17,23,S,YU
23:35:00,Friday,BROADVIEW STATION,17,22,E,BD
23:45:00,Friday,ST GEORGE BD STATION,3,8,E,BD
00:54:00,Friday,QUEEN STATION,15,20,N,YU
01:03:00,Friday,UNION STATION,12,20,N,YU
01:24:00,Friday,KING STATION,0,0,N,YU
01:43:00,Friday,VAUGHAN MC STATION,0,0,S,YU
10:46:00,Friday,DON MILLS STATION,3,10,E,SHP
13:48:00,Friday,DON MILLS STATION,0,0,W,SHP
05:59:00,Saturday,KIPLING STATION,5,10,E,BD
06:34:00,Saturday,WILSON STATION,12,0,N,YU
07:43:00,Saturday,COLLEGE STATION,0,0,N,YU
09:33:00,Saturday,BATHURST STATION,3,8,E,BD
09:47:00,Saturday,OLD MILL STATION,0,0,E,BD
09:50:00,Saturday,JANE STATION,12,17,E,BD
10:33:00,Saturday,BLOOR STATION,0,0,S,YU
10:43:00,Saturday,GREENWOOD STATION,6,11,E,BD
11:04:00,Saturday,WILSON STATION,4,8,S,YU
11:21:00,Saturday,EGLINTON STATION,0,0,S,YU
11:22:00,Saturday,ST GEORGE YUS STATION,4,8,S,YU
11:42:00,Saturday,EGLINTON STATION,0,0,N,YU
11:43:00,Saturday,WILSON STATION,0,0,S,YU
11:46:00,Saturday,YORKDALE STATION,5,9,S,YU
12:08:00,Saturday,EGLINTON STATION,6,10,S,YU
12:25:00,Saturday,GREENWOOD STATION,6,10,W,BD
13:09:00,Saturday,EGLINTON STATION,7,11,S,YU
13:26:00,Saturday,DUNDAS STATION,0,0,N,YU
13:32:00,Saturday,QUEEN STATION,53,57,S,YU
14:23:00,Saturday,KING STATION,0,0,N,YU
14:25:00,Saturday,WILSON STATION,4,8,S,YU
15:52:00,Saturday,MAIN STREET STATION,0,0,W,BD
18:22:00,Saturday,WILSON STATION,0,0,N,YU
18:26:00,Saturday,VICTORIA PARK STATION,0,0,W,BD
18:45:00,Saturday,LAWRENCE STATION,21,26,N,YU
19:00:00,Saturday,SPADINA BD STATION,14,20,W,BD
19:15:00,Saturday,SPADINA YUS STATION,0,0,S,YU
19:15:00,Saturday,SPADINA BD STATION,0,0,W,BD
19:28:00,Saturday,EGLINTON STATION,11,16,S,YU
20:02:00,Saturday,VICTORIA PARK STATION,0,0,E,BD
20:09:00,Saturday,OSSINGTON STATION,0,0,E,BD
20:31:00,Saturday,COLLEGE STATION,0,0,S,YU
21:38:00,Saturday,QUEEN STATION,17,22,S,YU
22:08:00,Saturday,ST GEORGE YUS STATION,5,10,N,YU
22:11:00,Saturday,COLLEGE STATION,0,0,N,YU
22:24:00,Saturday,ROSEDALE STATION,14,19,N,YU
22:33:00,Saturday,EGLINTON STATION,5,10,S,YU
22:50:00,Saturday,BLOOR DANFORTH LINE,0,0,B,BLOOR DANFORTH
23:19:00,Saturday,BAY STATION,4,10,E,BD
23:44:00,Saturday,FINCH STATION,5,10,S,YU
00:06:00,Saturday,FINCH STATION,0,0,S,YU
01:27:00,Saturday,EGLINTON STATION,7,13,S,YU
02:36:00,Saturday,SHEPPARD-YONGE STATION,0,0,W,SHP
02:41:00,Sunday,PIONEER VILLAGE STATIO,0,0,S,YU
07:36:00,Sunday,SHEPPARD STATION,0,0,S,YU
07:57:00,Sunday,LAWRENCE STATION,16,0,S,YU
08:06:00,Sunday,EGLINTON STATION,20,0,N,YU
08:14:00,Sunday,KIPLING STATION,6,12,E,BD
08:38:00,Sunday,KIPLING STATION,6,12,E,BD
09:32:00,Sunday,SHERBOURNE STATION,0,0,W,BD
09:53:00,Sunday,WARDEN STATION,0,0,W,BD
09:56:00,Sunday,WELLESLEY STATION,24,29,N,YU
10:02:00,Sunday,EGLINTON STATION,4,10,S,YU
10:41:00,Sunday,WARDEN STATION,4,10,W,BD
10:57:00,Sunday,EGLINTON STATION,3,7,S,YU
11:42:00,Sunday,GLENCAIRN STATION,0,0,S,YU
12:15:00,Sunday,FINCH STATION,4,8,N,YU
12:29:00,Sunday,DAVISVILLE BUILD UP,4,8,N,YU
12:45:00,Sunday,WARDEN STATION,0,0,E,BD
13:03:00,Sunday,EGLINTON STATION,0,0,S,YU
13:03:00,Sunday,LAWRENCE STATION,0,0,S,YU
14:00:00,Sunday,EGLINTON STATION,3,7,S,YU
14:01:00,Sunday,DUPONT STATION,3,7,S,YU
14:28:00,Sunday,WARDEN STATION,0,0,W,BD
14:58:00,Sunday,EGLINTON STATION,0,0,S,YU
16:01:00,Sunday,ST GEORGE BD STATION,18,24,W,BD
16:01:00,Sunday,ST GEORGE YUS STATION,18,22,N,YU
16:03:00,Sunday,EGLINTON STATION,3,7,S,YU
16:26:00,Sunday,SPADINA YUS STATION,0,0,S,YU
17:01:00,Sunday,EGLINTON STATION,8,12,S,YU
17:14:00,Sunday,COLLEGE STATION,0,0,S,YU
17:54:00,Sunday,ST CLAIR STATION,5,9,S,YU
18:53:00,Sunday,DUFFERIN STATION,0,0,E,BD
19:18:00,Sunday,RUNNYMEDE STATION,0,0,W,BD
21:56:00,Sunday,CHRISTIE STATION,0,0,E,BD
22:51:00,Sunday,LANSDOWNE STATION,0,0,E,BD
23:33:00,Sunday,SHEPPARD WEST STATION,16,22,S,YU
23:40:00,Sunday,KING STATION,6,12,N,YU
23:43:00,Sunday,WARDEN STATION,0,0,E,BD
23:52:00,Sunday,EGLINTON STATION,10,16,S,YU
00:29:00,Sunday,GREENWOOD STATION,0,0,W,BD
00:33:00,Sunday,SHEPPARD STATION,6,12,N,YU
00:43:00,Sunday,EGLINTON STATION,6,12,S,YU
01:07:00,Sunday,SHEPPARD STATION,0,0,N,YU
18:34:00,Sunday,BESSARION STATION,0,0,E,SHP
06:36:00,Monday,KENNEDY BD STATION,0,0,W,BD
07:11:00,Monday,DONLANDS STATION,0,0,E,BD
07:41:00,Monday,QUEEN'S PARK STATION,0,0,N,YU
07:43:00,Monday,EGLINTON STATION,3,6,S,YU
08:04:00,Monday,ISLINGTON STATION,0,0,E,BD
08:11:00,Monday,EGLINTON STATION,3,6,S,YU
08:18:00,Monday,LANSDOWNE STATION,6,8,E,BD
08:24:00,Monday,EGLINTON STATION,0,0,S,YU
08:25:00,Monday,BAY STATION,3,5,E,BD
08:45:00,Monday,ST CLAIR WEST STATION,3,6,N,YU
08:52:00,Monday,EGLINTON STATION,5,8,S,YU
10:24:00,Monday,BLOOR STATION,0,0,S,YU
10:33:00,Monday,EGLINTON STATION,0,0,S,YU
11:27:00,Monday,KIPLING STATION,0,0,W,BD
11:31:00,Monday,VAUGHAN MC STATION,0,0,S,YU
11:35:00,Monday,HIGHWAY 407 STATION,5,10,S,YU
12:01:00,Monday,EGLINTON STATION,4,9,S,YU
12:11:00,Monday,EGLINTON STATION,3,8,S,YU
12:55:00,Monday,QUEEN STATION,0,0,S,YU
13:26:00,Monday,OSGOODE STATION,0,0,S,YU
15:47:00,Monday,SPADINA YUS STATION,12,15,N,YU
17:30:00,Monday,ST GEORGE BD STATION,4,7,E,BD
17:39:00,Monday,ST GEORGE YUS STATION,6,9,S,YU
19:39:00,Monday,EGLINTON STATION,6,10,S,YU
19:42:00,Monday,FINCH STATION,4,8,S,YU
19:53:00,Monday,EGLINTON STATION,6,10,S,YU
20:18:00,Monday,BLOOR STATION,3,7,S,YU
20:26:00,Monday,COXWELL STATION,5,10,E,BD
20:37:00,Monday,EGLINTON STATION,0,0,S,YU
20:46:00,Monday,KENNEDY BD STATION,5,10,W,BD
21:10:00,Monday,FINCH WEST STATION,21,24,N,YU
21:10:00,Monday,BLOOR STATION,0,0,W,YU
21:54:00,Monday,VICTORIA PARK STATION,18,23,E,BD
22:05:00,Monday,SPADINA YUS STATION,9,14,N,YU
22:25:00,Monday,COXWELL STATION,0,0,W,BD
22:26:00,Monday,UNION STATION,0,0,N,YU
22:42:00,Monday,EGLINTON STATION,7,12,S,YU
23:37:00,Monday,SPADINA YUS STATION,10,15,S,YU
00:59:00,Monday,KING STATION,5,11,N,YU
01:08:00,Monday,SPADINA YUS STATION,5,10,N,YU
01:13:00,Monday,FINCH STATION,0,0,S,YU
01:13:00,Monday,KENNEDY BD STATION,5,10,E,BD
07:12:00,Monday,BESSARION STATION,0,0,E,SHP
05:44:00,Tuesday,EGLINTON STATION,3,0,S,YU
06:05:00,Tuesday,KENNEDY BD STATION,7,14,E,BD
06:09:00,Tuesday,CHRISTIE STATION,0,0,W,BD
06:46:00,Tuesday,DAVISVILLE STATION,0,0,S,YU
06:49:00,Tuesday,WILSON STATION,5,8,S,YU
06:55:00,Tuesday,YORKDALE STATION,5,8,S,YU
07:32:00,Tuesday,COLLEGE STATION,0,0,S,YU
07:49:00,Tuesday,SUMMERHILL STATION,0,0,S,YU
07:50:00,Tuesday,CASTLE FRANK STATION,4,6,W,BD
09:03:00,Tuesday,COLLEGE STATION,5,8,S,YU
09:40:00,Tuesday,SHEPPARD STATION,15,18,N,YU
10:34:00,Tuesday,BLOOR STATION,0,0,S,YU
10:48:00,Tuesday,MAIN STREET STATION,0,0,W,BD
11:43:00,Tuesday,EGLINTON STATION,7,12,S,YU
12:17:00,Tuesday,ISLINGTON STATION,0,0,E,BD
12:38:00,Tuesday,ST GEORGE YUS STATION,5,10,N,YU
13:00:00,Tuesday,KIPLING STATION,0,0,W,BD
13:17:00,Tuesday,ST GEORGE BD STATION,0,0,E,BD
13:20:00,Tuesday,EGLINTON STATION,0,0,S,YU
13:36:00,Tuesday,EGLINTON STATION,0,0,S,YU
14:00:00,Tuesday,MAIN STREET STATION,3,7,E,BD
14:16:00,Tuesday,QUEEN'S PARK STATION,3,8,S,YU
14:18:00,Tuesday,YONGE BD STATION,0,0,W,BD
14:24:00,Tuesday,KING STATION,0,0,S,YU
14:30:00,Tuesday,WELLESLEY STATION,0,0,S,YU
14:33:00,Tuesday,ST CLAIR WEST STATION,6,11,N,YU
14:51:00,Tuesday,WARDEN STATION,0,0,W,BD
14:59:00,Tuesday,EGLINTON STATION,0,0,S,YU
15:16:00,Tuesday,EGLINTON STATION,5,10,N,YU
16:10:00,Tuesday,BLOOR STATION,0,0,S,YU
16:44:00,Tuesday,CASTLE FRANK STATION,0,0,E,BD
16:56:00,Tuesday,PAPE STATION,0,0,W,BD
16:56:00,Tuesday,DUNDAS WEST STATION,0,0,W,BD
17:04:00,Tuesday,EGLINTON STATION,0,0,S,YU
17:21:00,Tuesday,QUEEN STATION,0,0,S,YU
17:22:00,Tuesday,WILSON STATION,3,6,S,YU
17:27:00,Tuesday,OSGOODE STATION,4,7,S,YU
18:05:00,Tuesday,DUNDAS STATION,5,8,N,YU
18:10:00,Tuesday,YONGE BD STATION,0,0,E,BD
18:27:00,Tuesday,VAUGHAN MC STATION,3,6,S,YU
18:38:00,Tuesday,EGLINTON STATION,3,6,N,YU
18:50:00,Tuesday,ROYAL YORK STATION,4,7,E,BD
19:23:00,Tuesday,BLOOR STATION,3,6,N,YU
19:30:00,Tuesday,KIPLING STATION,5,10,E,BD
19:32:00,Tuesday,SUMMERHILL STATION,0,0,N,YU
19:34:00,Tuesday,CASTLE FRANK STATION,4,9,E,BD
20:10:00,Tuesday,HIGH PARK STATION,0,0,W,BD
20:31:00,Tuesday,YORK UNIVERSITY STATIO,27,32,N,YU
20:32:00,Tuesday,DUFFERIN STATION,25,30,W,BD
20:37:00,Tuesday,KING STATION,9,14,N,YU
22:49:00,Tuesday,LANSDOWNE STATION,12,17,W,BD
23:02:00,Tuesday,YONGE BD STATION,6,11,E,BD
23:15:00,Tuesday,OSSINGTON STATION,3,8,W,BD
00:09:00,Tuesday,DUNDAS STATION,3,8,S,YU
00:34:00,Tuesday,SPADINA YUS STATION,3,8,S,YU
00:42:00,Tuesday,SHEPPARD WEST STATION,0,0,S,YU
01:07:00,Tuesday,ST CLAIR STATION,0,0,S,YU
01:33:00,Tuesday,KENNEDY BD STATION,6,11,E,BD
01:59:00,Tuesday,BROADVIEW STATION,0,0,E,BD
23:45:00,Tuesday,DON MILLS STATION,15,22,E,SHP
07:34:00,Wednesday,SPADINA YUS STATION,4,7,N,YU
07:45:00,Wednesday,SPADINA YUS STATION,3,6,N,YU
08:30:00,Wednesday,DUFFERIN STATION,0,0,E,BD
08:46:00,Wednesday,BLOOR STATION,0,0,N,YU
09:39:00,Wednesday,OSSINGTON STATION,0,0,W,BD
10:01:00,Wednesday,ROYAL YORK STATION,0,0,E,BD
10:10:00,Wednesday,LANSDOWNE STATION,0,0,W,BD
10:52:00,Wednesday,SHEPPARD STATION,0,0,N,YU
11:46:00,Wednesday,QUEEN'S PARK STATION,0,0,S,YU
11:57:00,Wednesday,BROADVIEW STATION,0,0,W,BD
15:25:00,Wednesday,KIPLING STATION,5,8,W,BD
15:35:00,Wednesday,FINCH STATION,5,10,S,YU
15:44:00,Wednesday,OSSINGTON STATION,0,0,E,BD
15:48:00,Wednesday,DUFFERIN STATION,3,6,W,BD
16:20:00,Wednesday,YORK MILLS STATION,0,0,S,YU
16:31:00,Wednesday,EGLINTON STATION,3,8,S,YU
17:05:00,Wednesday,FINCH STATION,3,6,S,YU
17:10:00,Wednesday,QUEEN'S PARK STATION,4,7,N,YU
17:16:00,Wednesday,SHEPPARD STATION,5,8,N,YU
17:24:00,Wednesday,NORTH YORK CTR STATION,0,0,N,YU
17:28:00,Wednesday,KENNEDY BD STATION,0,0,W,BD
17:39:00,Wednesday,PIONEER VILLAGE STATIO,0,0,S,YU
18:07:00,Wednesday,DUFFERIN STATION,0,0,E,BD
19:26:00,Wednesday,FINCH STATION,3,6,S,YU
19:48:00,Wednesday,BLOOR STATION,0,0,S,YU
20:01:00,Wednesday,KIPLING STATION,0,0,W,BD
20:25:00,Wednesday,JANE STATION,13,18,E,BD
21:32:00,Wednesday,UNION STATION--ST ANDR,0,0,N,YU
23:01:00,Wednesday,DUNDAS WEST STATION,0,0,W,BD
23:43:00,Wednesday,SUMMERHILL STATION,0,0,N,YU
01:15:00,Wednesday,DUNDAS STATION,3,8,S,YU
01:27:00,Wednesday,MAIN STREET STATION,0,0,W,BD
01:27:00,Wednesday,DUNDAS STATION,0,0,N,YU
01:33:00,Wednesday,SHEPPARD WEST STATION,17,22,S,YU
11:10:00,Wednesday,SHEPPARD-YONGE STATION,7,14,E,SHP
11:22:00,Wednesday,BAYVIEW STATION,4,11,E,SHP
19:50:00,Wednesday,DON MILLS STATION,10,17,W,SHP
05:46:00,Thursday,EGLINTON STATION,5,10,N,YU
05:48:00,Thursday,YONGE BD STATION,3,0,W,BD
05:56:00,Thursday,COLLEGE STATION,5,0,S,YU
06:02:00,Thursday,ST CLAIR WEST STATION,3,0,S,YU
06:12:00,Thursday,ST GEORGE YUS STATION,12,0,S,YU
06:22:00,Thursday,UNION STATION,21,0,N,YU
07:09:00,Thursday,OLD MILL STATION,0,0,W,BD
07:38:00,Thursday,WELLESLEY STATION,0,0,N,YU
07:59:00,Thursday,ST GEORGE YUS STATION,6,12,N,YU
08:11:00,Thursday,SPADINA YUS STATION,0,0,N,YU
08:13:00,Thursday,SPADINA BD STATION,0,0,W,BD
08:21:00,Thursday,CHESTER STATION,10,13,E,BD
08:44:00,Thursday,QUEEN STATION,5,8,S,YU
10:11:00,Thursday,CHRISTIE STATION,6,10,E,BD
10:23:00,Thursday,UNION STATION,4,7,S,YU
10:27:00,Thursday,QUEEN STATION,7,10,N,YU
11:17:00,Thursday,MAIN STREET STATION,0,0,E,BD
11:17:00,Thursday,ROSEDALE STATION,0,0,N,YU
12:05:00,Thursday,UNION STATION,0,0,N,YU
13:16:00,Thursday,LAWRENCE WEST STATION,6,11,S,YU
14:45:00,Thursday,ST CLAIR STATION,5,10,N,YU
15:00:00,Thursday,BLOOR STATION,3,8,S,YU
15:39:00,Thursday,COLLEGE STATION,6,11,S,YU
16:08:00,Thursday,BAY STATION,6,9,W,BD
16:21:00,Thursday,DUFFERIN STATION,3,6,W,BD
17:51:00,Thursday,HIGH PARK STATION,0,0,W,BD
18:42:00,Thursday,SPADINA YUS STATION,30,33,N,YU
20:06:00,Thursday,HIGHWAY 407 STATION,24,29,N,YU
20:21:00,Thursday,SHEPPARD WEST STATION,5,10,S,YU
20:46:00,Thursday,BLOOR STATION,0,0,N,YU
20:46:00,Thursday,YONGE BD STATION,0,0,W,BD
20:47:00,Thursday,DUNDAS STATION,0,0,N,YU
21:17:00,Thursday,KENNEDY BD STATION,6,12,W,BD
21:30:00,Thursday,SHEPPARD WEST STATION,0,0,N,YU
22:12:00,Thursday,KING STATION,0,0,S,YU
22:19:00,Thursday,KIPLING STATION,5,10,E,BD
22:38:00,Thursday,WARDEN STATION,4,9,W,BD
23:24:00,Thursday,QUEEN STATION,0,0,S,YU
23:46:00,Thursday,BROADVIEW STATION,0,0,E,BD
23:57:00,Thursday,DUNDAS STATION,5,10,N,YU
01:04:00,Thursday,WELLESLEY STATION,3,8,N,YU
01:35:00,Thursday,FINCH STATION,0,0,N,YU
06:01:00,Thursday,SHEPPARD-YONGE STATION,6,13,W,SHP
15:55:00,Thursday,DON MILLS STATION,5,12,W,SHP
05:50:00,Friday,GREENWOOD STATION,7,12,E,BD
05:55:00,Friday,KEELE STATION,3,8,W,BD
06:18:00,Friday,EGLINTON STATION,3,6,N,YU
06:30:00,Friday,COLLEGE STATION,0,0,S,YU
07:21:00,Friday,BLOOR STATION,0,0,S,YU
08:11:00,Friday,BLOOR STATION,3,6,S,YU
08:12:00,Friday,LAWRENCE STATION,5,8,N,YU
08:24:00,Friday,BLOOR STATION,0,0,S,YU
09:03:00,Friday,OLD MILL STATION,5,7,W,BD
09:08:00,Friday,FINCH STATION,0,0,S,YU
09:13:00,Friday,NORTH YORK CTR STATION,3,6,S,YU
09:24:00,Friday,COLLEGE STATION,4,7,S,YU
12:03:00,Friday,KEELE STATION,0,0,W,BD
12:15:00,Friday,KENNEDY BD STATION,34,38,W,BD
13:39:00,Friday,YONGE BD STATION,0,0,E,BD
16:04:00,Friday,EGLINTON WEST STATION,4,9,N,YU
16:38:00,Friday,EGLINTON STATION,4,7,N,YU
16:48:00,Friday,DUFFERIN STATION,0,0,W,BD
17:18:00,Friday,EGLINTON STATION,15,18,E,YU
17:22:00,Friday,OSGOODE STATION,6,9,N,YU
17:48:00,Friday,WELLESLEY STATION,13,16,N,YU
18:32:00,Friday,LANSDOWNE STATION,0,0,W,BD
20:06:00,Friday,BLOOR STATION,0,0,N,YU
20:10:00,Friday,VAUGHAN MC STATION,0,0,S,YU
20:12:00,Friday,LANSDOWNE STATION,20,25,W,BD
21:18:00,Friday,EGLINTON STATION,3,8,S,YU
21:40:00,Friday,EGLINTON STATION,8,13,N,YU
22:09:00,Friday,VAUGHAN MC STATION,12,17,S,YU
22:48:00,Friday,DUNDAS STATION,0,0,N,YU
22:59:00,Friday,DUNDAS STATION,0,0,S,YU
23:06:00,Friday,HIGHWAY 407 STATION,0,0,N,YU
23:08:00,Friday,VAUGHAN MC STATION,7,12,S,YU
23:26:00,Friday,ST GEORGE YUS STATION,5,10,N,YU
23:41:00,Friday,DUNDAS STATION,0,0,S,YU
23:56:00,Friday,BAY STATION,11,16,W,BD
00:18:00,Friday,COLLEGE STATION,4,9,S,YU
00:46:00,Friday,DUNDAS WEST STATION,0,0,W,BD
01:25:00,Friday,COLLEGE STATION,0,0,N,YU
01:42:00,Friday,FINCH STATION,0,0,S,YU
10:24:00,Friday,BESSARION STATION,0,0,E,SHP
02:18:00,Saturday,KENNEDY BD STATION,0,0,E,BD
05:42:00,Saturday,FINCH STATION,32,0,S,YU
05:52:00,Saturday,EGLINTON STATION,17,0,N,YU
06:02:00,Saturday,LANSDOWNE STATION,5,0,E,BD
06:47:00,Saturday,HIGHWAY 407 STATION,6,12,S,YU
07:34:00,Saturday,BLOOR STATION,5,11,S,YU
10:13:00,Saturday,JANE STATION,4,9,E,BD
14:08:00,Saturday,ST CLAIR STATION,3,9,N,YU
14:45:00,Saturday,WOODBINE STATION,20,24,E,BD
14:48:00,Saturday,ST GEORGE BD STATION,4,8,W,BD
15:53:00,Saturday,DUNDAS WEST STATION,18,22,W,BD
16:38:00,Saturday,FINCH STATION,6,12,S,YU
17:02:00,Saturday,ST CLAIR STATION,12,18,N,YU
17:05:00,Saturday,JANE STATION,5,9,W,BD
17:53:00,Saturday,BLOOR STATION,6,12,N,YU
18:07:00,Saturday,SPADINA YUS STATION,0,0,N,YU
18:07:00,Saturday,SPADINA BD STATION,0,0,W,BD
18:52:00,Saturday,ST GEORGE BD STATION,4,8,E,BD
19:58:00,Saturday,ROSEDALE STATION,7,13,N,YU
20:31:00,Saturday,DUNDAS STATION,0,0,N,YU
20:54:00,Saturday,SPADINA BD STATION,0,0,W,BD
20:58:00,Saturday,SPADINA YUS STATION,0,0,S,YU
21:05:00,Saturday,ST GEORGE YUS STATION,0,0,S,YU
21:19:00,Saturday,BLOOR STATION,0,0,N,YU
22:05:00,Saturday,WILSON STATION,3,9,N,YU
22:25:00,Saturday,DUNDAS STATION,0,0,N,YU
22:33:00,Saturday,MAIN STREET STATION,0,0,W,BD
22:36:00,Saturday,WILSON STATION,10,16,N,YU
23:50:00,Saturday,ST GEORGE YUS STATION,3,9,S,YU
00:30:00,Saturday,VICTORIA PARK STATION,4,10,E,BD
01:14:00,Saturday,ROSEDALE STATION,14,20,N,YU
01:25:00,Saturday,SPADINA BD STATION,6,12,E,BD
01:45:00,Saturday,EGLINTON STATION,5,11,N,YU
20:11:00,Saturday,SHEPPARD-YONGE STATION,0,0,W,SHP
02:39:00,Sunday,DAVISVILLE BUILD UP,0,0,S,YU
08:14:00,Sunday,KIPLING STATION,4,8,E,BD
08:28:00,Sunday,DONLANDS STATION,5,9,W,BD
10:24:00,Sunday,ROSEDALE STATION,12,18,N,YU
10:28:00,Sunday,BAY STATION,7,11,E,BD
11:23:00,Sunday,DAVISVILLE STATION,3,9,N,YU
11:29:00,Sunday,ST ANDREW STATION,6,12,N,YU
11:52:00,Sunday,KEELE STATION,15,19,E,BD
12:36:00,Sunday,ST GEORGE YUS STATION,0,0,S,YU
13:04:00,Sunday,OLD MILL STATION,4,8,E,BD
14:10:00,Sunday,DAVISVILLE BUILD-UP,6,12,S,YU
14:19:00,Sunday,ST CLAIR STATION,8,14,S,YU
14:29:00,Sunday,PAPE STATION,0,0,E,BD
14:36:00,Sunday,KENNEDY BD STATION,0,0,W,BD
14:54:00,Sunday,RUNNYMEDE STATION,4,8,W,BD
15:04:00,Sunday,OLD MILL STATION,0,0,E,BD
15:27:00,Sunday,ST ANDREW STATION,6,12,N,YU
15:30:00,Sunday,ST GEORGE BD STATION,8,12,E,BD
16:07:00,Sunday,WOODBINE STATION,0,0,W,BD
16:09:00,Sunday,UNION STATION TO ST AN,4,10,N,YU
16:11:00,Sunday,ST ANDREW STATION,6,12,S,YU
16:13:00,Sunday,RUNNYMEDE STATION,14,18,E,BD
16:26:00,Sunday,WARDEN STATION,4,8,W,BD
16:46:00,Sunday,BAY STATION,18,22,E,BD
17:36:00,Sunday,WELLESLEY STATION,26,32,N,YU
17:38:00,Sunday,ST CLAIR STATION,6,12,N,YU
17:38:00,Sunday,ST ANDREW STATION,6,12,N,YU
17:55:00,Sunday,BLOOR STATION,0,0,S,YU
17:59:00,Sunday,COXWELL STATION,0,0,W,BD
18:17:00,Sunday,FINCH STATION,6,12,S,YU
20:00:00,Sunday,FINCH STATION,6,12,S,YU
20:01:00,Sunday,FINCH STATION,6,12,S,YU
20:16:00,Sunday,DUNDAS STATION,9,15,S,YU
21:22:00,Sunday,KENNEDY BD STATION,0,0,E,BD
22:06:00,Sunday,SPADINA BD STATION,6,12,W,BD
23:07:00,Sunday,PAPE STATION,4,10,W,BD
23:40:00,Sunday,UNION STATION,4,9,N,YU
06:13:00,Monday,VAUGHAN MC STATION,3,6,S,YU
06:23:00,Monday,SHEPPARD WEST STATION,6,12,N,YU
06:29:00,Monday,SHEPPARD WEST STATION,6,12,N,YU
06:55:00,Monday,LAWRENCE STATION,3,6,N,YU
07:04:00,Monday,DUNDAS STATION TO EGLI,4,7,N,YU
07:25:00,Monday,KEELE STATION,3,6,W,BD
07:28:00,Monday,HIGH PARK STATION,3,6,W,BD
08:04:00,Monday,DUFFERIN TO KIPLING,6,9,W,BD
08:05:00,Monday,WILSON STATION,0,0,S,YU
08:07:00,Monday,YORKDALE STATION,3,6,S,YU
09:04:00,Monday,QUEEN'S PARK STATION,12,15,S,YU
10:25:00,Monday,DONLANDS STATION,3,6,E,BD
10:29:00,Monday,GREENWOOD STATION,4,7,E,BD
11:54:00,Monday,VAUGHAN MC STATION,11,15,S,YU
12:06:00,Monday,BLOOR STATION,7,12,N,YU
14:02:00,Monday,WARDEN STATION,6,10,W,BD
14:46:00,Monday,ST GEORGE YUS STATION,0,0,N,YU
14:51:00,Monday,SHERBOURNE STATION,3,7,W,BD
15:04:00,Monday,RUNNYMEDE STATION,4,8,W,BD
15:05:00,Monday,DUNDAS STATION,0,0,S,YU
16:50:00,Monday,YORK MILLS STATION,6,9,S,YU
17:07:00,Monday,FINCH STATION,32,35,N,YU
17:41:00,Monday,ST CLAIR STATION,5,8,N,YU
18:27:00,Monday,GLENCAIRN STATION,3,6,N,YU
18:44:00,Monday,DUNDAS STATION,0,0,N,YU
19:48:00,Monday,SUMMERHILL STATION,3,8,N,YU
20:54:00,Monday,DAVISVILLE STATION,6,11,N,YU
20:57:00,Monday,VICTORIA PARK STATION,0,0,E,BD
21:30:00,Monday,WELLESLEY STATION,0,0,N,YU
21:36:00,Monday,OSGOODE STATION,9,14,N,YU
21:44:00,Monday,DUNDAS STATION,0,0,N,YU
22:52:00,Monday,DUPONT STATION,4,10,S,YU
23:53:00,Monday,ISLINGTON STATION,0,0,W,BD
00:07:00,Monday,KIPLING STATION,7,12,E,BD
00:19:00,Monday,PAPE STATION,0,0,W,BD
00:33:00,Monday,DUFFERIN STATION,3,8,W,BD
01:17:00,Monday,KING STATION,5,10,N,YU
01:33:00,Monday,DUFFERIN STATION,0,0,E,BD
01:35:00,Monday,OSSINGTON STATION,5,10,E,BD
16:43:00,Monday,BAYVIEW STATION,31,38,E,SHP
17:36:00,Monday,SHEPPARD-YONGE STATION,5,12,W,SHP
18:19:00,Monday,BESSARION STATION,3,10,E,SHP
05:00:00,Tuesday,KENNEDY BD STATION,0,0,E,BD
05:34:00,Tuesday,QUEEN STATION,0,0,N,YU
05:56:00,Tuesday,CHESTER STATION,3,0,W,BD
06:08:00,Tuesday,DONLANDS STATION,6,10,E,BD
06:53:00,Tuesday,COXWELL STATION,0,0,W,BD
06:56:00,Tuesday,BLOOR STATION,0,0,N,YU
07:23:00,Tuesday,WELLESLEY STATION,0,0,N,YU
07:51:00,Tuesday,VICTORIA PARK STATION,3,6,E,BD
08:01:00,Tuesday,LANSDOWNE STATION,0,0,E,BD
08:07:00,Tuesday,FINCH STATION,0,0,S,YU
08:12:00,Tuesday,NORTH YORK CTR STATION,3,6,S,YU
08:43:00,Tuesday,ROSEDALE STATION,9,12,S,YU
08:46:00,Tuesday,BROADVIEW STATION,4,7,W,BD
08:55:00,Tuesday,UNION STATION,4,7,N,YU
09:02:00,Tuesday,QUEEN'S PARK STATION,0,0,S,YU
09:20:00,Tuesday,ST GEORGE YUS STATION,3,6,N,YU
09:34:00,Tuesday,QUEEN'S PARK STATION,5,8,N,YU
09:37:00,Tuesday,UNION STATION,3,6,S,YU
09:57:00,Tuesday,BLOOR STATION,0,0,N,YU
10:01:00,Tuesday,YONGE BD STATION,0,0,W,BD
10:27:00,Tuesday,ST GEORGE YUS STATION,0,0,S,YU
10:31:00,Tuesday,LAWRENCE WEST STATION,0,0,N,YU
10:46:00,Tuesday,LAWRENCE WEST STATION,0,0,S,YU
11:13:00,Tuesday,FINCH STATION,0,0,S,YU
11:18:00,Tuesday,SHEPPARD STATION,0,0,N,YU
11:49:00,Tuesday,DUNDAS STATION,0,0,N,YU
12:48:00,Tuesday,DOWNSVIEW PARK STATION,4,9,N,YU
12:53:00,Tuesday,EGLINTON STATION,0,0,S,YU
12:55:00,Tuesday,SPADINA BD STATION,5,11,E,BD
13:18:00,Tuesday,GLENCAIRN STATION,9,14,S,YU
14:14:00,Tuesday,ROSEDALE STATION,3,8,N,YU
14:24:00,Tuesday,UNION STATION,5,10,N,YU
14:37:00,Tuesday,VICTORIA PARK STATION,4,8,E,BD
14:45:00,Tuesday,BLOOR STATION,0,0,W,YU
14:47:00,Tuesday,BLOOR STATION,0,0,S,YU
14:53:00,Tuesday,ST GEORGE YUS STATION,5,10,N,YU
15:01:00,Tuesday,BLOOR STATION,0,0,S,YU
15:08:00,Tuesday,LAWRENCE WEST STATION,4,9,S,YU
15:13:00,Tuesday,DONLANDS STATION,0,0,W,BD
16:17:00,Tuesday,KENNEDY BD STATION,3,6,W,BD
16:41:00,Tuesday,ROYAL YORK STATION,3,6,E,BD
17:02:00,Tuesday,KENNEDY BD STATION,18,21,E,BD
18:13:00,Tuesday,VAUGHAN MC STATION,3,6,S,YU
18:24:00,Tuesday,DAVISVILLE BUILD UP,3,6,S,YU
18:24:00,Tuesday,BLOOR STATION,0,0,S,YU
18:46:00,Tuesday,VAUGHAN MC STATION,3,6,S,YU
19:15:00,Tuesday,CHESTER STATION,7,10,E,BD
19:20:00,Tuesday,CHESTER STATION,0,0,E,BD
19:32:00,Tuesday,YONGE BD STATION,0,0,E,BD
19:32:00,Tuesday,BLOOR STATION,0,0,S,YU
20:26:00,Tuesday,KING STATION,0,0,N,YU
20:44:00,Tuesday,WELLESLEY STATION,7,12,N,YU
21:09:00,Tuesday,ISLINGTON STATION,15,20,W,BD
21:18:00,Tuesday,LANSDOWNE STATION,0,0,E,BD
21:57:00,Tuesday,BATHURST STATION,0,0,E,BD
22:03:00,Tuesday,ST ANDREW STATION,8,13,S,YU
00:03:00,Tuesday,YORK MILLS STATION,5,10,S,YU
01:23:00,Tuesday,SPADINA YUS STATION,5,10,N,YU
05:38:00,Wednesday,EGLINTON STATION,5,0,N,YU
06:05:00,Wednesday,GREENWOOD STATION,3,6,E,BD
06:26:00,Wednesday,ISLINGTON STATION,0,0,E,BD
06:39:00,Wednesday,YORK MILLS STATION,6,9,S,YU
06:51:00,Wednesday,DUNDAS STATION,0,0,S,YU
06:53:00,Wednesday,DUFFERIN STATION,4,8,B,BD
07:02:00,Wednesday,MAIN STREET STATION,0,0,E,BD
07:23:00,Wednesday,VICTORIA PARK STATION,3,6,W,BD
08:07:00,Wednesday,UNION STATION,0,0,S,YU
08:33:00,Wednesday,CHRISTIE STATION,0,0,W,BD
08:36:00,Wednesday,PIONEER VILLAGE STATIO,7,10,S,YU
08:47:00,Wednesday,DOWNSVIEW PARK STATION,0,0,S,YU
08:47:00,Wednesday,EGLINTON STATION,5,8,S,YU
08:50:00,Wednesday,BROADVIEW STATION,6,9,W,BD
09:37:00,Wednesday,KENNEDY BD STATION,3,7,W,BD
09:46:00,Wednesday,DOWNSVIEW PARK STATION,4,7,S,YU
09:52:00,Wednesday,ST ANDREW STATION,0,0,N,YU
10:39:00,Wednesday,UNION STATION,0,0,S,YU
10:59:00,Wednesday,BLOOR STATION,0,0,N,YU
11:02:00,Wednesday,YONGE BD STATION,0,0,E,BD
11:24:00,Wednesday,FINCH STATION,7,12,N,YU
11:41:00,Wednesday,EGLINTON STATION,5,10,S,YU
11:46:00,Wednesday,DUNDAS STATION,0,0,N,YU
11:48:00,Wednesday,VAUGHAN MC STATION,5,10,S,YU
12:08:00,Wednesday,YONGE BD STATION,0,0,W,BD
12:23:00,Wednesday,SHERBOURNE STATION,9,13,W,BD
12:29:00,Wednesday,COLLEGE STATION,0,0,N,YU
12:59:00,Wednesday,KENNEDY BD STATION,4,8,W,BD
13:32:00,Wednesday,COLLEGE STATION,0,0,S,YU
13:38:00,Wednesday,DUNDAS STATION,8,13,N,YU
13:38:00,Wednesday,DUNDAS STATION,5,10,S,YU
13:55:00,Wednesday,DUNDAS STATION,5,10,S,YU
14:00:00,Wednesday,DUNDAS STATION,0,0,S,YU
14:02:00,Wednesday,LAWRENCE STATION,5,10,N,YU
14:18:00,Wednesday,PAPE STATION,0,0,W,BD
15:17:00,Wednesday,EGLINTON STATION,10,15,N,YU
15:18:00,Wednesday,BROADVIEW STATION,0,0,E,BD
15:44:00,Wednesday,OSSINGTON STATION,3,6,E,BD
16:09:00,Wednesday,ST CLAIR STATION,5,10,S,YU
16:25:00,Wednesday,WELLESLEY STATION,0,0,S,YU
17:15:00,Wednesday,SUMMERHILL STATION,5,8,N,YU
17:28:00,Wednesday,WILSON STATION,3,6,S,YU
17:49:00,Wednesday,LAWRENCE WEST STATION,4,7,S,YU
18:31:00,Wednesday,SHERBOURNE STATION,0,0,E,BD
19:27:00,Wednesday,ROSEDALE STATION,0,0,N,YU
20:42:00,Wednesday,ST GEORGE BD STATION,19,25,E,BD
20:44:00,Wednesday,ST GEORGE YUS STATION,25,30,S,YU
21:16:00,Wednesday,DUNDAS STATION,0,0,S,YU
21:33:00,Wednesday,ST CLAIR WEST STATION,0,0,S,YU
21:36:00,Wednesday,BLOOR STATION,8,13,N,YU
21:44:00,Wednesday,ROSEDALE STATION,5,10,N,YU
22:09:00,Wednesday,BATHURST STATION,0,0,W,BD
22:32:00,Wednesday,COXWELL STATION,5,10,E,BD
22:47:00,Wednesday,SHEPPARD WEST STATION,7,12,S,YU
23:39:00,Wednesday,KIPLING STATION,5,10,E,BD
23:51:00,Wednesday,KING STATION,7,13,S,YU
00:05:00,Wednesday,WOODBINE STATION,0,0,E,BD
09:31:00,Wednesday,BAYVIEW STATION,7,14,E,SHP
09:31:00,Wednesday,BAYVIEW STATION,7,14,W,SHP
05:01:00,Thursday,ST GEORGE YUS STATION,0,0,N,YU
06:47:00,Thursday,BLOOR STATION,0,0,N,YU
07:03:00,Thursday,BLOOR STATION,0,0,S,YU
07:16:00,Thursday,EGLINTON STATION,3,6,S,YU
07:23:00,Thursday,LAWRENCE STATION,7,10,N,YU
07:31:00,Thursday,OSGOODE STATION,0,0,N,YU
08:00:00,Thursday,BLOOR DANFORTH LINE,0,0,W,BD
08:24:00,Thursday,BLOOR STATION,0,0,N,YU
08:40:00,Thursday,PAPE STATION,2,4,E,BD
08:43:00,Thursday,KIPLING STATION,2,4,E,BD
09:05:00,Thursday,MAIN STREET STATION,0,0,W,BD
09:07:00,Thursday,SPADINA YUS STATION,12,15,S,YU
09:13:00,Thursday,SPADINA BD STATION,0,0,W,BD
09:41:00,Thursday,LANSDOWNE STATION,6,8,E,BD
10:03:00,Thursday,SPADINA BD STATION,0,0,E,BD
10:04:00,Thursday,KIPLING STATION,4,8,W,BD
10:20:00,Thursday,ROSEDALE STATION,42,46,N,YU
11:14:00,Thursday,BLOOR STATION,6,11,N,YU
11:22:00,Thursday,KENNEDY BD STATION,0,0,E,BD
12:26:00,Thursday,ST CLAIR WEST STATION,8,13,S,YU
13:11:00,Thursday,RUNNYMEDE STATION,0,0,W,BD
13:12:00,Thursday,BROADVIEW STATION,0,0,E,BD
13:23:00,Thursday,ROSEDALE STATION,0,0,N,YU
13:58:00,Thursday,OSGOODE STATION,0,0,S,YU
14:18:00,Thursday,ST GEORGE BD STATION,5,9,E,BD
14:19:00,Thursday,KIPLING STATION,8,12,E,BD
14:37:00,Thursday,ST GEORGE BD STATION,3,7,E,BD
15:13:00,Thursday,ST CLAIR WEST STATION,3,8,S,YU
15:58:00,Thursday,YONGE BD STATION,0,0,E,BD
16:06:00,Thursday,COLLEGE STATION,5,10,N,YU
16:09:00,Thursday,DUNDAS STATION,0,0,N,YU
16:25:00,Thursday,KIPLING STATION,0,0,W,BD
16:31:00,Thursday,KIPLING STATION,0,0,E,BD
16:34:00,Thursday,KIPLING STATION,3,6,E,BD
16:43:00,Thursday,MAIN STREET STATION,0,0,W,BD
17:06:00,Thursday,KENNEDY BD STATION,13,16,E,BD
17:29:00,Thursday,WILSON STATION,0,0,N,YU
17:34:00,Thursday,DUNDAS STATION,0,0,N,YU
17:57:00,Thursday,LAWRENCE WEST STATION,7,10,N,YU
18:16:00,Thursday,KIPLING STATION,3,6,E,BD
18:18:00,Thursday,WILSON STATION,0,0,N,YU
19:44:00,Thursday,QUEEN STATION,0,0,S,YU
20:43:00,Thursday,BLOOR STATION,0,0,N,YU
20:56:00,Thursday,SHEPPARD STATION,7,12,S,YU
21:12:00,Thursday,VAUGHAN MC STATION,0,0,S,YU
21:28:00,Thursday,BLOOR STATION,6,11,S,YU
22:06:00,Thursday,CHESTER STATION,0,0,E,BD
22:49:00,Thursday,KIPLING STATION,3,8,E,BD
23:08:00,Thursday,DONLANDS STATION,0,0,E,BD
14:24:00,Thursday,SHEPPARD-YONGE STATION,7,14,E,SHP
20:49:00,Thursday,LESLIE STATION,3,10,E,SHP
05:11:00,Friday,WARDEN STATION,0,0,E,BD
06:25:00,Friday,ST GEORGE YUS STATION,0,0,N,YU
07:18:00,Friday,SHERBOURNE STATION,5,8,W,BD
07:31:00,Friday,BLOOR STATION,0,0,S,YU
07:35:00,Friday,DUNDAS WEST STATION,3,6,W,BD
08:16:00,Friday,CHESTER STATION,0,0,E,BD
08:37:00,Friday,BATHUST TO PAPE STATIO,5,8,E,BD
08:53:00,Friday,ROYAL YORK STATION,0,0,W,BD
09:12:00,Friday,YONGE BD STATION,5,8,E,BD
09:21:00,Friday,ST CLAIR STATION,0,0,N,YU
09:56:00,Friday,BROADVIEW STATION,16,20,E,BD
11:37:00,Friday,HIGHWAY 407 STATION,0,0,N,YU
11:38:00,Friday,CHRISTIE STATION,4,8,E,BD
11:43:00,Friday,BATHURST STATION,8,12,W,BD
12:14:00,Friday,KENNEDY BD STATION,4,8,W,BD
12:37:00,Friday,SHEPPARD STATION,0,0,N,YU
13:31:00,Friday,ROSEDALE STATION,15,20,N,YU
13:37:00,Friday,DOWNSVIEW PARK STATION,7,12,N,YU
14:17:00,Friday,EGLINTON STATION,7,12,N,YU
16:15:00,Friday,BLOOR STATION,0,0,S,YU
16:27:00,Friday,CHESTER STATION,0,0,E,BD
16:30:00,Friday,WILSON STATION,4,7,S,YU
16:39:00,Friday,ROYAL YORK STATION,0,0,E,BD
16:40:00,Friday,GLENCAIRN STATION,5,8,S,YU
17:16:00,Friday,BLOOR STATION,4,7,S,YU
17:36:00,Friday,SHEPPARD STATION,5,8,S,YU
17:54:00,Friday,SUMMERHILL STATION,5,8,N,YU
17:57:00,Friday,WELLESLEY STATION,0,0,N,YU
18:08:00,Friday,ST GEORGE BD STATION,0,0,W,BD
18:08:00,Friday,KENNEDY BD STATION,3,6,W,BD
18:39:00,Friday,FINCH STATION,3,6,S,YU
18:44:00,Friday,NORTH YORK CTR STATION,7,10,S,YU
19:56:00,Friday,ST GEORGE BD STATION,9,14,W,BD
20:55:00,Friday,KIPLING STATION,5,10,E,BD
21:24:00,Friday,WOODBINE STATION,0,0,E,BD
22:44:00,Friday,ST ANDREW STATION,12,17,N,YU
22:57:00,Friday,ST GEORGE BD STATION,4,9,W,BD
23:00:00,Friday,SPADINA BD STATION,12,17,W,BD
23:03:00,Friday,KENNEDY BD STATION,6,11,W,BD
00:06:00,Friday,ROSEDALE STATION,6,11,S,YU
00:23:00,Friday,VAUGHAN MC STATION,5,10,S,YU
01:15:00,Friday,DAVISVILLE STATION,4,9,N,YU
01:27:00,Friday,UNION STATION,5,10,S,YU
01:33:00,Friday,BATHURST STATION,0,0,E,BD
01:58:00,Friday,KENNEDY BD STATION,8,14,W,YU
21:33:00,Friday,DON MILLS STATION,0,0,E,SHP
02:08:00,Saturday,UNION CENTRE TRACK,5,10,N,YU
02:09:00,Saturday,BLOOR STATION,0,0,N,YU
02:13:00,Saturday,PAPE STATION,0,0,W,BD
05:53:00,Saturday,EGLINTON STATION,13,0,N,YU
06:34:00,Saturday,ROSEDALE STATION,8,14,N,YU
07:05:00,Saturday,ROSEDALE STATION,5,11,N,YU
07:14:00,Saturday,ROSEDALE STATION,5,11,N,YU
08:03:00,Saturday,BLOOR STATION,0,0,S,YU
08:12:00,Saturday,EGLINTON STATION,5,0,S,YU
09:06:00,Saturday,KIPLING STATION,0,0,W,BD
09:21:00,Saturday,DUNDAS WEST STATION,3,8,W,BD
09:47:00,Saturday,BLOOR STATION,3,9,S,YU
12:15:00,Saturday,MAIN STREET STATION,0,0,W,BD
13:11:00,Saturday,LANSDOWNE STATION,3,7,W,BD
14:06:00,Saturday,WARDEN STATION,14,18,W,BD
14:14:00,Saturday,PIONEER VILLAGE STATIO,10,14,N,YU
14:14:00,Saturday,WELLESLEY STATION,24,28,N,YU
14:25:00,Saturday,VAUGHAN MC STATION,4,8,S,YU
14:31:00,Saturday,KENNEDY BD STATION,16,20,W,BD
14:33:00,Saturday,PAPE STATION,5,9,E,BD
15:02:00,Saturday,CHRISTIE STATION,4,8,W,BD
15:11:00,Saturday,ST GEORGE YUS STATION,4,8,N,YU
15:24:00,Saturday,MAIN STREET STATION,4,8,E,BD
15:47:00,Saturday,SUMMERHILL STATION,4,8,S,YU
16:13:00,Saturday,SHERBOURNE STATION,0,0,E,BD
16:55:00,Saturday,VAUGHAN MC STATION,4,8,S,YU
17:15:00,Saturday,LAWRENCE STATION,0,0,S,YU
18:12:00,Saturday,SHEPPARD STATION,0,0,N,YU
18:18:00,Saturday,UNION STATION,14,18,N,YU
18:48:00,Saturday,WELLESLEY STATION,4,9,N,YU
19:31:00,Saturday,KEELE STATION,0,0,W,BD
19:50:00,Saturday,VAUGHAN MC STATION,0,0,S,YU
19:50:00,Saturday,KENNEDY BD STATION,5,10,W,BD
19:57:00,Saturday,ST PATRICK STATION,5,10,S,YU
20:27:00,Saturday,YONGE BD STATION,5,10,W,BD
20:37:00,Saturday,DUPONT STATION,0,0,N,YU
20:47:00,Saturday,VAUGHAN MC STATION,5,10,S,YU
22:00:00,Saturday,FINCH STATION,5,10,S,YU
22:53:00,Saturday,OSSINGTON STATION,0,0,W,BD
23:19:00,Saturday,DUFFERIN STATION,3,9,E,BD
00:00:00,Saturday,YONGE BD STATION,4,10,E,BD
00:03:00,Saturday,GLENCAIRN STATION,20,26,S,YU
00:09:00,Saturday,KING STATION,3,8,N,YU
00:35:00,Saturday,QUEEN'S PARK STATION,5,11,S,YU
01:12:00,Saturday,DUNDAS STATION,0,0,N,YU
01:28:00,Saturday,EGLINTON STATION,3,9,N,YU
05:52:00,Sunday,KIPLING STATION,0,0,W,BD
08:03:00,Sunday,EGLINTON STATION,9,0,N,YU
08:21:00,Sunday,ST GEORGE BD STATION,4,9,E,BD
08:48:00,Sunday,WELLESLEY STATION,9,15,N,YU
08:51:00,Sunday,VAUGHAN MC STATION,0,0,S,YU
08:55:00,Sunday,HIGHWAY 407 STATION,3,9,S,YU
09:07:00,Sunday,KENNEDY BD STATION,4,8,E,BD
10:33:00,Sunday,ST GEORGE BD STATION,0,0,E,BD
11:37:00,Sunday,COXWELL STATION,0,0,E,BD
11:48:00,Sunday,BAY STATION,7,11,W,BD
11:52:00,Sunday,ST PATRICK STATION,0,0,S,YU
12:25:00,Sunday,BLOOR STATION,5,9,N,YU
12:25:00,Sunday,ST GEORGE YUS STATION,0,0,S,YU
13:43:00,Sunday,FINCH STATION,4,8,S,YU
14:39:00,Sunday,EGLINTON STATION,4,8,S,YU
14:40:00,Sunday,ST CLAIR STATION,4,8,S,YU
15:19:00,Sunday,OSSINGTON STATION,0,0,W,BD
15:46:00,Sunday,YORK MILLS STATION,4,8,S,YU
15:47:00,Sunday,DUNDAS STATION,0,0,S,YU
16:18:00,Sunday,KING STATION,0,0,S,YU
16:32:00,Sunday,ST ANDREW STATION,3,7,N,YU
16:41:00,Sunday,FINCH STATION,4,8,S,YU
17:35:00,Sunday,RUNNYMEDE STATION,0,0,E,BD
18:17:00,Sunday,COLLEGE STATION,5,9,S,YU
18:30:00,Sunday,UNION STATION,0,0,N,YU
18:56:00,Sunday,ST GEORGE BD STATION,4,9,W,BD
19:14:00,Sunday,EGLINTON STATION,4,10,N,YU
19:20:00,Sunday,DUNDAS STATION,6,12,N,YU
19:35:00,Sunday,DAVISVILLE STATION,4,10,N,YU
19:39:00,Sunday,ROYAL YORK STATION,5,10,W,BD
19:55:00,Sunday,BLOOR STATION,0,0,N,YU
20:11:00,Sunday,ROYAL YORK STATION,0,0,W,BD
20:16:00,Sunday,FINCH WEST STATION,0,0,N,YU
21:03:00,Sunday,DUNDAS WEST STATION,0,0,E,BD
21:08:00,Sunday,BROADVIEW STATION,3,8,E,BD
22:33:00,Sunday,QUEEN'S PARK STATION,3,9,N,YU
23:28:00,Sunday,YORK MILLS STATION,32,38,N,YU
02:14:00,Monday,ROYAL YORK STATION,0,0,E,BD
05:50:00,Monday,VAUGHAN MC STATION,20,0,S,YU
05:55:00,Monday,UNION STATION,3,0,N,YU
06:39:00,Monday,SHEPPARD WEST STATION,7,0,N,YU
06:43:00,Monday,MAIN STREET STATION,3,7,W,BD
07:32:00,Monday,DUNDAS WEST STATION,0,0,W,BD
07:35:00,Monday,WOODBINE STATION,0,0,E,BD
09:51:00,Monday,ST CLAIR WEST STATION,0,0,S,YU
10:20:00,Monday,ROSEDALE STATION,8,12,S,YU
11:47:00,Monday,FINCH STATION,4,8,N,YU
12:39:00,Monday,GLENCAIRN STATION,0,0,S,YU
12:54:00,Monday,UNION STATION,0,0,S,YU
13:00:00,Monday,KEELE STATION,3,7,E,BD
13:10:00,Monday,ROYAL YORK STATION,0,0,E,BD
14:01:00,Monday,FINCH STATION,0,0,S,YU
14:19:00,Monday,OSGOODE STATION,3,7,N,YU
15:16:00,Monday,VAUGHAN MC STATION,4,8,S,YU
16:34:00,Monday,SHEPPARD WEST STATION,0,0,N,YU
17:23:00,Monday,WELLESLEY STATION,0,0,S,YU
17:51:00,Monday,FINCH STATION,12,16,N,YU
17:58:00,Monday,UNION STATION,10,14,N,YU
18:18:00,Monday,MAIN STREET STATION,5,10,W,BD
18:23:00,Monday,MAIN STREET STATION,0,0,W,BD
19:02:00,Monday,MAIN STREET STATION,5,10,W,BD
20:14:00,Monday,DAVISVILLE STATION,3,9,S,YU
20:27:00,Monday,GLENCAIRN STATION,0,0,N,YU
21:11:00,Monday,QUEEN STATION,0,0,N,YU
21:56:00,Monday,WARDEN STATION,0,0,E,BD
22:28:00,Monday,PAPE STATION,0,0,E,BD
22:47:00,Monday,BAY STATION,3,9,E,BD
22:50:00,Monday,KIPLING STATION,6,12,E,BD
23:02:00,Monday,KIPLING STATION,6,12,E,BD
23:04:00,Monday,BLOOR STATION,0,0,N,YU
05:20:00,Tuesday,DAVISVILLE BUILD UP,0,0,N,YU
06:06:00,Tuesday,EGLINTON STATION,5,10,N,YU
06:33:00,Tuesday,QUEEN'S PARK STATION,0,0,N,YU
06:40:00,Tuesday,KENNEDY BD STATION,0,0,W,BD
06:51:00,Tuesday,MAIN STREET STATION,0,0,W,BD
07:10:00,Tuesday,BLOOR STATION,0,0,N,YU
07:16:00,Tuesday,SUMMERHILL STATION,3,6,N,YU
07:37:00,Tuesday,CHRISTIE TO PAPE STATI,10,0,E,BD
07:44:00,Tuesday,LAWRENCE STATION,0,0,N,YU
07:58:00,Tuesday,SPADINA BD STATION,3,5,E,BD
08:11:00,Tuesday,SPADINA BD STATION,3,5,W,BD
08:32:00,Tuesday,ST CLAIR WEST STATION,0,0,N,YU
09:33:00,Tuesday,SHERBOURNE STATION,4,6,E,YU
09:34:00,Tuesday,OSSINGTON STATION,0,0,W,BD
09:38:00,Tuesday,FINCH STATION,0,0,S,YU
09:45:00,Tuesday,FINCH STATION,0,0,S,YU
09:48:00,Tuesday,NORTH YORK CTR STATION,3,6,S,YU
10:00:00,Tuesday,YONGE BD STATION,7,11,E,BD
11:05:00,Tuesday,WELLESLEY STATION,6,9,S,YU
11:12:00,Tuesday,YONGE BD STATION,5,9,W,BD
11:13:00,Tuesday,WELLESLEY STATION,0,0,N,YU
11:15:00,Tuesday,BLOOR STATION,3,8,N,YU
11:15:00,Tuesday,BLOOR STATION,0,0,N,YU
12:48:00,Tuesday,MAIN STREET STATION,24,28,E,BD
12:56:00,Tuesday,ST CLAIR STATION,7,12,N,YU
13:14:00,Tuesday,WILSON STATION,3,8,S,YU
13:24:00,Tuesday,WILSON STATION,0,0,S,YU
13:33:00,Tuesday,EGLINTON STATION,4,9,N,YU
15:19:00,Tuesday,BLOOR STATION,5,10,N,YU
15:44:00,Tuesday,COLLEGE STATION,9,14,S,YU
16:17:00,Tuesday,ST ANDREW STATION,9,12,N,YU
16:28:00,Tuesday,ST ANDREW STATION,3,8,N,YU
17:03:00,Tuesday,GREENWOOD STATION,0,0,W,BD
17:16:00,Tuesday,WARDEN STATION,4,7,E,BD
18:26:00,Tuesday,ST PATRICK STATION,7,10,S,YU
18:53:00,Tuesday,MAIN STREET STATION,0,0,W,BD
19:13:00,Tuesday,ST GEORGE BD STATION,3,8,E,BD
19:27:00,Tuesday,LAWRENCE WEST STATION,0,0,N,YU
19:42:00,Tuesday,SHEPPARD STATION,0,0,S,YU
19:57:00,Tuesday,BATHURST STATION,0,0,W,BD
21:01:00,Tuesday,ST CLAIR WEST STATION,8,13,S,YU
21:03:00,Tuesday,COLLEGE STATION,0,0,S,YU
21:47:00,Tuesday,VAUGHAN MC STATION,0,0,S,YU
22:35:00,Tuesday,KING STATION,7,12,S,YU
23:01:00,Tuesday,ST GEORGE YUS STATION,7,12,N,YU
23:03:00,Tuesday,LAWRENCE WEST STATION,6,11,S,YU
23:08:00,Tuesday,CASTLE FRANK STATION,12,17,E,BD
00:06:00,Tuesday,ST CLAIR WEST STATION,10,15,S,YU
00:12:00,Tuesday,ST CLAIR STATION,8,13,N,YU
00:17:00,Tuesday,OSSINGTON STATION,12,17,W,BD
01:45:00,Tuesday,SHEPPARD WEST STATION,0,0,S,YU
20:31:00,Tuesday,SHEPPARD-YONGE STATION,0,0,E,SHP
23:43:00,Tuesday,DON MILLS STATION,19,26,W,SHP
00:27:00,Tuesday,DON MILLS STATION,17,24,E,SHP
02:01:00,Wednesday,SHEPPARD-YONGE STATION,9,14,N,YU
02:23:00,Wednesday,KENNEDY BD STATION,0,0,W,BD
06:13:00,Wednesday,EGLINTON STATION,6,11,N,YU
06:38:00,Wednesday,EGLINTON STATION,7,10,S,YU
06:46:00,Wednesday,SPADINA YUS STATION,0,0,S,YU
06:53:00,Wednesday,BROADVIEW STATION,0,0,W,BD
07:01:00,Wednesday,DAVISVILLE STATION,5,8,S,YU
07:14:00,Wednesday,COXWELL STATION,12,14,E,BD
07:36:00,Wednesday,DUNDAS STATION,0,0,N,YU
07:40:00,Wednesday,WARDEN STATION,12,15,E,BD
08:03:00,Wednesday,SPADINA YUS STATION,0,0,S,YU
08:09:00,Wednesday,CHRISTIE STATION TO PA,10,0,E,BD
08:34:00,Wednesday,KIPLING STATION,0,0,E,BD
08:42:00,Wednesday,ST CLAIR STATION,6,9,S,YU
08:47:00,Wednesday,KEELE STATION,0,0,W,BD
08:54:00,Wednesday,BLOOR STATION,0,0,S,YU
08:58:00,Wednesday,BLOOR STATION,3,6,S,YU
10:01:00,Wednesday,EGLINTON WEST STATION,6,9,N,YU
10:07:00,Wednesday,KENNEDY BD STATION,3,7,W,BD
10:08:00,Wednesday,YORKDALE STATION,5,10,S,YU
11:04:00,Wednesday,ST CLAIR STATION,0,0,S,YU
11:07:00,Wednesday,BLOOR STATION,0,0,N,YU
11:08:00,Wednesday,OSSINGTON STATION,13,17,W,BD
11:39:00,Wednesday,KIPLING STATION,7,11,E,BD
12:38:00,Wednesday,SHEPPARD WEST STATION,3,8,N,YU
13:15:00,Wednesday,YONGE BD STATION,0,0,W,BD
14:11:00,Wednesday,EGLINTON WEST STATION,3,8,S,YU
14:52:00,Wednesday,WELLESLEY STATION,4,8,S,YU
16:23:00,Wednesday,CHRISTIE STATION,0,0,W,BD
16:27:00,Wednesday,SPADINA YUS STATION,15,18,N,YU
16:30:00,Wednesday,SPADINA BD STATION,0,0,E,BD
17:28:00,Wednesday,KIPLING STATION,3,6,E,BD
17:57:00,Wednesday,COLLEGE STATION,0,0,N,YU
18:10:00,Wednesday,DUNDAS WEST STATION,0,0,E,BD
18:13:00,Wednesday,NORTH YORK CTR STATION,0,0,N,YU
19:15:00,Wednesday,DAVISVILLE STATION,0,0,N,YU
19:26:00,Wednesday,SHERBOURNE STATION,3,8,E,BD
19:43:00,Wednesday,FINCH STATION,3,8,S,YU
20:07:00,Wednesday,DAVISVILLE STATION,5,10,S,YU
20:47:00,Wednesday,DUNDAS STATION,5,10,N,YU
21:02:00,Wednesday,DUNDAS STATION,15,19,N,YU
21:13:00,Wednesday,WARDEN STATION,18,24,E,BD
21:36:00,Wednesday,RUNNYMEDE STATION,4,10,E,BD
21:57:00,Wednesday,BLOOR STATION,0,0,N,YU
22:20:00,Wednesday,VAUGHAN MC STATION,0,0,S,YU
22:22:00,Wednesday,WOODBINE STATION,0,0,E,BD
23:00:00,Wednesday,CHANGE OVERS LINE TWO,0,0,B,BD
23:28:00,Wednesday,EGLINTON STATION,5,10,S,YU
01:14:00,Wednesday,SHERBOURNE STATION,0,0,W,BD
04:29:00,Thursday,OSGOODE STATION,0,0,S,YU
05:08:00,Thursday,DAVISVILLE BUILD UP,0,0,N,YU
05:50:00,Thursday,FINCH WEST STATION,10,0,N,YU
06:05:00,Thursday,UNION STATION,11,14,N,YU
06:21:00,Thursday,DONLANDS STATION,11,14,E,BD
06:21:00,Thursday,KENNEDY BD STATION,5,10,W,BD
06:40:00,Thursday,GREENWOOD STATION,40,45,W,BD
06:59:00,Thursday,FINCH STATION,0,0,S,YU
07:03:00,Thursday,NORTH YORK CTR STATION,4,7,S,YU
07:24:00,Thursday,VICTORIA PARK STATION,0,0,W,BD
07:50:00,Thursday,FINCH STATION,3,6,S,YU
07:56:00,Thursday,KENNEDY BD STATION,0,0,W,BD
08:26:00,Thursday,SPADINA BD STATION,0,0,E,BD
08:28:00,Thursday,HIGH PARK STATION,0,0,E,BD
08:50:00,Thursday,ISLINGTON STATION,0,0,W,BD
09:35:00,Thursday,SHERBOURNE STATION,0,0,W,BD
09:46:00,Thursday,WILSON STATION,0,0,N,YU
09:56:00,Thursday,QUEEN STATION,0,0,N,YU
10:09:00,Thursday,ROSEDALE STATION,4,7,N,YU
10:22:00,Thursday,EGLINTON STATION,4,7,N,YU
10:57:00,Thursday,YONGE BD STATION,0,0,E,BD
11:06:00,Thursday,ST GEORGE YUS STATION,6,11,N,YU
11:29:00,Thursday,ROYAL YORK STATION,0,0,E,BD
11:30:00,Thursday,WILSON YARD HOSTLER #2,0,0,N,YU
13:09:00,Thursday,COXWELL STATION,7,11,E,BD
14:31:00,Thursday,ISLINGTON STATION,0,0,W,BD
15:13:00,Thursday,QUEEN'S PARK STATION,20,25,S,YU
15:38:00,Thursday,YONGE BD STATION,4,7,E,BD
15:47:00,Thursday,BROADVIEW STATION,0,0,E,BD
16:32:00,Thursday,SHERBOURNE STATION,0,0,E,BD
18:44:00,Thursday,ROSEDALE STATION,6,11,N,YU
18:55:00,Thursday,DUNDAS STATION,0,0,S,YU
19:22:00,Thursday,BAY STATION,3,8,E,BD
19:37:00,Thursday,EGLINTON STATION,0,0,N,YU
20:27:00,Thursday,SUMMERHILL STATION,7,12,N,YU
20:34:00,Thursday,SHEPPARD STATION,0,0,N,YU
20:43:00,Thursday,YONGE BD STATION,5,10,W,BD
21:20:00,Thursday,OSGOODE STATION,0,0,S,YU
21:31:00,Thursday,KENNEDY BD STATION,6,12,W,BD
21:51:00,Thursday,QUEEN STATION,0,0,N,YU
22:16:00,Thursday,ST CLAIR WEST STATION,6,11,S,YU
23:07:00,Thursday,ST CLAIR WEST STATION,7,12,N,YU
23:31:00,Thursday,YONGE BD STATION,7,12,W,BD
23:35:00,Thursday,QUEEN STATION,5,10,N,YU
00:31:00,Thursday,JANE STATION,0,0,W,BD
01:06:00,Thursday,WOODBINE STATION,0,0,E,BD
15:25:00,Thursday,DON MILLS STATION,5,12,W,SHP
04:34:00,Friday,SHEPPARD WEST STATION,0,0,N,YU
05:40:00,Friday,KENNEDY BD STATION,36,0,W,BD
05:54:00,Friday,KIPLING STATION,4,11,W,BD
05:57:00,Friday,KEELE STATION,3,6,W,BD
06:03:00,Friday,MAIN STREET STATION,29,34,W,BD
07:37:00,Friday,DUNDAS WEST STATION,0,0,E,BD
07:57:00,Friday,MAIN STREET STATION,0,0,W,BD
08:10:00,Friday,ST ANDREW STATION,0,0,N,YU
08:50:00,Friday,SPADINA YUS STATION,4,7,S,YU
09:32:00,Friday,BLOOR STATION,8,11,N,YU
10:16:00,Friday,DAVISVILLE STATION,6,10,S,YU
10:19:00,Friday,COLLEGE STATION,5,8,S,YU
11:00:00,Friday,CASTLE FRANK STATION,0,0,W,BD
12:44:00,Friday,YONGE BD STATION,0,0,W,BD
14:57:00,Friday,ISLINGTON STATION,11,15,W,BD
15:19:00,Friday,CHRISTIE STATION,3,7,W,BD
15:43:00,Friday,DAVISVILLE STATION,12,17,N,YU
16:55:00,Friday,NORTH YORK CTR STATION,0,0,N,YU
16:56:00,Friday,RUNNYMEDE STATION,0,0,E,BD
17:02:00,Friday,LAWRENCE STATION,18,21,N,YU
17:04:00,Friday,RUNNYMEDE STATION,20,23,W,BD
17:25:00,Friday,DOWNSVIEW PARK STATION,5,8,S,YU
17:36:00,Friday,ROSEDALE STATION,3,6,S,YU
18:31:00,Friday,CHRISTIE STATION,5,8,W,BD
21:14:00,Friday,QUEEN STATION,0,0,N,YU
21:36:00,Friday,KIPLING STATION,7,12,W,BD
22:14:00,Friday,UNION STATION,0,0,N,YU
22:56:00,Friday,DUNDAS WEST STATION,6,11,E,BD
23:03:00,Friday,EGLINTON WEST STATION,0,0,N,YU
23:12:00,Friday,DUNDAS STATION,0,0,N,YU
23:49:00,Friday,JANE STATION,0,0,E,BD
00:03:00,Friday,BLOOR STATION,0,0,N,YU
00:34:00,Friday,VICTORIA PARK STATION,0,0,W,BD
00:54:00,Friday,VICTORIA PARK STATION,16,21,W,BD
01:51:00,Friday,QUEEN STATION,11,17,N,YU
08:05:00,Friday,SHEPPARD-YONGE STATION,0,0,W,SHP
06:33:00,Saturday,YONGE BD STATION,6,11,W,BD
06:46:00,Saturday,DOWNSVIEW PARK STATION,3,9,N,YU
06:52:00,Saturday,HIGHWAY 407 STATION,6,12,S,YU
07:50:00,Saturday,DUFFERIN STATION,0,0,E,BD
08:07:00,Saturday,WELLESLEY STATION,15,21,N,YU
09:08:00,Saturday,ST CLAIR WEST STATION,0,0,N,YU
10:43:00,Saturday,WILSON STATION,0,0,S,YU
10:47:00,Saturday,YORKDALE STATION,4,8,S,YU
10:52:00,Saturday,WELLESLEY STATION,3,7,N,YU
10:53:00,Saturday,SPADINA YUS STATION,0,0,N,YU
11:23:00,Saturday,UNION STATION TO FINCH,3,7,S,YU
12:54:00,Saturday,DUNDAS STATION,0,0,S,YU
13:32:00,Saturday,ISLINGTON STATION,0,0,E,BD
14:44:00,Saturday,CHESTER STATION,9,13,E,BD
14:56:00,Saturday,UNION STATION,4,8,S,YU
17:09:00,Saturday,ROSEDALE STATION,3,7,N,YU
18:07:00,Saturday,UNION STATION,3,7,S,YU
18:13:00,Saturday,EGLINTON STATION,5,9,N,YU
18:35:00,Saturday,FINCH STATION,4,8,S,YU
18:48:00,Saturday,YORKDALE STATION,5,9,N,YU
19:05:00,Saturday,UNION STATION,5,9,S,YU
19:33:00,Saturday,ST CLAIR STATION,0,0,N,YU
19:36:00,Saturday,BLOOR STATION,0,0,N,YU
19:51:00,Saturday,ROSEDALE STATION,4,8,N,YU
20:21:00,Saturday,ST PATRICK STATION,0,0,N,YU
21:30:00,Saturday,DUNDAS STATION,8,13,N,YU
21:37:00,Saturday,WARDEN STATION,0,0,E,BD
21:42:00,Saturday,COLLEGE STATION,9,14,N,YU
21:44:00,Saturday,VICTORIA PARK STATION,4,10,E,BD
21:44:00,Saturday,DAVISVILLE STATION,7,10,S,YU
21:54:00,Saturday,WARDEN STATION,4,10,W,BD
23:07:00,Saturday,SPADINA BD STATION,7,13,W,BD
23:21:00,Saturday,LAWRENCE STATION,5,11,S,YU
00:00:00,Saturday,YORK MILLS STATION,0,0,S,YU
00:10:00,Saturday,SPADINA YUS STATION,0,0,N,YU
04:37:00,Sunday,ST PATRICK STATION,0,0,S,YU
07:58:00,Sunday,ST GEORGE YUS STATION,4,0,S,YU
08:20:00,Sunday,KIPLING STATION,3,7,E,BD
10:39:00,Sunday,VICTORIA PARK STATION,10,14,W,BD
11:03:00,Sunday,ISLINGTON STATION,25,29,E,BD
11:40:00,Sunday,LAWRENCE STATION,4,8,N,YU
12:29:00,Sunday,YONGE BD STATION,3,7,E,BD
12:30:00,Sunday,WOODBINE STATION,19,23,E,BD
12:30:00,Sunday,HIGH PARK STATION,16,20,W,BD
13:02:00,Sunday,DAVISVILLE STATION,32,36,S,YU
13:23:00,Sunday,DUNDAS WEST STATION,5,9,W,BD
13:31:00,Sunday,DUNDAS WEST STATION,0,0,W,BD
13:33:00,Sunday,WOODBINE STATION,0,0,E,BD
14:40:00,Sunday,VAUGHAN MC STATION,0,0,S,YU
14:46:00,Sunday,HIGHWAY 407 STATION,4,8,S,YU
15:38:00,Sunday,ISLINGTON STATION,3,7,W,BD
15:45:00,Sunday,FINCH STATION,4,8,S,YU
16:10:00,Sunday,SPADINA BD STATION,0,0,E,BD
18:00:00,Sunday,COLLEGE STATION,8,14,N,YU
18:17:00,Sunday,ST PATRICK STATION,3,7,S,YU
19:05:00,Sunday,FINCH STATION,4,8,N,YU
19:31:00,Sunday,ST CLAIR STATION,0,0,N,YU
19:34:00,Sunday,SPADINA BD STATION,4,9,W,BD
19:41:00,Sunday,ST CLAIR STATION,0,0,N,YU
20:20:00,Sunday,LANSDOWNE STATION,4,9,E,BD
20:23:00,Sunday,ST CLAIR WEST STATION,0,0,S,YU
22:43:00,Sunday,SUMMERHILL STATION,15,21,N,YU
23:33:00,Sunday,QUEEN'S PARK STATION,0,0,S,YU
23:44:00,Sunday,SPADINA YUS STATION,0,0,S,YU
01:24:00,Sunday,OSGOODE STATION,9,15,S,YU
18:53:00,Sunday,SHEPPARD-YONGE STATION,0,0,E,SHP
23:29:00,Sunday,BESSARION STATION,0,0,E,SHP
02:14:00,Monday,OSSINGTON STATION,0,0,E,BD
05:42:00,Monday,GREENWOOD STATION,6,0,E,BD
05:56:00,Monday,ST GEORGE BD STATION,3,0,W,BD
06:20:00,Monday,SHEPPARD WEST STATION,3,6,N,YU
06:40:00,Monday,ROSEDALE STATION,5,8,N,YU
06:46:00,Monday,FINCH STATION,3,6,S,YU
07:27:00,Monday,BROADVIEW STATION,4,6,E,BD
07:28:00,Monday,NORTH YORK CTR STATION,8,11,S,YU
07:39:00,Monday,SHEPPARD STATION,3,6,S,YU
07:50:00,Monday,LAWRENCE STATION,4,7,S,YU
08:16:00,Monday,BLOOR STATION,0,0,S,YU
08:46:00,Monday,DUPONT STATION,0,0,N,YU
09:10:00,Monday,KIPLING STATION,3,6,E,BD
09:32:00,Monday,BLOOR STATION,0,0,S,YU
09:56:00,Monday,FINCH STATION,5,8,S,YU
10:39:00,Monday,VAUGHAN MC STATION,3,8,S,YU
10:44:00,Monday,SPADINA BD STATION,0,0,E,BD
11:17:00,Monday,YONGE BD STATION,4,8,E,BD
11:24:00,Monday,COXWELL STATION,0,0,E,BD
11:43:00,Monday,BLOOR STATION,0,0,S,YU
12:41:00,Monday,BROADVIEW STATION,7,11,E,BD
13:40:00,Monday,ST CLAIR STATION,0,0,S,YU
14:09:00,Monday,ST CLAIR WEST STATION,4,9,S,YU
14:31:00,Monday,VAUGHAN MC STATION,5,10,S,YU
14:34:00,Monday,COLLEGE STATION,3,8,N,YU
15:29:00,Monday,EGLINTON STATION,5,10,N,YU
15:32:00,Monday,ST CLAIR WEST STATION,0,0,N,YU
15:33:00,Monday,BATHURST STATION,4,8,W,BD
15:50:00,Monday,BATHURST STATION,0,0,W,BD
16:08:00,Monday,BLOOR STATION,0,0,N,YU
16:36:00,Monday,DUNDAS STATION,0,0,S,YU
18:08:00,Monday,DAVISVILLE STATION,10,13,S,YU
18:22:00,Monday,ST CLAIR STATION,5,8,N,YU
19:16:00,Monday,GREENWOOD STATION,0,0,W,BD
19:17:00,Monday,SUMMERHILL STATION,8,13,S,YU
19:39:00,Monday,ST GEORGE YUS STATION,4,7,N,YU
19:43:00,Monday,ST GEORGE BD STATION,0,0,W,BD
19:55:00,Monday,FINCH STATION,5,10,S,YU
20:08:00,Monday,BLOOR STATION,0,0,N,YU
20:18:00,Monday,YONGE BD STATION,0,0,E,BD
21:21:00,Monday,DUNDAS WEST STATION,0,0,W,BD
22:07:00,Monday,GREENWOOD STATION,0,0,W,BD
00:15:00,Monday,YONGE BD STATION,0,0,E,BD
00:17:00,Monday,CASTLE FRANK STATION,0,0,W,BD
01:05:00,Monday,YORKDALE STATION,4,10,N,YU
01:35:00,Monday,BATHURST STATION,0,0,W,BD
01:38:00,Monday,EGLINTON STATION,5,10,S,YU
19:07:00,Monday,SHEPPARD-YONGE STATION,0,0,E,SHP
06:12:00,Tuesday,ST CLAIR STATION,4,0,S,YU
06:50:00,Tuesday,DUFFERIN STATION,6,9,W,BD
06:53:00,Tuesday,SHEPPARD STATION,7,10,S,YU
07:35:00,Tuesday,ROYAL YORK STATION,3,5,E,BD
07:54:00,Tuesday,MAIN STREET STATION,0,0,E,BD
08:21:00,Tuesday,UNION STATION,3,6,S,YU
08:58:00,Tuesday,KEELE STATION,3,5,E,BD
09:01:00,Tuesday,WARDEN STATION,0,0,W,BD
09:03:00,Tuesday,DUNDAS STATION,0,0,N,YU
09:18:00,Tuesday,CASTLE FRANK STATION,0,0,E,BD
09:46:00,Tuesday,COXWELL STATION,0,0,W,BD
10:54:00,Tuesday,ROSEDALE STATION,0,0,N,YU
10:59:00,Tuesday,BLOOR STATION,0,0,S,YU
11:26:00,Tuesday,SPADINA BD STATION,0,0,W,BD
11:55:00,Tuesday,KEELE STATION,0,0,E,BD
13:07:00,Tuesday,BATHURST STATION,9,13,E,BD
13:19:00,Tuesday,BATHURST STATION,4,8,E,BD
13:52:00,Tuesday,CHESTER STATION,0,0,E,BD
14:42:00,Tuesday,ROYAL YORK STATION,0,0,W,BD
15:07:00,Tuesday,ST CLAIR STATION,9,14,N,YU
16:22:00,Tuesday,EGLINTON STATION,3,8,S,YU
16:28:00,Tuesday,YONGE BD STATION,0,0,E,BD
16:28:00,Tuesday,SHEPPARD WEST STATION,0,0,N,YU
16:31:00,Tuesday,LAWRENCE WEST STATION,0,0,S,YU
16:50:00,Tuesday,EGLINTON STATION,0,0,S,YU
17:03:00,Tuesday,QUEEN STATION,17,20,S,YU
17:14:00,Tuesday,DUFFERIN STATION,0,0,W,BD
17:15:00,Tuesday,OSGOODE STATION,0,0,N,YU
17:25:00,Tuesday,ST CLAIR STATION,0,0,N,YU
17:36:00,Tuesday,DUNDAS WEST STATION,0,0,W,BD
17:36:00,Tuesday,YORK UNIVERSITY STATIO,5,8,N,YU
17:43:00,Tuesday,KEELE STATION,0,0,W,BD
18:18:00,Tuesday,COLLEGE STATION,0,0,N,YU
18:25:00,Tuesday,KEELE STATION,0,0,E,BD
18:51:00,Tuesday,DUFFERIN STATION,4,7,E,BD
18:58:00,Tuesday,BATHURST STATION,8,13,W,BD
19:50:00,Tuesday,ROSEDALE STATION,6,9,N,YU
19:52:00,Tuesday,ST CLAIR STATION,0,0,S,YU
21:47:00,Tuesday,KENNEDY BD STATION,5,10,W,BD
22:11:00,Tuesday,NORTH YORK CTR STATION,4,9,N,YU
22:17:00,Tuesday,COXWELL STATION,0,0,W,BD
22:24:00,Tuesday,FINCH STATION,5,10,S,YU
22:30:00,Tuesday,BLOOR STATION,0,0,N,YU
23:04:00,Tuesday,BAY STATION,6,11,W,BD
23:45:00,Tuesday,KENNEDY BD STATION,5,10,W,BD
00:00:00,Tuesday,DOWNSVIEW PARK STATION,17,23,N,YU
00:04:00,Tuesday,DUNDAS STATION,0,0,S,YU
00:10:00,Tuesday,ST GEORGE YUS STATION,0,0,S,YU
00:21:00,Tuesday,KENNEDY BD STATION,0,0,E,BD
00:52:00,Tuesday,WELLESLEY STATION,0,0,S,YU
01:37:00,Tuesday,BAY STATION,7,12,W,BD
01:45:00,Tuesday,KEELE STATION,15,20,W,BD
05:46:00,Wednesday,DONLANDS STATION,0,0,W,BD
06:08:00,Wednesday,WILSON STATION,4,6,S,YU
06:13:00,Wednesday,YORKDALE STATION,3,5,S,YU
06:31:00,Wednesday,MAIN STREET STATION,0,0,W,BD
06:34:00,Wednesday,KIPLING STATION,0,0,W,BD
07:09:00,Wednesday,DUNDAS TO FINCH STATIO,10,0,N,YU
07:17:00,Wednesday,CHRISTIE STATION TO PA,10,0,E,BD
07:45:00,Wednesday,VICTORIA PARK STATION,13,15,W,BD
07:58:00,Wednesday,KEELE STATION,4,6,E,BD
08:18:00,Wednesday,LAWRENCE WEST STATION,3,6,S,YU
08:48:00,Wednesday,BLOOR STATION,0,0,S,YU
08:51:00,Wednesday,WOODBINE STATION,0,0,W,BD
09:16:00,Wednesday,MAIN STREET STATION,0,0,E,BD
09:58:00,Wednesday,SPADINA BD STATION,0,0,W,BD
10:50:00,Wednesday,GUNN BUILDING,3,7,S,YU
10:54:00,Wednesday,BLOOR STATION,0,0,S,YU
11:04:00,Wednesday,VICTORIA PARK STATION,0,0,E,BD
11:47:00,Wednesday,KING STATION,3,8,S,YU
11:52:00,Wednesday,KING STATION,0,0,S,YU
12:11:00,Wednesday,DONLANDS STATION,6,10,W,BD
12:20:00,Wednesday,ST CLAIR STATION,7,12,S,YU
13:10:00,Wednesday,SHEPPARD STATION,4,8,N,YU
13:54:00,Wednesday,COXWELL STATION,0,0,E,BD
14:31:00,Wednesday,WILSON STATION,4,9,N,YU
14:51:00,Wednesday,ISLINGTON STATION,0,0,W,BD
15:02:00,Wednesday,BLOOR STATION,7,12,N,YU
15:28:00,Wednesday,LANSDOWNE STATION,0,0,W,BD
15:29:00,Wednesday,DUNDAS STATION,0,0,N,YU
15:40:00,Wednesday,ST CLAIR STATION,5,10,S,YU
15:43:00,Wednesday,PAPE STATION,3,6,W,BD
15:52:00,Wednesday,SHERBOURNE STATION,0,0,E,BD
16:18:00,Wednesday,UNION STATION,4,9,N,YU
16:31:00,Wednesday,KIPLING STATION,3,6,E,BD
16:40:00,Wednesday,ST GEORGE YUS STATION,8,11,N,YU
17:27:00,Wednesday,EGLINTON STATION,0,0,N,YU
17:28:00,Wednesday,WARDEN STATION,4,7,W,BD
19:22:00,Wednesday,CHRISTIE STATION,0,0,E,BD
19:51:00,Wednesday,BAY STATION,0,0,E,BD
21:20:00,Wednesday,YORK MILLS STATION,3,8,S,YU
21:59:00,Wednesday,OLD MILL STATION,5,10,W,BD
22:13:00,Wednesday,CASTLE FRANK STATION,28,33,W,BD
22:18:00,Wednesday,OLD MILL STATION,0,0,E,BD
23:09:00,Wednesday,EGLINTON STATION,7,12,S,YU
23:20:00,Wednesday,HIGH PARK STATION,0,0,W,BD
00:24:00,Wednesday,EGLINTON STATION,0,0,S,YU
00:29:00,Wednesday,QUEEN'S PARK STATION,0,0,N,YU
00:44:00,Wednesday,YONGE BD STATION,6,11,E,BD
00:55:00,Wednesday,EGLINTON STATION,6,12,N,YU
01:04:00,Wednesday,FINCH WEST STATION,5,10,S,YU
01:56:00,Wednesday,ST GEORGE BD STATION,17,0,E,BD
05:50:00,Thursday,HIGH PARK STATION,0,0,W,BD
06:17:00,Thursday,EGLINTON STATION,3,6,N,YU
06:55:00,Thursday,GREENWOOD PORTAL,3,8,W,BD
07:16:00,Thursday,LAWRENCE STATION,4,7,N,YU
07:19:00,Thursday,CHRISTIE TO PAPE STATI,10,0,E,BD
07:43:00,Thursday,COLLEGE STATION,13,16,N,YU
07:49:00,Thursday,JANE STATION,0,0,W,BD
09:04:00,Thursday,ST ANDREW STATION,0,0,S,YU
09:04:00,Thursday,ST ANDREW STATION,7,10,S,YU
09:39:00,Thursday,ST GEORGE YUS STATION,0,0,N,YU
10:09:00,Thursday,NORTH YORK CTR STATION,0,0,S,YU
10:12:00,Thursday,FINCH STATION,5,10,S,YU
10:15:00,Thursday,NORTH YORK CTR STATION,0,0,S,YU
10:33:00,Thursday,ST CLAIR STATION,6,11,S,YU
11:12:00,Thursday,RUNNYMEDE STATION,0,0,E,BD
11:19:00,Thursday,MAIN STREET STATION,0,0,W,BD
11:59:00,Thursday,BAY STATION,4,8,E,BD
12:15:00,Thursday,UNION STATION TO ST. A,6,11,N,YU
12:51:00,Thursday,VICTORIA PARK STATION,3,7,W,BD
13:00:00,Thursday,YONGE BD STATION,7,11,W,YU
13:04:00,Thursday,HIGH PARK STATION,0,0,E,BD
14:45:00,Thursday,CHESTER STATION,9,13,E,BD
15:04:00,Thursday,DAVISVILLE STATION,5,10,N,YU
15:09:00,Thursday,BLOOR STATION,0,0,N,YU
16:22:00,Thursday,WELLESLEY STATION,0,0,S,YU
16:31:00,Thursday,WARDEN STATION,6,9,W,BD
16:58:00,Thursday,BLOOR STATION,0,0,S,YU
17:05:00,Thursday,SPADINA YUS STATION,7,10,N,YU
17:13:00,Thursday,QUEEN STATION,0,0,N,YU
17:14:00,Thursday,BROADVIEW STATION,5,8,E,BD
17:41:00,Thursday,DAVISVILLE STATION,10,13,N,YU
17:46:00,Thursday,YONGE BD STATION,0,0,E,BD
18:11:00,Thursday,COLLEGE STATION,3,6,S,YU
18:27:00,Thursday,BROADVIEW STATION,0,0,W,BD
18:53:00,Thursday,SHEPPARD STATION,0,0,N,YU
19:19:00,Thursday,OSSINGTON STATION,8,13,E,BD
19:41:00,Thursday,BROADVIEW STATION,0,0,E,BD
20:00:00,Thursday,EGLINTON STATION,0,0,S,YU
20:12:00,Thursday,SHEPPARD STATION,7,12,N,YU
20:22:00,Thursday,SHEPPARD STATION,4,9,S,YU
20:31:00,Thursday,BLOOR STATION,0,0,N,YU
20:45:00,Thursday,CASTLE FRANK STATION,106,111,W,BD
21:20:00,Thursday,SPADINA BD STATION,0,0,W,BD
21:28:00,Thursday,DUFFERIN STATION,0,0,W,BD
21:45:00,Thursday,LANSDOWNE STATION,0,0,W,BD
22:29:00,Thursday,WILSON STATION,4,9,N,YU
22:54:00,Thursday,QUEEN STATION,0,0,N,YU
23:07:00,Thursday,DUNDAS STATION,0,0,N,YU
23:29:00,Thursday,WELLESLEY STATION,11,16,S,YU
23:32:00,Thursday,BLOOR STATION,0,0,N,YU
23:53:00,Thursday,SUMMERHILL STATION,13,18,N,YU
23:57:00,Thursday,YONGE BD STATION,0,0,E,BD
00:07:00,Thursday,QUEEN STATION,0,0,S,YU
00:22:00,Thursday,SHEPPARD STATION,5,11,N,YU
00:41:00,Thursday,OLD MILL STATION,8,13,W,BD
01:49:00,Thursday,KENNEDY BD STATION,0,0,E,BD
05:35:00,Friday,SHEPPARD WYE,41,48,S,YU
05:39:00,Friday,YORK MILLS STATION,49,0,N,YU
05:53:00,Friday,BLOOR STATION,19,0,S,YU
05:55:00,Friday,QUEEN STATION,12,18,S,YU
06:07:00,Friday,BLOOR STATION,5,0,N,YU
06:08:00,Friday,MUSEUM STATION,491,496,N,YU
06:40:00,Friday,DAVISVILLE BUILDUP,0,0,S,YU
07:20:00,Friday,ST GEORGE YUS STATION,0,0,S,YU
08:03:00,Friday,DAVISVILLE STATION,0,0,S,YU
08:10:00,Friday,CHRSTIE TO PAPE STATIO,10,14,E,BD
08:38:00,Friday,BLOOR STATION,3,6,N,YU
08:48:00,Friday,YORK MILLS STATION,6,9,S,YU
09:13:00,Friday,LANSDOWNE STATION,0,0,E,BD
09:29:00,Friday,SHERBOURNE STATION,0,0,E,BD
11:09:00,Friday,ROYAL YORK STATION,3,7,E,BD
11:22:00,Friday,CHESTER STATION,0,0,E,BD
11:36:00,Friday,CASTLE FRANK STATION,4,8,E,BD
11:55:00,Friday,ST PATRICK STATION,0,0,N,YU
12:18:00,Friday,LAWRENCE STATION,0,0,N,YU
12:40:00,Friday,HIGH PARK STATION,0,0,E,BD
12:49:00,Friday,WARDEN STATION,10,14,W,BD
12:53:00,Friday,ST ANDREW STATION,13,18,S,YU
13:17:00,Friday,KING STATION,0,0,S,YU
13:21:00,Friday,FINCH STATION,4,8,S,YU
13:48:00,Friday,LAWRENCE STATION,7,12,S,YU
13:51:00,Friday,LAWRENCE STATION,3,8,N,YU
13:56:00,Friday,CASTLE FRANK STATION,5,9,E,BD
14:16:00,Friday,COXWELL STATION,5,9,E,BD
14:34:00,Friday,BATHURST STATION,0,0,E,BD
14:54:00,Friday,WOODBINE STATION,0,0,W,BD
15:01:00,Friday,CASTLE FRANK STATION,10,14,E,BD
15:12:00,Friday,VICTORIA PARK STATION,0,0,E,BD
15:40:00,Friday,KING STATION,0,0,N,YU
15:53:00,Friday,BLOOR STATION,7,12,N,YU
16:29:00,Friday,SPADINA BD STATION,3,6,E,BD
16:51:00,Friday,HIGH PARK STATION,0,0,E,BD
17:35:00,Friday,KING STATION,8,11,N,YU
17:43:00,Friday,PAPE STATION,0,0,E,BD
17:54:00,Friday,QUEEN STATION,6,9,N,YU
18:00:00,Friday,ST GEORGE YUS STATION,0,0,N,YU
18:27:00,Friday,ST PATRICK STATION,0,0,S,YU
18:42:00,Friday,WOODBINE STATION,0,0,E,BD
18:55:00,Friday,SHEPPARD STATION,4,7,S,YU
19:08:00,Friday,SUMMERHILL STATION,0,0,N,YU
19:21:00,Friday,BLOOR STATION,16,21,S,YU
19:35:00,Friday,KIPLING STATION,6,11,E,BD
20:11:00,Friday,VICTORIA PARK STATION,0,0,E,BD
20:17:00,Friday,KIPLING STATION,0,0,W,BD
21:13:00,Friday,FINCH STATION,5,10,S,YU
21:14:00,Friday,MAIN STREET STATION,0,0,E,BD
21:33:00,Friday,KEELE STATION,0,0,W,BD
21:36:00,Friday,MUSEUM STATION,4,9,S,YU
22:02:00,Friday,QUEEN STATION,3,8,S,YU
22:20:00,Friday,PIONEER VILLAGE STATIO,5,10,N,YU
23:20:00,Friday,BROADVIEW STATION,5,10,W,BD
00:26:00,Friday,PAPE STATION,0,0,E,BD
00:40:00,Friday,ST CLAIR STATION,4,9,S,YU
00:58:00,Friday,KIPLING STATION,5,10,E,BD
01:38:00,Friday,PAPE STATION,0,0,W,BD
01:55:00,Friday,KING STATION,0,0,S,YU
05:48:00,Saturday,WARDEN TO KENNEDY,15,0,W,BD
05:49:00,Saturday,KIPLING STATION,5,10,E,BD
06:02:00,Saturday,YONGE BD STATION,7,0,W,BD
08:37:00,Saturday,HIGH PARK - KEELE STAT,0,0,E,BD
08:43:00,Saturday,EGLINTON STATION,0,0,S,YU
09:34:00,Saturday,WARDEN STATION,0,0,E,BD
09:46:00,Saturday,YONGE BD STATION,0,0,E,BD
10:28:00,Saturday,KIPLING STATION,0,0,W,BD
10:39:00,Saturday,MAIN STREET STATION,0,0,W,BD
10:48:00,Saturday,SHEPPARD WEST STATION,5,9,S,YU
11:10:00,Saturday,WARDEN STATION,3,7,W,BD
11:37:00,Saturday,CHESTER STATION,0,0,W,BD
11:49:00,Saturday,OSGOODE STATION,7,11,N,YU
12:19:00,Saturday,KIPLING STATION,4,8,E,BD
12:21:00,Saturday,SPADINA BD STATION,0,0,E,BD
12:51:00,Saturday,EGLINTON WEST STATION,3,7,S,YU
12:58:00,Saturday,ST CLAIR WEST STATION,8,12,S,YU
13:02:00,Saturday,KENNEDY BD STATION,4,8,W,BD
14:45:00,Saturday,ISLINGTON STATION,0,0,E,BD
15:11:00,Saturday,QUEEN STATION,0,0,S,YU
15:22:00,Saturday,VICTORIA PARK STATION,3,7,W,BD
16:41:00,Saturday,BLOOR STATION,0,0,S,YU
18:35:00,Saturday,PAPE STATION,0,0,W,BD
19:36:00,Saturday,FINCH STATION,4,8,S,YU
19:45:00,Saturday,VICTORIA PARK STATION,0,0,E,BD
20:14:00,Saturday,KENNEDY BD STATION,4,8,W,BD
21:36:00,Saturday,RUNNYMEDE STATION,4,9,E,BD
21:58:00,Saturday,COXWELL STATION,0,0,W,BD
22:19:00,Saturday,OLD MILL STATION,4,9,W,BD
00:18:00,Saturday,KENNEDY BD STATION,6,12,W,BD
01:15:00,Saturday,CHESTER STATION,3,9,E,BD
01:54:00,Saturday,QUEEN'S PARK STATION,0,0,N,YU
08:22:00,Sunday,DAVISVILLE STATION,12,0,N,YU
08:44:00,Sunday,YORKDALE STATION,4,0,N,YU
09:12:00,Sunday,YONGE BD STATION,10,14,W,BD
09:44:00,Sunday,DUPONT STATION,0,0,N,YU
10:01:00,Sunday,KENNEDY BD STATION,3,7,W,BD
10:20:00,Sunday,DAVISVILLE STATION,0,0,N,YU
12:26:00,Sunday,OSSINGTON STATION,8,12,W,BD
12:31:00,Sunday,MUSEUM STATION,0,0,S,YU
13:26:00,Sunday,GLENCAIRN STATION,6,10,S,YU
13:29:00,Sunday,FINCH WEST STATION,4,8,N,YU
14:48:00,Sunday,MUSEUM STATION,9,13,S,YU
15:50:00,Sunday,EGLINTON STATION,0,0,N,YU
16:01:00,Sunday,DOWNSVIEW PARK STATION,0,0,N,YU
16:17:00,Sunday,BAY STATION,4,8,E,BD
17:07:00,Sunday,EGLINTON WEST STATION,5,9,N,YU
19:50:00,Sunday,EGLINTON STATION,0,0,N,YU
20:41:00,Sunday,KENNEDY BD STATION,6,12,W,BD
20:42:00,Sunday,OLD MILL STATION,25,30,E,BD
20:44:00,Sunday,QUEEN STATION,3,8,S,YU
21:40:00,Sunday,ST GEORGE YUS STATION,32,38,S,YU
21:44:00,Sunday,ST GEORGE BD STATION,0,0,W,BD
22:09:00,Sunday,BLOOR STATION,13,19,S,YU
22:14:00,Sunday,KIPLING STATION,6,12,E,BD
23:20:00,Sunday,SHEPPARD STATION,5,10,S,YU
23:36:00,Sunday,CHESTER STATION,7,13,E,BD
23:48:00,Sunday,RUNNYMEDE STATION,4,10,W,BD
00:43:00,Sunday,ST CLAIR STATION,0,0,S,YU
16:46:00,Sunday,SHEPPARD-YONGE STATION,0,0,W,SHP
20:09:00,Sunday,BAYVIEW STATION,0,0,W,SHP
02:01:00,Monday,SHERBOURNE STATION,0,0,W,BD
06:18:00,Monday,EGLINTON STATION,3,6,N,YU
06:19:00,Monday,PAPE STATION,9,11,W,BD
07:10:00,Monday,OSGOODE STATION,3,6,N,YU
07:12:00,Monday,ST CLAIR STATION,9,12,S,YU
07:52:00,Monday,JANE STATION,7,10,E,BD
08:03:00,Monday,EGLINTON WEST STATION,3,6,S,YU
08:11:00,Monday,DOWNSVIEW PARK STATION,4,7,S,YU
08:12:00,Monday,KEELE STATION,0,0,E,BD
08:20:00,Monday,DOWNSVIEW PARK STATION,0,0,S,YU
08:31:00,Monday,SPADINA BD STATION,3,6,E,BD
10:08:00,Monday,KING STATION,0,0,S,YU
11:47:00,Monday,COXWELL STATION,0,0,E,BD
12:10:00,Monday,SPADINA BD STATION,3,7,W,BD
13:08:00,Monday,SUMMERHILL STATION,6,11,S,YU
15:26:00,Monday,CHESTER STATION,0,0,E,BD
15:56:00,Monday,WARDEN STATION,9,12,E,BD
16:39:00,Monday,ST CLAIR STATION,7,10,S,YU
16:41:00,Monday,EGLINTON WEST STATION,0,0,S,YU
17:00:00,Monday,KING STATION,14,17,N,YU
17:12:00,Monday,UNION STATION,0,0,N,YU
17:20:00,Monday,QUEEN STATION,6,9,N,YU
17:25:00,Monday,QUEEN STATION,3,6,N,YU
18:00:00,Monday,QUEEN STATION,0,0,S,YU
19:30:00,Monday,ST GEORGE YUS STATION,7,10,N,YU
19:37:00,Monday,DUNDAS STATION,0,0,N,YU
20:03:00,Monday,KEELE STATION,0,0,E,BD
20:12:00,Monday,KIPLING STATION,5,10,E,BD
20:42:00,Monday,JANE STATION,0,0,E,BD
21:10:00,Monday,HIGH PARK STATION,0,0,W,BD
22:18:00,Monday,COXWELL STATION,7,12,E,BD
23:10:00,Monday,BATHURST STATION,11,16,E,BD
23:13:00,Monday,EGLINTON STATION,0,0,S,YU
23:18:00,Monday,OSGOODE STATION,7,12,S,YU
23:41:00,Monday,ST CLAIR STATION,0,0,N,YU
23:56:00,Monday,PAPE STATION,0,0,E,BD
00:07:00,Monday,CHRISTIE STATION,0,0,W,BD
01:23:00,Monday,WARDEN STATION,3,8,W,BD
01:37:00,Monday,KIPLING STATION,0,0,E,BD
09:52:00,Monday,SHEPPARD-YONGE STATION,16,23,E,SHP
18:04:00,Monday,BAYVIEW STATION,0,0,E,SHP
22:12:00,Monday,SHEPPARD-YONGE STATION,5,12,E,SHP
02:30:00,Tuesday,KIPLING STATION,0,0,E,BD
05:40:00,Tuesday,KENNEDY BD STATION,5,10,W,BD
07:55:00,Tuesday,DAVISVILLE STATION,0,0,S,YU
08:14:00,Tuesday,WOODBINE STATION,0,0,E,BD
08:17:00,Tuesday,BAY STATION TO PAPE ST,5,0,E,BD
08:20:00,Tuesday,WOODBINE STATION,0,0,E,BD
08:39:00,Tuesday,KIPLING STATION,0,0,W,BD
09:14:00,Tuesday,BLOOR STATION,0,0,N,YU
09:44:00,Tuesday,ST CLAIR STATION,10,13,S,YU
10:15:00,Tuesday,WOODBINE STATION,0,0,E,BD
10:17:00,Tuesday,ST CLAIR STATION,31,36,S,YU
10:41:00,Tuesday,CHRISTIE STATION,8,12,W,BD
10:45:00,Tuesday,ST CLAIR WEST STATION,0,0,N,YU
11:08:00,Tuesday,WILSON STATION,7,12,S,YU
11:16:00,Tuesday,BLOOR STATION,0,0,S,YU
11:21:00,Tuesday,YONGE BD STATION,0,0,W,BD
11:37:00,Tuesday,SHEPPARD STATION,20,25,S,YU
11:46:00,Tuesday,NORTH YORK CTR STATION,5,10,N,YU
12:38:00,Tuesday,YORK MILLS STATION,0,0,N,YU
13:48:00,Tuesday,SHEPPARD WEST STATION,3,8,N,YU
14:24:00,Tuesday,ST CLAIR STATION,0,0,N,YU
14:42:00,Tuesday,ST CLAIR STATION,3,8,N,YU
15:19:00,Tuesday,WOODBINE STATION,0,0,E,BD
15:36:00,Tuesday,ST CLAIR WEST STATION,4,9,N,YU
15:47:00,Tuesday,MAIN STREET STATION,0,0,W,BD
16:26:00,Tuesday,BLOOR STATION,0,0,S,YU
16:39:00,Tuesday,COXWELL STATION,4,7,E,BD
16:42:00,Tuesday,CHRISTIE STATION,0,0,E,BD
16:51:00,Tuesday,ST CLAIR STATION,3,6,S,YU
16:53:00,Tuesday,DUNDAS WEST STATION,12,15,W,BD
17:32:00,Tuesday,KENNEDY BD STATION,3,6,W,BD
17:52:00,Tuesday,PIONEER VILLAGE STATIO,19,22,N,YU
18:30:00,Tuesday,WOODBINE STATION,7,10,E,BD
19:53:00,Tuesday,VICTORIA PARK STATION,0,0,E,BD
20:54:00,Tuesday,CASTLE FRANK STATION,0,0,E,BD
21:31:00,Tuesday,WELLESLEY STATION,9,14,N,YU
21:50:00,Tuesday,WILSON STATION,7,12,N,YU
22:23:00,Tuesday,DONLANDS STATION,3,8,W,BD
22:33:00,Tuesday,CASTLE FRANK STATION,5,10,W,BD
22:48:00,Tuesday,VICTORIA PARK STATION,9,14,W,BD
23:24:00,Tuesday,LANSDOWNE STATION,8,13,E,BD
23:57:00,Tuesday,BLOOR STATION,0,0,N,YU
00:40:00,Tuesday,PAPE STATION,0,0,W,BD
01:28:00,Tuesday,YORKDALE STATION,0,0,S,YU
01:35:00,Tuesday,CASTLE FRANK STATION,0,0,E,BD
11:48:00,Tuesday,SHEPPARD-YONGE STATION,8,15,E,SHP
17:16:00,Tuesday,LESLIE STATION,0,0,E,SHP
05:43:00,Wednesday,GREENWOOD STATION,10,13,E,BD
05:50:00,Wednesday,KEELE YARD,5,10,W,BD
05:55:00,Wednesday,OSSINGTON STATION,5,0,W,BD
05:55:00,Wednesday,YONGE BD STATION,10,0,W,BD
06:10:00,Wednesday,VAUGHAN MC STATION,3,6,S,YU
07:20:00,Wednesday,FINCH STATION,3,6,S,YU
07:23:00,Wednesday,OLD MILL STATION,7,10,E,BD
07:36:00,Wednesday,HIGH PARK STATION,3,6,E,BD
08:56:00,Wednesday,ST CLAIR WEST STATION,0,0,N,YU
09:41:00,Wednesday,WARDEN STATION,16,20,E,BD
10:25:00,Wednesday,ST GEORGE YUS STATION,3,6,N,YU
11:08:00,Wednesday,DUNDAS STATION,0,0,N,YU
11:52:00,Wednesday,BATHURST STATION,0,0,E,BD
12:05:00,Wednesday,ISLINGTON STATION,0,0,E,BD
13:39:00,Wednesday,BATHURST STATION,0,0,E,BD
13:53:00,Wednesday,ROSEDALE STATION,4,9,N,YU
14:44:00,Wednesday,ST GEORGE BD STATION,0,0,W,BD
15:07:00,Wednesday,QUEEN'S PARK STATION,3,8,N,YU
15:41:00,Wednesday,ROSEDALE STATION,18,23,N,YU
16:19:00,Wednesday,DAVISVILLE BUILDUP,0,0,S,YU
16:32:00,Wednesday,ST CLAIR STATION,4,7,S,YU
16:54:00,Wednesday,KEELE STATION,0,0,W,BD
17:09:00,Wednesday,EGLINTON STATION,0,0,N,YU
17:13:00,Wednesday,WOODBINE STATION,0,0,E,BD
17:29:00,Wednesday,DUPONT STATION,6,9,S,YU
17:40:00,Wednesday,BAY STATION,21,24,W,BD
17:42:00,Wednesday,CHRISTIE STATION,10,15,W,BD
18:21:00,Wednesday,DUNDAS STATION,0,0,N,YU
18:34:00,Wednesday,KIPLING STATION,0,0,E,BD
20:07:00,Wednesday,ST GEORGE YUS STATION,0,0,S,YU
20:35:00,Wednesday,ST CLAIR STATION,4,8,N,YU
20:46:00,Wednesday,GREENWOOD STATION,0,0,W,BD
20:55:00,Wednesday,MUSEUM STATION,5,10,S,YU
21:15:00,Wednesday,FINCH STATION,5,10,S,YU
21:20:00,Wednesday,ST CLAIR WEST STATION,0,0,N,YU
21:25:00,Wednesday,GREENWOOD STATION,0,0,W,BD
21:32:00,Wednesday,KEELE STATION,0,0,W,BD
21:43:00,Wednesday,WILSON STATION,11,16,N,YU
21:47:00,Wednesday,BAY STATION,0,0,E,BD
22:02:00,Wednesday,BLOOR STATION,0,0,N,YU
22:20:00,Wednesday,DUNDAS WEST STATION,3,8,E,BD
22:31:00,Wednesday,SPADINA YUS STATION,10,15,S,YU
22:53:00,Wednesday,DAVISVILLE STATION,0,0,N,YU
23:04:00,Wednesday,BROADVIEW STATION,5,10,E,BD
23:10:00,Wednesday,BATHURST STATION,0,0,W,BD
23:12:00,Wednesday,GREENWOOD WYE,7,12,W,BD
23:20:00,Wednesday,GREENWOOD STATION,0,0,E,BD
23:41:00,Wednesday,KENNEDY BD STATION,6,11,W,BD
23:58:00,Wednesday,COXWELL STATION,0,0,W,BD
00:13:00,Wednesday,YONGE BD STATION,0,0,E,BD
00:38:00,Wednesday,OSGOODE STATION,0,0,S,YU
14:27:00,Wednesday,DON MILLS STATION,3,10,W,SHP
05:43:00,Thursday,EGLINTON STATION,9,13,N,YU
05:56:00,Thursday,DONLANDS STATION,0,0,E,BD
06:15:00,Thursday,FINCH STATION,4,8,S,YU
06:41:00,Thursday,MAIN STREET STATION,0,0,W,BD
08:45:00,Thursday,BAY STATION,3,6,W,BD
09:03:00,Thursday,EGLINTON WEST STATION,3,6,S,YU
09:23:00,Thursday,KIPLING STATION,3,6,E,BD
09:43:00,Thursday,COLLEGE STATION,7,10,S,YU
11:06:00,Thursday,ST CLAIR WEST STATION,0,0,S,YU
11:12:00,Thursday,ISLINGTON STATION,0,0,E,BD
11:29:00,Thursday,UNION STATION TO ST AN,0,0,N,YU
12:22:00,Thursday,VICTORIA PARK STATION,0,0,W,BD
13:39:00,Thursday,ST GEORGE YUS STATION,4,9,N,YU
13:40:00,Thursday,MAIN STREET STATION,0,0,W,BD
13:59:00,Thursday,ROSEDALE STATION,0,0,N,YU
14:22:00,Thursday,KENNEDY BD STATION,4,8,W,BD
14:46:00,Thursday,HIGHWAY 407 STATION,7,12,N,YU
14:47:00,Thursday,WILSON STATION,16,19,N,YU
15:34:00,Thursday,UNION STATION,3,6,N,YU
15:44:00,Thursday,WILSON STATION,3,6,S,YU
16:41:00,Thursday,GLENCAIRN STATION,3,6,S,YU
16:42:00,Thursday,KEELE STATION,5,7,E,BD
16:44:00,Thursday,WARDEN STATION,0,0,W,BD
17:36:00,Thursday,BLOOR STATION,3,6,N,YU
17:51:00,Thursday,YORKDALE STATION,0,0,S,YU
17:54:00,Thursday,LAWRENCE STATION,4,7,S,YU
18:19:00,Thursday,SPADINA YUS STATION,15,18,N,YU
18:21:00,Thursday,SPADINA BD STATION,12,15,E,BD
18:24:00,Thursday,UNION STATION,23,26,S,YU
18:36:00,Thursday,ST GEORGE YUS STATION,0,0,N,YU
19:07:00,Thursday,BLOOR STATION,10,13,S,YU
20:13:00,Thursday,YONGE BD STATION,0,0,E,BD
20:28:00,Thursday,BATHURST STATION,22,27,W,BD
20:31:00,Thursday,BATHURST STATION,0,0,W,BD
23:08:00,Thursday,WELLESLEY STATION,3,8,S,YU
00:12:00,Thursday,YONGE STATION,0,0,S,YU
01:36:00,Thursday,KENNEDY BD STATION,5,10,E,BD
16:49:00,Thursday,BAYVIEW STATION,6,13,E,SHP
22:03:00,Thursday,DON MILLS STATION,7,14,W,SHP
05:43:00,Friday,ISLINGTON STATION,0,0,E,BD
05:58:00,Friday,GREENWOOD STATION,0,0,W,BD
05:58:00,Friday,YORKDALE STATION,9,0,S,YU
06:58:00,Friday,ROYAL YORK STATION,0,0,E,BD
07:45:00,Friday,KING STATION,0,0,N,YU
08:00:00,Friday,MAIN STREET STATION,0,0,W,BD
08:26:00,Friday,OSSINGTON TO CHESTER,10,0,E,BD
09:50:00,Friday,BROADVIEW STATION,11,14,E,BD
09:53:00,Friday,PIONEER VILLAGE STATIO,7,10,S,YU
10:32:00,Friday,FINCH WEST STATION,0,0,S,YU
11:20:00,Friday,SHEPPARD WEST STATION,5,10,S,YU
11:59:00,Friday,BLOOR STATION,3,8,S,YU
12:25:00,Friday,LANSDOWNE STATION,11,15,E,BD
12:37:00,Friday,SHEPPARD STATION,0,0,N,YU
12:51:00,Friday,SHEPPARD WEST STATION,3,8,N,YU
12:52:00,Friday,CASTLE FRANK STATION,3,7,E,BD
12:57:00,Friday,DUNDAS WEST STATION,4,8,E,BD
13:20:00,Friday,EGLINTON STATION,0,0,S,YU
13:45:00,Friday,SHEPPARD STATION,0,0,N,YU
13:49:00,Friday,KIPLING STATION TO COX,15,19,E,BD
14:18:00,Friday,ST CLAIR STATION,6,11,N,YU
14:36:00,Friday,KENNEDY BD STATION,3,7,W,BD
15:03:00,Friday,YONGE BD STATION,6,10,W,BD
15:12:00,Friday,YONGE BD STATION,0,0,W,BD
15:27:00,Friday,YORK MILLS STATION,14,19,S,YU
15:54:00,Friday,ISLINGTON STATION,0,0,E,BD
16:01:00,Friday,ST GEORGE BD STATION,0,0,E,BD
16:06:00,Friday,ROSEDALE STATION,6,11,S,YU
16:55:00,Friday,PAPE STATION,0,0,W,BD
17:21:00,Friday,ROYAL YORK STATION,3,6,W,BD
17:28:00,Friday,OLD MILL STATION,0,0,E,BD
17:47:00,Friday,CHRISTIE STATION (LEAV,0,0,W,BD
17:56:00,Friday,VICTORIA PARK STATION,24,27,W,BD
19:28:00,Friday,WELLESLEY STATION,4,8,N,YU
19:28:00,Friday,SUMMERHILL STATION,0,0,N,YU
19:35:00,Friday,MUSEUM STATION,6,9,N,YU
20:15:00,Friday,BROADVIEW STATION,3,8,E,BD
20:20:00,Friday,FINCH WEST STATION,0,0,N,YU
21:40:00,Friday,COLLEGE STATION,0,0,N,YU
22:44:00,Friday,ST GEORGE YUS STATION,4,10,S,YU
22:49:00,Friday,ST CLAIR STATION,16,21,N,YU
23:18:00,Friday,WELLESLEY STATION,0,0,S,YU
23:19:00,Friday,LAWRENCE STATION,6,11,N,YU
23:31:00,Friday,ST GEORGE BD STATION,0,0,E,BD
23:57:00,Friday,SHEPPARD WEST STATION,3,9,N,YU
01:44:00,Friday,ROYAL YORK STATION,0,0,E,BD
15:34:00,Friday,LESLIE STATION,0,0,W,SHP
17:53:00,Friday,LESLIE STATION,0,0,W,SHP
18:10:00,Friday,LESLIE STATION,0,0,W,SHP
18:50:00,Friday,DON MILLS STATION,0,0,W,SHP
23:40:00,Friday,LESLIE STATION,0,0,W,SHP
03:54:00,Saturday,KEELE YARD,5,10,W,BD
05:36:00,Saturday,KIPLING STATION,0,0,E,BD
06:25:00,Saturday,OLD MILL STATION,0,0,E,BD
06:34:00,Saturday,WILSON STATION,7,0,N,YU
07:12:00,Saturday,PIONEER VILLAGE STATIO,0,0,S,YU
08:38:00,Saturday,FINCH STATION,6,12,S,YU
10:26:00,Saturday,YORKDALE STATION,0,0,N,YU
10:34:00,Saturday,HIGHWAY 407 STATION,3,7,N,YU
11:03:00,Saturday,KENNEDY BD STATION,4,8,W,BD
12:39:00,Saturday,DUNDAS STATION,0,0,N,YU
12:52:00,Saturday,BROADVIEW STATION,10,14,W,BD
13:27:00,Saturday,DUNDAS STATION,0,0,N,YU
14:02:00,Saturday,HIGH PARK STATION,5,9,W,BD
14:08:00,Saturday,DUNDAS STATION,0,0,S,YU
14:51:00,Saturday,OLD MILL STATION,3,7,E,BD
15:04:00,Saturday,ISLINGTON STATION,0,0,W,BD
15:33:00,Saturday,SHEPPARD STATION,0,0,N,YU
15:57:00,Saturday,ROSEDALE STATION,3,7,N,YU
16:02:00,Saturday,ST CLAIR WEST STATION,0,0,N,YU
16:16:00,Saturday,ROSEDALE STATION,5,9,N,YU
17:21:00,Saturday,DUNDAS STATION,13,17,S,YU
17:22:00,Saturday,VAUGHAN MC STATION,5,10,N,YU
17:50:00,Saturday,ST GEORGE YUS STATION,0,0,N,YU
17:52:00,Saturday,ST GEORGE BD STATION,0,0,W,BD
17:53:00,Saturday,SPADINA YUS STATION,9,13,N,YU
17:57:00,Saturday,SPADINA BD STATION,0,0,W,BD
18:03:00,Saturday,KIPLING STATION,4,8,E,BD
18:13:00,Saturday,KEELE STATION,0,0,W,BD
18:45:00,Saturday,OSSINGTON STATION,0,0,W,BD
19:29:00,Saturday,ST GEORGE BD STATION,5,9,E,BD
19:33:00,Saturday,DONLANDS STATION,0,0,W,BD
19:45:00,Saturday,KIPLING STATION,5,10,E,BD
20:18:00,Saturday,BLOOR STATION,0,0,N,YU
20:22:00,Saturday,KENNEDY BD STATION,3,8,W,BD
21:12:00,Saturday,DUNDAS STATION,6,11,N,YU
21:36:00,Saturday,FINCH STATION,0,0,N,YU
22:54:00,Saturday,FINCH STATION,0,0,N,YU
23:16:00,Saturday,OSGOODE STATION,28,34,N,YU
23:20:00,Saturday,SUMMERHILL STATION,4,10,N,YU
23:52:00,Saturday,ST ANDREW STATION,4,10,N,YU
00:02:00,Saturday,ST CLAIR WEST STATION,23,29,S,YU
00:12:00,Saturday,LAWRENCE WEST STATION,5,10,S,YU
00:20:00,Saturday,DUFFERIN STATION,0,0,W,BD
01:06:00,Saturday,SHERBOURNE STATION,0,0,E,BD
01:19:00,Saturday,BAY STATION,0,0,E,BD
12:39:00,Saturday,LESLIE STATION,7,14,W,SHP
13:10:00,Saturday,DON MILLS STATION,0,0,E,SHP
13:30:00,Saturday,LESLIE STATION,0,0,W,SHP
08:15:00,Sunday,KIPLING STATION,5,10,E,BD
08:20:00,Sunday,GREENWOOD STATION,9,13,E,BD
08:22:00,Sunday,KIPLING STATION,5,10,E,BD
09:04:00,Sunday,KEELE STATION,4,8,E,BD
11:09:00,Sunday,WARDEN STATION,0,0,W,BD
12:19:00,Sunday,SPADINA BD STATION,0,0,W,BD
12:29:00,Sunday,DUNDAS STATION,0,0,S,YU
12:42:00,Sunday,SPADINA YUS STATION,0,0,S,YU
13:06:00,Sunday,OSSINGTON STATION,0,0,W,BD
13:32:00,Sunday,KENNEDY BD STATION,0,0,E,BD
13:37:00,Sunday,COLLEGE STATION,0,0,N,YU
14:06:00,Sunday,YORKDALE STATION,4,8,N,YU
14:17:00,Sunday,SHEPPARD STATION,0,0,N,YU
15:56:00,Sunday,VAUGHAN MC STATION,0,0,S,YU
15:58:00,Sunday,HIGHWAY 407 STATION,7,11,S,YU
16:06:00,Sunday,EGLINTON WEST STATION,6,10,S,YU
16:45:00,Sunday,MAIN STREET STATION,3,8,W,BD
17:38:00,Sunday,BLOOR STATION,0,0,N,YU
19:48:00,Sunday,PAPE STATION,0,0,W,BD
20:20:00,Sunday,KIPLING STATION,3,8,W,BD
21:38:00,Sunday,VAUGHAN MC STATION,6,12,N,YU
22:57:00,Sunday,BLOOR STATION,0,0,S,YU
23:10:00,Sunday,EGLINTON WEST STATION,7,13,S,YU
23:19:00,Sunday,ST CLAIR WEST STATION,12,18,S,YU
00:10:00,Sunday,FINCH WEST STATION,0,0,N,YU
00:44:00,Sunday,BROADVIEW STATION,6,12,W,BD
00:54:00,Sunday,FINCH STATION,9,16,S,YU
01:02:00,Sunday,ROYAL YORK STATION,7,13,E,BD
22:04:00,Sunday,SHEPPARD-YONGE STATION,0,0,W,SHP
02:17:00,Monday,KIPLING STATION,0,0,E,BD
05:38:00,Monday,EGLINTON STATION,4,0,N,YU
06:14:00,Monday,EGLINTON STATION,4,8,N,YU
06:18:00,Monday,DAVISVILLE YARD,0,0,S,YU
07:06:00,Monday,BAY STATION,4,6,W,BD
08:06:00,Monday,ISLINGTON STATION,0,0,E,BD
08:21:00,Monday,YONGE STATION,3,5,W,BD
08:27:00,Monday,UNION STATION,3,6,N,YU
08:35:00,Monday,QUEEN'S PARK STATION,3,6,S,YU
08:46:00,Monday,UNION STATION,4,7,N,YU
08:57:00,Monday,PAPE STATION,15,18,E,BD
10:38:00,Monday,OLD MILL STATION,8,12,W,BD
12:16:00,Monday,BLOOR STATION,0,0,N,YU
12:18:00,Monday,YONGE BD STATION,0,0,E,BD
13:32:00,Monday,KIPLING STATION,4,8,E,BD
15:04:00,Monday,KENNEDY BD STATION,3,6,W,BD
15:40:00,Monday,ST GEORGE YUS STATION,0,0,S,YU
15:52:00,Monday,CHESTER STATION,0,0,E,BD
15:57:00,Monday,DAVISVILLE STATION,8,13,N,YU
16:11:00,Monday,VAUGHAN MC STATION,14,17,N,YU
16:15:00,Monday,SHERBOURNE STATION,0,0,E,BD
16:22:00,Monday,DAVISVILLE STATION,0,0,N,YU
16:58:00,Monday,VAUGHAN MC STATION,9,12,N,YU
17:01:00,Monday,LAWRENCE WEST STATION,7,10,S,YU
17:04:00,Monday,DAVISVILLE STATION,0,0,N,YU
17:12:00,Monday,ISLINGTON STATION,0,0,W,BD
17:22:00,Monday,ISLINGTON STATION,19,22,W,BD
17:29:00,Monday,KEELE STATION,6,9,W,BD
17:45:00,Monday,SPADINA BD STATION,0,0,W,BD
18:12:00,Monday,BAY STATION,14,17,W,BD
19:18:00,Monday,DUPONT STATION,7,12,S,YU
19:52:00,Monday,DUPONT STATION,7,11,S,YU
21:34:00,Monday,ROYAL YORK STATION,0,0,W,BD
22:34:00,Monday,ST CLAIR STATION,13,18,S,YU
23:50:00,Monday,RUNNYMEDE STATION,4,9,E,BD
23:55:00,Monday,VAUGHAN MC STATION,5,10,N,YU
00:36:00,Monday,SUMMERHILL STATION,3,8,N,YU
01:44:00,Monday,YORK UNIVERSITY STATIO,3,9,N,YU
11:21:00,Monday,DON MILLS STATION,6,13,W,SHP
13:01:00,Monday,LESLIE STATION,0,0,W,SHP
17:47:00,Monday,LESLIE STATION,0,0,E,SHP
05:58:00,Tuesday,VAUGHAN MC STATION,3,6,S,YU
05:58:00,Tuesday,EGLINTON STATION,10,14,N,YU
06:17:00,Tuesday,HIGH PARK STATION,0,0,E,BD
06:49:00,Tuesday,FINCH STATION,4,7,S,YU
06:55:00,Tuesday,ST GEORGE BD STATION,4,6,W,YU
07:04:00,Tuesday,BROADVIEW STATION,0,0,E,BD
07:06:00,Tuesday,BLOOR STATION,0,0,S,YU
07:49:00,Tuesday,VAUGHAN MC STATION,3,6,S,YU
07:50:00,Tuesday,DAVISVILLE STATION,0,0,S,YU
07:50:00,Tuesday,BROADVIEW STATION,3,6,E,BD
08:29:00,Tuesday,SPADINA YUS STATION,3,6,S,YU
08:58:00,Tuesday,UNION STATION,6,9,S,YU
09:40:00,Tuesday,VICTORIA PARK STATION,5,9,E,YU
11:19:00,Tuesday,EGLINTON STATION,3,6,S,YU
11:24:00,Tuesday,DAVISVILLE STATION,5,8,S,BD
11:47:00,Tuesday,SPADINA YUS STATION,3,8,N,BD
11:19:00,Tuesday,EGLINTON STATION,3,6,S,YU
11:24:00,Tuesday,DAVISVILLE STATION,5,8,S,YU
11:47:00,Tuesday,SPADINA YUS STATION,3,8,N,YU
12:01:00,Tuesday,UNION STATION,4,9,N,YU
12:42:00,Tuesday,MAIN STREET STATION,0,0,W,BD
13:22:00,Tuesday,FINCH STATION,5,10,S,YU
14:03:00,Tuesday,OLD MILL STATION,0,0,W,BD
15:19:00,Tuesday,OSSINGTON STATION,24,27,E,BD
15:45:00,Tuesday,BLOOR STATION,0,0,S,YU
15:45:00,Tuesday,BLOOR STATION,0,0,S,YU
15:53:00,Tuesday,CASTLE FRANK STATION,3,6,E,BD
16:16:00,Tuesday,DUNDAS STATION,4,7,N,YU
16:24:00,Tuesday,DUNDAS STATION,8,11,S,YU
16:25:00,Tuesday,KENNEDY BD STATION,0,0,W,BD
16:47:00,Tuesday,SHERBOURNE STATION,0,0,W,BD
16:57:00,Tuesday,SHERBOURNE STATION,6,9,E,BD
17:16:00,Tuesday,BROADVIEW STATION,4,7,E,BD
17:25:00,Tuesday,BROADVIEW STATION,4,7,E,BD
17:29:00,Tuesday,ST CLAIR STATION,5,8,S,YU
17:43:00,Tuesday,FINCH STATION,3,6,S,YU
17:45:00,Tuesday,LAWRENCE STATION,3,6,N,YU
17:52:00,Tuesday,LAWRENCE STATION,5,8,N,YU
17:57:00,Tuesday,FINCH WEST STATION,3,6,S,YU
18:39:00,Tuesday,QUEEN STATION,0,0,N,YU
20:02:00,Tuesday,ISLINGTON STATION,11,16,E,BD
20:04:00,Tuesday,YORK MILLS STATION,8,13,N,YU
20:22:00,Tuesday,YORK MILLS STATION,10,15,S,YU
21:08:00,Tuesday,VAUGHAN MC STATION,5,10,S,YU
21:44:00,Tuesday,BROADVIEW STATION,5,11,W,BD
21:52:00,Tuesday,HIGH PARK STATION,17,22,E,BD
22:25:00,Tuesday,LAWRENCE STATION,0,0,S,YU
22:39:00,Tuesday,LANSDOWNE STATION,5,10,E,BD
22:45:00,Tuesday,DUNDAS STATION,0,0,N,YU
23:05:00,Tuesday,SHEPPARD WEST STATION,0,0,N,YU
23:43:00,Tuesday,VAUGHAN MC STATION,0,0,N,YU
23:52:00,Tuesday,CHRISTIE STATION,0,0,W,BD
23:52:00,Tuesday,CHRISTIE STATION,0,0,W,BD
09:22:00,Tuesday,LESLIE STATION (APPROA,3,10,W,SHP
14:20:00,Tuesday,SHEPPARD-YONGE STATION,0,0,W,SHP
20:09:00,Tuesday,BAYVIEW STATION,4,11,E,SHP
02:21:00,Wednesday,VAUGHAN MC STATION,0,0,S,YU
06:10:00,Wednesday,EGLINTON STATION,5,10,N,YU
06:12:00,Wednesday,ST CLAIR STATION,6,0,N,YU
06:51:00,Wednesday,YONGE BD STATION,5,8,W,BD
08:18:00,Wednesday,UNION STATION (TOWARDS,5,8,N,YU
08:31:00,Wednesday,KENNEDY BD STATION,3,5,W,BD
10:21:00,Wednesday,VAUGHAN MC STATION,5,10,S,YU
11:08:00,Wednesday,DUNDAS STATION,6,11,N,YU
13:20:00,Wednesday,OSSINGTON STATION,11,15,W,BD
13:47:00,Wednesday,MUSEUM STATION,3,8,S,YU
13:50:00,Wednesday,DOWNSVIEW PARK STATION,5,10,S,YU
14:50:00,Wednesday,BLOOR STATION,0,0,N,YU
15:01:00,Wednesday,KEELE STATION,0,0,W,BD
16:37:00,Wednesday,EGLINTON WEST STATION,0,0,N,YU
16:48:00,Wednesday,DAVISVILLE STATION,5,8,S,YU
17:16:00,Wednesday,DUPONT STATION,0,0,N,YU
18:07:00,Wednesday,LAWRENCE STATION,15,18,N,YU
19:53:00,Wednesday,BATHURST STATION,6,11,E,BD
20:19:00,Wednesday,WELLESLEY STATION,10,15,N,YU
20:23:00,Wednesday,LAWRENCE WEST STATION,0,0,N,YU
20:36:00,Wednesday,WOODBINE STATION,0,0,W,BD
21:08:00,Wednesday,ST CLAIR WEST STATION,0,0,N,YU
21:22:00,Wednesday,WARDEN STATION,0,0,E,BD
22:14:00,Wednesday,UNION STATION TO ST AN,4,9,N,YU
22:50:00,Wednesday,FINCH STATION,5,10,N,YU
23:11:00,Wednesday,CHESTER STATION,0,0,W,BD
23:19:00,Wednesday,VAUGHAN MC STATION,5,10,S,YU
23:43:00,Wednesday,DUNDAS STATION,0,0,S,YU
01:02:00,Wednesday,PAPE STATION,8,13,W,BD
01:12:00,Wednesday,ST PATRICK STATION,0,0,S,YU
01:22:00,Wednesday,KING STATION,0,0,N,YU
10:27:00,Wednesday,LESLIE STATION,0,0,E,SHP
21:29:00,Wednesday,DON MILLS STATION,7,14,W,SHP
22:38:00,Wednesday,DON MILLS STATION,33,40,W,SHP
22:50:00,Wednesday,BAYVIEW STATION,5,12,W,SHP
02:00:00,Thursday,HIGHWAY 407 STATION,0,0,N,YU
06:09:00,Thursday,EGLINTON STATION,5,10,N,YU
06:17:00,Thursday,WILSON STATION,6,9,S,YU
06:25:00,Thursday,YORKDALE STATION,8,11,S,YU
06:50:00,Thursday,SHEPPARD WEST STATION,9,12,N,YU
07:05:00,Thursday,ST PATRICK STATION,4,7,S,YU
07:11:00,Thursday,LAWRENCE STATION,6,9,S,YU
07:13:00,Thursday,DUNDAS STATION,4,7,S,YU
07:45:00,Thursday,WILSON STATION,3,6,S,YU
07:56:00,Thursday,DUFFERIN STATION,0,0,W,BD
10:05:00,Thursday,KIPLING STATION,8,11,W,BD
11:06:00,Thursday,CHRISTIE STATION,5,9,E,BD
12:48:00,Thursday,BLOOR STATION,0,0,S,YU
12:48:00,Thursday,VAUGHAN MC STATION,0,0,S,YU
13:33:00,Thursday,BLOOR STATION,4,9,N,YU
13:55:00,Thursday,SUMMERHILL STATION,6,11,S,YU
14:02:00,Thursday,DUNDAS WEST STATION,0,0,E,BD
14:10:00,Thursday,YORK UNIVERSITY STATIO,5,10,S,YU
14:28:00,Thursday,KIPLING STATION,0,0,W,BD
14:46:00,Thursday,FINCH WEST STATION,7,12,S,YU
14:56:00,Thursday,DOWNSVIEW PARK STATION,5,10,S,YU
15:06:00,Thursday,YONGE BD STATION,0,0,E,BD
15:10:00,Thursday,DAVISVILLE STATION,13,18,N,YU
15:14:00,Thursday,OSSINGTON STATION,9,13,W,BD
15:57:00,Thursday,ST CLAIR WEST STATION,15,20,N,YU
16:55:00,Thursday,LAWRENCE STATION,0,0,N,YU
18:06:00,Thursday,ST ANDREW STATION,9,12,N,YU
18:13:00,Thursday,BLOOR STATION,0,0,S,YU
18:19:00,Thursday,ST GEORGE YUS STATION,0,0,N,YU
19:28:00,Thursday,LANSDOWNE STATION,14,19,W,BD
19:38:00,Thursday,LAWRENCE WEST STATION,6,11,S,YU
19:42:00,Thursday,WELLESLEY STATION,4,9,S,YU
19:45:00,Thursday,VAUGHAN MC STATION,0,0,S,YU
20:14:00,Thursday,FINCH STATION,4,9,S,YU
20:20:00,Thursday,SHEPPARD STATION,0,0,S,YU
20:37:00,Thursday,ST GEORGE YUS STATION,7,12,N,YU
20:44:00,Thursday,BLOOR STATION,0,0,N,YU
21:46:00,Thursday,WELLESLEY STATION,4,9,N,YU
21:52:00,Thursday,BLOOR STATION,4,9,S,YU
22:25:00,Thursday,DAVISVILLE STATION,0,0,S,YU
14:33:00,Thursday,DON MILLS STATION,3,10,W,SHP
19:23:00,Thursday,SHEPPARD-YONGE STATION,8,15,E,SHP
20:37:00,Thursday,BAYVIEW STATION,0,0,E,SHP
05:46:00,Friday,MAIN STREET STATION,0,0,E,BD
08:41:00,Friday,WOODBINE STATION,0,0,E,BD
09:34:00,Friday,ST PATRICK STATION,0,0,N,YU
09:36:00,Friday,DUNDAS STATION,4,7,S,YU
09:59:00,Friday,KIPLING STATION,3,6,E,BD
10:09:00,Friday,KIPLING STATION,0,0,W,BD
10:17:00,Friday,FINCH STATION,8,11,N,YU
10:46:00,Friday,DUFFERIN STATION,4,8,W,BD
11:05:00,Friday,KIPLING STATION,4,8,E,BD
11:19:00,Friday,KIPLING STATION,4,8,E,BD
11:37:00,Friday,COXWELL STATION,3,7,W,BD
11:56:00,Friday,UNION STATION TO ST AN,5,10,N,YU
12:46:00,Friday,EGLINTON WEST STATION,0,0,S,YU
13:04:00,Friday,NORTH YORK CTR STATION,0,0,S,YU
13:18:00,Friday,QUEEN'S PARK STATION,0,0,S,YU
13:36:00,Friday,YORK UNIVERSITY STATIO,7,12,S,YU
14:19:00,Friday,LAWRENCE STATION,5,10,N,YU
14:48:00,Friday,DAVISVILLE STATION,5,10,S,YU
15:25:00,Friday,BLOOR STATION,4,8,N,YU
15:35:00,Friday,DAVISVILLE BUILD UP,0,0,S,YU
15:35:00,Friday,BLOOR STATION,0,0,S,YU
15:59:00,Friday,ROSEDALE STATION,9,14,S,YU
16:20:00,Friday,CHESTER STATION,3,6,E,BD
16:30:00,Friday,OSGOODE STATION,4,8,N,YU
16:39:00,Friday,SHEPPARD WEST STATION,0,0,S,YU
17:03:00,Friday,KIPLING STATION,3,6,E,BD
17:31:00,Friday,BLOOR STATION,4,7,S,YU
17:48:00,Friday,KENNEDY BD STATION,0,0,E,BD
18:47:00,Friday,WELLESLEY STATION,5,8,N,YU
18:48:00,Friday,WELLESLEY STATION,7,10,S,YU
18:57:00,Friday,SUMMERHILL STATION,0,0,N,YU
19:00:00,Friday,KENNEDY BD STATION,0,0,W,BD
19:16:00,Friday,SHEPPARD STATION,4,7,N,YU
19:41:00,Friday,CHESTER STATION,0,0,E,BD
19:43:00,Friday,BATHURST STATION,0,0,W,BD
20:18:00,Friday,SHEPPARD WEST STATION,0,0,S,YU
21:27:00,Friday,DAVISVILLE STATION,3,8,S,YU
22:11:00,Friday,ST GEORGE BD STATION,3,8,E,BD
23:12:00,Friday,KIPLING STATION,4,9,W,BD
00:11:00,Friday,DUFFERIN STATION,4,9,W,BD
00:27:00,Friday,ST GEORGE YUS STATION,0,0,S,YU
00:35:00,Friday,COLLEGE STATION,19,24,S,YU
01:02:00,Friday,MUSEUM STATION,9,14,S,YU
01:04:00,Friday,UNION STATION TO ST AN,3,9,N,YU
01:13:00,Friday,SHERBOURNE STATION,4,9,E,BD
06:05:00,Saturday,BLOOR STATION,3,0,N,YU
06:56:00,Saturday,UNION STATION (TO KING,3,9,N,YU
07:35:00,Saturday,SHEPPARD STATION,0,0,N,YU
08:14:00,Saturday,ST ANDREW STATION,0,0,N,YU
08:52:00,Saturday,ISLINGTON STATION,0,0,W,BD
11:15:00,Saturday,WARDEN STATION,3,7,W,BD
11:35:00,Saturday,UNION STATION,0,0,S,YU
11:48:00,Saturday,KENNEDY BD STATION,4,8,W,BD
11:51:00,Saturday,GREENWOOD YARD,0,0,E,BD
11:55:00,Saturday,ST GEORGE YUS STATION,0,0,N,YU
12:01:00,Saturday,KEELE STATION,0,0,W,BD
12:26:00,Saturday,RUNNYMEDE STATION,3,7,E,BD
12:46:00,Saturday,SUMMERHILL STATION,7,11,N,YU
12:53:00,Saturday,BLOOR STATION,9,13,N,YU
13:03:00,Saturday,DAVISVILLE STATION,3,7,N,YU
13:12:00,Saturday,DAVISVILLE STATION,4,8,N,YU
13:20:00,Saturday,EGLINTON STATION,4,8,N,YU
13:32:00,Saturday,DONLANDS STATION,15,19,W,BD
13:56:00,Saturday,YORK MILLS STATION,3,7,N,YU
13:59:00,Saturday,SHEPPARD STATION,3,7,N,YU
14:07:00,Saturday,ISLINGTON STATION,0,0,E,BD
14:08:00,Saturday,OLD MILL STATION,0,0,E,BD
14:41:00,Saturday,SHEPPARD STATION,3,7,N,YU
14:50:00,Saturday,YORK MILLS STATION,0,0,S,YU
14:53:00,Saturday,YORK MILLS STATION,3,7,N,YU
14:58:00,Saturday,LAWRENCE STATION,8,12,S,YU
15:30:00,Saturday,FINCH STATION,0,0,S,YU
15:57:00,Saturday,HIGHWAY 407 STATION,0,0,N,YU
16:08:00,Saturday,DUNDAS STATION,4,8,N,YU
16:19:00,Saturday,FINCH STATION,0,0,S,YU
16:19:00,Saturday,COLLEGE STATION,5,9,N,YU
16:35:00,Saturday,SHEPPARD STATION,0,0,S,YU
16:39:00,Saturday,YORK MILLS STATION,17,21,S,YU
17:11:00,Saturday,KENNEDY BD STATION,4,8,W,BD
17:25:00,Saturday,BLOOR STATION,0,0,S,YU
17:45:00,Saturday,EGLINTON WEST STATION,4,8,S,YU
18:21:00,Saturday,BLOOR STATION,0,0,S,YU
18:34:00,Saturday,OSSINGTON STATION,0,0,W,BD
19:19:00,Saturday,BLOOR STATION,48,53,S,YU
19:20:00,Saturday,YONGE BD STATION,0,0,E,BD
19:34:00,Saturday,DUNDAS WEST STATION,0,0,W,BD
19:41:00,Saturday,DUNDAS STATION,0,0,S,YU
19:42:00,Saturday,COLLEGE STATION,0,0,S,YU
20:10:00,Saturday,BROADVIEW STATION,4,9,W,BD
20:13:00,Saturday,SHEPPARD STATION,20,25,N,YU
20:33:00,Saturday,DAVISVILLE STATION,10,15,N,YU
20:47:00,Saturday,ST GEORGE BD STATION,0,0,E,BD
20:48:00,Saturday,ST GEORGE YUS STATION,0,0,N,YU
21:08:00,Saturday,SUMMERHILL STATION,12,17,S,YU
22:13:00,Saturday,DAVISVILLE STATION,0,0,S,YU
22:21:00,Saturday,SPADINA BD STATION,0,0,E,BD
22:23:00,Saturday,SPADINA YUS STATION,0,0,N,YU
23:29:00,Saturday,SPADINA YUS STATION,0,0,S,YU
23:30:00,Saturday,SPADINA BD STATION,0,0,E,BD
23:36:00,Saturday,WILSON STATION,5,11,N,YU
23:41:00,Saturday,SHERBOURNE STATION,0,0,E,BD
23:41:00,Saturday,ST GEORGE STATION,0,0,W,BD
23:52:00,Saturday,ST GEORGE YUS STATION,0,0,S,YU
00:08:00,Saturday,BLOOR STATION,3,9,N,YU
00:51:00,Saturday,SHEPPARD STATION,11,17,N,YU
01:29:00,Saturday,CHRISTIE STATION,6,12,E,BD
01:32:00,Saturday,SHEPPARD WEST STATION,0,0,S,YU
01:44:00,Saturday,DUPONT STATION,6,12,N,YU
01:47:00,Saturday,KENNEDY BD STATION,0,0,W,BD
14:35:00,Saturday,SHEPPARD-YONGE STATION,3,10,W,SHP
23:07:00,Saturday,SHEPPARD-YONGE STATION,0,0,E,SHP
08:10:00,Sunday,KEELE STATION,5,10,W,BD
08:13:00,Sunday,ST GEORGE BD STATION,4,9,W,BD
08:21:00,Sunday,COXWELL STATION,0,0,E,BD
08:25:00,Sunday,GREENWOOD STATION,8,12,E,BD
08:28:00,Sunday,DONLANDS STATION,4,8,W,BD
10:02:00,Sunday,EGLINTON WEST STATION,0,0,S,YU
10:27:00,Sunday,CASTLE FRANK STATION,21,25,E,BD
10:37:00,Sunday,ST CLAIR WEST STATION,7,11,S,YU
12:47:00,Sunday,BLOOR STATION,0,0,S,YU
13:23:00,Sunday,BATHURST STATION,7,11,E,BD
13:25:00,Sunday,YONGE BD STATION,7,11,W,BD
14:28:00,Sunday,CASTLE FRANK STATION,3,7,E,BD
15:33:00,Sunday,SUMMERHILL STATION,0,0,N,YU
15:47:00,Sunday,UNION STATION TO KING,6,10,N,YU
15:57:00,Sunday,JANE STATION,4,8,W,BD
16:23:00,Sunday,KIPLING STATION,4,8,E,BD
16:49:00,Sunday,ROSEDALE STATION,3,7,N,YU
18:00:00,Sunday,EGLINTON WEST STATION,0,0,S,YU
18:21:00,Sunday,NORTH YORK CTR STATION,13,17,N,YU
18:31:00,Sunday,YONGE BD STATION,0,0,W,BD
19:14:00,Sunday,RUNNYMEDE STATION,0,0,W,BD
19:17:00,Sunday,SHERBOURNE STATION,0,0,E,BD
19:28:00,Sunday,GLENCAIRN STATION,15,21,N,YU
20:20:00,Sunday,CHESTER STATION,9,14,E,BD
20:54:00,Sunday,DUNDAS WEST STATION,0,0,E,BD
21:26:00,Sunday,YORKDALE STATION,0,0,N,YU
21:54:00,Sunday,SHEPPARD WEST STATION,0,0,S,YU
23:02:00,Sunday,DAVISVILLE STATION,17,22,N,YU
23:13:00,Sunday,UNION STATION TO KING,7,13,N,YU
23:43:00,Sunday,SHERBOURNE STATION,0,0,E,BD
00:26:00,Sunday,BATHURST STATION,0,0,E,BD
00:43:00,Sunday,VAUGHAN MC STATION,6,12,S,YU
00:53:00,Sunday,BLOOR STATION,0,0,S,YU
06:15:00,Monday,RUNNYMEDE STATION,3,6,E,BD
06:18:00,Monday,EGLINTON STATION,3,6,N,YU
06:26:00,Monday,RUNNYMEDE STATION,0,0,E,BD
07:00:00,Monday,KIPLING STATION,3,6,E,BD
07:05:00,Monday,GREENWOOD STATION,0,0,E,BD
07:10:00,Monday,QUEEN STATION,0,0,S,YU
07:18:00,Monday,YONGE BD STATION,0,0,W,BD
07:43:00,Monday,KENNEDY BD STATION,3,6,E,BD
07:53:00,Monday,NORTH YORK CTR STATION,3,5,S,YU
08:06:00,Monday,HIGHWAY 407 STATION,8,11,S,YU
08:35:00,Monday,CHRISTIE TO PAPE STATI,10,0,E,BD
09:11:00,Monday,COLLEGE STATION,0,0,S,YU
09:34:00,Monday,CHESTER STATION,0,0,E,BD
09:47:00,Monday,ISLINGTON STATION,5,8,E,BD
09:59:00,Monday,ST CLAIR STATION,0,0,S,YU
10:14:00,Monday,WELLESLEY STATION,0,0,N,YU
10:17:00,Monday,ST GEORGE YUS STATION,0,0,S,YU
10:41:00,Monday,OSSINGTON STATION,3,7,W,BD
11:58:00,Monday,WARDEN STATION,3,7,W,BD
11:59:00,Monday,WARDEN STATION,6,10,E,BD
12:15:00,Monday,KING STATION,0,0,S,YU
12:53:00,Monday,DAVISVILLE STATION,4,9,N,YU
13:13:00,Monday,GLENCAIRN STATION,0,0,N,YU
13:30:00,Monday,ST CLAIR STATION,5,10,S,YU
13:40:00,Monday,DONLANDS STATION,0,0,E,BD
13:43:00,Monday,BATHURST STATION,6,10,E,BD
15:01:00,Monday,ISLINGTON STATION,4,8,W,BD
15:49:00,Monday,ST PATRICK STATION,0,0,S,YU
15:50:00,Monday,EGLINTON STATION,3,6,S,YU
16:26:00,Monday,RUNNYMEDE STATION,5,8,E,BD
17:00:00,Monday,FINCH STATION,3,6,S,YU
17:39:00,Monday,YORKDALE STATION,0,0,S,YU
18:40:00,Monday,SUMMERHILL STATION,4,7,N,YU
18:43:00,Monday,DUPONT STATION,7,12,S,YU
18:55:00,Monday,YORK MILLS STATION,0,0,N,YU
19:09:00,Monday,DUNDAS STATION,0,0,N,YU
19:10:00,Monday,DUNDAS STATION,0,0,N,YU
19:16:00,Monday,DOWNSVIEW PARK STATION,3,6,N,YU
19:54:00,Monday,ST CLAIR WEST STATION,4,8,N,YU
20:02:00,Monday,MAIN STREET STATION,0,0,W,BD
20:11:00,Monday,SHEPPARD STATION,7,12,S,YU
20:51:00,Monday,WILSON STATION,5,10,N,YU
20:58:00,Monday,SHEPPARD WEST STATION,0,0,N,YU
21:13:00,Monday,DUNDAS STATION,0,0,S,YU
21:23:00,Monday,SPADINA BD STATION,3,9,W,BD
21:47:00,Monday,WOODBINE STATION,0,0,W,BD
21:57:00,Monday,ST CLAIR WEST STATION,6,12,S,YU
23:00:00,Monday,EGLINTON WEST STATION,5,10,S,YU
23:04:00,Monday,DUFFERIN STATION,0,0,E,BD
23:21:00,Monday,KING STATION,0,0,N,YU
23:22:00,Monday,LANSDOWNE STATION,8,13,E,BD
00:05:00,Monday,MUSEUM STATION,7,13,N,YU
05:31:00,Monday,BESSARION STATION,4,0,E,SHP
20:56:00,Monday,DON MILLS STATION,0,0,W,SHP
05:42:00,Tuesday,GREENWOOD STATION,8,0,E,BD
06:12:00,Tuesday,ST CLAIR STATION,9,0,N,YU
06:36:00,Tuesday,ST CLAIR STATION,3,6,S,YU
07:32:00,Tuesday,ST GEORGE BD STATION,3,6,E,BD
07:38:00,Tuesday,EGLINTON STATION,7,10,N,YU
08:02:00,Tuesday,EGLINTON STATION,3,6,N,YU
08:43:00,Tuesday,BLOOR STATION,0,0,S,YU
08:44:00,Tuesday,UNION STATION (TOWARD,6,9,N,YU
09:50:00,Tuesday,UNION STATION TO ST AN,8,13,N,YU
12:25:00,Tuesday,DOWNSVIEW PARK STATION,5,10,N,YU
12:53:00,Tuesday,WELLESLEY STATION,14,19,N,YU
13:18:00,Tuesday,ST GEORGE YUS STATION,12,17,S,YU
13:34:00,Tuesday,ROSEDALE STATION,3,8,N,YU
13:43:00,Tuesday,ROSEDALE STATION,0,0,N,YU
13:45:00,Tuesday,COLLEGE STATION,0,0,S,YU
14:46:00,Tuesday,VAUGHAN MC STATION,5,10,S,YU
14:52:00,Tuesday,BLOOR STATION,0,0,S,YU
16:02:00,Tuesday,ST GEORGE YUS STATION,0,0,S,YU
16:36:00,Tuesday,YORKDALE STATION,4,7,S,YU
17:05:00,Tuesday,ST GEORGE BD STATION,0,0,W,BD
17:14:00,Tuesday,KING STATION,0,0,N,YU
17:18:00,Tuesday,BLOOR STATION,3,6,N,YU
17:45:00,Tuesday,VAUGHAN MC STATION,0,0,S,YU
17:50:00,Tuesday,BATHURST STATION,5,8,E,BD
18:09:00,Tuesday,MAIN STREET STATION,4,7,E,BD
18:11:00,Tuesday,YORK MILLS STATION,6,9,S,YU
18:43:00,Tuesday,UNION STATION,24,27,N,YU
18:46:00,Tuesday,MAIN STREET STATION,3,6,W,BD
19:01:00,Tuesday,OLD MILL STATION,159,164,E,BD
19:12:00,Tuesday,SHERBOURNE STATION,0,0,W,BD
20:11:00,Tuesday,QUEEN'S PARK STATION,12,17,S,YU
20:17:00,Tuesday,OSSINGTON STATION,15,20,W,BD
20:38:00,Tuesday,KENNEDY BD STATION,5,10,W,BD
20:49:00,Tuesday,ST CLAIR WEST STATION,0,0,N,YU
20:56:00,Tuesday,SPADINA BD STATION,0,0,W,BD
22:15:00,Tuesday,BLOOR STATION,4,9,N,YU
22:28:00,Tuesday,DAVISVILLE STATION,11,16,N,YU
22:29:00,Tuesday,QUEEN'S PARK STATION,0,0,S,YU
22:55:00,Tuesday,FINCH STATION,0,0,N,YU
01:48:00,Tuesday,VAUGHAN MC STATION,0,0,S,YU
07:59:00,Tuesday,SHEPPARD-YONGE STATION,0,0,W,SHP
06:09:00,Wednesday,EGLINTON STATION,9,12,N,YU
06:14:00,Wednesday,EGLINTON STATION,5,10,N,YU
06:15:00,Wednesday,OLD MILL STATION,0,0,E,BD
06:28:00,Wednesday,WILSON STATION,4,7,S,YU
07:27:00,Wednesday,WELLESLEY STATION,3,6,S,YU
07:35:00,Wednesday,BLOOR STATION,0,0,S,YU
08:25:00,Wednesday,DUNDAS STATION,3,6,S,YU
08:36:00,Wednesday,YORK MILLS STATION,6,9,S,YU
09:48:00,Wednesday,SHEPPARD WEST STATION,7,12,S,YU
10:13:00,Wednesday,ISLINGTON STATION,0,0,E,BD
11:15:00,Wednesday,COXWELL STATION,4,8,E,BD
12:08:00,Wednesday,ROSEDALE STATION,4,9,S,YU
12:17:00,Wednesday,WELLESLEY STATION,5,10,S,YU
12:57:00,Wednesday,HIGHWAY 407 STATION,5,10,S,YU
13:03:00,Wednesday,PIONEER VILLAGE STATIO,5,10,S,YU
13:04:00,Wednesday,HIGHWAY 407 STATION,5,10,S,YU
13:42:00,Wednesday,SPADINA BD STATION,0,0,W,BD
14:57:00,Wednesday,COLLEGE STATION,0,0,S,YU
15:02:00,Wednesday,SPADINA BD STATION,0,0,E,BD
15:09:00,Wednesday,ST CLAIR WEST STATION,0,0,N,YU
15:21:00,Wednesday,COLLEGE STATION,22,27,N,YU
15:37:00,Wednesday,WARDEN STATION,0,0,W,BD
15:45:00,Wednesday,COLLEGE STATION,0,0,S,YU
15:48:00,Wednesday,KEELE STATION,0,0,W,BD
15:58:00,Wednesday,BROADVIEW STATION,0,0,W,BD
16:24:00,Wednesday,COLLEGE STATION,12,15,S,YU
16:33:00,Wednesday,GREENWOOD STATION,0,0,E,BD
16:55:00,Wednesday,VAUGHAN MC STATION,3,6,S,YU
17:07:00,Wednesday,BAY STATION,3,6,W,BD
17:09:00,Wednesday,KIPLING STATION,3,6,E,BD
17:17:00,Wednesday,WARDEN STATION,0,0,E,BD
17:48:00,Wednesday,SPADINA BD STATION,17,20,W,BD
17:52:00,Wednesday,WOODBINE STATION,0,0,W,BD
18:06:00,Wednesday,BLOOR STATION,0,0,S,YU
18:47:00,Wednesday,ISLINGTON STATION,0,0,E,BD
19:19:00,Wednesday,ST ANDREW STATION,8,11,S,YU
19:29:00,Wednesday,UNION STATION,10,13,N,YU
19:44:00,Wednesday,BLOOR STATION,5,8,N,YU
19:57:00,Wednesday,WILSON STATION,4,9,N,YU
20:20:00,Wednesday,SHEPPARD WEST STATION,6,12,N,YU
20:24:00,Wednesday,KIPLING STATION,0,0,E,BD
21:14:00,Wednesday,BAY STATION,16,21,E,BD
21:42:00,Wednesday,DUNDAS WEST STATION,0,0,E,BD
21:57:00,Wednesday,SPADINA BD STATION,0,0,W,BD
21:57:00,Wednesday,EGLINTON WEST STATION,0,0,N,YU
22:19:00,Wednesday,WARDEN STATION,5,10,E,BD
22:34:00,Wednesday,WARDEN TO VICTORIA PAR,0,0,W,BD
23:00:00,Wednesday,COXWELL STATION,14,20,W,BD
23:11:00,Wednesday,SPADINA BD STATION,0,0,W,BD
23:19:00,Wednesday,ST ANDREW STATION,0,0,S,YU
23:39:00,Wednesday,SHEPPARD STATION,0,0,S,YU
00:08:00,Wednesday,DUNDAS STATION,3,8,N,YU
01:01:00,Wednesday,WELLESLEY STATION,3,9,N,YU
01:27:00,Wednesday,OSGOODE STATION,0,0,S,YU
01:31:00,Wednesday,COLLEGE STATION,0,0,E,YU
01:31:00,Wednesday,VAUGHAN MC STATION,0,0,S,YU
17:53:00,Wednesday,LESLIE STATION,0,0,W,SHP
02:16:00,Thursday,VAUGHAN MC STATION,0,0,S,YU
05:54:00,Thursday,KIPLING STATION,7,14,E,BD
05:54:00,Thursday,EGLINTON STATION,7,12,N,YU
06:32:00,Thursday,ISLINGTON STATION,0,0,W,BD
07:15:00,Thursday,GLENCAIRN STATION,7,10,S,YU
07:19:00,Thursday,ST ANDREW STATION,0,0,N,YU
07:55:00,Thursday,BATHURST STATION,4,6,W,BD
07:56:00,Thursday,ST GEORGE BD STATION,17,20,E,BD
08:49:00,Thursday,CHRISTIE STATION TO CH,10,13,E,BD
09:10:00,Thursday,QUEEN STATION,4,7,S,YU
09:12:00,Thursday,FINCH WEST STATION,4,7,N,YU
09:21:00,Thursday,ST GEORGE YUS STATION,4,9,S,YU
09:30:00,Thursday,EGLINTON STATION,34,37,S,YU
09:37:00,Thursday,WARDEN STATION,0,0,E,BD
10:29:00,Thursday,ROSEDALE STATION,3,6,S,YU
10:34:00,Thursday,ST GEORGE YUS STATION,3,6,S,YU
10:40:00,Thursday,OSGOODE STATION,5,10,S,YU
11:05:00,Thursday,UNION STATION TO KING,0,0,N,YU
11:07:00,Thursday,YORK UNIVERSITY STATIO,5,15,S,YU
11:19:00,Thursday,ST GEORGE BD STATION,0,0,E,BD
12:07:00,Thursday,DONLANDS STATION,0,0,W,BD
12:24:00,Thursday,ROSEDALE STATION,14,19,N,YU
12:38:00,Thursday,KIPLING STATION,4,8,E,BD
12:44:00,Thursday,EGLINTON STATION,0,0,N,YU
14:27:00,Thursday,CHRISTIE STATION,0,0,E,BD
14:29:00,Thursday,ISLINGTON STATION,0,0,W,BD
14:38:00,Thursday,KIPLING STATION,0,0,W,BD
14:40:00,Thursday,UNION STATION,3,8,N,YU
14:58:00,Thursday,KEELE YARD,0,0,W,BD
15:00:00,Thursday,ST GEORGE YUS STATION,3,8,N,YU
15:12:00,Thursday,DUFFERIN STATION,4,8,W,BD
15:31:00,Thursday,QUEEN'S PARK STATION,0,0,S,YU
15:34:00,Thursday,GREENWOOD STATION,3,7,E,BD
16:00:00,Thursday,DUNDAS STATION,0,0,N,YU
16:06:00,Thursday,ST CLAIR STATION,8,11,N,YU
16:10:00,Thursday,KING STATION,35,38,N,YU
16:27:00,Thursday,DUNDAS STATION,0,0,N,YU
16:40:00,Thursday,DUNDAS WEST STATION,0,0,E,BD
16:43:00,Thursday,SHERBOURNE STATION,0,0,E,BD
16:47:00,Thursday,YONGE AND SHEPPARD,0,0,N,YU
16:57:00,Thursday,ST GEORGE YUS STATION,5,10,S,YU
16:59:00,Thursday,LAWRENCE WEST STATION,0,0,S,YU
17:03:00,Thursday,JANE STATION,0,0,E,BD
17:44:00,Thursday,DUPONT STATION,5,8,N,YU
17:58:00,Thursday,YORK MILLS STATION,3,6,S,YU
18:40:00,Thursday,BLOOR STATION,0,0,S,YU
18:41:00,Thursday,CHESTER STATION,0,0,W,BD
19:04:00,Thursday,QUEEN STATION,0,0,N,YU
19:18:00,Thursday,BLOOR STATION,0,0,S,YU
20:10:00,Thursday,DUFFERIN STATION,0,0,W,BD
20:25:00,Thursday,BLOOR STATION,0,0,S,YU
20:56:00,Thursday,YONGE BD STATION,0,0,W,BD
21:13:00,Thursday,COXWELL STATION,5,11,E,BD
21:29:00,Thursday,WELLESLEY STATION,5,10,N,YU
21:33:00,Thursday,KIPLING STATION,5,11,E,BD
21:54:00,Thursday,KIPLING STATION,11,16,E,BD
22:31:00,Thursday,ST GEORGE YUS STATION,3,8,N,YU
22:51:00,Thursday,FINCH STATION,9,14,S,YU
23:11:00,Thursday,GREENWOOD STATION,0,0,E,BD
23:22:00,Thursday,SUMMERHILL STATION,7,12,S,YU
23:31:00,Thursday,DUNDAS WEST STATION,4,9,W,BD
23:50:00,Thursday,OSGOODE STATION,0,0,N,YU
01:35:00,Thursday,KENNEDY BD STATION,0,0,W,BD
16:51:00,Thursday,SHEPPARD-YONGE STATION,27,34,W,SHP
18:50:00,Thursday,LESLIE STATION,0,0,W,SHP
06:36:00,Friday,COXWELL STATION,7,9,W,BD
07:31:00,Friday,EGLINTON WEST STATION,3,6,S,YU
07:48:00,Friday,DAVISVILLE STATION,3,6,S,YU
08:07:00,Friday,GLENCAIRN STATION,5,8,N,YU
08:22:00,Friday,VAUGHAN MC STATION,3,6,S,YU
08:23:00,Friday,SUMMERHILL STATION,5,8,S,YU
08:41:00,Friday,QUEEN STATION,0,0,S,YU
08:45:00,Friday,WARDEN STATION,5,7,W,BD
09:52:00,Friday,ST GEORGE BD STATION,3,7,W,BD
09:53:00,Friday,LANSDOWNE STATION,0,0,W,BD
10:16:00,Friday,WARDEN STATION,5,9,W,BD
10:20:00,Friday,OSSINGTON STATION,0,0,E,BD
10:23:00,Friday,VICTORIA PARK STATION,0,0,W,BD
10:25:00,Friday,KIPLING STATION,4,8,E,BD
10:48:00,Friday,OLD MILL STATION,3,7,W,BD
10:49:00,Friday,VICTORIA PARK STATION,0,0,E,BD
11:05:00,Friday,FINCH WEST STATION,5,10,S,YU
11:27:00,Friday,JANE STATION,0,0,W,BD
12:07:00,Friday,JANE STATION,0,0,W,BD
13:00:00,Friday,GREENWOOD STATION,0,0,W,BD
13:03:00,Friday,OSSINGTON STATION,3,7,W,BD
13:29:00,Friday,QUEEN STATION,4,9,S,YU
13:53:00,Friday,ISLINGTON STATION,0,0,W,BD
14:13:00,Friday,DUNDAS STATION,13,18,N,YU
15:36:00,Friday,GLENCAIRN STATION,8,12,N,YU
15:39:00,Friday,SHEPPARD STATION,0,0,S,YU
15:42:00,Friday,VICTORIA PARK STATION,3,6,W,BD
15:45:00,Friday,ROSEDALE STATION,4,9,N,YU
15:47:00,Friday,LANSDOWNE STATION,6,10,W,BD
15:54:00,Friday,LAWRENCE WEST STATION,0,0,N,YU
15:57:00,Friday,COXWELL STATION,3,6,E,BD
16:36:00,Friday,SPADINA YUS STATION,0,0,N,YU
16:48:00,Friday,ST PATRICK STATION,0,0,S,YU
17:15:00,Friday,DUNDAS STATION,0,0,N,YU
17:16:00,Friday,SUMMERHILL STATION,5,8,S,YU
17:43:00,Friday,MAIN STREET STATION,3,6,W,BD
17:53:00,Friday,COLLEGE STATION,0,0,N,YU
18:01:00,Friday,ROYAL YORK STATION,6,9,E,BD
18:14:00,Friday,ST CLAIR WEST STATION,3,6,N,YU
18:14:00,Friday,YORK MILLS STATION,0,0,S,YU
18:22:00,Friday,WARDEN STATION,0,0,E,BD
18:32:00,Friday,COXWELL STATION,4,7,E,BD
18:35:00,Friday,ISLINGTON STATION,0,0,E,BD
18:43:00,Friday,DAVISVILLE STATION,5,8,S,YU
18:59:00,Friday,HIGH PARK STATION,0,0,E,BD
19:01:00,Friday,GLENCAIRN STATION,4,8,N,YU
19:03:00,Friday,VICTORIA PARK STATION,4,9,W,BD
19:45:00,Friday,VAUGHAN MC STATION,5,10,S,YU
19:51:00,Friday,GLENCAIRN STATION,4,8,N,YU
19:59:00,Friday,KIPLING STATION,5,10,E,BD
20:03:00,Friday,KEELE STATION,3,8,E,BD
20:47:00,Friday,YONGE BD STATION,0,0,W,BD
20:48:00,Friday,QUEEN STATION,6,10,S,YU
21:18:00,Friday,SPADINA YUS STATION,11,16,N,YU
21:18:00,Friday,WILSON STATION,11,16,N,YU
21:31:00,Friday,BLOOR SATION,0,0,S,YU
21:41:00,Friday,EGLINTON STATION,31,36,S,YU
21:50:00,Friday,SPADINA YUS STATION,3,8,N,YU
21:56:00,Friday,EGLINTON STATION,0,0,S,YU
22:00:00,Friday,YONGE-UNIVERSITY AND B,0,0,B,YU/BD
22:21:00,Friday,YORK MILLS STATION,18,23,N,YU
23:10:00,Friday,GLENCAIRN STATION,0,0,N,YU
23:23:00,Friday,BLOOR STATION,0,0,S,YU
23:34:00,Friday,ST CLAIR WEST STATION,5,10,S,YU
23:56:00,Friday,BATHURST STATION,0,0,W,BD
00:46:00,Friday,DUNDAS STATION,13,18,N,YU
00:51:00,Friday,ST GEORGE YUS STATION,12,17,N,YU
01:17:00,Friday,VICTORIA PARK STATION,4,12,W,BD
01:26:00,Friday,WOODBINE STATION,0,0,W,BD
01:34:00,Friday,ST GEORGE BD STATION,0,0,E,BD
01:46:00,Friday,WARDEN STATION,0,0,E,BD
06:42:00,Friday,SHEPPARD-YONGE STATION,0,0,E,SHP
14:12:00,Friday,LESLIE STATION,3,10,E,SHP
14:22:00,Friday,LESLIE STATION,6,13,E,SHP
17:09:00,Friday,LESLIE STATION,4,10,E,SHP
18:15:00,Friday,LESLIE STATION,3,10,E,SHP
05:57:00,Saturday,SHEPPARD WEST STATION,4,0,N,YU
07:02:00,Saturday,UNION STATION,3,9,N,YU
07:20:00,Saturday,ST GEORGE YUS STATION,32,38,N,YU
07:21:00,Saturday,ST GEORGE BD STATION,0,0,E,BD
08:49:00,Saturday,SUMMERHILL STATION,0,0,N,YU
09:22:00,Saturday,PAPE STATION,4,9,W,BD
09:39:00,Saturday,ST GEORGE BD STATION,4,9,W,BD
10:21:00,Saturday,EGLINTON WEST STATION,0,0,S,YU
10:23:00,Saturday,GLENCAIRN STATION,5,11,N,YU
11:25:00,Saturday,GREENWOOD STATION,4,8,E,BD
11:31:00,Saturday,ST GEORGE BD STATION,8,12,W,BD
11:39:00,Saturday,GREENWOOD STATION,4,8,W,BD
12:00:00,Saturday,KEELE STATION,0,0,W,BD
12:02:00,Saturday,GLENCAIRN STATION,8,12,N,YU
12:44:00,Saturday,DUPONT STATION,4,8,N,YU
12:57:00,Saturday,WELLESLEY STATION,0,0,N,YU
14:23:00,Saturday,FINCH STATION,0,0,N,YU
15:02:00,Saturday,EGLINTON WEST STATION,4,8,N,YU
15:21:00,Saturday,BROADVIEW STATION,6,10,W,BD
16:25:00,Saturday,SHERBOURNE STATION,10,14,W,BD
16:59:00,Saturday,ST CLAIR STATION,4,8,S,YU
17:09:00,Saturday,MAIN STREET STATION,0,0,E,BD
17:13:00,Saturday,GLENCAIRN STATION,5,9,N,YU
18:46:00,Saturday,YORK MILLS STATION,0,0,N,YU
19:21:00,Saturday,ST PATRICK STATION,9,13,S,YU
19:25:00,Saturday,EGLINTON WEST STATION,13,18,S,YU
19:44:00,Saturday,ST CLAIR WEST STATION,4,9,S,YU
19:54:00,Saturday,WILSON STATION,0,0,N,YU
20:03:00,Saturday,ST GEORGE YUS STATION,0,0,N,YU
20:08:00,Saturday,GREENWOOD STATION,0,0,E,BD
20:10:00,Saturday,ROYAL YORK STATION,0,0,W,BD
20:35:00,Saturday,YORK MILLS STATION,0,0,N,YU
21:54:00,Saturday,DUNDAS STATION,0,0,N,YU
22:00:00,Saturday,SPADINA BD STATION,9,10,E,BD
22:00:00,Saturday,DUNDAS STATION,6,11,S,YU
22:24:00,Saturday,ST GEORGE BD STATION,5,10,E,BD
23:33:00,Saturday,DUNDAS WEST STATION,16,32,W,BD
23:54:00,Saturday,ST CLAIR STATION,5,11,N,YU
00:28:00,Saturday,BROADVIEW STATION,4,10,E,BD
01:22:00,Saturday,SPADINA BD STATION,0,0,W,BD
01:37:00,Saturday,KENNEDY BD STATION,32,38,E,BD
17:02:00,Saturday,LESLIE STATION,3,8,E,SHP
19:21:00,Saturday,BESSARION STATION,19,26,E,SHP
21:17:00,Saturday,LESLIE STATION,0,0,E,SHP
23:52:00,Saturday,LESLIE STATION,0,0,E,SHP
02:06:00,Sunday,SPADINA YUS STATION,8,14,N,YU
08:07:00,Sunday,UNION STATION,7,0,N,YU
08:21:00,Sunday,UNION STATION,4,0,N,YU
08:31:00,Sunday,DONLANDS STATION,5,9,W,BD
10:44:00,Sunday,BATHURST STATION,5,10,W,BD
11:30:00,Sunday,ST GEORGE BD STATION,8,12,W,BD
12:19:00,Sunday,ST CLAIR STATION,0,0,S,YU
12:56:00,Sunday,PIONEER VILLAGE STATIO,6,10,N,YU
13:55:00,Sunday,BROADVIEW STATION,7,11,E,BD
14:10:00,Sunday,BLOOR STATION,6,10,N,YU
14:20:00,Sunday,KENNEDY BD STATION,3,7,W,BD
14:27:00,Sunday,DUNDAS STATION,4,8,S,YU
14:35:00,Sunday,ST CLAIR WEST STATION,0,0,S,YU
14:36:00,Sunday,EGLINTON WEST STATION,4,8,S,YU
14:49:00,Sunday,QUEEN'S PARK STATION,5,9,N,YU
15:08:00,Sunday,ST CLAIR WEST STATION,5,9,N,YU
15:50:00,Sunday,ST ANDREW STATION,0,0,S,YU
17:16:00,Sunday,QUEEN STATION,0,0,S,YU
17:35:00,Sunday,PIONEER VILLAGE STATIO,0,0,S,YU
17:57:00,Sunday,KENNEDY BD STATION,3,8,W,BD
18:18:00,Sunday,VAUGHAN MC STATION,6,12,S,YU
18:24:00,Sunday,SHEPPARD STATION,0,0,N,YU
18:24:00,Sunday,YONGE BD STATION,3,8,W,BD
18:42:00,Sunday,FINCH STATION,0,0,S,YU
18:42:00,Sunday,DUNDAS WEST STATION,3,8,W,BD
19:05:00,Sunday,OSSINGTON STATION,0,0,W,BD
19:21:00,Sunday,WELLESLEY STATION,4,10,S,YU
19:23:00,Sunday,DUNDAS STATION,0,0,S,YU
19:25:00,Sunday,DUNDAS WEST STATION,0,0,E,BD
19:35:00,Sunday,SHEPPARD STATION,0,0,N,YU
19:37:00,Sunday,LANSDOWNE STATION,4,9,E,BD
19:45:00,Sunday,KENNEDY BD STATION,5,10,E,BD
19:49:00,Sunday,SHEPPARD STATION,0,0,N,YU
19:58:00,Sunday,QUEEN'S PARK STATION,3,9,S,YU
21:46:00,Sunday,PAPE STATION,0,0,W,BD
23:06:00,Sunday,WILSON STATION,0,0,N,YU
00:34:00,Sunday,GREENWOOD STATION,4,10,E,BD
01:13:00,Sunday,KING TO UNION,30,36,S,YU
01:24:00,Sunday,KING STATION,5,11,S,YU
01:49:00,Sunday,HIGH PARK STATION,0,0,W,BD
13:54:00,Sunday,SHEPPARD-YONGE STATION,0,0,E,SHP
02:21:00,Monday,SPADINA YUS STATION,0,0,N,YU
06:03:00,Monday,EGLINTON STATION,5,10,N,YU
06:12:00,Monday,SHEPPARD WEST STATION,9,15,N,YU
07:20:00,Monday,DUFFERIN STATION,13,16,W,BD
07:32:00,Monday,YONGE BD STATION,0,0,E,BD
08:17:00,Monday,COLLEGE STATION,0,0,S,YU
08:24:00,Monday,YONGE BD STATION,5,8,E,BD
08:35:00,Monday,BROADVIEW STATION,3,6,E,BD
08:35:00,Monday,CHRISTIE STATION TO CH,15,18,E,BD
08:46:00,Monday,ISLINGTON STATION,0,0,E,BD
09:09:00,Monday,HIGH PARK STATION,14,17,E,BD
10:32:00,Monday,SPADINA BD STATION,21,25,E,BD
10:38:00,Monday,SPADINA YUS STATION,0,0,N,YU
10:48:00,Monday,LAWRENCE STATION,3,8,N,YU
10:50:00,Monday,WELLESLEY STATION,4,9,S,YU
11:24:00,Monday,SUMMERHILL STATION,0,0,S,YU
11:34:00,Monday,DUNDAS STATION,0,0,N,YU
12:12:00,Monday,WOODBINE STATION,0,0,W,BD
12:27:00,Monday,OLD MILL STATION,0,0,E,BD
13:25:00,Monday,MUSEUM STATION,10,15,S,YU
13:46:00,Monday,HIGHWAY 407 STATION,3,8,S,YU
14:06:00,Monday,KIPLING STATION,0,0,E,BD
14:11:00,Monday,BAY STATION,0,0,W,BD
14:35:00,Monday,UNION STATION,0,0,S,YU
14:42:00,Monday,UNION STATION,0,0,S,YU
14:54:00,Monday,LAWRENCE STATION,5,10,N,YU
15:33:00,Monday,BLOOR STATION,3,8,S,YU
16:27:00,Monday,VAUGHAN MC STATION,3,6,S,YU
17:24:00,Monday,DOWNSVIEW PARK STATION,4,7,S,YU
17:27:00,Monday,ST GEORGE YUS STATION,3,6,N,YU
17:35:00,Monday,PIONEER VILLAGE STATIO,13,16,S,YU
17:46:00,Monday,EGLINTON STATION,3,6,N,YU
18:12:00,Monday,LAWRENCE STATION,27,30,N,YU
18:25:00,Monday,OLD MILL STATION,0,0,E,BD
18:32:00,Monday,FINCH STATION,0,0,S,YU
18:51:00,Monday,QUEEN STATION,0,0,N,YU
19:58:00,Monday,WELLESLEY STATION,6,9,N,YU
20:27:00,Monday,OSGOODE STATION,6,11,N,YU
22:17:00,Monday,FINCH STATION,3,8,S,YU
22:39:00,Monday,DUNDAS STATION,6,12,S,YU
22:41:00,Monday,ROSEDALE STATION,0,0,N,YU
23:36:00,Monday,SHEPPARD STATION,3,8,N,YU
23:37:00,Monday,UNION STATION,0,0,N,YU
01:03:00,Monday,FINCH STATION,6,12,S,YU
07:14:00,Monday,LESLIE STATION,0,0,E,SHP
07:25:00,Monday,LESLIE STATION,5,12,E,SHP
19:05:00,Monday,SHEPPARD-YONGE STATION,0,0,W,SHP
02:25:00,Tuesday,WILSON STATION,0,0,S,YU
06:02:00,Tuesday,UNION STATION TO ST AN,4,0,N,YU
06:02:00,Tuesday,UNION STATION TO KING,4,0,N,YU
06:11:00,Tuesday,QUEEN'S PARK STATION,0,0,S,YU
06:12:00,Tuesday,QUEEN'S PARK STATION,3,0,N,YU
06:47:00,Tuesday,BLOOR STATION,0,0,N,YU
07:03:00,Tuesday,DONLANDS STATION,3,6,W,BD
07:05:00,Tuesday,DUNDAS WEST STATION,9,11,E,BD
07:29:00,Tuesday,YORK MILLS STATION,0,0,S,YU
08:23:00,Tuesday,ST GEORGE YUS STATION,4,7,S,YU
10:53:00,Tuesday,EGLINTON WEST STATION,12,17,S,YU
11:00:00,Tuesday,BROADVIEW STATION,4,8,W,BD
11:26:00,Tuesday,PAPE STATION,4,8,W,BD
11:35:00,Tuesday,ST CLAIR WEST STATION,3,8,S,YU
11:55:00,Tuesday,UNION STATION,5,10,S,YU
11:57:00,Tuesday,SUMMERHILL STATION,0,0,N,YU
12:05:00,Tuesday,EGLINTON STATION,0,0,N,YU
13:13:00,Tuesday,DAVISVILLE STATION,0,0,S,YU
13:41:00,Tuesday,BROADVIEW STATION,3,7,W,BD
13:43:00,Tuesday,PIONEER VILLAGE STATIO,0,0,S,YU
14:03:00,Tuesday,YONGE BD STATION,4,8,W,BD
14:22:00,Tuesday,BLOOR STATION,0,0,N,YU
14:33:00,Tuesday,KEELE STATION,0,0,E,BD
15:13:00,Tuesday,BLOOR STATION,0,0,S,YU
15:48:00,Tuesday,EGLINTON STATION,0,0,N,YU
15:53:00,Tuesday,GLENCAIRN STATION,3,8,S,YU
16:32:00,Tuesday,WELLESLEY STATION,0,0,S,YU
16:43:00,Tuesday,VICTORIA PARK STATION,7,11,E,BD
17:13:00,Tuesday,OSSINGTON STATION,13,16,W,BD
17:37:00,Tuesday,SHEPPARD WEST STATION,0,0,S,YU
17:52:00,Tuesday,LAWRENCE WEST STATION,6,9,N,YU
18:51:00,Tuesday,WILSON STATION,0,0,N,YU
18:56:00,Tuesday,KENNEDY BD STATION,7,12,W,BD
19:18:00,Tuesday,SPADINA BD STATION,8,13,W,BD
19:22:00,Tuesday,YORK MILLS STATION,3,7,S,YU
19:37:00,Tuesday,WARDEN STATION,0,0,E,BD
19:46:00,Tuesday,ST GEORGE BD STATION,4,9,E,BD
19:49:00,Tuesday,WELLESLEY STATION,3,8,S,BD
21:37:00,Tuesday,LANSDOWNE STATION,3,8,E,BD
21:47:00,Tuesday,ROYAL YORK STATION,8,13,W,BD
22:13:00,Tuesday,ST GEORGE BD STATION,12,17,W,BD
22:15:00,Tuesday,KEELE STATION,7,12,W,BD
23:00:00,Tuesday,YONGE UNIVERSITY SUBWA,0,0,S,YU
23:03:00,Tuesday,PIONEER VILLAGE STATIO,0,0,S,YU
23:16:00,Tuesday,SPADINA YUS STATION,0,0,N,YU
23:17:00,Tuesday,KENNEDY BD STATION,0,0,E,BD
23:42:00,Tuesday,WILSON STATION,9,16,N,YU
00:50:00,Tuesday,DUNDAS STATION,15,21,N,YU
01:12:00,Tuesday,ST GEORGE BD STATION,0,0,W,BD
01:18:00,Tuesday,WARDEN STATION,0,0,W,BD
17:56:00,Tuesday,SHEPPARD-YONGE STATION,0,0,E,SHP
19:14:00,Tuesday,LESLIE STATION,20,27,E,SHP
05:42:00,Wednesday,GREENWOOD STATION,20,0,E,BD
05:57:00,Wednesday,KEELE STATION,7,10,W,BD
06:46:00,Wednesday,LAWRENCE STATION,3,6,N,YU
07:31:00,Wednesday,YORK MILLS STATION,4,7,N,YU
07:48:00,Wednesday,KENNEDY BD STATION,0,0,E,BD
07:48:00,Wednesday,YONGE BD STATION,3,6,W,BD
07:51:00,Wednesday,DUNDAS STATION,4,7,N,YU
08:06:00,Wednesday,WARDEN STATION,0,0,W,BD
08:30:00,Wednesday,KING STATION,6,9,N,YU
08:46:00,Wednesday,KIPLING STATION,0,0,E,BD
08:50:00,Wednesday,KENNEDY BD STATION,0,0,W,BD
09:10:00,Wednesday,NORTH YORK CTR STATION,4,7,N,YU
12:16:00,Wednesday,HIGH PARK STATION,7,11,E,BD
13:13:00,Wednesday,YONGE BD STATION,0,0,W,BD
13:31:00,Wednesday,SHEPPARD STATION,5,10,N,YU
14:33:00,Wednesday,YONGE BD STATION,0,0,W,BD
14:37:00,Wednesday,FINCH STATION,5,10,S,YU
15:31:00,Wednesday,ST GEORGE BD STATION,0,0,W,BD
15:59:00,Wednesday,BLOOR STATION,0,0,S,YU
16:14:00,Wednesday,SHERBOURNE STATION,3,6,W,BD
16:32:00,Wednesday,ROYAL YORK STATION,37,40,W,BD
17:00:00,Wednesday,LAWRENCE STATION,6,9,S,YU
17:04:00,Wednesday,YONGE BD STATION,14,17,E,BD
17:15:00,Wednesday,LAWRENCE STATION,6,9,N,YU
17:26:00,Wednesday,RUNNYMEDE STATION,0,0,E,BD
17:26:00,Wednesday,ST CLAIR STATION,0,0,N,YU
18:02:00,Wednesday,DAVISVILLE STATION,15,18,S,YU
18:37:00,Wednesday,BLOOR STATION,3,6,S,YU
19:57:00,Wednesday,DUNDAS STATION,0,0,N,YU
20:42:00,Wednesday,DUNDAS STATION,0,0,S,YU
21:01:00,Wednesday,KEELE STATION,3,8,E,BD
21:02:00,Wednesday,SHEPPARD STATION,0,0,S,YU
21:19:00,Wednesday,ST GEORGE BD STATION,0,0,W,BD
22:41:00,Wednesday,ST GEORGE YUS STATION,0,0,S,YU
23:18:00,Wednesday,DUNDAS STATION,0,0,S,YU
23:24:00,Wednesday,COLLEGE STATION,5,10,N,YU
23:54:00,Wednesday,ROSEDALE STATION,10,17,S,YU
00:08:00,Wednesday,DUNDAS STATION,8,15,N,YU
00:27:00,Wednesday,VICTORIA PARK STATION,6,14,W,BD
00:34:00,Wednesday,SHEPPARD WEST STATION,11,18,N,YU
00:54:00,Wednesday,FINCH WEST STATION,6,12,N,YU
02:02:00,Thursday,FINCH WEST STATION,0,0,N,YU
05:46:00,Thursday,VICTORIA PARK STATION,12,0,W,BD
06:02:00,Thursday,VICTORIA PARK STATION,5,10,W,BD
06:04:00,Thursday,JANE STATION,4,11,E,BD
06:35:00,Thursday,GREENWOOD STATION,0,0,W,BD
07:23:00,Thursday,ROYAL YORK STATION,0,0,E,BD
08:11:00,Thursday,FINCH STATION,3,6,N,YU
08:38:00,Thursday,KENNEDY BD STATION,4,6,W,BD
08:58:00,Thursday,KIPLING STATION,0,0,W,BD
09:01:00,Thursday,DUNDAS WEST STATION,0,0,E,BD
09:06:00,Thursday,DAVISVILLE STATION,7,10,S,YU
09:42:00,Thursday,OSGOODE STATION,0,0,S,YU
09:43:00,Thursday,PAPE STATION,4,7,E,BD
09:46:00,Thursday,ST CLAIR WEST STATION,0,0,N,YU
09:57:00,Thursday,BROADVIEW STATION,0,0,E,BD
10:29:00,Thursday,ST GEORGE BD STATION,0,0,W,BD
10:40:00,Thursday,FINCH STATION,5,10,S,YU
11:42:00,Thursday,WARDEN STATION,3,7,W,BD
13:13:00,Thursday,LAWRENCE STATION,0,0,S,YU
13:14:00,Thursday,VAUGHAN MC STATION,5,10,S,YU
14:32:00,Thursday,FINCH STATION,0,0,S,YU
14:37:00,Thursday,NORTH YORK CTR STATION,5,10,S,YU
14:42:00,Thursday,KIPLING STATION,0,0,E,BD
14:47:00,Thursday,MUSEUM STATION,9,14,S,YU
14:50:00,Thursday,ST GEORGE BD STATION,8,12,W,BD
15:12:00,Thursday,BAY STATION,3,7,E,BD
15:18:00,Thursday,BROADVIEW STATION,4,7,E,BD
15:19:00,Thursday,WOODBINE STATION,0,0,W,BD
15:20:00,Thursday,BLOOR STATION,4,9,N,YU
15:28:00,Thursday,YORK MILLS STATION,0,0,S,YU
16:09:00,Thursday,WILSON STATION,3,8,S,YU
16:20:00,Thursday,DUNDAS STATION,7,12,N,YU
16:22:00,Thursday,SHERBOURNE STATION,7,10,W,BD
16:24:00,Thursday,DUNDAS STATION,8,12,S,YU
17:11:00,Thursday,WOODBINE STATION,7,10,E,BD
17:20:00,Thursday,MAIN STREET STATION,8,11,E,BD
17:53:00,Thursday,KENNEDY BD STATION,3,6,W,BD
18:00:00,Thursday,YONGE BD STATION,0,0,E,BD
18:53:00,Thursday,BATHURST STATION,0,0,E,BD
18:56:00,Thursday,OSGOODE STATION,0,0,N,YU
19:01:00,Thursday,COLLEGE STATION,13,18,N,YU
19:07:00,Thursday,QUEEN STATION,0,0,N,YU
19:37:00,Thursday,KENNEDY BD STATION,5,10,W,BD
19:42:00,Thursday,QUEEN STATION,0,0,N,YU
19:53:00,Thursday,MAIN STREET STATION,0,0,E,BD
19:56:00,Thursday,BATHURST STATION,7,12,W,BD
19:56:00,Thursday,DAVISVILLE STATION,4,9,N,YU
20:01:00,Thursday,OSGOODE STATION,7,12,N,YU
20:21:00,Thursday,QUEEN'S PARK STATION,0,0,N,YU
20:32:00,Thursday,ROYAL YORK STATION,10,15,E,BD
20:34:00,Thursday,OSSINGTON STATION,0,0,E,BD
20:36:00,Thursday,YORK MILLS STATION,5,10,N,YU
20:42:00,Thursday,OSSINGTON STATION,5,10,E,BD
20:44:00,Thursday,LAWRENCE STATION,0,0,N,YU
21:37:00,Thursday,CHESTER STATION,0,0,W,BD
21:45:00,Thursday,COLLEGE STATION,0,0,N,YU
22:17:00,Thursday,ISLINGTON STATION,0,0,E,BD
22:49:00,Thursday,LAWRENCE WEST STATION,7,12,N,YU
22:58:00,Thursday,LAWRENCE WEST STATION,3,8,N,YU
23:39:00,Thursday,RUNNYMEDE STATION,0,0,E,BD
23:56:00,Thursday,LAWRENCE WEST STATION,0,0,N,YU
00:29:00,Thursday,BATHURST STATION,0,0,W,BD
01:18:00,Thursday,WELLESLEY STATION,0,0,N,YU
01:19:00,Thursday,SPADINA YUS STATION,0,0,N,YU
01:46:00,Thursday,KIPLING STATION,0,0,E,BD
05:53:00,Friday,LAWRENCE STATION,4,0,S,YU
05:57:00,Friday,OSGOODE STATION,6,0,S,YU
07:45:00,Friday,SPADINA BD STATION,0,0,W,BD
08:33:00,Friday,UNION STATION TOWARDS,6,12,N,YU
09:22:00,Friday,KENNEDY BD STATION,0,0,W,BD
09:39:00,Friday,VICTORIA PARK STATION,5,10,W,BD
11:18:00,Friday,ST GEORGE BD STATION,0,0,W,BD
11:52:00,Friday,VICTORIA PARK STATION,9,14,W,BD
12:35:00,Friday,VICTORIA PARK STATION,5,10,W,BD
13:08:00,Friday,COXWELL STATION,3,7,E,BD
13:22:00,Friday,SUMMERHILL STATION,16,20,S,YU
13:37:00,Friday,ISLINGTON STATION,0,0,E,BD
13:55:00,Friday,OLD MILL STATION,0,0,E,BD
14:25:00,Friday,COXWELL STATION,15,19,W,BD
15:23:00,Friday,FINCH WEST STATION,4,8,N,YU
15:31:00,Friday,YORKDALE STATION,0,0,S,YU
15:50:00,Friday,PAPE STATION,0,0,W,BD
16:02:00,Friday,KIPLING STATION,7,12,E,BD
17:19:00,Friday,ST PATRICK STATION,7,11,N,YU
17:24:00,Friday,VICTORIA PARK STATION,34,38,E,BD
18:43:00,Friday,NORTH YORK CTR STATION,0,0,S,YU
19:01:00,Friday,ST GEORGE YUS STATION,0,0,N,YU
19:12:00,Friday,WELLESLEY STATION,6,12,S,YU
19:27:00,Friday,WELLESLEY STATION,0,0,N,YU
20:01:00,Friday,NORTH YORK CTR STATION,12,18,N,YU
20:03:00,Friday,DUNDAS WEST STATION,0,0,W,BD
20:11:00,Friday,WOODBINE STATION,0,0,E,BD
20:24:00,Friday,NORTH YORK CTR STATION,0,0,N,YU
20:30:00,Friday,ST PATRICK STATION,0,0,N,YU
21:15:00,Friday,KEELE STATION,4,9,E,BD
22:09:00,Friday,BLOOR STATION,0,0,N,YU
23:00:00,Friday,WELLESLEY STATION,0,0,S,YU
23:04:00,Friday,QUEEN STATION,4,9,N,YU
23:24:00,Friday,DAVISVILLE STATION,5,10,S,YU
00:40:00,Friday,WOODBINE STATION,0,0,E,BD
00:44:00,Friday,SHEPPARD STATION,0,0,S,YU
01:24:00,Friday,BESSARION STATION,0,0,W,SHP
05:51:00,Saturday,WARDEN STATION,0,0,W,BD
05:57:00,Saturday,OSGOODE STATION,7,0,S,YU
06:05:00,Saturday,EGLINTON STATION,6,12,N,YU
06:05:00,Saturday,KENNEDY BD STATION,6,12,W,BD
06:53:00,Saturday,EGLINTON STATION,6,12,N,YU
06:56:00,Saturday,YORK MILLS STATION,5,11,N,YU
08:40:00,Saturday,EGLINTON STATION,0,0,S,YU
09:09:00,Saturday,FINCH STATION,6,12,S,YU
09:42:00,Saturday,ST GEORGE BD STATION,13,19,E,BD
09:44:00,Saturday,ST GEORGE YUS STATION,0,0,N,YU
11:27:00,Saturday,DAVISVILLE STATION,3,7,S,YU
13:15:00,Saturday,DUNDAS STATION,0,0,N,YU
14:19:00,Saturday,BLOOR STATION,0,0,N,YU
14:30:00,Saturday,EGLINTON STATION,5,9,N,YU
14:44:00,Saturday,ROYAL YORK STATION,0,0,W,BD
14:57:00,Saturday,DOWNSVIEW PARK STATION,0,0,N,YU
15:26:00,Saturday,KIPLING STATION,0,0,W,BD
17:18:00,Saturday,BATHURST STATION,4,9,E,BD
17:50:00,Saturday,KING STATION,0,0,S,YU
17:58:00,Saturday,LAWRENCE STATION,0,0,S,YU
18:05:00,Saturday,KIPLING STATION,5,10,W,BD
18:28:00,Saturday,VAUGHAN MC STATION,0,0,N,YU
18:57:00,Saturday,FINCH STATION,3,8,N,YU
19:13:00,Saturday,HIGH PARK STATION,0,0,E,BD
19:49:00,Saturday,ST CLAIR STATION,3,8,N,YU
21:08:00,Saturday,VAUGHAN MC STATION,5,10,S,YU
21:23:00,Saturday,FINCH WEST STATION,8,13,N,YU
21:30:00,Saturday,BLOOR STATION,0,0,S,YU
22:00:00,Saturday,KENNEDY BD STATION,7,14,E,BD
22:14:00,Saturday,DAVISVILLE STATION,9,14,N,YU
22:53:00,Saturday,ST GEORGE STATION,0,0,W,BD
23:01:00,Saturday,JANE STATION,187,193,W,BD
23:48:00,Saturday,DUNDAS STATION,0,0,S,YU
01:24:00,Saturday,KEELE STATION,0,0,W,BD
01:48:00,Saturday,KIPLING STATION,0,0,E,BD
07:53:00,Sunday,WILSON STATION,5,17,S,YU
08:01:00,Sunday,YORKDALE STATION,12,24,S,YU
08:16:00,Sunday,KEELE STATION,6,11,W,BD
09:43:00,Sunday,VICTORIA PARK STATION,6,12,W,BD
10:12:00,Sunday,WILSON STATION,5,9,S,YU
10:52:00,Sunday,ROSEDALE STATION,4,8,S,YU
12:54:00,Sunday,BLOOR STATION,0,0,S,YU
12:55:00,Sunday,KIPLING STATION,6,11,E,BD
13:55:00,Sunday,VAUGHAN MC STATION,0,0,S,YU
15:20:00,Sunday,SHEPPARD STATION,0,0,N,YU
16:34:00,Sunday,SHEPPARD WEST STATION,3,7,S,YU
16:35:00,Sunday,DUNDAS STATION,0,0,S,YU
17:39:00,Sunday,WELLESLEY STATION,0,0,S,YU
18:13:00,Sunday,FINCH WEST STATION,0,0,N,YU
18:36:00,Sunday,KEELE STATION,4,10,E,BD
18:56:00,Sunday,COLLEGE STATION,6,12,N,YU
19:42:00,Sunday,ISLINGTON STATION,27,33,W,BD
19:54:00,Sunday,DUNDAS STATION,6,12,N,YU
19:56:00,Sunday,SPADINA YUS STATION,0,0,S,YU
20:33:00,Sunday,LAWRENCE STATION,24,29,S,YU
21:10:00,Sunday,DAVISVILLE STATION,0,0,S,YU
21:42:00,Sunday,BLOOR STATION,3,9,S,YU
21:50:00,Sunday,KIPLING STATION,5,10,W,BD
23:24:00,Sunday,ST GEORGE BD STATION,4,10,E,BD
00:44:00,Sunday,SPADINA BD STATION,0,0,W,BD
09:06:00,Sunday,SHEPPARD-YONGE STATION,0,0,E,SHP
16:38:00,Sunday,SHEPPARD-YONGE STATION,0,0,E,SHP
02:20:00,Monday,VAUGHAN MC STATION,0,0,S,YU
02:33:00,Monday,SPADINA BD STATION,0,0,W,BD
04:44:00,Monday,CHESTER STATION,0,0,W,BD
07:17:00,Monday,YONGE BD STATION,6,8,W,BD
07:59:00,Monday,KEELE STATION,8,10,E,BD
08:55:00,Monday,ST CLAIR STATION,8,11,S,YU
09:00:00,Monday,YONGE STATION TO CHEST,10,0,E,BD
10:08:00,Monday,SUMMERHILL STATION,3,8,N,YU
10:22:00,Monday,ISLINGTON STATION,0,0,W,BD
10:51:00,Monday,HIGH PARK STATION,0,0,E,BD
11:23:00,Monday,LAWRENCE WEST STATION,5,10,N,YU
11:36:00,Monday,COXWELL STATION,0,0,E,BD
12:00:00,Monday,HIGH PARK STATION,7,11,E,BD
12:56:00,Monday,EGLINTON WEST STATION,0,0,S,YU
13:33:00,Monday,YONGE BD STATION,0,0,W,BD
13:52:00,Monday,KENNEDY BD STATION,4,8,W,BD
13:57:00,Monday,EGLINTON WEST STATION,0,0,N,YU
14:32:00,Monday,COXWELL STATION,0,0,W,BD
14:57:00,Monday,FINCH STATION,5,10,S,YU
15:15:00,Monday,DUNDAS STATION,0,0,N,YU
15:56:00,Monday,COXWELL STATION,4,7,W,BD
16:19:00,Monday,DAVISVILLE STATION,3,6,S,YU
16:24:00,Monday,ST CLAIR STATION,0,0,S,YU
16:41:00,Monday,VICTORIA PARK STATION,8,11,W,BD
16:56:00,Monday,KENNEDY BD STATION,0,0,W,BD
17:21:00,Monday,YONGE BD STATION,0,0,E,BD
17:23:00,Monday,ST ANDREW STATION,13,16,N,YU
17:24:00,Monday,DUNDAS STATION,13,16,S,YU
17:57:00,Monday,FINCH STATION,3,6,S,YU
18:05:00,Monday,FINCH STATION,3,6,S,YU
18:28:00,Monday,SHERBOURNE STATION,5,8,E,BD
18:39:00,Monday,LAWRENCE STATION,0,0,N,YU
19:02:00,Monday,KING STATION,0,0,S,YU
19:03:00,Monday,SHEPPARD WEST STATION,55,58,N,YU
19:52:00,Monday,EGLINTON WEST STATION,0,0,N,YU
20:50:00,Monday,KING STATION,24,29,N,YU
22:41:00,Monday,SHEPPARD WEST STATION,22,27,N,YU
00:55:00,Monday,DUNDAS STATION,0,0,W,YU
01:12:00,Monday,FINCH WEST STATION,20,26,S,YU
01:40:00,Monday,BLOOR STATION,0,0,N,YU
18:42:00,Monday,BAYVIEW STATION,0,0,E,SHP
19:06:00,Monday,LESLIE STATION,0,0,W,SHP
05:46:00,Tuesday,SPADINA BD STATION,0,0,E,BD
08:08:00,Tuesday,ST CLAIR WEST STATION,10,13,S,YU
08:24:00,Tuesday,ST GEORGE YUS STATION,0,0,N,YU
08:57:00,Tuesday,ST GEORGE YUS STATION,0,0,W,YU
09:22:00,Tuesday,FINCH WEST STATION,0,0,N,YU
10:15:00,Tuesday,MUSEUM STATION,4,9,S,YU
10:51:00,Tuesday,BLOOR STATION,0,0,S,YU
11:05:00,Tuesday,QUEEN'S PARK STATION,6,11,N,YU
11:26:00,Tuesday,RUNNYMEDE STATION,0,0,E,BD
11:27:00,Tuesday,DUPONT STATION,0,0,N,YU
11:58:00,Tuesday,KIPLING STATION,0,0,W,BD
12:14:00,Tuesday,ROSEDALE STATION,0,0,N,YU
12:38:00,Tuesday,EGLINTON STATION,6,11,S,YU
12:50:00,Tuesday,UNION STATION,9,14,S,YU
13:43:00,Tuesday,YORK UNIVERSITY STATIO,0,0,S,YU
14:33:00,Tuesday,EGLINTON WEST STATION,0,0,N,YU
15:32:00,Tuesday,VICTORIA PARK STATION,3,6,W,BD
15:48:00,Tuesday,WILSON STATION,3,6,S,YU
16:36:00,Tuesday,DAVISVILLE STATION,0,0,S,YU
16:39:00,Tuesday,DOWNSVIEW PARK STATION,4,7,S,YU
17:11:00,Tuesday,SPADINA YUS STATION,0,0,N,YU
17:17:00,Tuesday,ST ANDREW STATION,8,11,S,YU
17:21:00,Tuesday,MUSEUM STATION,14,17,N,YU
17:21:00,Tuesday,DUNDAS STATION,0,0,N,YU
17:24:00,Tuesday,DOWNSVIEW PARK STATION,0,0,N,YU
17:30:00,Tuesday,DOWNSVIEW PARK STATION,0,0,N,YU
17:33:00,Tuesday,DUNDAS STATION,8,11,N,YU
17:47:00,Tuesday,WELLESLEY STATION,8,11,N,YU
17:59:00,Tuesday,WELLESLEY STATION,0,0,N,YU
18:33:00,Tuesday,DUNDAS STATION,0,0,S,YU
18:44:00,Tuesday,CHESTER STATION,0,0,E,BD
19:15:00,Tuesday,QUEEN STATION,0,0,N,YU
19:37:00,Tuesday,VAUGHAN MC STATION,5,10,S,YU
21:30:00,Tuesday,SHEPPARD STATION,0,0,S,YU
22:29:00,Tuesday,BROADVIEW STATION,5,10,E,BD
00:43:00,Tuesday,BROADVIEW STATION,0,0,W,BD
00:52:00,Tuesday,SHEPPARD WEST STATION,0,0,N,YU
01:27:00,Tuesday,VICTORIA PARK STATION,0,0,E,BD
01:55:00,Tuesday,KIPLING STATION,0,0,E,BD
01:58:00,Tuesday,JANE STATION,0,0,W,BD
07:37:00,Tuesday,LESLIE STATION,6,13,W,SHP
23:14:00,Tuesday,DON MILLS STATION,4,11,W,SHP
02:02:00,Wednesday,FINCH WEST STATION,0,0,S,YU
02:29:00,Wednesday,FINCH WEST STATION,0,0,S,YU
03:50:00,Wednesday,BATHURST STATION,0,0,E,BD
05:36:00,Wednesday,FINCH STATION,0,0,S,YU
05:43:00,Wednesday,GREENWOOD STATION,7,0,E,BD
06:31:00,Wednesday,MAIN STREET STATION,0,0,W,BD
06:36:00,Wednesday,VICTORIA PARK STATION,0,0,E,BD
06:49:00,Wednesday,SPADINA YUS STATION,18,21,E,YU
06:52:00,Wednesday,SPADINA BD STATION,18,21,W,BD
07:00:00,Wednesday,DUNDAS WEST STATION,7,10,E,BD
07:10:00,Wednesday,OSSINGTON STATION,0,0,E,BD
08:09:00,Wednesday,ST ANDREW STATION,0,0,N,YU
08:15:00,Wednesday,EGLINTON WEST STATION,0,0,S,YU
08:19:00,Wednesday,RUNNYMEDE STATION,0,0,E,BD
09:14:00,Wednesday,YORKDALE STATION,8,11,S,YU
09:30:00,Wednesday,YORKDALE STATION,4,7,S,YU
11:33:00,Wednesday,ST CLAIR WEST STATION,5,10,S,YU
12:42:00,Wednesday,WARDEN STATION,0,0,E,BD
13:27:00,Wednesday,BLOOR STATION,10,15,N,YU
14:31:00,Wednesday,OLD MILL STATION,0,0,E,BD
15:03:00,Wednesday,BATHURST STATION,0,0,E,BD
15:39:00,Wednesday,YONGE BD STATION,29,33,E,BD
15:49:00,Wednesday,LANSDOWNE STATION,0,0,W,BD
16:17:00,Wednesday,ISLINGTON STATION,0,0,W,BD
16:35:00,Wednesday,DONLANDS STATION,0,0,W,BD
16:59:00,Wednesday,YONGE BD STATION,0,0,E,BD
16:59:00,Wednesday,BLOOR STATION,0,0,S,YU
17:06:00,Wednesday,SHEPPARD STATION,6,9,N,YU
17:22:00,Wednesday,YONGE BD STATION,0,0,E,BD
17:27:00,Wednesday,LAWRENCE STATION,3,6,N,YU
17:31:00,Wednesday,SHEPPARD STATION,0,0,S,YU
17:51:00,Wednesday,KIPLING STATION,11,14,W,BD
18:18:00,Wednesday,PAPE STATION,0,0,E,BD
18:20:00,Wednesday,ST CLAIR STATION,8,11,S,YU
18:21:00,Wednesday,SPADINA YUS STATION,12,15,N,YU
18:24:00,Wednesday,QUEEN STATION,0,0,S,YU
18:47:00,Wednesday,DOWNSVIEW PARK STATION,0,0,S,YU
19:26:00,Wednesday,QUEEN STATION,0,0,N,YU
20:09:00,Wednesday,OSSINGTON STATION,8,13,W,BD
20:44:00,Wednesday,FINCH STATION,29,34,N,YU
22:33:00,Wednesday,VAUGHAN MC STATION,0,0,N,YU
23:15:00,Wednesday,DUNDAS STATION,0,0,S,YU
23:17:00,Wednesday,SHERBOURNE STATION,0,0,E,BD
23:36:00,Wednesday,SPADINA BD STATION,0,0,W,BD
00:31:00,Wednesday,OSSINGTON STATION,0,0,E,BD
01:36:00,Wednesday,EGLINTON STATION,3,9,N,YU
06:54:00,Wednesday,DON MILLS STATION,6,13,W,SHP
11:45:00,Wednesday,DON MILLS STATION,3,10,W,SHP
13:53:00,Wednesday,BAYVIEW STATION,8,15,W,SHP
16:49:00,Wednesday,DON MILLS STATION,0,0,W,SHP
06:02:00,Thursday,WILSON STATION,5,8,S,YU
06:18:00,Thursday,EGLINTON STATION,3,6,N,YU
07:02:00,Thursday,DAVISVILLE STATION,0,0,S,YU
07:09:00,Thursday,LAWRENCE STATION,4,7,N,YU
07:16:00,Thursday,QUEEN STATION,0,0,S,YU
07:27:00,Thursday,GREENWOOD STATION,5,7,E,BD
07:28:00,Thursday,CHRISTIE STATION,0,0,E,BD
07:31:00,Thursday,ST GEORGE YUS STATION,0,0,N,YU
08:11:00,Thursday,ROSEDALE STATION,5,8,S,YU
08:23:00,Thursday,COXWELL STATION,0,0,W,BD
08:40:00,Thursday,DUFFERIN STATION,4,7,W,BD
09:27:00,Thursday,SPADINA YUS STATION,0,0,S,YU
09:41:00,Thursday,DUNDAS WEST STATION,6,8,E,BD
10:37:00,Thursday,KEELE STATION,4,8,W,BD
10:45:00,Thursday,LAWRENCE WEST STATION,5,10,S,YU
11:19:00,Thursday,BLOOR STATION,4,9,N,YU
12:04:00,Thursday,SHEPPARD STATION,0,0,N,YU
12:21:00,Thursday,CHRISTIE STATION,3,7,W,BD
12:44:00,Thursday,MUSEUM STATION,0,0,N,YU
12:55:00,Thursday,ST GEORGE YUS STATION,0,0,S,YU
13:29:00,Thursday,OSSINGTON STATION,0,0,E,BD
13:36:00,Thursday,VAUGHAN MC STATION,5,10,S,YU
14:00:00,Thursday,WARDEN STATION,5,9,E,BD
14:11:00,Thursday,WELLESLEY STATION,5,10,N,YU
14:13:00,Thursday,ST GEORGE YUS STATION,4,9,S,YU
14:54:00,Thursday,ST CLAIR WEST STATION,14,19,N,YU
15:09:00,Thursday,ST GEORGE YUS STATION,0,0,S,YU
15:44:00,Thursday,WILSON STATION,7,12,N,YU
15:58:00,Thursday,ROYAL YORK STATION,0,0,W,BD
16:02:00,Thursday,MAIN STREET STATION,0,0,W,BD
16:16:00,Thursday,CHRISTIE STATION,0,0,W,BD
16:27:00,Thursday,SPADINA BD STATION,0,0,E,BD
16:30:00,Thursday,BLOOR STATION,6,9,N,YU
16:39:00,Thursday,QUEEN'S PARK STATION,0,0,N,YU
16:40:00,Thursday,YONGE BD STATION,0,0,E,BD
16:52:00,Thursday,ROSEDALE STATION,3,9,N,YU
16:59:00,Thursday,COXWELL STATION,0,0,E,BD
17:05:00,Thursday,DUNDAS WEST STATION,0,0,W,BD
17:15:00,Thursday,ST PATRICK STATION,5,8,N,YU
17:49:00,Thursday,BROADVIEW STATION,0,0,W,BD
18:36:00,Thursday,KENNEDY BD STATION,5,10,W,BD
18:52:00,Thursday,DUNDAS STATION,5,8,N,YU
19:03:00,Thursday,BLOOR STATION,0,0,N,YU
19:10:00,Thursday,COLLEGE STATION,0,0,S,YU
19:26:00,Thursday,BLOOR STATION,0,0,N,YU
19:27:00,Thursday,YONGE BD STATION,0,0,W,BD
20:06:00,Thursday,DUNDAS STATION,0,0,S,YU
20:36:00,Thursday,KING STATION,3,8,S,YU
20:59:00,Thursday,DUPONT STATION,0,0,N,YU
21:12:00,Thursday,KIPLING STATION,5,10,W,BD
21:14:00,Thursday,DOWNSVIEW PARK STATION,0,0,N,YU
21:53:00,Thursday,ST ANDREW STATION,5,10,N,YU
21:58:00,Thursday,DUPONT STATION,0,0,S,YU
22:42:00,Thursday,DONLANDS STATION,16,22,E,BD
23:00:00,Thursday,VAUGHAN MC STATION,0,0,S,YU
23:23:00,Thursday,DUNDAS STATION,0,0,S,YU
23:37:00,Thursday,SHERBOURNE STATION,0,0,E,BD
23:44:00,Thursday,SPADINA BD STATION,12,17,S,BD
23:46:00,Thursday,SPADINA BD STATION,0,0,E,BD
00:03:00,Thursday,COLLEGE STATION,3,8,S,YU
00:04:00,Thursday,FINCH STATION,0,0,S,YU
00:07:00,Thursday,LANSDOWNE STATION,0,0,E,BD
00:23:00,Thursday,DAVISVILLE STATION,8,13,S,YU
00:26:00,Thursday,ISLINGTON STATION,36,42,W,BD
00:29:00,Thursday,CHESTER STATION,7,13,E,BD
00:36:00,Thursday,SPADINA YUS STATION,6,12,S,YU
00:37:00,Thursday,FINCH WEST STATION,0,0,N,YU
00:40:00,Thursday,DAVISVILLE STATION,8,13,N,YU
01:01:00,Thursday,ST ANDREW STATION,15,20,N,YU
01:29:00,Thursday,UNION STATION,5,10,N,YU
08:46:00,Thursday,SHEPPARD-YONGE STATION,3,10,E,SHP
00:50:00,Thursday,LESLIE STATION,0,0,E,SHP
01:05:00,Thursday,LESLIE STATION,0,0,E,SHP
02:19:00,Friday,VAUGHAN MC STATION,0,0,S,YU
02:20:00,Friday,FINCH WEST STATION,0,0,N,YU
05:20:00,Friday,YORK MILLS STATION,0,0,N,YU
05:53:00,Friday,EGLINTON STATION,5,10,N,YU
05:56:00,Friday,SHEPPARD STATION,6,0,N,YU
06:11:00,Friday,GREENWOOD STATION,3,6,E,BD
06:13:00,Friday,WILSON YARD,35,41,S,YU
06:43:00,Friday,MAIN STREET STATION,0,0,W,BD
07:31:00,Friday,RUNNYMEDE STATION,9,12,W,BD
07:44:00,Friday,ISLINGTON STATION,0,0,E,BD
07:48:00,Friday,YONGE BD STATION,3,5,W,BD
08:22:00,Friday,DUFFERIN STATION,9,12,E,BD
08:55:00,Friday,ST CLAIR STATION,0,0,N,YU
09:08:00,Friday,COLLEGE STATION,3,8,N,YU
09:10:00,Friday,UNION STATION,0,0,N,YU
09:26:00,Friday,VAUGHAN MC STATION,5,10,S,YU
09:33:00,Friday,CHRISTIE STATION,7,11,W,BD
09:50:00,Friday,WILSON STATION,0,0,N,YU
10:00:00,Friday,BROADVIEW STATION,4,6,E,BD
11:05:00,Friday,VAUGHAN MC STATION,0,0,S,YU
11:10:00,Friday,EGLINTON STATION,5,10,N,YU
11:39:00,Friday,RUNNYMEDE STATION,4,8,W,BD
12:32:00,Friday,QUEEN'S PARK STATION,0,0,N,YU
12:42:00,Friday,ST CLAIR WEST STATION,0,0,S,YU
13:43:00,Friday,BLOOR STATION,0,0,N,YU
14:12:00,Friday,ISLINGTON STATION,0,0,E,BD
14:22:00,Friday,VICTORIA PARK STATION-,0,0,E,BD
14:27:00,Friday,KEELE STATION,0,0,W,BD
14:30:00,Friday,ST GEORGE BD STATION,0,0,W,BD
14:39:00,Friday,BLOOR STATION,6,11,N,YU
14:40:00,Friday,ST GEORGE BD STATION,0,0,W,BD
14:42:00,Friday,FINCH STATION,5,10,S,YU
14:48:00,Friday,VAUGHAN MC STATION,0,0,S,YU
14:48:00,Friday,CHRISTIE STATION,3,7,W,BD
15:50:00,Friday,BLOOR STATION,0,0,S,YU
15:57:00,Friday,DUNDAS STATION,0,0,N,YU
16:38:00,Friday,ROSEDALE STATION,0,0,N,YU
16:42:00,Friday,RUNNYMEDE STATION,3,6,E,BD
17:05:00,Friday,WOODBINE STATION,0,0,W,BD
17:10:00,Friday,BATHURST STATION,0,0,W,BD
17:15:00,Friday,BATHURST STATION,0,0,W,BD
18:03:00,Friday,ST GEORGE YUS STATION,3,6,S,YU
18:14:00,Friday,DONLANDS STATION,0,0,W,BD
18:55:00,Friday,FINCH STATION,5,8,N,YU
19:14:00,Friday,PAPE STATION,0,0,W,BD
19:25:00,Friday,OSSINGTON STATION,0,0,W,BD
19:54:00,Friday,WARDEN STATION,0,0,E,BD
19:56:00,Friday,KENNEDY BD STATION,0,0,W,BD
20:05:00,Friday,YONGE BD STATION,4,9,W,BD
22:23:00,Friday,VICTORIA PARK STATION,17,22,W,BD
23:05:00,Friday,CHRISTIE STATION,3,8,W,BD
23:11:00,Friday,EGLINTON STATION,8,13,N,YU
23:18:00,Friday,SHEPPARD STATION,5,10,S,YU
23:35:00,Friday,EGLINTON STATION,6,11,N,YU
23:43:00,Friday,EGLINTON STATION,3,8,N,YU
23:45:00,Friday,VAUGHAN MC STATION,5,10,S,YU
23:56:00,Friday,FINCH STATION,0,0,S,YU
00:00:00,Friday,NORTH YORK CTR STATION,7,13,S,YU
00:36:00,Friday,LAWRENCE WEST STATION,8,13,N,YU
01:33:00,Friday,ST GEORGE BD STATION,3,9,W,BD
01:34:00,Friday,DUNDAS STATION,4,9,S,YU
05:31:00,Friday,BESSARION STATION,0,0,E,SHP
07:17:00,Saturday,CASTLE FRANK STATION,5,10,E,BD
09:29:00,Saturday,WILSON STATION,0,0,S,YU
09:50:00,Saturday,MUSEUM STATION,7,13,N,YU
09:55:00,Saturday,MUSEUM STATION,0,0,N,YU
09:59:00,Saturday,ST CLAIR WEST STATION,4,8,N,YU
11:53:00,Saturday,GREENWOOD STATION,0,0,E,BD
12:28:00,Saturday,EGLINTON STATION,5,9,N,YU
12:49:00,Saturday,SHERBOURNE STATION,0,0,E,BD
13:15:00,Saturday,SHERBOURNE STATION,4,8,E,BD
13:54:00,Saturday,KEELE STATION,3,7,E,BD
14:05:00,Saturday,CHRISTIE STATION,3,7,E,BD
15:48:00,Saturday,UNION STATION,9,13,N,YU
15:56:00,Saturday,ST GEORGE YUS STATION,4,8,N,YU
16:31:00,Saturday,GREENWOOD STATION,0,0,W,BD
16:45:00,Saturday,SHERBOURNE STATION,0,0,E,BD
17:04:00,Saturday,DOWNSVIEW PARK STATION,3,7,N,YU
17:08:00,Saturday,FINCH WEST STATION,4,8,N,YU
17:20:00,Saturday,SHEPPARD STATION,0,0,N,YU
17:26:00,Saturday,NORTH YORK CTR STATION,0,0,N,YU
17:47:00,Saturday,HIGH PARK STATION,3,7,W,BD
17:57:00,Saturday,QUEEN STATION,4,8,N,YU
18:41:00,Saturday,KENNEDY BD STATION,0,0,E,BD
19:03:00,Saturday,LAWRENCE WEST STATION,4,9,S,YU
19:24:00,Saturday,ST GEORGE YUS STATION,0,0,S,YU
19:40:00,Saturday,YONGE BD STATION,0,0,E,BD
20:10:00,Saturday,FINCH STATION,5,10,S,YU
20:12:00,Saturday,COLLEGE STATION,3,8,N,YU
20:33:00,Saturday,KING STATION,0,0,N,YU
22:07:00,Saturday,FINCH STATION,3,9,N,YU
23:26:00,Saturday,FINCH WEST STATION,6,12,N,YU
23:41:00,Saturday,WELLESLEY STATION,3,9,N,YU
00:13:00,Saturday,KIPLING STATION,5,10,W,BD
01:24:00,Saturday,DAVISVILLE STATION,9,15,S,YU
01:40:00,Saturday,VAUGHAN MC STATION,0,0,S,YU
20:37:00,Saturday,DON MILLS STATION,0,0,E,SHP
21:11:00,Saturday,LESLIE STATION,5,11,E,SHP
02:10:00,Sunday,WOODBINE STATION,0,0,W,BD
04:11:00,Sunday,KEELE YARD,5,10,W,BD
04:55:00,Sunday,LINE 2 - BLOOR - DANFO,0,0,B,BD
07:16:00,Sunday,KEELE YARD,5,10,E,BD
08:00:00,Sunday,KIPLING STATION,5,10,E,BD
09:41:00,Sunday,DAVISVILLE STATION,4,10,S,YU
10:03:00,Sunday,DUPONT STATION,4,10,N,YU
11:27:00,Sunday,UNION STATION,4,8,S,YU
11:39:00,Sunday,VICTORIA PARK STATION,3,7,E,BD
12:19:00,Sunday,ROSEDALE STATION,7,11,S,YU
12:40:00,Sunday,ROSEDALE STATION,0,0,S,YU
15:16:00,Sunday,SHERBOURNE STATION,0,0,E,BD
15:55:00,Sunday,QUEEN STATION,0,0,S,YU
15:56:00,Sunday,FINCH STATION,5,9,S,YU
16:16:00,Sunday,JANE STATION,0,0,E,BD
16:21:00,Sunday,VICTORIA PARK STATION,16,21,W,BD
17:55:00,Sunday,LAWRENCE WEST STATION,0,0,N,YU
17:59:00,Sunday,SUMMERHILL STATION,6,10,N,YU
18:16:00,Sunday,ROSEDALE STATION,5,9,S,YU
18:34:00,Sunday,DUNDAS WEST STATION,5,10,E,BD
20:08:00,Sunday,YONGE BD STATION,0,0,W,BD
20:09:00,Sunday,VICTORIA PARK STATION,0,0,W,BD
20:58:00,Sunday,OLD MILL STATION,0,0,E,BD
21:44:00,Sunday,SPADINA YUS STATION,0,0,S,YU
22:13:00,Sunday,YONGE BD STATION,5,11,E,BD
22:26:00,Sunday,DUNDAS STATION,0,0,S,YU
23:24:00,Sunday,COXWELL STATION,4,10,E,BD
23:24:00,Sunday,VICTORIA PARK STATION,0,0,W,BD
23:41:00,Sunday,KENNEDY BD STATION,6,12,E,BD
00:09:00,Sunday,UNION STATION,7,13,N,YU
01:59:00,Sunday,SPADINA YUS STATION,11,17,N,YU
11:19:00,Sunday,SHEPPARD-YONGE STATION,0,0,E,SHP
17:23:00,Sunday,DON MILLS STATION,7,14,W,SHP
02:03:00,Monday,SPADINA BD STATION,0,0,W,BD
06:33:00,Monday,ST ANDREW STATION,0,0,S,YU
07:17:00,Monday,BLOOR STATION,0,0,S,YU
07:58:00,Monday,ST CLAIR STATION,4,7,S,YU
08:10:00,Monday,GLENCAIRN STATION,3,6,N,YU
08:22:00,Monday,LAWRENCE STATION,6,11,S,YU
08:38:00,Monday,ST CLAIR STATION,3,6,S,YU
08:41:00,Monday,EGLINTON STATION,6,9,S,YU
08:56:00,Monday,ST PATRICK STATION,0,0,S,YU
08:56:00,Monday,KING STATION,0,0,N,YU
09:05:00,Monday,SHEPPARD STATION,4,7,S,YU
09:24:00,Monday,ST CLAIR WEST STATION,6,9,S,YU
10:01:00,Monday,ST GEORGE BD STATION,7,11,E,BD
10:03:00,Monday,DAVISVILLE STATION,3,6,S,YU
10:15:00,Monday,ST CLAIR WEST STATION,0,0,N,YU
10:34:00,Monday,ST CLAIR WEST STATION,5,10,S,YU
10:56:00,Monday,ST CLAIR STATION,3,8,S,YU
11:08:00,Monday,FINCH STATION,3,8,S,YU
11:10:00,Monday,EGLINTON STATION,4,9,N,YU
11:21:00,Monday,BAY STATION,0,0,E,BD
11:47:00,Monday,KIPLING STATION,3,7,W,BD
11:50:00,Monday,WARDEN STATION,6,10,E,BD
11:59:00,Monday,ROYAL YORK STATION,9,3,W,BD
13:37:00,Monday,DUNDAS STATION,0,0,S,YU
14:03:00,Monday,WELLESLEY STATION,8,13,N,YU
14:17:00,Monday,SHEPPARD STATION,0,0,S,YU
14:54:00,Monday,QUEEN STATION,0,0,N,YU
15:01:00,Monday,ST CLAIR STATION,0,0,S,YU
17:12:00,Monday,BLOOR STATION,0,0,S,YU
17:32:00,Monday,FINCH WEST STATION,0,0,N,YU
18:24:00,Monday,MAIN STREET STATION,0,0,W,BD
18:29:00,Monday,SHEPPARD WEST STATION,0,0,S,YU
18:38:00,Monday,PIONEER VILLAGE STATIO,3,6,N,YU
18:41:00,Monday,COLLEGE STATION,0,0,N,YU
19:07:00,Monday,ST PATRICK STATION,9,12,S,YU
19:26:00,Monday,PAPE STATION,3,8,E,BD
19:52:00,Monday,ST CLAIR WEST STATION,0,0,N,YU
19:54:00,Monday,ST CLAIR STATION,7,10,N,YU
20:42:00,Monday,ISLINGTON STATION,0,0,W,BD
21:23:00,Monday,YONGE BD STATION,0,0,W,BD
21:24:00,Monday,BLOOR STATION,0,0,N,YU
21:53:00,Monday,COLLEGE STATION,4,9,N,YU
22:41:00,Monday,LAWRENCE STATION,3,8,N,YU
01:18:00,Monday,WOODBINE STATION,3,9,E,BD
01:19:00,Monday,KIPLING STATION,5,10,E,BD
01:20:00,Monday,DAVISVILLE STATION,4,10,S,YU
01:49:00,Monday,SHEPPARD STATION,20,25,N,YU
05:28:00,Monday,LESLIE STATION,0,0,E,SHP
05:36:00,Monday,DON MILLS STATION,7,0,E,SHP
06:04:00,Tuesday,ST GEORGE BD STATION,30,0,E,BD
06:10:00,Tuesday,EGLINTON STATION,6,10,N,YU
06:45:00,Tuesday,YONGE BD STATION,0,0,E,BD
06:52:00,Tuesday,BAY STATION,3,6,W,BD
06:57:00,Tuesday,UNION STATION,0,0,N,YU
07:12:00,Tuesday,CHRISTIE STATION,20,0,W,BD
07:24:00,Tuesday,OSSINGTON STATION,20,0,W,BD
07:27:00,Tuesday,BAY STATION,3,5,E,BD
07:45:00,Tuesday,KIPLING STATION,0,0,W,BD
07:46:00,Tuesday,BATHURST STATION,6,8,E,BD
07:52:00,Tuesday,LAWRENCE STATION,15,18,S,YU
07:55:00,Tuesday,OSGOODE STATION,0,0,S,YU
08:22:00,Tuesday,ST CLAIR WEST STATION,0,0,N,YU
08:35:00,Tuesday,EGLINTON WEST STATION,6,9,N,YU
08:36:00,Tuesday,OSSINGTON STATION,33,0,E,BD
08:41:00,Tuesday,GREENWOOD STATION,5,0,E,BD
08:50:00,Tuesday,YONGE BD STATION,0,0,E,BD
10:31:00,Tuesday,SPADINA BD STATION,15,18,E,BD
11:44:00,Tuesday,YORK MILLS STATION,3,8,N,YU
12:08:00,Tuesday,SHEPPARD STATION,3,8,N,YU
13:34:00,Tuesday,ISLINGTON STATION,0,0,W,BD
13:54:00,Tuesday,COLLEGE STATION,7,12,S,YU
14:17:00,Tuesday,UNION STATION,0,0,N,YU
14:20:00,Tuesday,WARDEN STATION,19,23,E,BD
14:24:00,Tuesday,WOODBINE STATION,0,0,E,BD
14:40:00,Tuesday,SPADINA BD STATION,0,0,S,BD
15:14:00,Tuesday,SPADINA YUS STATION,10,13,N,YU
15:21:00,Tuesday,SHEPPARD WEST STATION,0,0,S,YU
15:40:00,Tuesday,EGLINTON STATION,0,0,N,YU
15:57:00,Tuesday,SPADINA BD STATION,3,6,W,BD
16:28:00,Tuesday,WILSON STATION,0,0,S,YU
16:31:00,Tuesday,BROADVIEW STATION,3,6,E,BD
16:34:00,Tuesday,LAWRENCE WEST STATION,8,11,S,YU
16:45:00,Tuesday,SHEPPARD STATION,0,0,N,YU
17:15:00,Tuesday,YONGE BD STATION,0,0,W,BD
17:19:00,Tuesday,WOODBINE STATION,5,8,E,BD
17:36:00,Tuesday,YORK MILLS STATION,0,0,N,YU
17:46:00,Tuesday,ST GEORGE BD STATION,0,0,E,BD
18:13:00,Tuesday,ST GEORGE YUS STATION,7,10,N,YU
18:22:00,Tuesday,ST GEORGE BD STATION,0,0,E,BD
18:39:00,Tuesday,VAUGHAN MC STATION,28,31,S,YU
18:42:00,Tuesday,CHRISTIE STATION,0,0,E,BD
18:45:00,Tuesday,PIONEER VILLAGE STATIO,0,0,N,YU
18:51:00,Tuesday,CHESTER STATION,11,14,E,BD
19:05:00,Tuesday,FINCH STATION,3,6,S,YU
19:12:00,Tuesday,BLOOR STATION,14,19,S,YU
19:24:00,Tuesday,COLLEGE STATION,4,8,N,YU
19:42:00,Tuesday,KENNEDY BD STATION,0,0,W,BD
19:44:00,Tuesday,NORTH YORK CTR STATION,7,15,S,YU
19:52:00,Tuesday,SHEPPARD STATION,7,12,S,YU
20:04:00,Tuesday,DUNDAS WEST STATION,0,0,W,BD
20:50:00,Tuesday,NORTH YORK CTR STATION,0,0,S,YU
21:29:00,Tuesday,KENNEDY BD STATION,0,0,W,BD
21:35:00,Tuesday,OSGOODE STATION,0,0,N,YU
22:12:00,Tuesday,ST GEORGE BD STATION,0,0,W,BD
22:37:00,Tuesday,BLOOR STATION,0,0,S,YU
23:53:00,Tuesday,FINCH STATION,7,12,S,YU
00:08:00,Tuesday,KING STATION,0,0,N,YU
00:15:00,Tuesday,NORTH YORK CTR STATION,7,12,S,YU
00:33:00,Tuesday,ST GEORGE BD STATION,0,0,W,BD
00:44:00,Tuesday,BLOOR STATION,0,0,S,YU
01:08:00,Tuesday,NORTH YORK CTR STATION,5,11,S,YU
01:41:00,Tuesday,SUMMERHILL STATION,0,0,S,YU
05:41:00,Tuesday,DON MILLS STATION,6,13,W,SHP
05:46:00,Tuesday,DON MILLS STATION,6,13,W,SHP
13:50:00,Tuesday,LESLIE STATION,0,0,E,SHP
13:52:00,Tuesday,LESLIE STATION,5,12,E,SHP
14:13:00,Tuesday,BAYVIEW STATION,0,0,W,SHP
14:18:00,Tuesday,BESSARION STATION,0,0,E,SHP
14:19:00,Tuesday,BESSARION STATION,13,20,E,SHP
14:36:00,Tuesday,BAYVIEW STATION,0,0,W,SHP
21:05:00,Tuesday,LESLIE STATION,8,15,W,SHP
05:25:00,Wednesday,SHERBOURNE STATION,0,0,E,BD
05:41:00,Wednesday,EGLINTON STATION,3,8,N,YU
06:04:00,Wednesday,VAUGHAN MC STATION,0,0,S,YU
06:08:00,Wednesday,DONLANDS STATION,0,0,W,BD
06:12:00,Wednesday,ISLINGTON STATION,0,0,E,BD
06:35:00,Wednesday,OSGOODE STATION,0,0,S,YU
06:54:00,Wednesday,ST CLAIR WEST STATION,3,6,S,YU
07:31:00,Wednesday,EGLINTON STATION,0,0,S,YU
07:53:00,Wednesday,VAUGHAN MC STATION,3,6,S,YU
08:08:00,Wednesday,ST PATRICK STATION,6,9,S,YU
08:27:00,Wednesday,ISLINGTON STATION,0,0,E,BD
08:33:00,Wednesday,DAVISVILLE STATION,3,6,S,YU
08:35:00,Wednesday,BLOOR STATION,0,0,S,YU
08:40:00,Wednesday,KENNEDY BD STATION,3,5,E,BD
08:43:00,Wednesday,DUNDAS STATION,0,0,S,YU
08:47:00,Wednesday,DAVISVILLE BUILD UP,3,6,S,YU
09:24:00,Wednesday,OLD MILL STATION,0,0,E,BD
09:47:00,Wednesday,OLD MILL STATION,3,7,E,BD
09:58:00,Wednesday,OSGOODE STATION,3,6,N,YU
11:00:00,Wednesday,ROSEDALE STATION,5,10,N,YU
11:36:00,Wednesday,OLD MILL STATION,0,0,W,BD
11:46:00,Wednesday,SHEPPARD STATION,0,0,S,YU
11:54:00,Wednesday,EGLINTON WEST STATION,3,8,S,YU
12:51:00,Wednesday,COLLEGE STATION,0,0,S,YU
13:10:00,Wednesday,DUNDAS STATION,22,28,N,YU
13:20:00,Wednesday,KENNEDY BD STATION,4,8,W,BD
13:24:00,Wednesday,UNION STATION,3,8,N,YU
13:26:00,Wednesday,EGLINTON STATION,8,12,S,YU
13:34:00,Wednesday,ST GEORGE BD STATION,0,0,W,BD
13:40:00,Wednesday,QUEEN STATION,0,0,N,YU
13:46:00,Wednesday,WILSON STATION,0,0,S,YU
13:59:00,Wednesday,KIPLING STATION,7,11,E,BD
14:10:00,Wednesday,ST CLAIR STATION,0,0,S,YU
14:35:00,Wednesday,ST CLAIR WEST STATION,0,0,S,YU
15:19:00,Wednesday,KIPLING STATION,3,6,E,BD
15:23:00,Wednesday,DUFFERIN STATION,0,0,W,BD
16:33:00,Wednesday,ST CLAIR STATION,6,9,N,YU
16:54:00,Wednesday,KEELE STATION,4,7,E,BD
17:09:00,Wednesday,SHEPPARD STATION,21,24,S,YU
17:17:00,Wednesday,BLOOR STATION,0,0,N,YU
17:19:00,Wednesday,YONGE BD STATION,0,0,W,BD
17:54:00,Wednesday,EGLINTON WEST STATION,9,12,N,YU
18:51:00,Wednesday,KIPLING STATION,0,0,W,BD
19:10:00,Wednesday,DUNDAS STATION,0,0,N,YU
19:29:00,Wednesday,BLOOR STATION,0,0,S,YU
20:15:00,Wednesday,UNION STATION,3,8,S,YU
20:23:00,Wednesday,SPADINA BD STATION,0,0,W,BD
21:37:00,Wednesday,EGLINTON WEST STATION,0,0,N,YU
21:42:00,Wednesday,BLOOR STATION,4,9,N,YU
22:38:00,Wednesday,BAY STATION,4,10,W,BD
22:49:00,Wednesday,CHRISTIE STATION,0,0,W,BD
23:07:00,Wednesday,YONGE BD STATION,4,9,W,BD
23:21:00,Wednesday,KIPLING STATION,6,22,W,BD
23:59:00,Wednesday,ST GEORGE YUS STATION,61,66,S,YU
00:09:00,Wednesday,SPADINA BD STATION,51,57,E,BD
01:32:00,Wednesday,SHEPPARD WEST STATION,17,22,S,YU
10:07:00,Wednesday,SHEPPARD-YONGE STATION,0,0,E,SHP
13:31:00,Wednesday,DON MILLS STATION,0,0,W,SHP
16:47:00,Wednesday,LESLIE STATION,0,0,E,SHP
02:20:00,Thursday,DAVISVILLE STATION,0,0,S,YU
05:04:00,Thursday,OSGOODE STATION,0,0,N,YU
05:39:00,Thursday,OSSINGTON STATION,0,0,W,BD
05:55:00,Thursday,GREENWOOD STATION,0,0,W,BD
06:12:00,Thursday,BLOOR STATION,0,0,S,YU
06:28:00,Thursday,HIGHWAY 407 STATION,6,12,S,YU
07:13:00,Thursday,DUPONT STATION,4,7,S,YU
07:24:00,Thursday,MAIN STREET STATION,0,0,W,BD
07:48:00,Thursday,MAIN STREET STATION,0,0,W,BD
07:55:00,Thursday,OLD MILL STATION,0,0,E,BD
08:25:00,Thursday,SHEPPARD STATION,3,6,N,YU
09:19:00,Thursday,GREENWOOD STATION,0,0,E,BD
10:07:00,Thursday,OSGOODE STATION,0,0,N,YU
10:21:00,Thursday,ISLINGTON STATION,0,0,W,BD
10:55:00,Thursday,WELLESLEY STATION,0,0,S,YU
11:00:00,Thursday,JANE STATION,174,178,E,BD
11:12:00,Thursday,BROADVIEW STATION,9,13,W,BD
11:24:00,Thursday,DAVISVILLE STATION,0,0,N,YU
11:41:00,Thursday,ST GEORGE YUS STATION,0,0,N,YU
12:23:00,Thursday,VICTORIA PARK STATION,12,16,E,BD
12:27:00,Thursday,NORTH YORK CTR STATION,5,10,S,YU
12:42:00,Thursday,LANSDOWNE STATION,0,0,W,BD
13:59:00,Thursday,SHEPPARD STATION,5,10,S,YU
14:08:00,Thursday,KEELE STATION,0,0,E,BD
15:05:00,Thursday,VAUGHAN MC STATION,5,10,S,YU
15:20:00,Thursday,KIPLING STATION,0,0,W,BD
15:24:00,Thursday,WILSON STATION,5,10,S,YU
15:34:00,Thursday,WOODBINE STATION,0,0,W,BD
15:45:00,Thursday,YORKDALE STATION,0,0,N,YU
15:52:00,Thursday,UNION STATION,8,13,N,YU
16:15:00,Thursday,SPADINA YUS STATION,5,10,S,YU
16:20:00,Thursday,ROSEDALE STATION,4,9,S,YU
16:36:00,Thursday,WILSON STATION,4,9,N,YU
16:44:00,Thursday,SUMMERHILL STATION,5,8,N,YU
17:09:00,Thursday,OLD MILL STATION,0,0,E,BD
18:18:00,Thursday,HIGH PARK STATION,15,18,W,BD
18:50:00,Thursday,DUNDAS WEST STATION,7,10,E,BD
19:46:00,Thursday,ST CLAIR STATION,0,0,S,YU
19:49:00,Thursday,FINCH STATION,5,10,S,YU
19:58:00,Thursday,SPADINA YUS STATION,0,0,N,YU
20:17:00,Thursday,DUNDAS STATION,0,0,S,YU
20:36:00,Thursday,FINCH STATION,3,8,S,YU
20:40:00,Thursday,MUSEUM STATION,4,9,S,YU
21:19:00,Thursday,MUSEUM STATION,6,11,S,YU
21:24:00,Thursday,DUNDAS STATION,0,0,N,YU
22:06:00,Thursday,SPADINA BD STATION,9,14,N,BD
22:12:00,Thursday,DUNDAS STATION,0,0,N,YU
22:16:00,Thursday,VAUGHAN MC STATION,0,0,S,YU
22:23:00,Thursday,EGLINTON WEST STATION,14,19,S,YU
22:38:00,Thursday,SHEPPARD WEST STATION,0,0,S,YU
22:40:00,Thursday,DOWNSVIEW PARK STATION,0,0,S,YU
00:28:00,Thursday,VAUGHAN MC STATION,5,10,S,YU
00:37:00,Thursday,BATHURST STATION,13,18,E,BD
01:41:00,Thursday,OSSINGTON STATION,5,10,E,BD
06:09:00,Thursday,SHEPPARD-YONGE STATION,0,0,E,SHP
23:44:00,Thursday,SHEPPARD-YONGE STATION,0,0,W,SHP
02:02:00,Friday,OSSINGTON STATION,0,0,E,BD
02:02:00,Friday,OLD MILL STATION,0,0,W,BD
05:42:00,Friday,GREENWOOD STATION,12,0,E,BD
05:47:00,Friday,SHEPPARD WEST STATION,5,0,N,YU
06:16:00,Friday,MAIN STREET STATION,0,0,W,BD
07:21:00,Friday,HIGHWAY 407 STATION,4,7,S,YU
07:28:00,Friday,BLOOR STATION,5,8,S,YU
07:31:00,Friday,WELLESLEY STATION,5,8,N,YU
07:56:00,Friday,BATHURST STATION,0,0,E,BD
07:57:00,Friday,COLLEGE STATION,0,0,S,YU
08:05:00,Friday,WILSON STATION,4,7,S,YU
08:09:00,Friday,BAY STATION,4,6,W,BD
08:12:00,Friday,WELLESLEY STATION,9,12,S,YU
08:20:00,Friday,SPADINA BD STATION,0,0,E,BD
08:51:00,Friday,DUFFERIN STATION,0,0,E,BD
08:55:00,Friday,KING STATION,6,9,N,YU
09:06:00,Friday,YORK MILLS STATION,10,13,S,YU
09:44:00,Friday,BLOOR STATION,3,7,S,YU
09:59:00,Friday,ST GEORGE YUS STATION,7,10,S,YU
10:18:00,Friday,QUEEN STATION,7,10,N,YU
10:40:00,Friday,UNION STATION,0,0,S,YU
11:29:00,Friday,KENNEDY BD STATION,0,0,E,BD
11:38:00,Friday,LANSDOWNE STATION,0,0,W,BD
11:38:00,Friday,QUEEN STATION,20,25,N,YU
11:46:00,Friday,SHEPPARD STATION,4,8,N,YU
12:06:00,Friday,DOWNSVIEW PARK STATION,0,0,S,YU
12:16:00,Friday,BLOOR STATION,0,0,S,YU
12:20:00,Friday,KIPLING STATION,0,0,W,BD
12:40:00,Friday,KIPLING STATION,0,0,W,BD
12:40:00,Friday,KING STATION,6,11,N,YU
12:52:00,Friday,DUNDAS STATION,10,15,N,YU
13:00:00,Friday,CHESTER STATION,7,11,W,BD
15:05:00,Friday,ISLINGTON STATION,0,0,W,BD
15:34:00,Friday,COLLEGE STATION,0,0,N,YU
16:11:00,Friday,UNION STATION,0,0,S,YU
16:24:00,Friday,YORKDALE STATION,3,6,S,YU
16:32:00,Friday,VAUGHAN MC STATION,0,0,S,YU
16:49:00,Friday,ST GEORGE YUS STATION,3,6,N,YU
17:02:00,Friday,KING STATION,0,0,N,YU
17:09:00,Friday,DUPONT STATION,3,6,N,YU
17:40:00,Friday,GREENWOOD STATION,4,7,W,BD
17:49:00,Friday,UNION STATION,0,0,N,YU
18:21:00,Friday,LAWRENCE STATION,3,6,S,YU
18:33:00,Friday,SPADINA BD STATION,0,0,E,BD
18:48:00,Friday,FINCH STATION,5,10,S,YU
19:16:00,Friday,CASTLE FRANK STATION,3,7,W,BD
19:35:00,Friday,FINCH STATION,17,22,S,YU
20:19:00,Friday,DUNDAS STATION,5,8,S,YU
20:25:00,Friday,FINCH STATION,5,10,S,YU
20:32:00,Friday,DUNDAS STATION,11,16,N,YU
20:51:00,Friday,COXWELL STATION,0,0,W,BD
21:34:00,Friday,OSSINGTON STATION,8,14,W,BD
22:56:00,Friday,YONGE BD STATION,0,0,W,BD
22:57:00,Friday,SPADINA BD STATION,8,13,W,BD
23:11:00,Friday,LAWRENCE STATION,0,0,S,YU
23:45:00,Friday,BLOOR STATION,0,0,N,YU
00:56:00,Friday,OLD MILL STATION,0,0,E,BD
10:25:00,Friday,SHEPPARD-YONGE STATION,0,0,E,SHP
13:27:00,Friday,SHEPPARD-YONGE STATION,7,14,E,SHP
02:06:00,Saturday,SPADINA BD STATION,0,0,W,BD
02:12:00,Saturday,FINCH STATION,0,0,N,YU
04:51:00,Saturday,KIPLING STATION,5,10,E,BD
04:54:00,Saturday,KIPLING STATION,5,10,E,BD
05:33:00,Saturday,KIPLING STATION,0,0,E,BD
05:50:00,Saturday,SPADINA BD STATION,0,0,W,BD
06:53:00,Saturday,BLOOR STATION,0,0,N,YU
10:02:00,Saturday,MAIN STREET STATION,5,12,W,BD
10:04:00,Saturday,DAVISVILLE STATION,0,0,S,YU
11:28:00,Saturday,SHEPPARD WEST STATION,0,0,N,YU
12:53:00,Saturday,KING STATION,0,0,N,YU
13:11:00,Saturday,YORK UNIVERSITY STATIO,0,0,S,YU
14:08:00,Saturday,BLOOR STATION,3,7,N,YU
14:24:00,Saturday,OSGOODE STATION,0,0,N,YU
14:25:00,Saturday,BLOOR STATION,0,0,N,YU
14:31:00,Saturday,BLOOR STATION,8,12,N,YU
15:10:00,Saturday,BLOOR STATION,0,0,S,YU
15:52:00,Saturday,OSGOODE STATION,0,0,N,YU
16:24:00,Saturday,ROYAL YORK STATION,0,0,E,BD
16:28:00,Saturday,SUMMERHILL STATION,0,0,N,YU
16:34:00,Saturday,HIGHWAY 407 STATION,3,7,N,YU
16:48:00,Saturday,OSGOODE STATION,7,11,S,YU
17:11:00,Saturday,BLOOR STATION,5,9,S,YU
17:31:00,Saturday,ST GEORGE YUS STATION,0,0,S,YU
17:46:00,Saturday,ST GEORGE BD STATION,0,0,W,BD
17:56:00,Saturday,COLLEGE STATION,0,0,N,YU
18:07:00,Saturday,COLLEGE STATION,3,7,N,YU
18:07:00,Saturday,ST GEORGE BD STATION,0,0,W,BD
18:14:00,Saturday,BATHURST STATION,0,0,E,BD
18:16:00,Saturday,COLLEGE STATION,3,7,S,YU
18:37:00,Saturday,WOODBINE STATION,13,20,E,BD
19:25:00,Saturday,ROYAL YORK STATION,3,8,E,BD
19:42:00,Saturday,ROYAL YORK STATION,5,10,E,BD
20:09:00,Saturday,ST CLAIR WEST STATION,4,9,N,YU
20:10:00,Saturday,ST GEORGE YUS STATION,0,0,N,YU
20:16:00,Saturday,SPADINA YUS STATION,10,14,N,YU
20:16:00,Saturday,OSGOODE STATION,6,10,N,YU
20:47:00,Saturday,BLOOR STATION,0,0,S,YU
21:04:00,Saturday,BLOOR STATION,0,0,S,YU
21:11:00,Saturday,KIPLING STATION,5,10,E,BD
22:26:00,Saturday,MAIN STREET STATION,3,9,E,BD
23:01:00,Saturday,ROYAL YORK STATION(APP,4,9,W,BD
23:54:00,Saturday,RUNNYMEDE STATION,9,14,E,BD
02:15:00,Saturday,BAYVIEW STATION,0,0,E,SHP
17:25:00,Saturday,LESLIE STATION,0,0,W,SHP
17:49:00,Saturday,SHEPPARD-YONGE STATION,0,0,E,SHP
18:49:00,Saturday,SHEPPARD-YONGE STATION,4,11,E,SHP
09:18:00,Sunday,MUSEUM STATION,8,14,S,YU
09:19:00,Sunday,ST GEORGE BD STATION,0,0,W,BD
09:27:00,Sunday,YORK UNIVERSITY STATIO,3,9,N,YU
11:09:00,Sunday,QUEEN'S PARK STATION,0,0,S,YU
11:21:00,Sunday,QUEEN STATION,0,0,N,YU
11:32:00,Sunday,YORKDALE STATION,11,17,S,YU
13:28:00,Sunday,ST GEORGE BD STATION,5,10,W,BD
15:59:00,Sunday,SHEPPARD STATION,4,8,N,YU
17:07:00,Sunday,BLOOR STATION,3,7,N,YU
19:43:00,Sunday,BLOOR STATION,0,0,N,YU
20:15:00,Sunday,VICTORIA PARK STATION,10,15,E,BD
20:40:00,Sunday,UNION STATION,0,0,N,YU
20:52:00,Sunday,VAUGHAN MC STATION,17,23,S,YU
20:58:00,Sunday,WELLESLEY STATION,3,9,S,YU
21:30:00,Sunday,BLOOR STATION,5,11,N,YU
21:37:00,Sunday,KIPLING STATION,5,10,E,BD
01:28:00,Sunday,VAUGHAN MC STATION,0,0,S,YU
01:40:00,Sunday,SHEPPARD WEST STATION,0,0,S,YU
03:41:00,Monday,FINCH STATION,0,0,S,YU
06:12:00,Monday,KENNEDY BD STATION,5,10,W,BD
06:27:00,Monday,MAIN STREET STATION,0,0,W,BD
06:40:00,Monday,SHEPPARD STATION,4,7,S,YU
06:43:00,Monday,DUNDAS STATION,0,0,N,YU
06:48:00,Monday,YORK MILLS STATION,7,10,S,YU
08:25:00,Monday,YORKDALE STATION,3,6,S,YU
08:49:00,Monday,BROADVIEW STATION,4,6,W,BD
09:36:00,Monday,BLOOR STATION,3,6,N,YU
10:12:00,Monday,ST CLAIR WEST STATION,7,13,S,YU
10:18:00,Monday,FINCH STATION,3,6,S,YU
10:23:00,Monday,EGLINTON STATION,5,10,S,YU
10:40:00,Monday,ST GEORGE YUS STATION,5,11,S,YU
11:19:00,Monday,YORK MILLS STATION,13,18,S,YU
11:35:00,Monday,HIGH PARK STATION,8,12,W,BD
11:41:00,Monday,BLOOR STATION,5,11,S,YU
12:09:00,Monday,OSSINGTON STATION,0,0,E,BD
13:02:00,Monday,ST GEORGE BD STATION,0,0,W,BD
13:24:00,Monday,EGLINTON STATION,0,0,N,YU
13:37:00,Monday,UNION STATION,3,8,S,YU
13:45:00,Monday,CHRISTIE STATION,0,0,W,BD
14:20:00,Monday,MAIN STREET STATION,0,0,W,BD
15:11:00,Monday,UNION STATION,0,0,N,YU
15:14:00,Monday,WOODBINE STATION,5,8,W,BD
15:20:00,Monday,ST GEORGE BD STATION,3,6,W,BD
15:21:00,Monday,ST CLAIR WEST STATION,34,38,S,YU
15:39:00,Monday,JANE STATION,0,0,E,BD
15:48:00,Monday,DUNDAS WEST STATION,0,0,E,BD
15:49:00,Monday,BLOOR STATION,6,11,S,YU
16:35:00,Monday,KENNEDY BD STATION,5,8,W,BD
16:40:00,Monday,DUNDAS STATION,0,0,N,YU
17:00:00,Monday,ROYAL YORK STATION,25,50,W,BD
17:22:00,Monday,EGLINTON STATION,3,6,N,YU
18:10:00,Monday,WARDEN STATION,18,21,E,YU
19:16:00,Monday,COXWELL STATION,0,0,E,BD
19:41:00,Monday,YORK MILLS STATION,9,12,N,YU
19:59:00,Monday,DUNDAS STATION,0,0,N,YU
20:35:00,Monday,PIONEER VILLAGE STATIO,0,0,N,YU
20:56:00,Monday,KIPLING STATION,8,12,E,BD
21:18:00,Monday,COXWELL STATION,30,35,E,BD
23:00:00,Monday,BLOOR DANFORTH SUBWAY,0,0,B,BD
23:30:00,Monday,DUNDAS STATION,15,20,S,YU
01:15:00,Monday,ST PATRICK STATION,0,0,N,YU
01:58:00,Monday,FINCH STATION,0,0,N,YU
08:00:00,Monday,SHEPPARD-YONGE STATION,5,12,E,SHP
20:24:00,Monday,BAYVIEW STATION,22,29,E,SHP
20:47:00,Monday,DON MILLS STATION,7,14,W,SHP
08:08:00,Tuesday,GREENWOOD STATION,0,0,W,BD
08:32:00,Tuesday,QUEEN STATION,3,6,S,YU
08:47:00,Tuesday,KIPLING STATION,3,6,E,BD
09:06:00,Tuesday,WELLESLEY STATION,4,7,S,YU
09:42:00,Tuesday,BATHURST STATION,0,0,E,BD
09:44:00,Tuesday,KENNEDY BD STATION,4,8,W,BD
10:02:00,Tuesday,YORK MILLS STATION,4,9,S,YU
10:31:00,Tuesday,DAVISVILLE STATION,4,9,S,YU
10:35:00,Tuesday,DAVISVILLE STATION,0,0,S,YU
10:47:00,Tuesday,DUNDAS STATION,0,0,S,YU
11:18:00,Tuesday,UNION STATION,5,10,N,YU
11:48:00,Tuesday,SUMMERHILL STATION,4,9,S,YU
12:18:00,Tuesday,CASTLE FRANK STATION,3,7,E,BD
14:30:00,Tuesday,KEELE STATION,0,0,W,BD
14:36:00,Tuesday,DUNDAS WEST STATION,0,0,E,BD
14:55:00,Tuesday,FINCH STATION,0,0,S,YU
15:00:00,Tuesday,BROADVIEW STATION,7,11,W,BD
15:02:00,Tuesday,NORTH YORK CTR STATION,5,10,S,YU
15:06:00,Tuesday,DUNDAS STATION,0,0,S,YU
16:00:00,Tuesday,BLOOR STATION,5,9,N,YU
16:06:00,Tuesday,QUEEN STATION,0,0,S,YU
16:13:00,Tuesday,SPADINA BD STATION,0,0,E,BD
16:13:00,Tuesday,SPADINA YUS STATION,0,0,S,YU
16:30:00,Tuesday,UNION STATION,0,0,N,YU
16:34:00,Tuesday,MAIN STREET STATION,7,10,W,BD
16:41:00,Tuesday,NORTH YORK CTR STATION,3,6,S,YU
16:47:00,Tuesday,SHEPPARD STATION,3,6,S,YU
16:51:00,Tuesday,WILSON STATION,0,0,S,YU
16:53:00,Tuesday,ST CLAIR STATION,3,6,S,YU
17:27:00,Tuesday,NORTH YORK CTR STATION,0,0,S,YU
17:34:00,Tuesday,ST GEORGE YUS STATION,5,8,N,YU
17:36:00,Tuesday,EGLINTON STATION,0,0,S,YU
17:50:00,Tuesday,EGLINTON WEST STATION,3,6,N,YU
18:58:00,Tuesday,PIONEER VILLAGE STATIO,5,8,S,YU
19:03:00,Tuesday,FINCH WEST STATION,3,6,S,YU
19:07:00,Tuesday,KENNEDY BD STATION,5,10,W,BD
20:13:00,Tuesday,YORKDALE STATION,3,8,S,YU
20:51:00,Tuesday,KENNEDY BD STATION,3,8,E,BD
20:52:00,Tuesday,VAUGHAN MC STATION,3,8,S,YU
21:25:00,Tuesday,KENNEDY BD STATION,5,10,W,BD
21:36:00,Tuesday,ST GEORGE YUS STATION,0,0,N,YU
21:41:00,Tuesday,VAUGHAN MC STATION,3,8,S,YU
22:25:00,Tuesday,DUNDAS WEST STATION,0,0,E,BD
22:33:00,Tuesday,UNION STATION,11,16,N,YU
22:37:00,Tuesday,SUMMERHILL STATION,0,0,N,YU
22:43:00,Tuesday,ROYAL YORK STATION,0,0,E,BD
22:48:00,Tuesday,VAUGHAN MC STATION,0,0,S,YU
23:00:00,Tuesday,BLOOR DANFORTH SUBWAY,0,0,B,BD
23:35:00,Tuesday,UNION STATION,0,0,N,YU
00:03:00,Tuesday,DAVISVILLE STATION,6,11,N,YU
05:39:00,Tuesday,LESLIE STATION,14,0,E,SHP
05:40:00,Tuesday,DON MILLS STATION,7,0,W,SHP
05:50:00,Tuesday,SHEPPARD YONGE STATION,17,0,E,SHP
06:20:00,Tuesday,BAYVIEW STATION,0,0,W,SHP
09:30:00,Tuesday,FINCH STATION,0,0,S,SHP
17:05:00,Tuesday,SHEPPARD-YONGE STATION,6,13,E,SHP
17:08:00,Tuesday,SHEPPARD-YONGE STATION,0,0,W,SHP
18:37:00,Tuesday,DON MILLS STATION,4,11,W,SHP
05:41:00,Wednesday,NORTH YORK CTR STATION,4,8,S,YU
05:48:00,Wednesday,DONLANDS STATION,5,10,E,BD
05:49:00,Wednesday,NORTH YORK CTR STATION,4,8,S,YU
05:54:00,Wednesday,FINCH STATION,5,10,S,YU
07:28:00,Wednesday,ST CLAIR STATION,3,6,S,YU
07:34:00,Wednesday,FINCH STATION,0,0,N,YU
08:58:00,Wednesday,YORKDALE STATION,3,6,S,YU
11:33:00,Wednesday,COLLEGE STATION,0,0,S,YU
11:38:00,Wednesday,DUNDAS STATION,0,0,S,YU
11:47:00,Wednesday,HIGHWAY 407 STATION,12,17,S,YU
11:50:00,Wednesday,DUNDAS WEST STATION,0,0,E,BD
12:02:00,Wednesday,BAY STATION,0,0,E,BD
12:21:00,Wednesday,UNION STATION,3,8,N,YU
13:23:00,Wednesday,ST GEORGE YUS STATION,0,0,N,YU
13:24:00,Wednesday,ST GEORGE BD STATION,0,0,E,BD
13:51:00,Wednesday,ST GEORGE YUS STATION,3,8,S,YU
14:18:00,Wednesday,ST GEORGE YUS STATION,115,121,N,YU
15:19:00,Wednesday,PAPE STATION,0,0,W,BD
15:44:00,Wednesday,YONGE BD STATION,0,0,W,BD
16:01:00,Wednesday,DUNDAS STATION,22,27,S,YU
16:16:00,Wednesday,QUEEN STATION,7,10,S,YU
16:22:00,Wednesday,COLLEGE STATION,0,0,N,YU
16:47:00,Wednesday,COLLEGE STATION,10,13,S,YU
17:09:00,Wednesday,YORK MILLS STATION,4,7,S,YU
17:59:00,Wednesday,VAUGHAN MC STATION,0,0,S,YU
18:35:00,Wednesday,BLOOR STATION,30,35,N,YU
19:07:00,Wednesday,COLLEGE STATION,0,0,S,YU
19:57:00,Wednesday,ST CLAIR STATION,0,0,S,YU
20:10:00,Wednesday,YORK MILLS STATION,0,0,N,YU
20:16:00,Wednesday,SUMMERHILL STATION,8,12,S,YU
20:41:00,Wednesday,SHEPPARD STATION,0,0,N,YU
21:43:00,Wednesday,WELLESLEY STATION,0,0,S,YU
22:33:00,Wednesday,OSGOODE STATION,0,0,S,YU
22:46:00,Wednesday,KING STATION,5,10,N,YUS
23:08:00,Wednesday,KING STATION,7,12,N,YU
23:14:00,Wednesday,KIPLING STATION,0,0,W,BD
23:21:00,Wednesday,LANSDOWNE STATION,0,0,W,BD
23:32:00,Wednesday,QUEEN'S PARK STATION,0,0,S,YU
23:42:00,Wednesday,QUEEN STATION,3,8,N,YU
00:21:00,Wednesday,LANSDOWNE STATION,10,16,W,BD
01:00:00,Wednesday,DAVISVILLE STATION,10,15,S,YU
01:27:00,Wednesday,FINCH STATION,5,10,S,YU
01:49:00,Wednesday,UNION STATION,0,0,N,YU
03:12:00,Wednesday,SHEPPARD-YONGE STATION,0,0,W,SHP
14:13:00,Wednesday,LESLIE STATION,0,0,E,SHP
19:25:00,Wednesday,DON MILLS STATION,7,14,W,SHP
19:48:00,Wednesday,SHEPPARD-YONGE STATION,4,11,E,SHP
04:50:00,Thursday,SHEPPARD STATION,0,0,N,YU
05:31:00,Thursday,FINCH STATION,13,0,S,YU
05:38:00,Thursday,YORK MILLS STATION,7,0,N,YU
05:43:00,Thursday,EGLINTON STATION,4,8,N,YU
06:03:00,Thursday,OSGOODE STATION,5,8,N,YU
06:04:00,Thursday,YORKDALE STATION,0,0,S,YU
06:18:00,Thursday,OSGOODE STATION,4,8,N,YU
06:24:00,Thursday,OSGOODE STATION,0,0,N,YU
06:46:00,Thursday,SUMMERHILL STATION,6,9,N,YU
06:47:00,Thursday,HIGHWAY 407 STATION,0,0,N,YU
06:53:00,Thursday,SUMMERHILL STATION,0,0,N,YU
07:17:00,Thursday,BLOOR STATION,0,0,S,YU
07:28:00,Thursday,CHESTER STATION,6,8,E,BD
07:29:00,Thursday,OSGOODE STATION,6,9,N,YU
07:36:00,Thursday,QUEEN STATION,6,9,N,YU
08:31:00,Thursday,DOWNSVIEW PARK STATION,0,0,S,YU
08:43:00,Thursday,ST CLAIR STATION,0,0,S,YU
09:05:00,Thursday,SPADINA BD STATION,5,7,E,BD
09:26:00,Thursday,UNION STATION,10,0,N,YU
09:42:00,Thursday,BAY STATION,10,13,W,BD
09:50:00,Thursday,ST CLAIR WEST STATION,0,0,S,YU
10:12:00,Thursday,FINCH WEST STATION,3,7,N,YU
11:29:00,Thursday,COLLEGE STATION,0,0,S,YU
12:47:00,Thursday,EGLINTON WEST STATION,0,0,N,YU
13:16:00,Thursday,SHEPPARD STATION,0,0,S,YU
13:20:00,Thursday,DONLANDS STATION,0,0,E,BD
13:40:00,Thursday,DUNDAS WEST STATION,5,9,W,BD
14:08:00,Thursday,SHEPPARD WEST STATION,3,8,S,YU
14:15:00,Thursday,BAY STATION,0,0,W,BD
14:20:00,Thursday,QUEEN'S PARK STATION,4,9,S,YU
15:03:00,Thursday,UNION STATION,5,10,N,YU
15:04:00,Thursday,JANE STATION,3,7,E,BD
15:07:00,Thursday,OLD MILL STATION,0,0,E,BD
15:30:00,Thursday,MUSEUM STATION,3,8,S,YU
15:34:00,Thursday,QUEEN'S PARK STATION,0,0,S,YU
15:36:00,Thursday,PAPE STATION,0,0,E,BD
15:41:00,Thursday,SHERBOURNE STATION,18,21,W,BD
15:44:00,Thursday,DUNDAS STATION,0,0,S,YU
16:07:00,Thursday,SHEPPARD WEST STATION,3,8,S,YU
16:37:00,Thursday,DUPONT STATION,9,12,S,YU
16:39:00,Thursday,SHEPPARD WEST STATION,12,17,N,YU
17:28:00,Thursday,VICTORIA PARK STATION,0,0,E,BD
18:01:00,Thursday,LAWRENCE WEST STATION,0,0,S,YU
18:02:00,Thursday,BROADVIEW STATION,0,0,E,BD
18:09:00,Thursday,PAPE STATION,0,0,W,BD
18:14:00,Thursday,ST CLAIR WEST STATION,7,10,N,YU
18:27:00,Thursday,DAVISVILLE STATION,17,20,S,YU
18:43:00,Thursday,DUNDAS STATION,0,0,S,YU
18:44:00,Thursday,SPADINA BD STATION,3,6,W,BD
18:50:00,Thursday,BLOOR STATION,0,0,N,YU
19:15:00,Thursday,ISLINGTON STATION,0,0,E,BD
20:48:00,Thursday,SPADINA BD STATION,0,0,E,BD
21:54:00,Thursday,RUNNYMEDE STATION,0,0,E,BD
22:26:00,Thursday,BLOOR STATION,0,0,S,YU
23:09:00,Thursday,LAWRENCE WEST STATION,0,0,S,YU
23:22:00,Thursday,BLOOR STATION,0,0,N,YU
23:23:00,Thursday,MUSEUM STATION,0,0,S,YU
01:17:00,Thursday,COLLEGE STATION,0,0,N,YU
01:20:00,Thursday,OSSINGTON STATION,0,0,W,BD
01:55:00,Thursday,VICTORIA PARK STATION,0,0,E,BD
05:58:00,Thursday,SHEPPARD-YONGE STATION,4,0,E,SHP
20:13:00,Thursday,DON MILLS STATION,0,0,W,SHP
06:32:00,Friday,LAWRENCE STATION,4,7,N,YU
07:08:00,Friday,DUNDAS STATION,0,0,S,YU
09:03:00,Friday,DUNDAS WEST STATION,0,0,E,BD
09:03:00,Friday,PAPE STATION,0,0,E,BD
09:30:00,Friday,DUNDAS WEST STATION,8,12,E,BD
09:40:00,Friday,ST GEORGE BD STATION,6,10,E,BD
09:49:00,Friday,CASTLE FRANK STATION,4,6,E,BD
11:03:00,Friday,BLOOR STATION,0,0,S,YU
11:06:00,Friday,LAWRENCE STATION,10,15,S,YU
11:22:00,Friday,YONGE BD STATION,0,0,W,BD
12:09:00,Friday,WELLESLEY STATION,0,0,N,YU
12:17:00,Friday,ROYAL YORK STATION,0,0,E,BD
12:34:00,Friday,BLOOR STATION,0,0,N,YU
13:06:00,Friday,YORKDALE STATION,4,9,S,YU
13:16:00,Friday,DUNDAS STATION,0,0,N,YU
13:33:00,Friday,VMC - ST CLAIR,5,10,S,YU
14:36:00,Friday,ISLINGTON STATION,0,0,W,BD
14:44:00,Friday,DUFFERIN STATION,3,7,W,BD
15:01:00,Friday,ROYAL YORK STATION,0,0,W,BD
15:12:00,Friday,MUSEUM STATION,4,9,S,YU
16:22:00,Friday,CHESTER STATION,13,16,E,BD
17:47:00,Friday,EGLINTON STATION,0,0,N,YU
18:18:00,Friday,YONGE BD STATION,0,0,W,BD
18:27:00,Friday,OSSINGTON STATION,20,23,E,BD
18:51:00,Friday,SUMMERHILL STATION,8,11,N,YU
19:14:00,Friday,EGLINTON STATION,0,0,N,YU
19:18:00,Friday,UNION STATION,0,0,N,YU
19:47:00,Friday,EGLINTON WEST STATION,0,0,N,YU
20:50:00,Friday,ST GEORGE YUS STATION,0,0,N,YU
21:34:00,Friday,WELLESLEY STATION,0,0,N,YU
21:39:00,Friday,YONGE BD STATION,28,23,E,BD
22:24:00,Friday,HIGHWAY 407 STATION,7,12,N,YU
22:44:00,Friday,ST GEORGE YUS STATION,6,11,S,YU
23:01:00,Friday,ST ANDREW STATION,0,0,N,YU
23:56:00,Friday,KENNEDY BD STATION,5,10,E,BD
00:08:00,Friday,COLLEGE STATION,0,0,S,YU
00:21:00,Friday,ST GEORGE BD STATION,0,0,W,BD
00:55:00,Friday,ST GEORGE YUS STATION,0,0,S,YU
01:29:00,Friday,EGLINTON WEST STATION,3,8,N,YU
23:13:00,Friday,LESLIE STATION,0,0,W,SHP
01:22:00,Friday,SHEPPARD-YONGE STATION,0,0,W,SHP
03:59:00,Saturday,GLENCAIRN STATION,0,0,S,YU
05:50:00,Saturday,EGLINTON STATION,4,0,N,YU
05:56:00,Saturday,DAVISVILLE STATION,3,0,S,YU
05:58:00,Saturday,UNION STATION,3,0,N,YU
06:33:00,Saturday,VAUGHAN MC STATION,3,9,S,YU
08:52:00,Saturday,YORK MILLS STATION,17,23,S,YU
09:02:00,Saturday,FINCH WEST STATION,14,20,S,YU
09:08:00,Saturday,LAWRENCE WEST STATION,5,11,N,YU
09:55:00,Saturday,CASTLE FRANK STATION,0,0,W,BD
09:58:00,Saturday,YORKDALE STATION,0,0,S,YU
10:26:00,Saturday,FINCH STATION,4,8,S,YU
11:12:00,Saturday,FINCH STATION,4,8,S,YU
11:12:00,Saturday,OSSINGTON STATION,0,0,W,BD
11:40:00,Saturday,BAY STATION,0,0,W,BD
11:59:00,Saturday,BATHURST STATION,0,0,E,BD
12:13:00,Saturday,ST GEORGE BD STATION,0,0,E,BD
12:17:00,Saturday,WOODBINE STATION,5,10,E,BD
12:20:00,Saturday,DAVISVILLE STATION,11,15,N,YU
12:59:00,Saturday,KEELE STATION,10,15,W,BD
14:22:00,Saturday,DUPONT STATION,0,0,N,YU
15:11:00,Saturday,ISLINGTON STATION,27,32,E,BD
15:18:00,Saturday,ST CLAIR WEST STATION,29,33,N,YU
15:24:00,Saturday,BATHURST STATION,3,8,W,BD
15:37:00,Saturday,UNION STATION,0,0,S,YU
16:55:00,Saturday,OSSINGTON STATION,12,17,E,BD
17:03:00,Saturday,ST GEORGE BD STATION,0,0,W,BD
17:11:00,Saturday,BATHURST STATION,4,9,E,BD
17:15:00,Saturday,ST GEORGE BD STATION,0,0,E,BD
17:16:00,Saturday,SPADINA BD STATION,5,10,E,BD
17:18:00,Saturday,HIGHWAY 407 STATION,11,15,S,YU
17:42:00,Saturday,KEELE STATION,0,0,W,BD
19:36:00,Saturday,WOODBINE STATION,0,0,E,BD
19:44:00,Saturday,KIPLING STATION,21,26,W,BD
19:48:00,Saturday,SHEPPARD WEST STATION,80,84,N,YU
19:48:00,Saturday,YONGE BD STATION,10,15,E,BD
19:52:00,Saturday,PIONEER VILLAGE STATIO,4,8,N,YU
20:17:00,Saturday,DUNDAS STATION,20,24,S,YU
20:32:00,Saturday,KEELE STATION,0,0,W,BD
20:38:00,Saturday,DUPONT STATION,0,0,S,YU
20:40:00,Saturday,DUNDAS STATION,19,23,S,YU
20:49:00,Saturday,DUPONT STATION,19,24,S,YU
21:05:00,Saturday,DUFFERIN STATION,0,0,W,BD
21:09:00,Saturday,NORTH YORK CTR STATION,5,9,N,YU
21:44:00,Saturday,YORK MILLS STATION,0,0,S,YU
21:48:00,Saturday,BLOOR STATION,0,0,N,YU
21:55:00,Saturday,DUNDAS STATION,3,8,N,YU
22:09:00,Saturday,YORK MILLS STATION,7,12,S,YU
23:33:00,Saturday,WELLESLEY STATION,0,0,N,YU
23:33:00,Saturday,FINCH STATION,0,0,N,YU
23:52:00,Saturday,YORK MILLS STATION,0,0,S,YU
00:40:00,Saturday,COLLEGE STATION,4,10,S,YU
01:10:00,Saturday,GLENCAIRN STATION,6,12,S,YU
01:36:00,Saturday,ST GEORGE BD STATION,0,0,W,BD
01:39:00,Saturday,ST GEORGE YUS STATION,0,0,S,YU
08:14:00,Saturday,LESLIE STATION,0,0,W,SHP
11:33:00,Saturday,SHEPPARD-YONGE STATION,5,12,W,SHP
11:49:00,Saturday,BAYVIEW STATION,0,0,E,SHP
07:57:00,Sunday,KIPLING STATION,10,0,E,BD
08:05:00,Sunday,GREENWOOD STATION,5,0,E,BD
08:07:00,Sunday,YONGE BD STATION,3,7,W,BD
08:44:00,Sunday,KIPLING STATION,4,8,W,BD
08:51:00,Sunday,KIPLING STATION,5,10,E,BD
09:24:00,Sunday,KEELE STATION,5,10,W,BD
10:06:00,Sunday,SPADINA BD STATION,0,0,E,BD
10:15:00,Sunday,DUNDAS WEST STATION,4,8,W,BD
10:18:00,Sunday,BROADVIEW STATION,12,16,W,BD
11:11:00,Sunday,DUNDAS WEST STATION,0,0,E,BD
11:11:00,Sunday,LAWRENCE STATION,14,18,N,YU
11:45:00,Sunday,YONGE BD STATION,0,0,E,BD
11:47:00,Sunday,BLOOR STATION,0,0,N,YU
12:04:00,Sunday,DUNDAS WEST STATION,0,0,W,BD
12:10:00,Sunday,ST CLAIR STATION,5,9,N,YU
12:43:00,Sunday,LAWRENCE WEST STATION,9,12,N,YU
13:33:00,Sunday,CHRISTIE STATION,0,0,W,BD
13:40:00,Sunday,DUNDAS STATION,9,13,S,YU
15:13:00,Sunday,YORKDALE STATION,4,8,N,YU
16:47:00,Sunday,WOODBINE STATION,0,0,E,BD
17:07:00,Sunday,VAUGHAN MC STATION,4,8,S,YU
19:05:00,Sunday,WOODBINE STATION,0,0,E,BD
19:10:00,Sunday,COXWELL STATION,6,10,W,BD
19:51:00,Sunday,MAIN STREET STATION,0,0,W,BD
22:50:00,Sunday,ROYAL YORK STATION,20,25,W,BD
23:41:00,Sunday,WILSON STATION,9,15,S,YU
23:49:00,Sunday,COXWELL STATION,0,0,E,BD
00:12:00,Sunday,QUEEN STATION,0,0,S,YU
00:48:00,Sunday,MAIN STREET STATION,0,0,W,BD
02:08:00,Monday,VAUGHAN MC STATION,0,0,S,YU
06:07:00,Monday,OSSINGTON STATION,0,0,W,BD
07:39:00,Monday,WILSON STATION,0,0,S,YU
07:42:00,Monday,BROADVIEW STATION,0,0,W,BD
07:45:00,Monday,BROADVIEW STATION,7,9,W,BD
08:21:00,Monday,KIPLING STATION,32,34,W,BD
09:07:00,Monday,SPADINA BD STATION,0,0,W,BD
09:40:00,Monday,ISLINGTON STATION,0,0,E,BD
12:14:00,Monday,ST PATRICK STATION,0,0,S,YU
12:50:00,Monday,UNION STATION,5,10,N,YU
13:06:00,Monday,QUEEN'S PARK STATION,0,0,S,YU
13:08:00,Monday,UNION STATION,7,12,N,YU
15:00:00,Monday,FINCH WEST STATION,22,27,N,YU
15:20:00,Monday,MAIN STREET STATION,0,0,W,BD
15:24:00,Monday,ST CLAIR STATION,4,9,N,YU
15:30:00,Monday,QUEEN'S PARK STATION,8,13,N,YU
15:57:00,Monday,DAVISVILLE STATION,15,20,S,YU
15:58:00,Monday,FINCH STATION,5,10,S,YU
16:20:00,Monday,VAUGHAN MC STATION,3,6,S,YU
16:41:00,Monday,WELLESLEY STATION,92,95,S,YU
16:44:00,Monday,DUNDAS STATION,0,0,N,YU
16:46:00,Monday,OSGOODE STATION,0,0,N,YU
17:16:00,Monday,ST CLAIR STATION,5,8,S,YU
17:24:00,Monday,BLOOR STATION,3,6,N,YU
17:45:00,Monday,LAWRENCE STATION,5,8,N,YU
18:07:00,Monday,HIGH PARK STATION,0,0,W,BD
18:18:00,Monday,WELLESLEY STATION,0,0,N,YU
18:21:00,Monday,SHEPPARD STATION,4,7,N,YU
19:33:00,Monday,ST CLAIR STATION,4,7,S,YU
19:52:00,Monday,LAWRENCE STATION,6,11,S,YU
20:11:00,Monday,KIPLING STATION,9,14,E,BD
20:19:00,Monday,DONLANDS STATION,0,0,E,BD
20:43:00,Monday,COLLEGE STATION,0,0,N,YU
21:19:00,Monday,ST CLAIR STATION,9,14,N,YU
21:26:00,Monday,KENNEDY BD STATION,62,67,W,BD
22:28:00,Monday,DUNDAS STATION,0,0,N,YU
23:14:00,Monday,FINCH STATION,6,12,S,YU
23:21:00,Monday,MUSEUM STATION,12,17,S,YU
23:25:00,Monday,YONGE BD STATION,16,21,E,BD
23:26:00,Monday,BLOOR STATION,0,0,N,YU
23:31:00,Monday,KEELE STATION,8,13,E,BD
23:57:00,Monday,WOODBINE STATION,0,0,E,BD
00:09:00,Monday,KEELE STATION,5,10,E,BD
00:20:00,Monday,DAVISVILLE STATION,0,0,N,YU
00:23:00,Monday,SPADINA BD STATION,0,0,W,BD
00:24:00,Monday,SPADINA YUS STATION,0,0,S,YU
01:27:00,Monday,UNION STATION,0,0,N,YU
10:27:00,Monday,LESLIE STATION,0,0,W,SHP
15:54:00,Monday,BESSARION STATION,0,0,E,SHP
23:27:00,Monday,BAYVIEW STATION,8,15,W,SHP
05:54:00,Tuesday,KIPLING STATION,7,14,E,BD
06:22:00,Tuesday,BLOOR STATION,7,10,N,YU
06:28:00,Tuesday,DONLANDS STATION,5,8,W,BD
06:28:00,Tuesday,YONGE BD STATION,0,0,W,BD
06:36:00,Tuesday,UNION STATION,14,17,N,YU
06:52:00,Tuesday,ST CLAIR STATION,12,15,N,YU
07:23:00,Tuesday,RUNNYMEDE STATION,4,7,W,BD
07:55:00,Tuesday,YONGE BD STATION,0,0,W,BD
09:10:00,Tuesday,ROYAL YORK STATION,0,0,E,BD
10:17:00,Tuesday,KENNEDY BD STATION,4,8,W,BD
11:12:00,Tuesday,BLOOR STATION,0,0,S,YU
11:12:00,Tuesday,EGLINTON STATION,6,11,S,YU
11:18:00,Tuesday,SPADINA BD STATION,7,11,W,BD
11:32:00,Tuesday,BLOOR STATION,3,8,S,YU
11:44:00,Tuesday,RUNNYMEDE STATION,7,11,W,BD
12:13:00,Tuesday,KING STATION,0,0,N,YU
12:23:00,Tuesday,LANSDOWNE STATION,6,10,E,BD
12:46:00,Tuesday,PAPE STATION,0,0,E,BD
13:43:00,Tuesday,KENNEDY BD STATION,3,7,W,BD
13:53:00,Tuesday,VICTORIA PARK STATION,3,7,W,BD
14:23:00,Tuesday,DUNDAS STATION,0,0,N,YU
14:48:00,Tuesday,SHEPPARD WEST STATION,10,15,N,YU
15:27:00,Tuesday,DUPONT STATION,0,0,S,YU
15:41:00,Tuesday,SUMMERHILL STATION,7,12,S,YU
16:18:00,Tuesday,KING STATION,13,16,S,YU
16:30:00,Tuesday,ST GEORGE BD STATION,3,6,E,BD
16:32:00,Tuesday,YORK MILLS STATION,3,6,N,YU
16:43:00,Tuesday,EGLINTON WEST STATION,12,15,S,YU
16:47:00,Tuesday,SHEPPARD STATION,3,6,N,YU
17:01:00,Tuesday,DUNDAS STATION,4,7,N,YU
17:51:00,Tuesday,WELLESLEY STATION,4,7,S,YU
18:09:00,Tuesday,FINCH STATION,3,6,S,YU
18:36:00,Tuesday,MUSEUM STATION,0,0,S,YU
18:59:00,Tuesday,ROSEDALE STATION,5,8,N,YU
19:40:00,Tuesday,UNION STATION,0,0,N,YU
20:23:00,Tuesday,KENNEDY BD STATION,0,0,E,BD
20:56:00,Tuesday,KENNEDY BD STATION,15,21,W,BD
21:39:00,Tuesday,DONLANDS STATION,3,9,W,BD
21:51:00,Tuesday,DONLANDS STATION,36,45,W,BD
22:39:00,Tuesday,WOODBINE STATION,0,0,E,BD
23:45:00,Tuesday,SHERBOURNE STATION,0,0,E,BD
00:00:00,Tuesday,MUSEUM STATION,4,9,N,YU
00:13:00,Tuesday,ST ANDREW STATION,12,17,N,YU
00:36:00,Tuesday,DUNDAS WEST STATION,17,22,E,BD
03:34:00,Tuesday,BESSARION STATION,0,0,E,SHP
21:15:00,Tuesday,DON MILLS STATION,3,10,W,SHP
05:41:00,Wednesday,WOODBINE STATION,10,0,E,BD
05:48:00,Wednesday,MAIN STREET STATION,5,0,W,BD
05:49:00,Wednesday,WARDEN STATION,0,0,W,BD
05:56:00,Wednesday,GREENWOOD STATION,5,10,E,BD
05:57:00,Wednesday,SHEPPARD WEST STATION,4,10,N,YU
06:20:00,Wednesday,OSSINGTON STATION,12,15,W,BD
07:33:00,Wednesday,CASTLE FRANK STATION,3,5,E,BD
07:37:00,Wednesday,ISLINGTON STATION,0,0,E,BD
07:52:00,Wednesday,WARDEN STATION,0,0,W,BD
08:57:00,Wednesday,VAUGHAN MC STATION,4,7,S,YU
09:13:00,Wednesday,BLOOR STATION,0,0,S,YU
09:58:00,Wednesday,SHEPPARD WEST STATION,0,0,N,YU
11:00:00,Wednesday,BAY STATION,0,0,W,BD
11:35:00,Wednesday,COLLEGE STATION,0,0,N,YU
11:46:00,Wednesday,CASTLE FRANK STATION,0,0,W,BD
12:01:00,Wednesday,LAWRENCE STATION,10,15,S,YU
12:17:00,Wednesday,QUEEN STATION,13,18,S,YU
12:50:00,Wednesday,SHEPPARD WEST STATION,0,0,N,YU
12:52:00,Wednesday,EGLINTON STATION,0,0,N,YU
13:18:00,Wednesday,COXWELL STATION,0,0,W,BD
13:24:00,Wednesday,YORKDALE STATION,6,10,S,YU
13:46:00,Wednesday,SPADINA YUS STATION,0,0,N,YU
13:50:00,Wednesday,SPADINA BD STATION,0,0,W,BD
13:59:00,Wednesday,ROYAL YORK STATION,0,0,W,BD
14:17:00,Wednesday,LAWRENCE STATION,17,22,S,YU
14:22:00,Wednesday,COXWELL STATION,4,8,E,BD
14:40:00,Wednesday,ST GEORGE BD STATION,10,14,E,BD
14:42:00,Wednesday,YONGE BD STATION,4,8,W,BD
15:05:00,Wednesday,ROSEDALE STATION,0,0,N,YU
15:18:00,Wednesday,QUEEN'S PARK STATION,0,0,N,YU
15:27:00,Wednesday,BATHURST STATION,4,7,E,BD
15:48:00,Wednesday,MUSEUM STATION,7,12,N,YU
16:20:00,Wednesday,BLOOR STATION,0,0,S,YU
16:42:00,Wednesday,VAUGHAN MC STATION,3,6,S,YU
17:09:00,Wednesday,HIGHWAY 407 STATION,7,10,S,YU
17:12:00,Wednesday,EGLINTON WEST STATION,0,0,N,YU
17:18:00,Wednesday,PIONEER VILLAGE STATIO,6,9,S,YU
17:32:00,Wednesday,PAPE STATION,0,0,E,BD
17:59:00,Wednesday,ST PATRICK STATION,3,6,S,YU
18:07:00,Wednesday,MAIN STREET STATION,0,0,W,BD
18:46:00,Wednesday,KEELE STATION,0,0,E,BD
18:50:00,Wednesday,DUPONT STATION,0,0,S,YU
18:55:00,Wednesday,VAUGHAN MC STATION,3,6,S,YU
20:07:00,Wednesday,BLOOR STATION,6,11,N,YU
20:12:00,Wednesday,WARDEN STATION,34,39,E,BD
20:32:00,Wednesday,UNION STATION,5,10,N,YU
21:12:00,Wednesday,SHEPPARD WEST STATION,4,9,N,YU
21:25:00,Wednesday,DUPONT STATION,4,9,S,YU
22:01:00,Wednesday,ST ANDREW STATION,4,9,S,YU
22:13:00,Wednesday,BLOOR STATION,0,0,S,YU
23:13:00,Wednesday,UNION STATION,22,27,N,YU
23:28:00,Wednesday,DUNDAS WEST STATION,3,8,W,BD
23:56:00,Wednesday,LANSDOWNE STATION,0,0,E,BD
00:43:00,Wednesday,QUEEN STATION,0,0,N,YU
00:46:00,Wednesday,VAUGHAN MC STATION,0,0,N,YU
01:14:00,Wednesday,SPADINA BD STATION,0,0,E,BD
01:19:00,Wednesday,COXWELL STATION,0,0,W,BD
01:20:00,Wednesday,SHEPPARD STATION,0,0,N,YU
01:57:00,Wednesday,BATHURST STATION,0,0,E,BD
05:31:00,Wednesday,DON MILLS STATION,0,0,W,SHP
16:25:00,Wednesday,DON MILLS STATION,5,12,W,SHP
19:37:00,Wednesday,DON MILLS STATION,23,30,E,SHP
19:42:00,Wednesday,DON MILLS STATION,22,29,W,SHP
04:45:00,Thursday,QUEEN'S PARK STATION,0,0,S,YU
05:55:00,Thursday,EGLINTON STATION,3,7,N,YU
06:04:00,Thursday,PAPE STATION,0,0,W,BD
06:35:00,Thursday,KEELE STATION,0,0,W,BD
06:38:00,Thursday,SHEPPARD STATION,10,13,S,YU
08:33:00,Thursday,DUPONT STATION,15,18,S,YU
08:49:00,Thursday,CHRISTIE STATION,3,5,E,BD
09:41:00,Thursday,CASTLE FRANK STATION,0,0,W,BD
09:56:00,Thursday,DUNDAS WEST STATION,0,0,W,BD
11:02:00,Thursday,KENNEDY BD STATION,0,0,W,BD
11:11:00,Thursday,LAWRENCE STATION,0,0,N,YU
11:32:00,Thursday,KENNEDY BD STATION,5,10,E,BD
12:11:00,Thursday,ST GEORGE BD STATION,9,13,E,BD
12:13:00,Thursday,ST GEORGE YUS STATION,0,0,N,YU
13:28:00,Thursday,DONLANDS STATION,11,15,E,BD
13:43:00,Thursday,CASTLE FRANK STATION,5,9,W,BD
14:28:00,Thursday,KING STATION,5,10,N,YU
14:30:00,Thursday,HIGHWAY 407 STATION,5,10,S,YU
14:58:00,Thursday,LAWRENCE STATION,7,12,S,YU
15:10:00,Thursday,EGLINTON STATION,3,8,S,YU
15:31:00,Thursday,GREENWOOD STATION,7,10,E,BD
15:36:00,Thursday,ISLINGTON TO KIPLING,640,645,E,BD
18:53:00,Thursday,FINCH STATION,46,49,N,YU
18:59:00,Thursday,YONGE BD STATION,4,7,W,BD
19:25:00,Thursday,EGLINTON STATION,10,13,N,YU
19:51:00,Thursday,ST GEORGE YUS STATION,4,9,N,YU
19:58:00,Thursday,ST PATRICK STATION,0,0,S,YU
20:04:00,Thursday,ROYAL YORK STATION,5,10,W,BD
20:21:00,Thursday,NORTH YORK CTR STATION,0,0,S,YU
20:46:00,Thursday,ISLINGTON STATION,0,0,W,BD
20:48:00,Thursday,FINCH WEST STATION,0,0,N,YU
21:18:00,Thursday,ST CLAIR WEST STATION,5,10,N,YU
21:19:00,Thursday,KEELE STATION,0,0,W,BD
22:45:00,Thursday,ST CLAIR STATION,22,27,S,YU
22:50:00,Thursday,YORK MILLS STATION,4,9,N,YU
22:57:00,Thursday,BLOOR STATION,0,0,N,YU
23:10:00,Thursday,SUMMERHILL STATION,0,0,S,YU
23:27:00,Thursday,HIGH PARK STATION,8,16,W,BD
23:38:00,Thursday,WOODBINE STATION,0,0,W,BD
23:52:00,Thursday,SPADINA BD STATION,0,0,W,BD
00:50:00,Thursday,DUNDAS STATION,0,0,S,YU
01:55:00,Thursday,EGLINTON STATION,5,10,N,YU
05:40:00,Friday,KILPING STATION TO JAN,0,0,E,BD
06:28:00,Friday,ROSEDALE STATION,0,0,N,YU
06:51:00,Friday,EGLINTON STATION,4,8,N,YU
06:54:00,Friday,EGLINTON STATION,4,8,N,YU
07:39:00,Friday,DONLANDS STATION,0,0,W,BD
07:45:00,Friday,FINCH STATION,3,6,S,YU
08:20:00,Friday,CHRISTIE STATION,0,0,W,BD
08:23:00,Friday,YORKDALE STATION,4,7,S,YU
09:56:00,Friday,SUMMERHILL STATION,6,10,S,YU
10:13:00,Friday,BLOOR STATION,4,8,S,YU
12:06:00,Friday,SHERBOURNE STATION,217,222,W,BD
12:37:00,Friday,ST GEORGE BD STATION,4,8,W,BD
13:08:00,Friday,BAY STATION,5,10,E,BD
13:58:00,Friday,BLOOR STATION,14,19,N,YU
14:15:00,Friday,YORK UNIVERSITY STATIO,7,12,S,YU
14:21:00,Friday,COLLEGE STATION,4,9,S,YU
14:43:00,Friday,ST ANDREW STATION,3,8,N,YU
15:08:00,Friday,ST GEORGE YUS STATION,6,11,N,YU
15:45:00,Friday,BATHURST STATION,0,0,W,BD
15:53:00,Friday,YONGE BD STATION,0,0,E,BD
16:10:00,Friday,DAVISVILLE STATION,3,6,S,YU
16:14:00,Friday,EGLINTON STATION,5,8,S,YU
16:24:00,Friday,WILSON STATION,6,9,S,YU
16:38:00,Friday,LAWRENCE STATION,6,12,S,YU
16:47:00,Friday,EGLINTON STATION,5,8,S,YU
17:10:00,Friday,ST CLAIR STATION,6,9,S,YU
17:59:00,Friday,GREENWOOD STATION,3,7,E,BD
18:19:00,Friday,VAUGHAN MC STATION,0,0,S,YU
19:08:00,Friday,SHEPPARD STATION,4,7,N,YU
19:50:00,Friday,CHRISTIE STATION,12,17,E,BD
20:06:00,Friday,ST CLAIR WEST STATION,3,8,S,YU
20:08:00,Friday,SHERBOURNE STATION,0,0,E,YU
20:29:00,Friday,LAWRENCE STATION,0,0,N,YU
20:38:00,Friday,WILSON STATION,5,8,N,YU
20:40:00,Friday,BAY STATION,0,0,E,BD
20:43:00,Friday,FINCH STATION,0,0,S,YU
20:50:00,Friday,BROADVIEW STATION,5,10,E,BD
22:18:00,Friday,VAUGHAN MC STATION,5,10,S,YU
00:51:00,Friday,DONLANDS STATION,6,14,W,BD
01:14:00,Friday,ST PATRICK STATION,0,0,S,YU
12:56:00,Friday,SHEPPARD-YONGE STATION,3,10,E,SHP
03:26:00,Saturday,KEELE YARD,6,12,E,BD
05:48:00,Saturday,KIPLING STATION,0,0,E,BD
05:59:00,Saturday,VAUGHAN MC STATION,0,0,S,YU
06:04:00,Saturday,KEELE YARD,5,10,E,BD
06:34:00,Saturday,DAVISVILLE STATION,3,0,S,YU
07:07:00,Saturday,YORKDALE STATION,22,28,S,YU
07:15:00,Saturday,YORKDALE STATION,20,26,N,YU
07:49:00,Saturday,SPADINA YUS STATION,0,0,S,YU
09:21:00,Saturday,WOODBINE STATION,0,0,E,BD
09:58:00,Saturday,JANE STATION,0,0,W,BD
10:08:00,Saturday,DUNDAS STATION,0,0,N,YU
10:20:00,Saturday,LAWRENCE STATION,14,18,N,YU
10:46:00,Saturday,SHEPPARD STATION,3,7,N,YU
11:03:00,Saturday,FINCH WEST STATION,5,9,S,YU
12:09:00,Saturday,JANE STATION,17,22,W,BD
13:50:00,Saturday,GREENWOOD STATION,0,0,E,BD
14:45:00,Saturday,JANE STATION,4,6,W,BD
16:04:00,Saturday,WELLESLEY STATION,0,0,S,YU
16:18:00,Saturday,CASTLE FRANK STATION,0,0,W,BD
17:07:00,Saturday,DUNDAS STATION,0,0,S,YU
17:18:00,Saturday,JANE STATION,5,10,E,BD
17:36:00,Saturday,HIGH PARK STATION,4,8,E,BD
18:02:00,Saturday,YONGE BD STATION,5,10,E,BD
20:09:00,Saturday,QUEEN'S PARK STATION,4,9,S,YU
20:29:00,Saturday,DUPONT STATION,9,14,S,YU
21:15:00,Saturday,DUNDAS STATION,0,0,N,YU
21:20:00,Saturday,QUEEN STATION,5,10,S,YU
21:28:00,Saturday,QUEEN STATION,9,14,N,YU
21:31:00,Saturday,HIGHWAY 407 STATION,4,9,N,YU
21:37:00,Saturday,DUNDAS STATION,0,0,N,YU
23:29:00,Saturday,VAUGHAN MC STATION,0,0,S,YU
23:58:00,Saturday,VAUGHAN MC STATION,6,12,S,YU
01:42:00,Saturday,VICTORIA PARK STATION,0,0,W,BD
01:55:00,Saturday,COLLEGE STATION,0,0,S,YU
01:58:00,Saturday,SPADINA YUS STATION,4,10,N,YU
01:58:00,Saturday,ST GEORGE YUS STATION,0,0,N,YU
07:59:00,Sunday,KIPLING TO ISLINGTON S,0,0,E,BD
08:19:00,Sunday,UNION STATION,9,0,S,YU
08:47:00,Sunday,OLD MILL STATION,0,0,E,BD
10:32:00,Sunday,ROYAL YORK STATION,3,7,E,BD
10:35:00,Sunday,ISLINGTON STATION,3,7,W,BD
11:20:00,Sunday,DOWNSVIEW PARK STATION,0,0,S,YU
11:36:00,Sunday,VAUGHAN MC STATION,0,0,S,YU
11:38:00,Sunday,HIGHWAY 407 STATION,6,10,S,YU
13:26:00,Sunday,EGLINTON STATION,4,8,N,YU
13:58:00,Sunday,ROYAL YORK STATION,4,8,E,BD
16:38:00,Sunday,BLOOR STATION,0,0,N,YU
17:53:00,Sunday,MAIN STREET STATION,0,0,W,BD
18:25:00,Sunday,QUEEN STATION,0,0,N,YU
19:09:00,Sunday,BLOOR STATION,6,12,N,YU
19:15:00,Sunday,YORKDALE STATION,0,0,N,YU
19:56:00,Sunday,ST ANDREW STATION,18,24,S,YU
22:17:00,Sunday,CASTLE FRANK STATION,0,0,E,BD
23:46:00,Sunday,ROSEDALE STATION,0,0,N,YU
00:43:00,Sunday,ST CLAIR STATION,0,0,N,YU
00:20:00,Sunday,DON MILLS STATION,7,14,W,SHP
05:42:00,Monday,KENNEDY BD STATION,5,10,E,BD
05:47:00,Monday,UNION STATION,0,0,N,YU
05:49:00,Monday,DONLANDS STATION,4,6,W,BD
05:50:00,Monday,GREENWOOD STATION,8,13,E,BD
05:53:00,Monday,GREENWOOD YARD,0,0,E,BD
06:05:00,Monday,KING STATION,5,9,N,YU
06:11:00,Monday,KING STATION,5,9,N,YU
06:14:00,Monday,ROYAL YORK STATION,0,0,E,BD
07:28:00,Monday,KIPLING STATION,3,5,W,BD
07:37:00,Monday,QUEEN STATION,0,0,S,YU
07:57:00,Monday,OSGOODE STATION,3,6,S,YU
08:12:00,Monday,MUSEUM STATION,5,8,S,YU
08:18:00,Monday,SPADINA YUS STATION,0,0,N,YU
08:19:00,Monday,SPADINA BD STATION,0,0,W,BD
08:36:00,Monday,GREENWOOD STATION,8,13,E,BD
08:42:00,Monday,DUNDAS STATION,3,6,N,YU
08:48:00,Monday,ROSEDALE STATION,4,7,S,YU
08:53:00,Monday,ROSEDALE STATION,5,8,S,YU
09:07:00,Monday,RUNNYMEDE STATION,3,5,W,BD
09:09:00,Monday,KENNEDY BD STATION,0,0,E,BD
09:57:00,Monday,WOODBINE STATION,0,0,W,BD
09:58:00,Monday,NORTH YORK CTR STATION,3,6,S,YU
10:24:00,Monday,SPADINA BD STATION,9,13,E,BD
10:39:00,Monday,ST PATRICK STATION,5,10,N,YU
10:44:00,Monday,KENNEDY BD STATION,4,8,W,BD
10:47:00,Monday,YONGE BD STATION,5,9,E,BD
11:18:00,Monday,NORTH YORK CTR STATION,10,15,S,YU
11:29:00,Monday,FINCH STATION,58,63,N,YU
11:41:00,Monday,YONGE BD STATION,8,12,W,BD
11:51:00,Monday,RUNNYMEDE STATION,0,0,E,BD
12:02:00,Monday,SHEPPARD STATION,5,10,S,YU
12:04:00,Monday,ST GEORGE YUS STATION,3,8,N,YU
12:04:00,Monday,SHERBOURNE STATION,14,18,E,BD
12:40:00,Monday,LAWRENCE STATION,5,10,S,YU
12:44:00,Monday,WILSON STATION,7,12,S,YU
12:50:00,Monday,LAWRENCE WEST STATION,8,13,N,YU
13:04:00,Monday,BATHURST STATION,8,12,E,BD
13:44:00,Monday,ST CLAIR STATION,0,0,N,YU
14:33:00,Monday,ROSEDALE STATION,18,23,N,YU
14:51:00,Monday,COLLEGE STATION,0,0,N,YU
15:43:00,Monday,SHEPPARD STATION,3,8,S,YU
15:49:00,Monday,YORK MILLS STATION,4,9,S,YU
16:01:00,Monday,BLOOR STATION,10,13,N,YU
16:11:00,Monday,WARDEN STATION,3,6,E,BD
16:23:00,Monday,SPADINA YUS STATION,0,0,S,YU
16:39:00,Monday,ISLINGTON STATION,19,22,E,BD
17:11:00,Monday,WELLESLEY STATION,0,0,N,YU
17:20:00,Monday,FINCH WEST STATION,4,7,S,YU
17:35:00,Monday,BLOOR STATION,0,0,N,YU
17:45:00,Monday,KENNEDY BD STATION,5,8,W,BD
18:32:00,Monday,SHEPPARD STATION,9,12,N,YU
19:49:00,Monday,SHEPPARD WEST STATION,0,0,N,YU
20:04:00,Monday,BLOOR STATION,0,0,N,YU
21:50:00,Monday,OLD MILL STATION,5,11,W,BD
22:11:00,Monday,VICTORIA PARK STATION,0,0,W,BD
22:47:00,Monday,ST GEORGE YUS STATION,8,13,N,YU
23:04:00,Monday,UNION STATION,5,10,N,YU
23:57:00,Monday,HIGHWAY 407 STATION,0,0,N,YU
01:26:00,Monday,VAUGHAN MC STATION,0,0,S,YU
05:31:00,Monday,DON MILLS STATION,6,0,E,SHP
05:32:00,Monday,LESLIE STATION,5,0,E,SHP
06:52:00,Monday,SHEPPARD-YONGE STATION,7,0,W,SHP
02:08:00,Tuesday,KIPLING STATION,0,0,E,BD
02:12:00,Tuesday,FINCH STATION,0,0,S,YU
02:44:00,Tuesday,VAUGHAN MC STATION,0,0,S,YU
05:19:00,Tuesday,KIPLING STATION,0,0,W,BD
05:42:00,Tuesday,EGLINTON STATION,5,0,N,YU
06:21:00,Tuesday,EGLINTON STATION,3,6,N,YU
07:35:00,Tuesday,GLENCAIRN STATION,4,7,S,YU
07:53:00,Tuesday,DUPONT STATION,5,8,N,YU
08:10:00,Tuesday,YONGE BD STATION,0,0,W,BD
08:24:00,Tuesday,CHESTER STATION,4,7,W,BD
08:30:00,Tuesday,ST CLAIR STATION,0,0,S,YU
08:41:00,Tuesday,YORK MILLS STATION,0,0,N,YU
09:02:00,Tuesday,BLOOR STATION,0,0,S,YU
09:12:00,Tuesday,YONGE BD STATION,0,0,W,BD
09:44:00,Tuesday,DONLANDS STATION,3,7,W,BD
09:57:00,Tuesday,SHEPPARD STATION,0,0,S,YU
10:20:00,Tuesday,BLOOR STATION,4,9,S,YU
10:34:00,Tuesday,OSGOODE STATION,0,0,N,YU
10:57:00,Tuesday,MAIN STREET STATION,0,0,W,BD
11:07:00,Tuesday,WELLESLEY STATION,0,0,N,YU
11:49:00,Tuesday,BROADVIEW STATION,0,0,E,BD
12:36:00,Tuesday,BLOOR STATION,0,0,S,YU
12:52:00,Tuesday,BLOOR STATION,5,10,S,YU
13:10:00,Tuesday,HIGHWAY 407 STATION,3,8,S,YU
13:14:00,Tuesday,PIONEER VILLAGE STATIO,5,10,S,YU
13:15:00,Tuesday,QUEEN STATION,0,0,S,YU
13:42:00,Tuesday,BLOOR STATION,4,9,N,YU
13:52:00,Tuesday,BLOOR STATION,3,8,S,YU
14:03:00,Tuesday,CHESTER STATION,0,0,E,BD
15:02:00,Tuesday,MAIN STREET STATION,6,10,E,BD
15:55:00,Tuesday,SPADINA YUS STATION,5,10,S,YU
15:55:00,Tuesday,ST GEORGE YUS STATION,4,9,S,YU
16:18:00,Tuesday,DUNDAS WEST STATION,0,0,W,BD
16:18:00,Tuesday,YORK MILLS STATION,0,0,S,YU
16:44:00,Tuesday,CHRISTIE STATION,4,7,W,BD
16:54:00,Tuesday,DUFFERIN STATION,0,0,W,BD
17:03:00,Tuesday,ST GEORGE YUS STATION,0,0,S,YU
17:11:00,Tuesday,JANE STATION,0,0,W,BD
17:22:00,Tuesday,ISLINGTON STATION,0,0,E,BD
17:42:00,Tuesday,DUNDAS WEST STATION,0,0,E,BD
17:45:00,Tuesday,ST CLAIR WEST STATION,0,0,N,YU
17:56:00,Tuesday,DUNDAS WEST STATION,0,0,E,BD
18:09:00,Tuesday,JANE STATION,0,0,E,BD
18:21:00,Tuesday,FINCH WEST STATION,6,9,N,YU
18:31:00,Tuesday,BLOOR STATION,0,0,N,YU
18:51:00,Tuesday,COXWELL STATION,5,10,E,BD
19:09:00,Tuesday,YONGE BD STATION,4,9,W,BD
19:14:00,Tuesday,HIGHWAY 407 STATION,5,10,S,YU
19:47:00,Tuesday,ST GEORGE YUS STATION,0,0,S,YU
19:48:00,Tuesday,OSSINGTON STATION,0,0,E,BD
20:10:00,Tuesday,YORK MILLS STATION,5,8,N,YU
20:18:00,Tuesday,WOODBINE STATION,0,0,W,BD
20:51:00,Tuesday,LAWRENCE STATION,7,12,N,YU
20:53:00,Tuesday,KEELE STATION,0,0,E,BD
21:44:00,Tuesday,DUNDAS STATION,0,0,N,YU
21:44:00,Tuesday,JANE STATION,0,0,E,BD
21:48:00,Tuesday,KIPLING STATION,5,10,E,BD
21:51:00,Tuesday,CHRISTIE STATION,11,16,W,BD
00:12:00,Tuesday,KENNEDY BD STATION,0,0,W,BD
00:24:00,Tuesday,SPADINA BD STATION,14,20,W,BD
00:29:00,Tuesday,SPADINA YUS STATION,0,0,N,YU
00:40:00,Tuesday,WELLESLEY STATION,12,18,N,YU
01:14:00,Tuesday,COLLEGE STATION,0,0,S,YU
01:41:00,Tuesday,SHEPPARD WEST STATION,5,10,N,YU
01:42:00,Tuesday,YONGE BD STATION,3,9,W,BD
01:47:00,Tuesday,BAY STATION,4,10,W,BD
11:46:00,Tuesday,BAYVIEW STATION,0,0,W,SHP
14:27:00,Tuesday,LESLIE STATION,4,11,W,SHP
05:48:00,Wednesday,ST GEORGE BD STATION,0,0,W,BD
06:20:00,Wednesday,KENNEDY BD STATION,0,0,E,BD
06:21:00,Wednesday,VICTORIA PARK STATION,0,0,W,BD
07:19:00,Wednesday,SUMMERHILL STATION,10,13,S,YU
07:37:00,Wednesday,BLOOR STATION,0,0,S,YU
07:52:00,Wednesday,BLOOR STATION,3,6,N,YU
08:19:00,Wednesday,OLD MILL STATION,3,5,E,BD
08:44:00,Wednesday,GREENWOOD STATION,0,0,W,BD
08:55:00,Wednesday,BLOOR STATION,0,0,S,YU
09:31:00,Wednesday,EGLINTON WEST STATION,8,11,S,YU
09:51:00,Wednesday,BLOOR STATION,4,9,N,YU
10:33:00,Wednesday,BATHURST STATION,4,8,W,BD
11:02:00,Wednesday,DONLANDS STATION,0,0,W,BD
11:54:00,Wednesday,KENNEDY BD STATION,4,8,W,BD
12:00:00,Wednesday,NORTH YORK CTR STATION,14,20,N,YU
12:24:00,Wednesday,COXWELL STATION,4,8,W,BD
13:13:00,Wednesday,COLLEGE STATION,4,9,N,YU
13:32:00,Wednesday,KEELE STATION,0,0,E,BD
13:34:00,Wednesday,BLOOR STATION,3,8,S,YU
13:53:00,Wednesday,VICTORIA PARK STATION,9,13,E,BD
14:10:00,Wednesday,WILSON STATION,0,0,N,YU
14:16:00,Wednesday,GLENCAIRN STATION,8,13,S,YU
14:28:00,Wednesday,KING STATION,9,14,S,YU
14:57:00,Wednesday,QUEEN STATION,3,8,S,YU
15:02:00,Wednesday,ST GEORGE BD STATION,4,7,W,BD
15:05:00,Wednesday,ROSEDALE STATION,0,0,S,YU
16:03:00,Wednesday,YORK MILLS STATION,11,14,N,BD
16:06:00,Wednesday,ISLINGTON STATION,9,12,W,BD
16:16:00,Wednesday,JANE STATION,0,0,W,BD
16:21:00,Wednesday,FINCH STATION,9,12,N,YU
16:22:00,Wednesday,BLOOR STATION,0,0,N,YU
16:42:00,Wednesday,BROADVIEW STATION,7,10,E,BD
18:12:00,Wednesday,YORK MILLS STATION,0,0,N,YU
18:21:00,Wednesday,ST GEORGE BD STATION,0,0,E,BD
18:21:00,Wednesday,ST CLAIR STATION,25,28,N,YU
18:22:00,Wednesday,CHRISTIE STATION,0,0,E,BD
18:24:00,Wednesday,BAY STATION,3,6,E,BD
18:37:00,Wednesday,KIPLING STATION,0,0,W,BD
18:45:00,Wednesday,YORKDALE STATION,9,14,S,YU
18:46:00,Wednesday,KIPLING STATION,3,6,E,BD
18:53:00,Wednesday,WELLESLEY STATION,0,0,S,YU
19:09:00,Wednesday,ST GEORGE YUS STATION,5,10,S,YU
19:35:00,Wednesday,WELLESLEY STATION,0,0,S,YU
19:44:00,Wednesday,YONGE BD STATION,4,9,W,BD
20:09:00,Wednesday,BLOOR STATION,0,0,N,YU
20:11:00,Wednesday,YONGE BD STATION,0,0,E,BD
20:19:00,Wednesday,BLOOR STATION,0,0,N,YU
20:19:00,Wednesday,YONGE BD STATION,0,0,E,BD
20:21:00,Wednesday,SUMMERHILL STATION,0,0,N,YU
20:53:00,Wednesday,ISLINGTON STATION,3,9,W,BD
21:48:00,Wednesday,KEELE STATION,0,0,W,BD
22:22:00,Wednesday,BATHURST STATION,0,0,E,BD
23:00:00,Wednesday,BLOOR STATION,5,10,S,YU
00:17:00,Wednesday,ST GEORGE BD STATION,0,0,E,BD
01:27:00,Wednesday,PAPE STATION,0,0,W,BD
04:32:00,Thursday,DAVISVILLE STATION,0,0,S,YU
05:47:00,Thursday,KIPLING STATION,7,14,E,BD
07:24:00,Thursday,EGLINTON WEST STATION,0,0,N,YU
07:31:00,Thursday,LANSDOWNE STATION,3,5,E,BD
07:57:00,Thursday,ST CLAIR WEST STATION,3,6,N,YU
07:59:00,Thursday,VAUGHAN MC STATION,3,6,S,YU
08:08:00,Thursday,EGLINTON WEST STATION,0,0,N,YU
08:13:00,Thursday,FINCH STATION,3,6,S,YU
08:25:00,Thursday,OLD MILL STATION,0,0,E,BD
08:31:00,Thursday,ROSEDALE STATION,0,0,N,YU
08:34:00,Thursday,DUNDAS STATION,0,0,N,YU
08:48:00,Thursday,DUNDAS STATION,7,10,S,YU
09:07:00,Thursday,FINCH STATION,3,6,S,YU
09:24:00,Thursday,ST GEORGE YUS STATION,3,6,S,YU
09:45:00,Thursday,PAPE STATION,0,0,E,BD
10:15:00,Thursday,WILSON STATION,3,6,S,YU
10:59:00,Thursday,FINCH STATION,3,8,S,YU
11:42:00,Thursday,MAIN STREET STATION,17,21,W,BD
12:00:00,Thursday,MAIN STREET STATION,0,0,E,BD
12:09:00,Thursday,BLOOR STATION,0,0,N,YU
12:43:00,Thursday,DUNDAS STATION,0,0,N,YU
12:44:00,Thursday,DUNDAS STATION,0,0,N,YU
12:48:00,Thursday,QUEEN STATION,0,0,S,YU
13:10:00,Thursday,ISLINGTON STATION,0,0,E,BD
13:26:00,Thursday,CHESTER STATION,12,16,E,BD
13:36:00,Thursday,ST GEORGE BD STATION,0,0,E,BD
13:44:00,Thursday,DUNDAS STATION,0,0,N,YU
14:51:00,Thursday,SPADINA BD STATION,10,14,E,BD
17:24:00,Thursday,DUFFERIN STATION,0,0,W,BD
17:28:00,Thursday,SUMMERHILL STATION,3,6,N,YU
17:47:00,Thursday,EGLINTON STATION,32,35,N,YU
18:07:00,Thursday,BAY STATION,0,0,W,BD
18:18:00,Thursday,DUFFERIN STATION,0,0,W,BD
18:56:00,Thursday,OSSINGTON STATION,15,18,E,BD
19:06:00,Thursday,PIONEER VILLAGE STATIO,5,8,N,YU
19:07:00,Thursday,FINCH STATION,0,0,N,YU
19:44:00,Thursday,HIGH PARK STATION,0,0,E,BD
20:11:00,Thursday,COLLEGE STATION,0,0,N,YU
20:28:00,Thursday,ROSEDALE STATION,11,16,S,YU
20:44:00,Thursday,NORTH YORK CTR STATION,0,0,N,YU
20:44:00,Thursday,ROSEDALE STATION,0,0,N,YU
20:49:00,Thursday,FINCH STATION,0,0,S,YU
21:23:00,Thursday,RUNNYMEDE STATION,0,0,W,BD
21:32:00,Thursday,ISLINGTON STATION,3,8,W,BD
21:32:00,Thursday,SHERBOURNE STATION,0,0,E,BD
21:35:00,Thursday,ROSEDALE STATION,5,10,N,YU
21:41:00,Thursday,ST GEORGE BD STATION,0,0,W,BD
21:48:00,Thursday,CHRISTIE STATION,0,0,W,BD
22:11:00,Thursday,KIPLING STATION,29,34,W,BD
22:53:00,Thursday,COXWELL STATION,3,8,W,BD
23:16:00,Thursday,EGLINTON WEST STATION,4,9,N,YU
23:26:00,Thursday,UNION STATION,6,14,N,YU
23:44:00,Thursday,QUEEN STATION,0,0,N,YU
00:12:00,Thursday,DUNDAS STATION,0,0,S,YU
00:22:00,Thursday,BAY STATION,4,9,E,BD
00:27:00,Thursday,BAY STATION,0,0,W,BD
00:43:00,Thursday,ST GEORGE YUS STATION,0,0,S,YU
00:49:00,Thursday,WELLESLEY STATION,5,13,S,YU
01:42:00,Thursday,VICTORIA PARK STATION,17,23,W,BD
09:37:00,Thursday,SHEPPARD-YONGE STATION,0,0,E,SHP
11:06:00,Thursday,SHEPPARD-YONGE STATION,0,0,E,SHP
05:42:00,Friday,ISLINGTON STATION,0,0,E,BD
05:58:00,Friday,EGLINTON STATION,5,10,N,YU
06:07:00,Friday,UNION STATION,19,23,N,YU
06:27:00,Friday,ST GEORGE YUS STATION,6,9,S,YU
06:42:00,Friday,KIPLING STATION,3,6,E,BD
06:42:00,Friday,DUNDAS STATION,0,0,N,YU
06:51:00,Friday,NORTH YORK CTR STATION,0,0,N,YU
07:04:00,Friday,BAY STATION,3,6,E,BD
08:43:00,Friday,DUFFERIN STATION,0,0,W,BD
08:54:00,Friday,VAUGHAN MC STATION,28,31,N,YU
08:57:00,Friday,BAY STATION,5,8,E,BD
09:04:00,Friday,SPADINA BD STATION,11,15,E,BD
09:08:00,Friday,YORK MILLS STATION,5,8,N,YU
09:17:00,Friday,WILSON STATION,3,7,S,YU
09:18:00,Friday,HIGH PARK STATION,0,0,E,BD
09:25:00,Friday,MUSEUM STATION,0,0,S,YU
10:01:00,Friday,BAY STATION,0,0,E,BD
10:10:00,Friday,YONGE BD STATION,0,0,W,BD
10:22:00,Friday,KENNEDY BD STATION,0,0,W,BD
10:58:00,Friday,WILSON STATION,4,9,S,YU
11:24:00,Friday,VAUGHAN MC STATION,0,0,E,YU
11:26:00,Friday,HIGHWAY 407 STATION,5,10,S,YU
11:28:00,Friday,QUEEN STATION,0,0,N,YU
12:14:00,Friday,CHRISTIE STATION,0,0,E,BD
12:28:00,Friday,ST CLAIR STATION,4,9,N,YU
12:33:00,Friday,YORK MILLS STATION,0,0,S,YU
12:39:00,Friday,ROSEDALE STATION,7,12,N,YU
14:21:00,Friday,LAWRENCE WEST STATION,3,8,S,YU
14:24:00,Friday,DUNDAS STATION,0,0,N,YU
14:50:00,Friday,SHEPPARD WEST STATION,13,18,S,YU
14:55:00,Friday,GREENWOOD STATION,0,0,W,BD
14:58:00,Friday,WISLON STATION,3,6,S,YU
15:04:00,Friday,KEELE STATION,0,0,W,BD
15:16:00,Friday,CHESTER STATION,6,9,E,BD
15:20:00,Friday,SPADINA BD STATION,0,0,E,BD
15:56:00,Friday,OLD MILL STATION,15,18,E,BD
16:27:00,Friday,EGLINTON STATION,11,16,N,YU
16:54:00,Friday,KEELE STATION,7,10,W,BD
16:55:00,Friday,EGLINTON STATION,5,8,S,YU
16:55:00,Friday,YORK MILLS STATION,5,8,S,YU
17:40:00,Friday,COLLEGE STATION,11,14,S,YU
17:53:00,Friday,ST GEORGE YUS STATION,8,13,N,YU
18:01:00,Friday,ST CLAIR WEST STATION,0,0,S,YU
18:46:00,Friday,DONLANDS STATION,0,0,E,BD
19:10:00,Friday,VAUGHAN MC STATION,3,6,S,YU
19:21:00,Friday,EGLINTON STATION,7,10,S,YU
19:31:00,Friday,CHRISTIE STATION,0,0,W,BD
19:35:00,Friday,KEELE STATION,0,0,W,BD
19:52:00,Friday,YORKDALE STATION,0,0,S,YU
19:56:00,Friday,CHESTER STATION,13,18,E,BD
19:59:00,Friday,ST CLAIR WEST STATION,0,0,S,YU
20:05:00,Friday,GLENCAIRN STATION,0,0,N,YU
21:31:00,Friday,WARDEN STATION,0,0,W,BD
23:04:00,Friday,BLOOR STATION,4,8,N,YU
23:45:00,Friday,KEELE STATION,22,27,W,BD
01:24:00,Friday,FINCH STATION,5,0,S,YU
01:35:00,Friday,SHEPPARD STATION,5,10,N,YU
05:25:00,Friday,SHEPPARD-YONGE STATION,0,0,E,SHP
14:29:00,Friday,DON MILLS STATION,0,0,W,SHP
14:35:00,Friday,SHEPPARD-YONGE STATION,0,0,W,SHP
05:51:00,Saturday,FINCH STATION,0,0,S,YU
06:05:00,Saturday,UNION STATION,6,0,N,YU
06:21:00,Saturday,OSGOODE STATION,20,26,N,YU
06:23:00,Saturday,OSGOODE STATION,22,28,S,YU
08:26:00,Saturday,WILSON STATION,5,10,S,YU
08:29:00,Saturday,VICTORIA PARK STATION,3,8,W,BD
08:50:00,Saturday,ST GEORGE YUS STATION,0,0,S,YU
08:53:00,Saturday,WARDEN STATION,8,13,E,BD
09:21:00,Saturday,ROYAL YORK STATION,0,0,E,BD
09:43:00,Saturday,EGLINTON STATION,4,8,N,YU
10:04:00,Saturday,GREENWOOD STATION,4,8,W,BD
10:09:00,Saturday,EGLINTON STATION,4,8,N,YU
10:51:00,Saturday,BLOOR STATION,0,0,N,YU
10:53:00,Saturday,YONGE BD STATION,0,0,E,BD
11:32:00,Saturday,EGLINTON STATION,0,0,N,YU
11:32:00,Saturday,VAUGHAN MC STATION,7,14,S,YU
11:48:00,Saturday,WILSON STATION,11,15,S,YU
12:35:00,Saturday,ST CLAIR WEST STATION,0,0,N,YU
12:43:00,Saturday,DUPONT STATION,0,0,S,YU
13:06:00,Saturday,KIPLING STATION,0,0,W,BD
14:03:00,Saturday,NORTH YORK CTR STATION,6,11,N,YU
14:06:00,Saturday,DAVISVILLE STATION,0,0,N,YU
14:22:00,Saturday,PAPE STATION,10,14,W,BD
14:28:00,Saturday,BAY STATION,0,0,E,BD
14:33:00,Saturday,EGLINTON STATION,5,10,S,YU
14:34:00,Saturday,WILSON STATION,3,9,N,YU
14:40:00,Saturday,ST PATRICK STATION,5,10,N,YU
15:22:00,Saturday,KIPLING STATION,4,8,E,BD
15:25:00,Saturday,HIGHWAY 407 STATION,14,20,N,YU
15:26:00,Saturday,ST PATRICK STATION,0,0,N,YU
15:58:00,Saturday,CHRISTIE STATION,0,0,W,BD
16:10:00,Saturday,WILSON STATION,6,12,N,YU
16:38:00,Saturday,ST GEORGE BD STATION,12,16,E,BD
16:41:00,Saturday,KEELE STATION,0,0,W,BD
16:47:00,Saturday,BATHURST STATION,3,7,E,BD
17:02:00,Saturday,ROSEDALE STATION,3,9,N,YU
17:10:00,Saturday,DAVISVILLE STATION,3,9,S,YU
17:20:00,Saturday,BLOOR STATION,10,16,S,YU
17:31:00,Saturday,WARDEN STATION,8,12,W,BD
17:50:00,Saturday,WARDEN STATION,18,22,W,BD
17:52:00,Saturday,MUSEUM STATION,0,0,S,YU
18:34:00,Saturday,QUEEN STATION,0,0,S,YU
18:47:00,Saturday,DUPONT STATION TO EGLI,5,11,N,YU
19:15:00,Saturday,DUPONT STATION,6,12,S,YU
19:18:00,Saturday,KEELE STATION,0,0,W,BD
19:25:00,Saturday,OLD MILL STATION,3,8,E,BD
20:03:00,Saturday,ST CLAIR WEST STATION,4,9,S,YU
20:24:00,Saturday,ROSEDALE STATION,0,0,S,YU
20:41:00,Saturday,SPADINA BD STATION,0,0,E,BD
21:08:00,Saturday,BLOOR STATION,4,9,S,YU
21:25:00,Saturday,ST ANDREW STATION,4,9,N,YU
22:07:00,Saturday,BLOOR STATION,0,0,S,YU
22:10:00,Saturday,GLENCAIRN STATION,0,0,S,YU
22:14:00,Saturday,ST GEORGE YUS STATION,0,0,N,YU
22:42:00,Saturday,DUNDAS STATION,17,22,N,YU
22:49:00,Saturday,KING STATION,0,0,N,YU
23:11:00,Saturday,DUNDAS STATION,0,0,S,YU
00:17:00,Saturday,BLOOR STATION,0,0,S,YU
00:50:00,Saturday,ST PATRICK STATION,29,37,N,YU
01:05:00,Saturday,SPADINA BD STATION,12,18,W,BD
01:07:00,Saturday,DUNDAS STATION,3,8,N,YU
11:02:00,Saturday,DON MILLS STATION,0,0,W,SHP
11:16:00,Saturday,SHEPPARD-YONGE STATION,0,0,W,SHP
19:36:00,Saturday,DON MILLS STATION,16,23,E,SHP
19:46:00,Saturday,BAYVIEW STATION,3,10,W,SHP
08:15:00,Sunday,DAVISVILLE STATION,6,12,N,YU
08:17:00,Sunday,KENNEDY BD STATION,0,0,W,BD
08:18:00,Sunday,LAWRENCE STATION,4,0,S,YU
08:40:00,Sunday,GREENWOOD YARD,5,9,E,BD
08:44:00,Sunday,CHRISTIE STATION,4,8,W,BD
10:21:00,Sunday,LANSDOWNE STATION,0,0,E,BD
10:32:00,Sunday,BLOOR STATION,0,0,N,YU
11:10:00,Sunday,BROADVIEW STATION,0,0,W,BD
11:30:00,Sunday,WARDEN STATION,4,8,W,BD
13:34:00,Sunday,GLENCAIRN STATION,4,10,N,YU
14:05:00,Sunday,LAWRENCE WEST STATION,6,14,N,YU
14:26:00,Sunday,BROADVIEW STATION,13,17,E,BD
14:43:00,Sunday,CHRISTIE STATION,0,0,E,BD
14:51:00,Sunday,WILSON STATION,4,12,N,YU
15:12:00,Sunday,WARDEN STATION,0,0,W,BD
16:36:00,Sunday,CHRISTIE STATION,0,0,E,BD
18:16:00,Sunday,DUNDAS WEST STATION,0,0,E,BD
18:29:00,Sunday,UNION STATION,9,15,N,YU
18:50:00,Sunday,DUNDAS STATION,0,0,N,YU
18:54:00,Sunday,ST GEORGE BD STATION,5,10,W,BD
19:13:00,Sunday,ST GEORGE BD STATION,0,0,W,BD
19:13:00,Sunday,CASTLE FRANK STATION,15,20,E,BD
19:21:00,Sunday,SUMMERHILL STATION,3,9,N,YU
19:30:00,Sunday,KIPLING STATION,5,10,W,BD
20:03:00,Sunday,ST GEORGE BD STATION,5,10,W,BD
22:13:00,Sunday,NORTH YORK CTR STATION,0,0,N,YU
22:42:00,Sunday,ST GEORGE BD STATION,0,0,W,BD
23:34:00,Sunday,WARDEN STATION,4,10,E,BD
00:00:00,Sunday,VICTORIA PARK STATION,13,19,E,BD
00:01:00,Sunday,UNION STATION,9,15,N,YU
05:52:00,Monday,WILSON STATION,0,0,S,YU
06:02:00,Monday,ST GEORGE YUS STATION,7,0,S,YU
06:02:00,Monday,UNION STATION,3,0,N,YU
06:39:00,Monday,DOWNSVIEW PARK STATION,0,0,N,YU
06:44:00,Monday,BLOOR STATION,0,0,S,YU
07:07:00,Monday,ST GEORGE BD STATION,9,12,W,BD
07:57:00,Monday,BAY STATION,3,5,E,BD
08:03:00,Monday,WOODBINE STATION,0,0,W,BD
08:05:00,Monday,WELLESLEY STATION,5,8,S,YU
08:07:00,Monday,VICTORIA PARK STATION,5,7,W,BD
08:07:00,Monday,KIPLING STATION,3,6,E,BD
08:18:00,Monday,WARDEN STATION,6,8,E,BD
08:28:00,Monday,ST PATRICK STATION,3,6,N,YU
08:40:00,Monday,EGLINTON STATION,0,0,S,YU
08:50:00,Monday,ROSEDALE STATION,0,0,N,YU
09:03:00,Monday,OSGOODE STATION,0,0,N,YU
09:41:00,Monday,WARDEN STATION,0,0,E,BD
10:06:00,Monday,SHEPPARD STATION,4,7,N,YU
10:43:00,Monday,DUPONT STATION,3,6,S,YU
10:52:00,Monday,VAUGHAN MC STATION,3,6,S,YU
10:59:00,Monday,LAWRENCE STATION,21,26,S,YU
11:00:00,Monday,OSSINGTON STATION,0,0,E,BD
11:55:00,Monday,QUEEN STATION,0,0,N,YU
12:00:00,Monday,MAIN STREET STATION,4,8,W,BD
12:51:00,Monday,KEELE STATION,0,0,W,BD
13:16:00,Monday,COXWELL STATION,0,0,W,BD
13:19:00,Monday,FINCH STATION,3,9,S,YU
13:32:00,Monday,NORTH YORK CTR STATION,0,0,S,YU
13:44:00,Monday,BLOOR STATION,0,0,N,YU
13:49:00,Monday,ST CLAIR WEST STATION,3,8,S,YU
14:09:00,Monday,CASTLE FRANK STATION,0,0,E,BD
14:10:00,Monday,LAWRENCE STATION,10,15,N,YU
14:32:00,Monday,EGLINTON STATION,0,0,N,YU
14:42:00,Monday,YONGE BD STATION,0,0,W,BD
14:46:00,Monday,FINCH STATION,0,0,S,YU
14:55:00,Monday,NORTH YORK CTR STATION,5,10,S,YU
14:56:00,Monday,LAWRENCE STATION,19,24,S,YU
15:03:00,Monday,SPADINA BD STATION,6,10,E,BD
15:08:00,Monday,KENNEDY BD STATION,0,0,E,BD
15:09:00,Monday,BLOOR STATION,5,10,S,YU
15:16:00,Monday,EGLINTON STATION,7,12,S,YU
15:34:00,Monday,SPADINA YUS STATION,8,13,N,YU
15:40:00,Monday,FINCH STATION,5,10,S,YU
15:50:00,Monday,NORTH YORK CTR STATION,5,10,S,YU
16:02:00,Monday,VAUGHAN MC STATION,0,0,S,YU
16:06:00,Monday,SHEPPARD STATION,3,8,S,YU
16:45:00,Monday,BAY STATION,7,10,E,BD
16:54:00,Monday,YORKDALE STATION,6,9,N,YU
17:08:00,Monday,MUSEUM STATION,0,0,S,YU
17:28:00,Monday,CHRISTIE STATION,9,12,W,BD
17:39:00,Monday,FINCH STATION,0,0,S,YU
17:43:00,Monday,NORTH YORK CTR STATION,4,7,S,YU
18:05:00,Monday,BLOOR STATION,4,7,S,YU
18:11:00,Monday,KENNEDY BD STATION,0,0,W,BD
18:43:00,Monday,VICTORIA PARK STATION,0,0,E,BD
18:55:00,Monday,DOWNSVIEW PARK STATION,12,15,S,YU
18:59:00,Monday,WILSON STATION,0,0,N,YU
19:04:00,Monday,YORKDALE STATION,10,13,N,YU
19:10:00,Monday,WILSON STATION,5,8,N,YU
20:10:00,Monday,ST PATRICK STATION,0,0,S,YU
20:10:00,Monday,VAUGHAN MC STATION,0,0,S,YU
20:25:00,Monday,WARDEN STATION,15,20,W,BD
20:43:00,Monday,BLOOR STATION,0,0,S,YU
20:58:00,Monday,DAVISVILLE STATION,0,0,S,YU
22:10:00,Monday,FINCH STATION,5,10,S,YU
23:04:00,Monday,WARDEN STATION,0,0,E,BD
23:14:00,Monday,PIONEER VILLAGE STATIO,5,10,S,YU
23:44:00,Monday,QUEEN'S PARK STATION,0,0,S,YU
00:31:00,Monday,WOODBINE STATION,0,0,W,BD
00:50:00,Monday,SHEPPARD STATION,14,20,N,YU
01:06:00,Monday,ST PATRICK STATION,8,14,N,YU
01:07:00,Monday,WILSON STATION,9,13,S,YU
01:49:00,Monday,YONGE BD STATION,6,11,W,BD
05:54:00,Tuesday,KEELE STATION,5,10,W,BD
05:59:00,Tuesday,SPADINA BD STATION,5,10,E,BD
05:59:00,Tuesday,KEELE STATION,5,10,W,BD
07:02:00,Tuesday,COLLEGE STATION,0,0,S,YU
07:12:00,Tuesday,YONGE BD STATION,8,10,W,BD
07:26:00,Tuesday,BLOOR STATION,0,0,S,YU
07:56:00,Tuesday,VAUGHAN MC STATION,3,6,S,YU
08:23:00,Tuesday,LEAVING ISLINGTON,0,0,W,BD
08:33:00,Tuesday,WELLESLEY STATION,6,9,S,YU
08:38:00,Tuesday,KEELE STATION,0,0,W,BD
08:59:00,Tuesday,ROSEDALE STATION,15,18,N,YU
09:31:00,Tuesday,GLENCAIRN STATION,3,7,S,YU
10:01:00,Tuesday,PAPE STATION,0,0,E,BD
11:01:00,Tuesday,SPADINA YUS STATION,4,8,S,YU
11:16:00,Tuesday,DOWNSVIEW PARK STATION,4,9,N,YU
11:41:00,Tuesday,DUNDAS STATION,3,8,S,YU
11:50:00,Tuesday,VAUGHAN MC STATION,0,0,S,YU
12:16:00,Tuesday,DUNDAS STATION,0,0,N,YU
12:51:00,Tuesday,WILSON STATION,0,0,S,YU
12:58:00,Tuesday,MUSEUM STATION,7,12,S,YU
13:20:00,Tuesday,ST CLAIR WEST STATION,5,10,S,YU
13:31:00,Tuesday,QUEEN STATION,0,0,N,YU
13:41:00,Tuesday,KENNEDY BD STATION,4,8,W,BD
13:45:00,Tuesday,ST CLAIR WEST STATION,5,10,S,YU
15:09:00,Tuesday,OSSINGTON STATION,0,0,E,BD
15:26:00,Tuesday,BLOOR STATION,0,0,S,YU
15:49:00,Tuesday,WILSON STATION,5,10,S,YU
15:52:00,Tuesday,RUNNYMEDE STATION,3,6,E,BD
16:33:00,Tuesday,MAIN STREET STATION,7,10,W,BD
16:45:00,Tuesday,WILSON STATION,3,6,S,YU
17:06:00,Tuesday,KENNEDY BD STATION,3,6,W,BD
17:08:00,Tuesday,SUMMERHILL STATION,0,0,N,YU
17:48:00,Tuesday,DONLANDS STATION,7,10,E,BD
18:00:00,Tuesday,DUFFERIN STATION,0,0,E,BD
18:34:00,Tuesday,OSSINGTON STATION,0,0,W,BD
18:40:00,Tuesday,EGLINTON STATION,3,6,N,YU
18:46:00,Tuesday,QUEEN STATION,3,6,S,YU
18:55:00,Tuesday,QUEEN STATION,0,0,S,YU
19:16:00,Tuesday,COXWELL STATION,6,9,E,BD
19:27:00,Tuesday,VICTORIA PARK STATION,4,9,W,BD
19:51:00,Tuesday,DUPONT STATION,12,17,S,YU
20:11:00,Tuesday,FINCH STATION,0,0,S,YU
21:18:00,Tuesday,WELLESLEY STATION,0,0,S,YU
21:30:00,Tuesday,LAWRENCE STATION,0,0,N,YU
21:55:00,Tuesday,NORTH YORK CTR STATION,0,0,S,YU
22:00:00,Tuesday,MUSEUM STATION,7,12,S,YU
22:09:00,Tuesday,CHRISTIE STATION,10,15,E,BD
22:54:00,Tuesday,DUPONT STATION,7,12,S,YU
23:00:00,Tuesday,ST CLAIR STATION TO SH,0,0,B,LINE 1
01:19:00,Tuesday,ST CLAIR STATION,8,13,S,YU
01:25:00,Tuesday,KIPLING STATION,0,0,W,BD
01:56:00,Tuesday,DUNDAS WEST STATION,0,0,E,BD
02:24:00,Wednesday,SHEPPARD STATION,5,10,N,YU
05:50:00,Wednesday,WOODBINE STATION,0,0,W,BD
05:56:00,Wednesday,WOODBINE STATION,0,0,W,BD
06:09:00,Wednesday,EGLINTON STATION,3,6,N,YU
06:49:00,Wednesday,DAVISVILLE STATION,3,6,S,YU
07:02:00,Wednesday,YONGE BD STATION,30,32,W,BD
07:08:00,Wednesday,BLOOR STATION,0,0,N,YU
07:31:00,Wednesday,SHERBOURNE STATION,0,0,W,BD
07:43:00,Wednesday,YONGE BD STATION,63,65,E,BD
07:44:00,Wednesday,BLOOR STATION,0,0,N,YU
08:47:00,Wednesday,BROADVIEW STATION,9,11,W,BD
09:13:00,Wednesday,BLOOR STATION,3,6,S,YU
09:20:00,Wednesday,BLOOR STATION,0,0,S,YU
09:23:00,Wednesday,VAUGHAN MC STATION,0,0,S,YU
09:41:00,Wednesday,ST ANDREW STATION,0,0,N,YU
09:48:00,Wednesday,ST ANDREW STATION,0,0,S,YU
10:56:00,Wednesday,DONLANDS STATION,0,0,E,BD
11:09:00,Wednesday,PAPE STATION,0,0,E,BD
11:14:00,Wednesday,ST ANDREW STATION,0,0,N,YU
11:51:00,Wednesday,BLOOR STATION,7,12,N,YU
11:52:00,Wednesday,OSSINGTON STATION,6,10,E,BD
12:04:00,Wednesday,SPADINA BD STATION,4,8,E,BD
13:28:00,Wednesday,ROSEDALE STATION,0,0,N,YU
13:35:00,Wednesday,ROSEDALE STATION,0,0,N,YU
13:40:00,Wednesday,SUMMERHILL STATION,0,0,N,YU
13:50:00,Wednesday,COLLEGE STATION,0,0,N,YU
13:52:00,Wednesday,QUEEN STATION,6,11,N,YU
14:12:00,Wednesday,COXWELL STATION,5,9,E,BD
14:16:00,Wednesday,DAVISVILLE STATION,3,8,N,YU
15:09:00,Wednesday,VAUGHAN MC STATION,0,0,S,YU
15:15:00,Wednesday,BLOOR STATION,6,11,N,YU
16:21:00,Wednesday,OSGOODE STATION,18,21,N,YU
16:29:00,Wednesday,MAIN STREET STATION,4,7,W,BD
16:30:00,Wednesday,DUPONT STATION,0,0,N,YU
16:33:00,Wednesday,FINCH STATION,3,6,S,YU
16:42:00,Wednesday,LAWRENCE STATION,0,0,N,YU
16:46:00,Wednesday,COXWELL STATION,3,7,W,BD
16:51:00,Wednesday,ROSEDALE STATION,25,28,N,YU
16:52:00,Wednesday,ST ANDREW STATION,0,0,N,YU
17:00:00,Wednesday,BATHURST STATION,0,0,W,BD
17:02:00,Wednesday,SUMMERHILL STATION,29,32,N,YU
17:10:00,Wednesday,VAUGHAN MC STATION,3,6,N,YU
17:18:00,Wednesday,QUEEN STATION,0,0,N,YU
17:40:00,Wednesday,COLLEGE STATION,11,14,N,YU
18:05:00,Wednesday,ST CLAIR WEST STATION,0,0,S,YU
18:14:00,Wednesday,LAWRENCE WEST STATION,4,7,S,YU
18:21:00,Wednesday,EGLINTON STATION,3,6,N,YU
18:32:00,Wednesday,OSSINGTON STATION,3,6,W,BD
18:42:00,Wednesday,MAIN STREET STATION,0,0,E,BD
18:56:00,Wednesday,JANE STATION,3,6,E,BD
20:26:00,Wednesday,UNION STATION,0,0,N,YU
20:44:00,Wednesday,SPADINA YUS STATION,0,0,S,YU
21:50:00,Wednesday,YORKDALE STATION,4,9,S,YU
22:00:00,Wednesday,KEELE STATION,0,0,W,BD
22:12:00,Wednesday,BLOOR STATION,0,0,N,YU
22:18:00,Wednesday,ST GEORGE BD STATION,5,10,E,BD
22:28:00,Wednesday,SHERBOURNE STATION,4,9,E,BD
22:45:00,Wednesday,YORK MILLS STATION,4,9,N,YU
22:49:00,Wednesday,COXWELL STATION,6,10,E,BD
22:51:00,Wednesday,YORK MILLS STATION,0,0,S,YU
23:07:00,Wednesday,WELLESLEY STATION,0,0,S,YU
23:46:00,Wednesday,EGLINTON WEST STATION,3,9,N,YU
23:58:00,Wednesday,KENNEDY BD STATION,5,10,W,BD
00:30:00,Wednesday,OSSINGTON STATION,3,8,E,BD
00:33:00,Wednesday,DUNDAS STATION,0,0,N,YU
00:38:00,Wednesday,KIPLING STATION,5,10,E,BD
15:39:00,Wednesday,BESSARION STATION,0,0,E,SHP
20:13:00,Wednesday,LESLIE STATION,4,11,E,SHP
02:41:00,Thursday,DUNDAS STATION,0,0,N,YU
05:48:00,Thursday,EGLINTON STATION,5,10,N,YU
05:49:00,Thursday,DONLANDS STATION,5,0,W,BD
05:53:00,Thursday,YORK MILLS STATION,4,8,S,YU
06:06:00,Thursday,QUEEN'S PARK STATION,4,0,N,YU
06:15:00,Thursday,SPADINA BD STATION,0,0,W,BD
06:30:00,Thursday,KING STATION,4,7,S,YU
06:35:00,Thursday,SPADINA YUS STATION,0,0,N,YU
06:35:00,Thursday,SPADINA BD STATION,0,0,W,BD
06:37:00,Thursday,KING STATION,0,0,S,YU
07:00:00,Thursday,WOODBINE STATION,47,53,W,BD
07:16:00,Thursday,KING STATION,0,0,N,YU
07:21:00,Thursday,VAUGHAN MC STATION,0,0,S,YU
07:22:00,Thursday,VICTORIA PARK STATION,27,29,W,BD
07:23:00,Thursday,UNION STATION,3,6,N,YU
07:36:00,Thursday,DAVISVILLE STATION,6,9,S,BD
07:57:00,Thursday,VAUGHAN MC STATION,3,6,S,YU
08:05:00,Thursday,KENNEDY BD STATION,0,0,E,BD
08:09:00,Thursday,BLOOR STATION,0,0,N,YU
08:48:00,Thursday,KING STATION,3,6,S,YU
08:59:00,Thursday,BLOOR STATION,5,8,S,YU
09:12:00,Thursday,DUPONT STATION,4,7,N,YU
09:18:00,Thursday,DUNDAS STATION,7,10,N,YU
10:57:00,Thursday,VAUGHAN MC STATION,0,0,S,YU
13:14:00,Thursday,CHRISTIE STATION,9,12,E,BD
13:54:00,Thursday,SHEPPARD STATION,5,10,N,YU
14:07:00,Thursday,VAUGHAN MC STATION,5,10,S,YU
14:12:00,Thursday,KENNEDY BD STATION,0,0,E,BD
14:31:00,Thursday,EGLINTON STATION,15,20,N,YU
14:42:00,Thursday,FINCH STATION,5,10,S,YU
14:46:00,Thursday,KIPLING STATION,0,0,W,BD
15:16:00,Thursday,YONGE BD STATION,0,0,W,BD
15:21:00,Thursday,UNION STATION,3,8,N,YU
15:28:00,Thursday,COXWELL STATION,0,0,E,BD
15:32:00,Thursday,VAUGHAN MC STATION,0,0,S,YU
16:29:00,Thursday,JANE STATION,0,0,W,BD
17:50:00,Thursday,BLOOR STATION,3,6,S,YU
17:50:00,Thursday,LAWRENCE STATION,0,0,N,YU
17:59:00,Thursday,ROYAL YORK STATION,4,7,E,BD
18:16:00,Thursday,KEELE STATION,0,0,W,BD
18:26:00,Thursday,DAVISVILLE STATION,4,7,S,YU
18:36:00,Thursday,EGLINTON STATION,0,0,S,YU
18:41:00,Thursday,FINCH STATION,38,41,N,YU
18:44:00,Thursday,HIGHWAY 407 STATION,4,7,S,YU
18:52:00,Thursday,SHEPPARD STATION,4,8,N,YU
18:55:00,Thursday,NORTH YORK CTR STATION,0,0,N,YU
19:11:00,Thursday,RUNNYMEDE STATION,0,0,W,BD
21:02:00,Thursday,DUNDAS STATION,7,12,N,YU
21:15:00,Thursday,SHEPPARD STATION,0,0,N,YU
23:00:00,Thursday,ST CLAIR STATION TO SH,0,0,B,YU
00:27:00,Thursday,DUNDAS STATION,0,0,N,YU
00:43:00,Thursday,CHESTER STATION,0,0,E,BD
00:59:00,Thursday,YONGE BD STATION,6,11,E,BD
01:36:00,Thursday,CASTLE FRANK STATION,9,14,W,BD
01:42:00,Thursday,ST CLAIR STATION,7,13,S,YU
09:34:00,Thursday,SHEPPARD-YONGE STATION,3,10,E,SHP
09:57:00,Thursday,SHEPPARD-YONGE STATION,3,10,E,SHP
11:09:00,Thursday,DON MILLS STATION,5,12,W,SHP
14:54:00,Thursday,BESSARION STATION,0,0,E,SHP
19:00:00,Thursday,SHEPPARD-YONGE STATION,3,10,E,SHP
20:00:00,Thursday,BESSARION STATION,4,11,W,SHP
03:24:00,Friday,LAWRENCE WEST STATION,0,0,N,YU
04:26:00,Friday,KEELE YARD,0,0,W,BD
05:50:00,Friday,KEELE STATION,6,9,W,BD
05:57:00,Friday,KEELE STATION,4,8,W,BD
06:33:00,Friday,YORKDALE STATION,3,6,S,YU
06:43:00,Friday,VAUGHAN MC STATION,0,0,S,YU
06:55:00,Friday,VAUGHAN MC STATION,3,6,S,YU
07:21:00,Friday,BLOOR STATION,0,0,S,YU
08:07:00,Friday,FINCH STATION,0,0,S,YU
08:21:00,Friday,QUEEN'S PARK STATION,11,14,S,YU
09:40:00,Friday,SPADINA BD STATION,4,8,W,BD
09:43:00,Friday,ST ANDREW STATION,9,12,N,YU
10:32:00,Friday,KEELE STATION,0,0,W,BD
10:41:00,Friday,VICTORIA PARK STATION,3,7,E,BD
11:37:00,Friday,VICTORIA PARK STATION,0,0,W,BD
11:38:00,Friday,YORK MILLS STATION,0,0,N,YU
11:58:00,Friday,WARDEN STATION,4,8,E,BD
12:56:00,Friday,DUPONT STATION,4,9,S,YU
13:33:00,Friday,ST CLAIR WEST STATION,0,0,S,YU
13:42:00,Friday,EGLINTON STATION,6,11,S,YU
14:43:00,Friday,VICTORIA PARK STATION,3,8,E,BD
14:45:00,Friday,ST GEORGE BD STATION,0,0,W,BD
15:22:00,Friday,GREENWOOD STATION,0,0,W,BD
15:31:00,Friday,MAIN STREET STATION,4,8,E,BD
16:05:00,Friday,VICTORIA PARK STATION,3,6,W,BD
16:08:00,Friday,WARDEN STATION,4,7,W,BD
16:16:00,Friday,WELLESLEY STATION,19,24,S,YU
16:46:00,Friday,ST GEORGE YUS STATION,4,7,N,YU
17:02:00,Friday,DAVISVILLE STATION,3,6,S,YU
17:17:00,Friday,WILSON STATION,4,7,S,YU
17:20:00,Friday,WILSON STATION,3,6,S,YU
17:49:00,Friday,LAWRENCE STATION,13,16,N,YU
18:30:00,Friday,VAUGHAN MC STATION,17,20,N,YU
19:35:00,Friday,OSSINGTON STATION,0,0,W,BD
19:49:00,Friday,ST ANDREW STATION,5,10,N,YU
20:28:00,Friday,UNION STATION,0,0,N,YU
20:55:00,Friday,ROYAL YORK STATION,0,0,E,BD
21:06:00,Friday,YORKDALE STATION,0,0,S,YU
22:03:00,Friday,WELLESLEY STATION,6,12,N,YU
22:15:00,Friday,ST CLAIR WEST STATION,0,0,N,YU
22:49:00,Friday,BLOOR STATION,7,13,N,YU
22:54:00,Friday,SHEPPARD WEST STATION,0,0,N,YU
23:16:00,Friday,VICTORIA PARK STATION,5,10,W,BD
23:26:00,Friday,SUMMERHILL STATION,12,18,S,YU
23:46:00,Friday,SUMMERHILL STATION,4,10,S,YU
23:58:00,Friday,BLOOR STATION,0,0,S,YU
23:58:00,Friday,YONGE BD STATION,0,0,W,BD
00:05:00,Friday,WELLESLEY STATION,3,9,S,YU
00:09:00,Friday,VAUGHAN MC STATION,0,0,S,YU
01:04:00,Friday,VICTORIA PARK STATION,0,0,W,BD
01:04:00,Friday,WELLESLEY STATION,0,0,S,YU
01:06:00,Friday,RUNNYMEDE STATION,0,0,E,BD
01:41:00,Friday,OLD MILL STATION,6,11,W,BD
01:51:00,Friday,KEELE STATION,0,0,W,BD
05:30:00,Friday,DON MILLS STATION,0,0,W,SHP
05:37:00,Friday,DON MILLS STATION,0,0,W,SHP
13:59:00,Friday,LESLIE STATION,0,0,W,SHP
22:44:00,Friday,BAYVIEW STATION,0,0,E,SHP
06:27:00,Saturday,LANSDOWNE STATION,0,0,E,BD
07:08:00,Saturday,SHEPPARD WEST STATION,15,0,N,YU
07:14:00,Saturday,SHEPPARD STATION,0,0,N,YU
07:27:00,Saturday,ST CLAIR TO DAVISVILLE,19,25,S,YU
07:35:00,Saturday,VAUGHAN MC STATION,0,0,N,YU
08:39:00,Saturday,VAUGHAN MC STATION,0,0,S,YU
08:43:00,Saturday,EGLINTON WEST STATION,0,0,N,YU
09:36:00,Saturday,MAIN STREET STATION,3,8,E,BD
11:32:00,Saturday,KING STATION,0,0,S,YU
11:50:00,Saturday,ST CLAIR WEST STATION,0,0,S,YU
12:10:00,Saturday,VAUGHAN MC STATION,0,0,S,YU
13:07:00,Saturday,LAWRENCE WEST STATION,3,9,S,YU
13:19:00,Saturday,ST CLAIR STATION,8,14,N,YU
13:42:00,Saturday,COLLEGE STATION,5,11,N,YU
13:45:00,Saturday,COLLEGE STATION,5,11,N,YU
14:04:00,Saturday,BAY STATION,0,0,E,BD
14:48:00,Saturday,MAIN STREET STATION,0,0,W,BD
14:56:00,Saturday,YONGE BD STATION,0,0,E,BD
15:02:00,Saturday,OSSINGTON STATION,18,22,W,BD
15:16:00,Saturday,YONGE BD STATION,0,0,E,BD
15:38:00,Saturday,COLLEGE STATION,0,0,N,YU
16:16:00,Saturday,HIGHWAY 407 STATION,6,12,S,YU
16:23:00,Saturday,QUEEN'S PARK STATION,6,12,N,YU
16:24:00,Saturday,COXWELL STATION,0,0,E,BD
16:27:00,Saturday,DONLANDS STATION,5,9,E,BD
17:45:00,Saturday,ST ANDREW STATION,0,0,N,YU
18:39:00,Saturday,COLLEGE STATION,0,0,N,YU
19:30:00,Saturday,SUMMERHILL STATION,6,12,N,YU
19:54:00,Saturday,YORKDALE STATION,7,13,N,YU
19:59:00,Saturday,DUFFERIN STATION,0,0,E,BD
20:16:00,Saturday,LAWRENCE WEST STATION,0,0,N,YU
21:08:00,Saturday,VAUGHAN MC STATION,0,0,S,YU
21:15:00,Saturday,DAVISVILLE STATION,9,15,S,YU
21:18:00,Saturday,COXWELL STATION,0,0,W,BD
21:34:00,Saturday,DOWNSVIEW PARK STATION,6,11,N,YU
21:44:00,Saturday,OLD MILL STATION,0,0,W,BD
21:45:00,Saturday,SHEPPARD STATION,0,0,S,YU
21:54:00,Saturday,SPADINA BD STATION,0,0,W,BD
21:56:00,Saturday,DUNDAS STATION,0,0,N,YU
22:06:00,Saturday,WELLESLEY STATION,0,0,S,YU
22:14:00,Saturday,COXWELL STATION,3,9,E,BD
22:22:00,Saturday,VAUGHAN MC STATION,3,11,S,YU
22:36:00,Saturday,DAVISVILLE STATION,5,10,S,YU
23:14:00,Saturday,ST CLAIR STATION,7,14,N,YU
23:16:00,Saturday,WILSON STATION,0,0,S,YU
23:54:00,Saturday,KEELE STATION,17,23,W,BD
01:23:00,Saturday,SHEPPARD STATION,0,0,N,YU
01:50:00,Saturday,CASTLE FRANK STATION,18,24,W,BD
10:09:00,Saturday,SHEPPARD-YONGE STATION,5,12,E,SHP
16:54:00,Saturday,SHEPPARD-YONGE STATION,4,11,E,SHP
07:41:00,Sunday,WILSON YARD,4,0,S,YU
08:10:00,Sunday,KEELE STATION,5,10,W,BD
08:21:00,Sunday,UNION STATION,3,0,N,YU
08:40:00,Sunday,OSGOODE STATION,0,0,S,YU
09:13:00,Sunday,UNION - KING,3,9,N,YU
09:45:00,Sunday,ST CLAIR WEST STATION,7,0,N,YU
10:53:00,Sunday,LAWRENCE WEST STATION,10,14,N,YU
11:15:00,Sunday,VAUGHAN MC STATION,0,0,S,YU
11:34:00,Sunday,WILSON STATION,4,8,S,YU
11:51:00,Sunday,VAUGHAN MC STATION,0,0,S,YU
13:21:00,Sunday,LAWRENCE STATION,5,9,N,YU
13:22:00,Sunday,EGLINTON STATION,5,9,S,YU
13:37:00,Sunday,VAUGHAN MC STATION,0,0,S,YU
14:26:00,Sunday,SUMMERHILL STATION,16,20,N,YU
14:27:00,Sunday,ISLINGTON STATION,0,0,E,BD
14:46:00,Sunday,BLOOR STATION,0,0,S,YU
14:59:00,Sunday,KENNEDY BD STATION,9,11,W,BD
16:05:00,Sunday,COXWELL STATION,3,7,E,BD
16:27:00,Sunday,WILSON STATION,7,11,N,YU
17:00:00,Sunday,BLOOR STATION,0,0,S,YU
17:36:00,Sunday,ST PATRICK STATION,0,0,S,YU
18:00:00,Sunday,VAUGHAN MC STATION,0,0,S,YU
18:26:00,Sunday,ROSEDALE STATION,14,18,N,YU
18:33:00,Sunday,GLENCAIRN STATION,0,0,S,YU
18:49:00,Sunday,ST CLAIR STATION,0,0,N,YU
19:55:00,Sunday,KEELE STATION,0,0,W,BD
20:00:00,Sunday,BLOOR STATION,0,0,S,YU
20:05:00,Sunday,BLOOR STATION,0,0,S,YU
20:15:00,Sunday,BATHURST STATION,0,0,W,BD
20:24:00,Sunday,COLLEGE STATION,0,0,N,YU
20:30:00,Sunday,YORKDALE STATION,0,0,N,YU
21:48:00,Sunday,KENNEDY BD STATION,3,9,W,BD
21:51:00,Sunday,DONLANDS STATION,0,0,W,BD
22:06:00,Sunday,CHRISTIE STATION,10,16,W,BD
22:14:00,Sunday,WILSON STATION,6,12,S,YU
22:27:00,Sunday,LAWRENCE STATION,4,10,N,YU
22:36:00,Sunday,EGLINTON STAION,10,16,N,YU
22:56:00,Sunday,FINCH STATION,15,21,S,YU
23:12:00,Sunday,FINCH WEST STATION,0,0,S,YU
00:27:00,Sunday,LAWRENCE WEST STATION,6,12,S,YU
09:54:00,Sunday,BESSARION STATION,3,10,E,SHP
22:10:00,Sunday,SHEPPARD-YONGE STATION,15,22,W,SHP
22:23:00,Sunday,SHEPPARD-YONGE STATION,15,22,W,SHP
06:01:00,Monday,ST GEORGE YUS STATION,7,0,S,YU
06:02:00,Monday,UNION STATION,15,0,N,YU
06:05:00,Monday,YONGE BD STATION,4,0,E,BD
06:14:00,Monday,CASTLE FRANK STATION,4,11,E,BD
06:20:00,Monday,SHEPPARD WEST STATION,6,12,N,YU
06:21:00,Monday,CASTLE FRANK STATION,0,0,E,BD
06:23:00,Monday,CASTLE FRANK STATION,0,0,E,BD
06:36:00,Monday,CASTLE FRANK STATION,0,0,E,BD
06:41:00,Monday,CASTLE FRANK STATION,0,0,E,BD
06:53:00,Monday,BROADVIEW STATION,5,10,E,BD
07:01:00,Monday,BROADVIEW AND ST GEORG,716,719,E,BD
07:01:00,Monday,BROADVIEW AND ST GEORG,0,0,E,BD
07:08:00,Monday,SPADINA YUS STATION,10,13,N,YU
07:11:00,Monday,WILSON STATION,3,6,S,YU
07:15:00,Monday,NORTH YORK CTR STATION,0,0,S,YU
07:24:00,Monday,SHEPPARD STATION,6,9,S,YU
07:27:00,Monday,CHESTER STATION,0,0,E,BD
07:33:00,Monday,YORK MILLS STATION,7,10,S,YU
07:39:00,Monday,PAPE STATION,0,0,E,BD
07:43:00,Monday,DUNDAS STATION,0,0,N,YU
07:48:00,Monday,ST CLAIR STATION,5,8,S,YU
08:08:00,Monday,VAUGHAN MC STATION,3,6,S,YU
08:25:00,Monday,OLD MILL STATION,4,7,E,BD
08:49:00,Monday,DUNDAS STATION,6,9,S,YU
09:04:00,Monday,VAUGHAN MC STATION,0,0,S,YU
09:35:00,Monday,CHRISTIE STATION,3,6,E,BD
09:49:00,Monday,DUNDAS WEST STATION,0,0,E,BD
11:42:00,Monday,ST PATRICK STATION,4,9,N,YU
12:12:00,Monday,COLLEGE STATION,0,0,N,YU
13:25:00,Monday,KEELE STATION,4,8,E,BD
13:38:00,Monday,BAY STATION,0,0,E,BD
13:51:00,Monday,RUNNYMEDE STATION,10,14,E,BD
13:57:00,Monday,OSSINGTON STATION,11,15,E,BD
14:26:00,Monday,WILSON SOUTH HOSTLER,3,8,S,YU
14:49:00,Monday,CHESTER STATION,10,15,E,BD
15:05:00,Monday,VAUGHAN MC STATION,0,0,S,YU
15:11:00,Monday,VICTORIA PARK STATION,0,0,W,BD
15:21:00,Monday,ISLINGTON STATION,0,0,W,BD
15:36:00,Monday,ST PATRICK STATION,0,0,N,YU
15:52:00,Monday,VAUGHAN MC STATION,0,0,S,YU
16:02:00,Monday,EGLINTON WEST STATION,4,7,N,YU
16:05:00,Monday,BLOOR STATION,4,7,N,YU
16:17:00,Monday,DAVISVILLE YARD,0,0,S,YU
16:27:00,Monday,DAVISVILLE YARD,3,6,S,YU
16:58:00,Monday,COLLEGE STATION,7,10,N,YU
16:58:00,Monday,DUNDAS STATION,0,0,S,YU
17:20:00,Monday,DUFFERIN STATION,0,0,W,BD
17:32:00,Monday,BLOOR STATION,7,10,S,YU
17:36:00,Monday,BROADVIEW STATION,3,6,E,BD
18:14:00,Monday,ST PATRICK STATION,5,8,N,YU
18:31:00,Monday,SPADINA YUS STATION,10,13,N,YU
18:45:00,Monday,DUPONT STATION,0,0,S,YU
18:50:00,Monday,COLLEGE STATION,4,7,N,YU
18:55:00,Monday,COLLEGE STATION,0,0,N,YU
19:04:00,Monday,FINCH STATION,19,22,N,YU
20:21:00,Monday,ISLINGTON STATION,0,0,W,BD
20:25:00,Monday,HIGH PARK STATION,0,0,W,BD
20:37:00,Monday,COXWELL STATION,10,15,E,BD
23:42:00,Monday,BLOOR STATION,0,0,S,YU
01:21:00,Monday,SHEPPARD STATION,0,0,N,YU
01:42:00,Monday,SHEPPARD WEST STATION,0,0,S,YU
06:24:00,Tuesday,GREENWOOD STATION,5,7,E,BD
07:22:00,Tuesday,UNION STATION,0,0,N,YU
07:26:00,Tuesday,YORK MILLS STATION,6,9,S,YU
07:49:00,Tuesday,WOODBINE STATION,0,0,W,BD
08:12:00,Tuesday,BLOOR STATION,0,0,S,YU
08:17:00,Tuesday,ROYAL YORK STATION,0,0,E,BD
08:37:00,Tuesday,KENNEDY BD STATION,3,5,E,BD
08:43:00,Tuesday,DUNDAS STATION,0,0,N,YU
08:48:00,Tuesday,DUNDAS STATION,0,0,S,YU
08:51:00,Tuesday,VAUGHAN MC STATION,0,0,S,YU
09:36:00,Tuesday,OLD MILL STATION,0,0,W,BD
10:01:00,Tuesday,YORKDALE STATION,12,15,N,YU
10:07:00,Tuesday,WARDEN STATION,10,14,W,BD
10:39:00,Tuesday,ST GEORGE YUS STATION,0,0,N,YU
11:14:00,Tuesday,VAUGHAN MC STATION,5,10,S,YU
11:24:00,Tuesday,DAVISVILLE STATION,7,11,S,YU
12:10:00,Tuesday,COXWELL STATION,0,0,E,BD
12:50:00,Tuesday,MUSEUM STATION,0,0,N,YU
12:50:00,Tuesday,YONGE BD STATION,0,0,W,BD
13:15:00,Tuesday,FINCH WEST STATION,3,8,S,YU
13:57:00,Tuesday,YONGE BD STATION,18,21,W,BD
14:03:00,Tuesday,COLLEGE STATION,3,8,N,YU
14:10:00,Tuesday,MAIN STREET STATION,5,8,W,BD
14:33:00,Tuesday,ROYAL YORK STATION,0,0,E,BD
14:34:00,Tuesday,ST GEORGE BD STATION,4,8,W,BD
14:36:00,Tuesday,YORK MILLS STATION,4,9,N,YU
15:05:00,Tuesday,KIPLING STATION,4,8,W,BD
15:42:00,Tuesday,KENNEDY BD STATION,0,0,W,BD
16:21:00,Tuesday,COLLEGE STATION,0,0,N,YU
16:33:00,Tuesday,ST CLAIR WEST STATION,5,8,S,YU
16:46:00,Tuesday,PAPE STATION,0,0,E,BD
17:09:00,Tuesday,LAWRENCE WEST STATION,0,0,N,YU
17:26:00,Tuesday,BLOOR STATION,0,0,S,YU
17:43:00,Tuesday,COXWELL STATION,0,0,E,BD
17:54:00,Tuesday,COLLEGE STATION,4,7,N,YU
18:21:00,Tuesday,KENNEDY BD STATION,3,6,E,BD
18:26:00,Tuesday,SPADINA YUS STATION,17,20,N,YU
18:47:00,Tuesday,KENNEDY BD STATION,9,12,W,BD
19:02:00,Tuesday,PAPE STATION,7,10,E,BD
19:02:00,Tuesday,NORTH YORK CTR STATION,14,17,S,YU
21:52:00,Tuesday,NORTH YORK CTR STATION,0,0,S,YU
22:35:00,Tuesday,OSSINGTON STATION,3,8,W,BD
22:39:00,Tuesday,YONGE BD STATION,0,0,E,BD
22:44:00,Tuesday,DAVISVILLE STATION,0,0,N,YU
22:51:00,Tuesday,BLOOR STATION,0,0,N,YU
22:54:00,Tuesday,COXWELL STATION,3,8,E,BD
00:00:00,Tuesday,WELLESLEY STATION,0,0,N,YU
00:12:00,Tuesday,KENNEDY BD STATION,4,9,W,BD
00:24:00,Tuesday,DUNDAS STATION,0,0,N,YU
01:04:00,Tuesday,VAUGHAN MC STATION,0,0,S,YU
01:31:00,Tuesday,SUMMERHILL STATION,6,11,N,YU
15:56:00,Tuesday,SHEPPARD-YONGE STATION,3,10,E,SHP
16:09:00,Tuesday,SHEPPARD-YONGE STATION,0,0,W,SHP
16:17:00,Tuesday,SHEPPARD-YONGE STATION,0,0,W,SHP
16:55:00,Tuesday,SHEPPARD-YONGE STATION,3,10,E,SHP
20:49:00,Tuesday,DON MILLS STATION,7,14,W,SHP
05:38:00,Wednesday,EGLINTON STATION,3,6,N,YU
05:38:00,Wednesday,YORK MILLS STATION,8,0,N,YU
05:54:00,Wednesday,YONGE BD STATION,0,0,W,BD
05:57:00,Wednesday,LAWRENCE WEST STATION,0,0,S,YU
06:01:00,Wednesday,UNION STATION,3,0,N,YU
06:02:00,Wednesday,SPADINA BD STATION,0,0,W,BD
06:13:00,Wednesday,ST GEORGE YUS STATION,0,0,S,YU
06:20:00,Wednesday,DAVISVILLE STATION,0,0,S,YU
06:40:00,Wednesday,LAWRENCE WEST STATION,3,6,S,YU
06:44:00,Wednesday,DUPONT STATION,0,0,S,YU
07:05:00,Wednesday,DUFFERIN STATION,4,6,W,BD
07:16:00,Wednesday,DAVISVILLE YARD,0,0,S,YU
07:32:00,Wednesday,LAWRENCE WEST STATION,0,0,N,YU
07:42:00,Wednesday,WELLESLEY STATION,0,0,S,YU
07:45:00,Wednesday,ISLINGTON STATION,0,0,E,BD
07:56:00,Wednesday,MUSEUM STATION,0,0,N,YU
08:10:00,Wednesday,FINCH STATION,3,6,S,YU
08:29:00,Wednesday,YORKDALE STATION,3,6,S,YU
08:49:00,Wednesday,EGLINTON WEST STATION,4,7,S,YU
08:49:00,Wednesday,KENNEDY BD STATION,3,5,W,BD
08:54:00,Wednesday,ROSEDALE STATION,4,7,S,YU
09:16:00,Wednesday,ST ANDREW STATION,4,7,S,YU
09:21:00,Wednesday,UNION STATION,7,10,N,YU
09:37:00,Wednesday,COLLEGE STATION,0,0,S,YU
09:48:00,Wednesday,ISLINGTON STATION,0,0,W,BD
09:52:00,Wednesday,KIPLING STATION,4,8,E,BD
10:24:00,Wednesday,YONGE BD STATION,0,0,E,BD
10:39:00,Wednesday,COXWELL STATION,5,9,E,BD
10:44:00,Wednesday,GLENCAIRN STATION,4,7,N,YU
10:47:00,Wednesday,WARDEN STATION,4,8,W,BD
11:43:00,Wednesday,ST ANDREW STATION,3,8,S,YU
11:52:00,Wednesday,SUMMERHILL STATION,3,7,N,YU
12:19:00,Wednesday,KENNEDY BD STATION,4,8,W,BD
12:19:00,Wednesday,SHEPPARD STATION,3,8,N,YU
12:40:00,Wednesday,BLOOR STATION,4,9,N,YU
12:58:00,Wednesday,BLOOR STATION,0,0,N,YU
13:04:00,Wednesday,ISLINGTON STATION,0,0,E,BD
13:25:00,Wednesday,KIPLING STATION,4,8,E,BD
13:30:00,Wednesday,WILSON STATION,7,12,N,YU
13:59:00,Wednesday,YONGE BD STATION,0,0,W,BD
14:07:00,Wednesday,YONGE BD STATION,0,0,W,BD
14:14:00,Wednesday,UNION STATION,0,0,S,YU
14:25:00,Wednesday,ROSEDALE STATION,3,8,N,YU
14:57:00,Wednesday,DUPONT STATION,0,0,N,YU
15:02:00,Wednesday,YONGE BD STATION,0,0,E,BD
15:31:00,Wednesday,ISLINGTON STATION,10,13,E,BD
16:14:00,Wednesday,ROSEDALE STATION,0,0,N,YU
16:38:00,Wednesday,VAUGHAN MC STATION,0,0,S,YU
17:17:00,Wednesday,BLOOR STATION,7,10,S,YU
18:42:00,Wednesday,WOODBINE STATION,0,0,W,BD
18:52:00,Wednesday,ST CLAIR WEST STATION,7,10,S,YU
19:05:00,Wednesday,SHERBOURNE STATION,15,18,E,BD
19:17:00,Wednesday,ST ANDREW STATION,19,24,S,YU
19:23:00,Wednesday,DUPONT STATION,5,8,S,YU
19:57:00,Wednesday,UNION STATION,3,8,N,YU
20:17:00,Wednesday,KENNEDY STATION,6,11,W,BD
20:28:00,Wednesday,WARDEN STATION,5,10,E,BD
21:13:00,Wednesday,SHERBOURNE STATION,6,12,W,BD
22:08:00,Wednesday,EGLINTON WEST STATION,10,15,N,YU
22:37:00,Wednesday,DUNDAS STATION,8,13,S,YU
23:30:00,Wednesday,DUNDAS STATION,5,10,N,YU
23:39:00,Wednesday,GREENWOOD STATION,0,0,W,BD
01:27:00,Wednesday,KENNEDY BD STATION,0,0,W,BD
01:47:00,Wednesday,DUFFERIN STATION,7,0,E,BD
05:46:00,Wednesday,DON MILLS STATION,0,0,W,SHP
02:43:00,Thursday,VAUGHAN MC STATION,0,0,S,YU
03:44:00,Thursday,KEELE STATION,0,0,E,BD
05:50:00,Thursday,KEELE STATION,6,9,W,BD
06:27:00,Thursday,VAUGHAN MC STATION,0,0,S,YU
08:25:00,Thursday,ROSEDALE STATION,0,0,N,YU
08:49:00,Thursday,LAWRENCE WEST STATION,4,7,N,YU
08:54:00,Thursday,ISLINGTON STATION,0,0,W,BD
09:34:00,Thursday,VAUGHAN MC STATION,0,0,N,YU
09:45:00,Thursday,DUNDAS STATION,0,0,S,YU
09:54:00,Thursday,UNION STATION,0,0,N,YU
10:55:00,Thursday,PIONEER VILLAGE STATIO,0,0,S,YU
11:25:00,Thursday,SPADINA BD STATION,3,7,W,BD
11:25:00,Thursday,ST GEORGE YUS STATION,3,8,N,YU
11:46:00,Thursday,FINCH WEST STATION,3,8,N,YU
12:02:00,Thursday,UNION STATION,0,0,N,YU
12:13:00,Thursday,KIPLING STATION,3,7,E,BD
12:22:00,Thursday,ST CLAIR STATION,0,0,N,YU
13:05:00,Thursday,CHRISTIE STATION,3,7,E,BD
13:05:00,Thursday,VAUGHAN MC STATION,0,0,S,YU
13:12:00,Thursday,DAVISVILLE STATION,15,20,S,YU
13:17:00,Thursday,COLLEGE STATION,0,0,S,YU
13:30:00,Thursday,PAPE STATION,0,0,W,BD
13:44:00,Thursday,DUNDAS WEST STATION,4,8,W,BD
14:05:00,Thursday,KEELE STATION,3,7,E,BD
14:10:00,Thursday,PAPE STATION,10,14,E,BD
14:13:00,Thursday,QUEEN STATION,22,27,S,YU
14:28:00,Thursday,EGLINTON STATION,0,0,N,YU
15:00:00,Thursday,DUPONT STATION,0,0,S,YU
15:07:00,Thursday,EGLINTON STATION,3,8,S,YU
15:10:00,Thursday,BLOOR STATION,0,0,N,YU
15:14:00,Thursday,KING STATION,0,0,N,YU
15:17:00,Thursday,YONGE BD STATION,5,9,W,BD
15:19:00,Thursday,YORK MILLS STATION,0,0,N,YU
15:21:00,Thursday,BLOOR STATION,10,15,S,YU
15:37:00,Thursday,EGLINTON STATION,7,12,N,YU
15:47:00,Thursday,ROYAL YORK STATION,0,0,W,BD
16:36:00,Thursday,SPADINA BD STATION,3,6,E,BD
16:51:00,Thursday,BROADVIEW CENTRE TRACK,0,0,W,BD
17:09:00,Thursday,WELLESLEY STATION,0,0,N,YU
17:44:00,Thursday,VAUGHAN MC STATION,0,0,S,YU
17:46:00,Thursday,HIGHWAY 407 STATION,5,8,S,YU
19:00:00,Thursday,WARDEN STATION,0,0,W,BD
19:09:00,Thursday,DAVISVILLE STATION,0,0,N,YU
19:27:00,Thursday,WELLESLEY STATION,15,20,N,YU
19:51:00,Thursday,SHERBOURNE STATION,24,29,W,BD
20:14:00,Thursday,ST PATRICK STATION,0,0,N,YU
21:21:00,Thursday,JANE STATION,0,0,W,BD
22:43:00,Thursday,BATHURST STATION,6,11,E,BD
22:47:00,Thursday,LANSDOWNE STATION,12,17,E,BD
23:16:00,Thursday,SHERBOURNE STATION,3,8,W,BD
01:37:00,Thursday,DUNDAS STATION,5,10,N,YU
13:13:00,Thursday,SHEPPARD-YONGE STATION,16,23,E,SHP
22:55:00,Thursday,DON MILLS STATION,3,10,W,SHP
02:18:00,Friday,JANE STATION,0,0,E,BD
06:25:00,Friday,KING STATION,0,0,N,YU
06:31:00,Friday,KEELE STATION,0,0,W,BD
07:16:00,Friday,ST PATRICK STATION,4,7,S,YU
07:22:00,Friday,EGLINTON STATION,5,8,N,YU
07:55:00,Friday,YONGE BD STATION,0,0,E,BD
08:46:00,Friday,ISLINGTON STATION,0,0,W,BD
09:35:00,Friday,SUMMERHILL STATION,5,8,N,YU
09:43:00,Friday,SUMMERHILL STATION,5,8,N,YU
09:54:00,Friday,MAIN STREET STATION,0,0,W,BD
11:14:00,Friday,KING STATION,0,0,N,YU
13:17:00,Friday,QUEEN'S PARK STATION,3,8,N,YU
13:30:00,Friday,OLD MILL STATION,12,16,E,BD
13:31:00,Friday,VAUGHAN MC STATION,0,0,S,YU
14:11:00,Friday,SPADINA BD STATION,0,0,W,BD
14:13:00,Friday,SPADINA YUS STATION,0,0,S,YU
14:17:00,Friday,ST GEORGE BD STATION,0,0,E,BD
14:34:00,Friday,KEELE STATION,0,0,W,BD
15:09:00,Friday,QUEEN'S PARK STATION,4,9,S,YU
15:34:00,Friday,KEELE STATION,3,7,E,BD
15:44:00,Friday,YORK MILLS STATION,4,9,N,YU
15:47:00,Friday,BLOOR STATION,3,8,S,YU
16:06:00,Friday,VAUGHAN MC STATION,0,0,S,YU
16:11:00,Friday,COXWELL STATION,0,0,W,BD
16:29:00,Friday,HIGH PARK STATION,0,0,W,BD
18:07:00,Friday,YONGE BD STATION,0,0,W,BD
18:07:00,Friday,BLOOR STATION,7,10,S,YU
18:22:00,Friday,WILSON STATION,3,6,N,YU
18:59:00,Friday,VAUGHAN MC STATION,0,0,S,YU
19:10:00,Friday,WILSON STATION,3,6,N,YU
19:27:00,Friday,VAUGHAN MC STATION,5,9,S,YU
20:49:00,Friday,QUEEN STATION,10,15,N,YU
21:10:00,Friday,WILSON STATION,3,8,N,YU
21:42:00,Friday,WILSON STATION,5,10,N,YU
22:30:00,Friday,DUNDAS WEST STATION,32,37,W,BD
22:46:00,Friday,ST PATRICK STATION,0,0,S,YU
22:50:00,Friday,KIPLING STATION,17,22,W,BD
23:09:00,Friday,COLLEGE STATION,0,0,N,YU
23:52:00,Friday,BAY STATION,29,34,E,BD
00:04:00,Friday,WILSON STATION,6,12,N,YU
00:37:00,Friday,WILSON STATION,5,11,N,YU
19:29:00,Friday,LESLIE STATION,0,0,W,SHP
05:54:00,Saturday,DONLANDS STATION,7,0,W,BD
06:47:00,Saturday,WILSON STATION,7,0,N,YU
09:40:00,Saturday,ST PATRICK STATION,6,11,N,YU
09:50:00,Saturday,WILSON STATION,4,10,S,YU
09:50:00,Saturday,VAUGHAN MC STATION,0,0,S,YU
10:13:00,Saturday,VAUGHAN MC STATION,0,0,S,YU
10:43:00,Saturday,DAVISVILLE STATION,4,8,N,YU
10:55:00,Saturday,NORTH YORK CTR STATION,0,0,S,YU
11:22:00,Saturday,VICTORIA PARK STATION,0,0,E,BD
11:57:00,Saturday,ST GEORGE BD STATION,12,16,E,BD
12:00:00,Saturday,ST GEORGE YUS STATION,0,0,N,YU
12:15:00,Saturday,DAVISVILLE STATION,6,10,N,YU
12:51:00,Saturday,SHEPPARD STATION,0,0,N,YU
12:53:00,Saturday,MAIN STREET STATION,5,9,E,BD
13:28:00,Saturday,DUFFERIN STATION,3,7,W,BD
13:31:00,Saturday,DUNDAS WEST STATION,0,0,E,BD
13:48:00,Saturday,ST CLAIR STATION,0,0,N,YU
14:03:00,Saturday,OSSINGTON STATION,19,23,W,BD
14:29:00,Saturday,SHEPPARD WEST STATION,20,24,N,YU
14:43:00,Saturday,ST GEORGE YUS STATION,0,0,N,YU
15:03:00,Saturday,SPADINA BD STATION,3,7,W,BD
15:27:00,Saturday,BAY LOWER,53,57,S,YU
15:28:00,Saturday,WELLESLEY STATION,0,0,N,YU
16:25:00,Saturday,VAUGHAN MC STATION,0,0,S,YU
16:30:00,Saturday,PAPE STATION,0,0,E,BD
16:36:00,Saturday,EGLINTON WEST STATION,4,8,N,YU
16:42:00,Saturday,DUFFERIN STATION,4,8,W,YU
16:46:00,Saturday,DOWNSVIEW PARK STATION,3,7,S,YU
17:04:00,Saturday,VAUGHAN MC STATION,4,8,S,YU
18:11:00,Saturday,MUSEUM STATION,0,0,S,YU
19:13:00,Saturday,FINCH WEST STATION,6,10,N,YU
19:31:00,Saturday,KEELE STATION,0,0,W,BD
20:33:00,Saturday,BATHURST STATION,0,0,E,BD
20:36:00,Saturday,HIGH PARK STATION,0,0,W,BD
20:55:00,Saturday,BROADVIEW STATION,6,11,E,BD
21:20:00,Saturday,DUNDAS STATION,0,0,S,YU
21:25:00,Saturday,DUNDAS WEST STATION,3,8,W,BD
21:49:00,Saturday,ST CLAIR STATION,17,22,N,YU
22:44:00,Saturday,YONGE BD STATION,18,24,E,BD
22:46:00,Saturday,BLOOR STATION,0,0,S,YU
23:03:00,Saturday,ROSEDALE STATION,0,0,N,YU
23:14:00,Saturday,KENNEDY BD STATION,12,18,W,BD
23:52:00,Saturday,BATHURST STATION,0,0,W,BD
00:15:00,Saturday,SPADINA YUS STATION,0,0,N,YU
00:24:00,Saturday,KENNEDY BD STATION,6,12,W,BD
01:25:00,Saturday,COLLEGE STATION,12,17,N,YU
16:09:00,Saturday,BUCHAN ESB,0,0,E,SHP
23:02:00,Saturday,LESLIE STATION,0,0,W,SHP
08:31:00,Sunday,BLOOR STATION,18,0,N,YU
09:17:00,Sunday,VAUGHAN MC STATION,0,0,S,YU
11:03:00,Sunday,KIPLING STATION,5,10,E,BD
12:03:00,Sunday,VAUGHAN MC STATION,0,0,N,YU
12:03:00,Sunday,MAIN STREET STATION,0,0,W,BD
13:48:00,Sunday,LAWRENCE WEST STATION,0,0,S,YU
14:51:00,Sunday,ST GEORGE YUS STATION,7,11,N,YU
15:09:00,Sunday,BLOOR STATION,0,0,N,YU
16:01:00,Sunday,DONLANDS STATION,5,9,E,BD
16:29:00,Sunday,KEELE STATION,0,0,W,BD
16:29:00,Sunday,DUPONT STATION,0,0,N,YU
17:19:00,Sunday,WELLESLEY STATION,4,8,S,YU
17:50:00,Sunday,BROADVIEW STATION,0,0,E,BD
18:26:00,Sunday,QUEEN'S PARK STATION,4,8,S,YU
18:50:00,Sunday,SUMMERHILL STATION,18,22,N,YU
18:52:00,Sunday,DUNDAS STATION,0,0,S,YU
19:50:00,Sunday,QUEEN STATION,0,0,S,YU
20:19:00,Sunday,VAUGHAN MC STATION,3,9,S,YU
20:52:00,Sunday,ST CLAIR STATION,7,13,S,YU
20:58:00,Sunday,EGLINTON STATION,0,0,S,YU
21:14:00,Sunday,DUNDAS STATION,0,0,N,YU
22:43:00,Sunday,ST GEORGE YUS STATION,17,22,N,YU
22:46:00,Sunday,OLD MILL STATION,10,16,E,BD
22:58:00,Sunday,LAWRENCE STATION,4,9,N,YU
23:00:00,Sunday,SPADINA YUS STATION,7,13,N,YU
23:43:00,Sunday,ST CLAIR WEST STATION,7,11,N,YU
00:34:00,Sunday,BATHURST STATION,0,0,E,BD
01:05:00,Sunday,ST GEORGE BD STATION,0,0,W,BD
01:30:00,Sunday,ST GEORGE YUS STATION,3,9,N,YU
01:53:00,Sunday,VAUGHAN MC STATION,0,0,S,YU
09:26:00,Sunday,BAYVIEW STATION,0,0,W,SHP
06:27:00,Monday,SHEPPARD STATION,9,0,N,YU
11:11:00,Monday,ROYAL YORK STATION,0,0,W,BD
12:29:00,Monday,LAWRENCE STATION,0,0,N,YU
12:31:00,Monday,UNION STATION,4,8,N,YU
14:04:00,Monday,SHEPPARD WEST STATION,5,9,S,YU
14:08:00,Monday,COLLEGE STATION,12,16,S,YU
16:13:00,Monday,ISLINGTON STATION,4,8,E,BD
16:20:00,Monday,FINCH STATION,4,8,S,YU
16:37:00,Monday,QUEEN STATION,0,0,N,YU
17:34:00,Monday,DUFFERIN STATION,17,21,E,BD
17:40:00,Monday,BROADVIEW STATION,0,0,W,BD
17:57:00,Monday,SHEPPARD WEST STATION,4,8,S,YU
18:03:00,Monday,SHEPPARD WEST STATION,0,0,S,YU
18:19:00,Monday,WILSON STATION,0,0,S,YU
19:07:00,Monday,YORKDALE STATION,14,20,N,YU
19:12:00,Monday,SPADINA BD STATION,0,0,W,BD
19:14:00,Monday,SPADINA YUS STATION,0,0,S,YU
19:34:00,Monday,KING STATION,10,16,N,YU
19:53:00,Monday,SPADINA YUS STATION,3,9,S,YU
20:39:00,Monday,DUNDAS STATION,0,0,S,YU
21:02:00,Monday,EGLINTON STATION,0,0,N,YU
21:57:00,Monday,WOODBINE STATION,9,15,E,BD
22:26:00,Monday,CHRISTIE STATION,0,0,W,BD
23:45:00,Monday,ST GEORGE YUS STATION,0,0,N,YU
00:16:00,Monday,YONGE BD STATION,8,14,W,BD
00:16:00,Monday,OLD MILL STATION,5,11,E,BD
00:43:00,Monday,SHEPPARD WEST STATION,3,9,S,YU
01:06:00,Monday,KIPLING STATION,6,12,W,BD
01:43:00,Monday,EGLINTON WEST STATION,0,0,S,YU
05:55:00,Monday,DON MILLS STATION,8,15,W,SHP
02:08:00,Tuesday,DONLANDS STATION,3,9,E,BD
05:44:00,Tuesday,FINCH STATION,4,8,S,YU
06:05:00,Tuesday,VAUGHAN MC STATION,0,0,S,YU
06:09:00,Tuesday,HIGHWAY 407 STATION,3,6,S,YU
06:21:00,Tuesday,FINCH WEST STATION,0,0,S,YU
06:21:00,Tuesday,KIPLING STATION,4,7,W,BD
06:26:00,Tuesday,ISLINGTON STATION,0,0,W,BD
06:54:00,Tuesday,YORKDALE STATION,12,16,S,YU
07:46:00,Tuesday,GREENWOOD STATION,3,5,W,BD
07:47:00,Tuesday,VAUGHAN MC STATION,0,0,S,YU
08:02:00,Tuesday,CHESTER STATION,0,0,E,BD
08:45:00,Tuesday,SPADINA BD STATION,20,22,W,BD
09:02:00,Tuesday,VAUGHAN MC STATION,0,0,S,YU
10:16:00,Tuesday,WELLESLEY STATION,0,0,S,YU
10:55:00,Tuesday,ST GEORGE YUS STATION,0,0,S,YU
11:57:00,Tuesday,MAIN STREET STATION,8,12,E,BD
13:18:00,Tuesday,BAY STATION,0,0,W,BD
14:12:00,Tuesday,FINCH STATION,5,10,S,YU
14:55:00,Tuesday,BROADVIEW STATION,6,10,W,BD
15:36:00,Tuesday,VAUGHAN MC STATION,0,0,S,YU
15:37:00,Tuesday,QUEEN STATION,0,0,N,YU
15:47:00,Tuesday,SHEPPARD WEST STATION,3,6,S,YU
15:58:00,Tuesday,ROYAL YORK STATION,3,6,E,BD
16:27:00,Tuesday,BAY STATION,0,0,W,BD
16:33:00,Tuesday,WILSON STATION,3,6,S,YU
16:37:00,Tuesday,DUNDAS STATION,6,9,N,YU
16:42:00,Tuesday,MAIN STREET STATION,6,9,W,BD
16:52:00,Tuesday,OSSINGTON STATION,4,7,W,BD
18:02:00,Tuesday,BLOOR STATION,0,0,S,YU
18:08:00,Tuesday,BLOOR STATION,0,0,N,YU
19:03:00,Tuesday,LAWRENCE WEST STATION,11,14,S,YU
20:01:00,Tuesday,ST GEORGE YUS STATION,0,0,N,YU
20:09:00,Tuesday,COLLEGE STATION,0,0,S,YU
20:21:00,Tuesday,DAVISVILLE STATION,0,0,S,YU
20:22:00,Tuesday,BAY STATION,3,8,E,BD
21:29:00,Tuesday,DUNDAS STATION,0,0,S,YU
23:39:00,Tuesday,UNION STATION,10,15,S,YU
01:46:00,Tuesday,GREENWOOD STATION,3,8,W,BD
11:40:00,Tuesday,LESLIE STATION,0,0,W,SHP
19:45:00,Tuesday,DON MILLS STATION,0,0,E,SHP
20:25:00,Tuesday,BAYVIEW STATION,3,10,E,SHP
06:08:00,Wednesday,YORKDALE STATION,0,0,S,YU
07:22:00,Wednesday,SUMMERHILL STATION,5,8,S,YU
07:28:00,Wednesday,ROSEDALE STATION,4,7,S,YU
07:42:00,Wednesday,ST GEORGE YUS STATION,7,10,N,YU
07:43:00,Wednesday,LAWRENCE STATION,5,8,N,YU
08:18:00,Wednesday,FINCH STATION,3,6,S,YU
08:21:00,Wednesday,VAUGHAN MC STATION,0,0,S,YU
08:38:00,Wednesday,DUNDAS STATION,5,8,S,YU
09:32:00,Wednesday,CASTLE FRANK STATION,0,0,E,BD
09:33:00,Wednesday,ST GEORGE YUS STATION,0,0,S,YU
10:09:00,Wednesday,DOWNSVIEW PARK STATION,3,7,N,YU
10:29:00,Wednesday,WELLESLEY STATION,0,0,N,YU
10:37:00,Wednesday,DAVISVILLE STATION,15,20,N,YU
10:42:00,Wednesday,DUNDAS WEST STATION,8,12,W,BD
10:58:00,Wednesday,FINCH WEST STATION,0,0,S,YU
11:25:00,Wednesday,WELLESLEY STATION,10,15,S,YU
13:12:00,Wednesday,SUMMERHILL STATION,7,12,S,YU
13:17:00,Wednesday,UNION STATION,11,16,S,YU
13:49:00,Wednesday,YORK MILLS STATION,50,55,N,YU
14:05:00,Wednesday,BROADVIEW STATION,0,0,E,BD
14:56:00,Wednesday,FINCH STATION,5,10,S,YU
15:30:00,Wednesday,KENNEDY STATION,4,8,W,BD
15:59:00,Wednesday,KEELE STATION,3,6,W,BD
16:30:00,Wednesday,YORKDALE STATION,7,12,N,YU
16:37:00,Wednesday,DUFFERIN STATION,0,0,W,BD
17:00:00,Wednesday,DUNDAS WEST STATION,0,0,W,BD
17:35:00,Wednesday,QUEEN STATION,5,8,S,YU
17:55:00,Wednesday,VAUGHAN MC STATION,0,0,S,YU
18:11:00,Wednesday,UNION STATION,0,0,N,YU
19:25:00,Wednesday,MUSEUM STATION,4,7,N,YU
20:12:00,Wednesday,MUSEUM STATION,5,10,S,YU
20:34:00,Wednesday,QUEEN STATION,0,0,S,YU
20:36:00,Wednesday,MAIN STREET STATION,0,0,W,BD
21:23:00,Wednesday,WOODBINE STATION,18,23,E,BD
22:16:00,Wednesday,EGLINTON WEST STATION,6,11,N,YU
22:58:00,Wednesday,GREENWOOD STATION,0,0,W,BD
23:41:00,Wednesday,KEELE STATION,0,0,W,BD
00:08:00,Wednesday,ISLINGTON STATION,0,0,E,BD
00:41:00,Wednesday,KIPLING STATION,17,22,E,BD
00:42:00,Wednesday,ST CLAIR WEST STATION,0,0,S,YU
00:49:00,Wednesday,FINCH STATION,0,0,S,YU
01:38:00,Wednesday,EGLINTON STATION,3,9,N,YU
09:19:00,Wednesday,SHEPPARD-YONGE STATION,0,0,E,SHP
13:16:00,Wednesday,SHEPPARD-YONGE STATION,7,14,W,SHP
20:23:00,Wednesday,DON MILLS STATION,7,14,W,SHP
01:26:00,Wednesday,DON MILLS STATION,0,0,W,SHP
07:04:00,Thursday,DONLANDS STATION,0,0,W,BD
08:08:00,Thursday,ST CLAIR WEST STATION,19,22,S,YU
08:12:00,Thursday,KIPLING STATION,3,5,E,BD
08:20:00,Thursday,VAUGHAN MC STATION,0,0,S,YU
09:15:00,Thursday,SUMMERHILL STATION,70,73,N,YU
09:44:00,Thursday,BAY STATION,7,9,E,BD
10:00:00,Thursday,BLOOR STATION,5,8,N,YU
10:12:00,Thursday,COXWELL STATION,0,0,W,BD
10:42:00,Thursday,LAWRENCE STATION,0,0,N,YU
11:05:00,Thursday,MAIN STREET STATION,5,9,W,BD
11:38:00,Thursday,WOODBINE STATION,43,47,W,BD
13:16:00,Thursday,VAUGHAN MC STATION,0,0,S,YU
13:55:00,Thursday,KIPLING STATION,0,0,W,BD
14:23:00,Thursday,SPADINA BD STATION,0,0,W,BD
15:02:00,Thursday,KEELE STATION,0,0,W,BD
15:12:00,Thursday,FINCH STATION,5,10,S,YU
15:40:00,Thursday,ST GEORGE YUS STATION,4,9,N,YU
16:01:00,Thursday,EGLINTON WEST STATION,0,0,S,YU
16:38:00,Thursday,ST CLAIR WEST STATION,5,8,N,YU
16:45:00,Thursday,ST CLAIR WEST STATION,5,8,S,YU
16:48:00,Thursday,EGLINTON WEST STATION,4,7,N,YU
16:50:00,Thursday,KING STATION,4,7,S,YU
17:04:00,Thursday,CHESTER STATION,0,0,W,BD
17:25:00,Thursday,KEELE STATION,3,6,W,BD
17:25:00,Thursday,LANSDOWNE STATION,0,0,W,BD
18:39:00,Thursday,KENNEDY BD STATION,5,10,W,BD
18:50:00,Thursday,OSSINGTON STATION,7,10,E,BD
18:53:00,Thursday,BLOOR STATION,4,7,S,YU
19:02:00,Thursday,BATHURST STATION,0,0,E,BD
19:22:00,Thursday,KING STATION,0,0,N,YU
19:49:00,Thursday,WELLESLEY STATION,0,0,S,YU
19:52:00,Thursday,RUNNYMEDE STATION,13,18,E,BD
20:21:00,Thursday,QUEEN STATION,14,19,N,YU
20:58:00,Thursday,PAPE STATION,8,13,W,BD
21:25:00,Thursday,FINCH WEST STATION,0,0,S,YU
21:30:00,Thursday,WILSON STATION,0,0,N,YU
21:57:00,Thursday,ST CLAIR WEST STATION,0,0,N,YU
22:16:00,Thursday,BLOOR STATION,0,0,S,YU
22:28:00,Thursday,DUNDAS WEST STATION,5,10,W,BD
22:29:00,Thursday,YONGE BD STATION,0,0,W,BD
22:43:00,Thursday,MUSEUM STATION,14,19,N,YU
22:48:00,Thursday,OSGOODE STATION,15,21,S,YU
22:58:00,Thursday,WELLESLEY STATION,6,11,S,YU
23:10:00,Thursday,ST GEORGE YUS STATION,21,27,N,YU
23:15:00,Thursday,ST GEORGE BD STATION,0,0,W,BD
23:50:00,Thursday,YORKDALE STATION,0,0,S,YU
00:22:00,Thursday,KIPLING STATION,15,20,E,BD
00:44:00,Thursday,SHERBOURNE STATION,0,0,E,BD
01:08:00,Thursday,BLOOR STATION,0,0,N,YU
01:23:00,Thursday,FINCH STATION,4,0,S,YU
01:30:00,Thursday,VAUGHAN MC STATION,0,0,N,YU
01:40:00,Thursday,KEELE STATION,0,0,W,BD
10:18:00,Thursday,DON MILLS STATION,5,12,W,SHP
12:58:00,Thursday,BAYVIEW STATION,7,12,W,SHP
02:23:00,Friday,YORK MILLS STATION,0,0,N,YU
04:59:00,Friday,DAVISVILLE STATION,0,0,N,YU
05:50:00,Friday,KEELE STATION,6,9,W,BD
06:04:00,Friday,KING STATION,9,11,N,YU
06:12:00,Friday,SUMMERHILL STATION,0,0,N,YU
06:24:00,Friday,KING STATION,0,0,N,YU
06:29:00,Friday,DAVISVILLE STATION,3,6,S,YU
06:32:00,Friday,FINCH STATION,3,6,S,YU
06:36:00,Friday,DONLANDS STATION,0,0,E,BD
06:57:00,Friday,FINCH STATION,16,19,S,YU
07:00:00,Friday,JANE STATION,0,0,W,BD
07:12:00,Friday,COLLEGE STATION,0,0,S,YU
07:34:00,Friday,VAUGHAN MC STATION,3,6,N,YU
07:54:00,Friday,OLD MILL STATION,0,0,E,BD
08:07:00,Friday,VICTORIA PARK STATION,4,6,W,BD
08:36:00,Friday,DAVISVILLE STATION,3,6,N,YU
08:54:00,Friday,MUSEUM STATION,0,0,N,YU
09:09:00,Friday,GREENWOOD STATION,0,0,E,BD
09:30:00,Friday,ST GEORGE BD STATION,0,0,W,BD
10:20:00,Friday,ST CLAIR STATION,0,0,N,YU
10:26:00,Friday,DUNDAS STATION,30,35,N,YU
10:41:00,Friday,DAVISVILLE STATION,0,0,S,YU
10:57:00,Friday,DUNDAS STATION,0,0,S,YU
11:22:00,Friday,MAIN STREET STATION,8,12,W,BD
11:40:00,Friday,BATHURST STATION,3,7,E,BD
11:49:00,Friday,PAPE STATION,0,0,W,BD
12:45:00,Friday,PAPE STATION,0,0,W,BD
13:53:00,Friday,UNION STATION,5,10,N,YU
14:16:00,Friday,VICTORIA PARK STATION,7,11,E,BD
16:05:00,Friday,OLD MILL STATION,30,33,E,BD
16:41:00,Friday,SUMMERHILL STATION,5,8,S,YU
16:44:00,Friday,YORK MILLS STATION,5,8,S,YU
17:10:00,Friday,MAIN STREET STATION,7,10,E,BD
17:13:00,Friday,QUEEN STATION,5,8,S,YU
17:51:00,Friday,QUEEN STATION,0,0,S,YU
18:27:00,Friday,KIPLING STATION,0,0,W,BD
18:58:00,Friday,WELLESLEY STATION,0,0,W,YU
19:10:00,Friday,SPADINA YUS STATION,0,0,S,YU
19:32:00,Friday,BLOOR STATION,5,8,N,YU
20:12:00,Friday,KEELE STATION,0,0,W,BD
20:18:00,Friday,LAWRENCE STATION,0,0,N,YU
20:35:00,Friday,WARDEN STATION,26,31,W,BD
21:40:00,Friday,OLD MILL STATION,22,27,E,BD
22:04:00,Friday,EGLINTON WEST STATION,0,0,N,YU
22:37:00,Friday,LAWRENCE STATION,4,9,S,YU
22:59:00,Friday,DONLANDS STATION,0,0,W,BD
23:00:00,Friday,SHEPPARD STATION,18,23,N,YU
23:18:00,Friday,BLOOR STATION,0,0,S,YU
23:23:00,Friday,DUFFERIN STATION,0,0,W,BD
00:32:00,Friday,OSGOODE STATION,0,0,N,YU
11:58:00,Friday,BESSARION STATION,0,0,W,SHP
23:02:00,Friday,SHEPPARD-YONGE STATION,16,23,E,SHP
05:50:00,Saturday,DAVISVILLE BUILD UP,0,0,N,YU
05:54:00,Saturday,EGLINTON STATION,8,16,N,YU
06:00:00,Saturday,WOODBINE STATION,0,0,E,BD
06:34:00,Saturday,WILSON STATION,11,0,N,YU
06:45:00,Saturday,EGLINTON WEST STATION,0,0,N,YU
09:10:00,Saturday,GREENWOOD STATION,5,10,W,BD
09:23:00,Saturday,MUSEUM STATION,0,0,S,YU
09:40:00,Saturday,KIPLING STATION,0,0,W,BD
09:45:00,Saturday,SHEPPARD STATION,6,12,S,YU
09:53:00,Saturday,DUPONT STATION,3,9,N,YU
10:08:00,Saturday,QUEEN STATION,0,0,N,YU
10:08:00,Saturday,PIONEER VILLAGE STATIO,6,10,S,YU
10:40:00,Saturday,PIONEER VILLAGE STATIO,7,11,S,YU
11:25:00,Saturday,UNION STATION,18,22,N,YU
11:44:00,Saturday,PIONEER VILLAGE STATIO,0,0,N,YU
11:50:00,Saturday,BLOOR STATION,0,0,S,YU
11:57:00,Saturday,DUFFERIN STATION,0,0,W,BD
12:21:00,Saturday,YORK UNIVERSITY STATIO,0,0,S,YU
13:39:00,Saturday,PAPE STATION,0,0,W,BD
13:40:00,Saturday,WOODBINE STATION,0,0,W,BD
13:47:00,Saturday,QUEEN STATION,0,0,S,YU
14:15:00,Saturday,DUNDAS STATION,4,8,S,YU
14:55:00,Saturday,KIPLING STATION,0,0,E,BD
15:00:00,Saturday,UNION STATION,0,0,N,YU
15:21:00,Saturday,COXWELL STATION,5,10,E,BD
15:23:00,Saturday,DUNDAS STATION,5,9,S,YU
16:21:00,Saturday,BAY STATION,0,0,W,BD
17:00:00,Saturday,SHEPPARD STATION,0,0,N,YU
17:22:00,Saturday,SHEPPARD WEST STATION,0,0,S,YU
17:32:00,Saturday,ROSEDALE STATION,11,14,S,YU
17:42:00,Saturday,BROADVIEW STATION,0,0,E,BD
18:05:00,Saturday,BROADVIEW STATION,7,12,E,BD
18:10:00,Saturday,BROADVIEW STATION,7,12,E,BD
18:24:00,Saturday,CHESTER STATION,0,0,E,BD
18:38:00,Saturday,COLLEGE STATION,0,0,N,YU
19:54:00,Saturday,GLENCAIRN STATION,0,0,N,YU
20:11:00,Saturday,DUNDAS STATION,0,0,N,YU
20:23:00,Saturday,YORK UNIVERSITY STATIO,16,21,S,YU
20:30:00,Saturday,KIPLING STATION,5,10,E,BD
20:46:00,Saturday,OLD MILL STATION,5,10,W,BD
20:58:00,Saturday,ISLINGTON STATION,0,0,W,BD
21:16:00,Saturday,SUMMERHILL STATION,4,9,N,YU
21:40:00,Saturday,WILSON STATION,4,9,N,YU
21:44:00,Saturday,BLOOR STATION,0,0,N,YU
22:10:00,Saturday,DUFFERIN STATION,0,0,W,BD
22:20:00,Saturday,CASTLE FRANK STATION,10,16,W,BD
22:26:00,Saturday,CASTLE FRANK STATION,0,0,W,BD
00:27:00,Saturday,PAPE STATION,0,0,W,BD
00:50:00,Saturday,JANE STATION,0,0,W,BD
01:08:00,Saturday,ST GEORGE BD STATION,4,10,E,BD
01:23:00,Saturday,WOODBINE STATION,0,0,W,BD
01:48:00,Saturday,QUEEN STATION,17,0,S,YU
16:10:00,Saturday,LESLIE STATION,0,0,W,SHP
07:52:00,Sunday,HIGHWAY 407 STATION,4,0,S,YU
07:58:00,Sunday,PIONEER VILLAGE STATIO,7,0,S,YU
08:03:00,Sunday,BROADVIEW STATION,9,0,W,BD
08:05:00,Sunday,FINCH WEST STATION,0,0,S,YU
08:28:00,Sunday,BLOOR STATION,6,0,N,YU
08:30:00,Sunday,DUNDAS STATION,4,16,N,YU
08:45:00,Sunday,SHEPPARD WEST STATION,3,9,N,YU
09:14:00,Sunday,SPADINA YUS STATION,0,0,S,YU
09:16:00,Sunday,SPADINA BD STATION,0,0,W,BD
09:47:00,Sunday,ROSEDALE STATION,4,10,N,YU
09:58:00,Sunday,ROSEDALE STATION,0,0,N,YU
10:12:00,Sunday,WILSON STATION,0,0,N,YU
10:20:00,Sunday,ROSEDALE STATION,7,11,S,YU
11:30:00,Sunday,WILSON STATION,0,0,N,YU
11:37:00,Sunday,BLOOR STATION,6,10,N,YU
12:29:00,Sunday,WOODBINE STATION,0,0,E,BD
12:36:00,Sunday,PAPE STATION,0,0,E,BD
13:46:00,Sunday,YORKDALE STATION,0,0,S,YU
13:55:00,Sunday,DAVISVILLE STATION,6,10,N,YU
14:01:00,Sunday,QUEEN STATION,5,9,N,YU
14:14:00,Sunday,ROSEDALE STATION,4,8,N,YU
15:06:00,Sunday,VAUGHAN MC STATION,4,8,S,YU
16:10:00,Sunday,ST GEORGE YUS STATION,4,8,N,YU
16:19:00,Sunday,ROSEDALE STATION,11,15,N,YU
16:26:00,Sunday,ROSEDALE STATION,0,0,N,YU
18:41:00,Sunday,FINCH STATION,6,12,S,YU
19:10:00,Sunday,YONGE BD STATION,3,8,E,BD
19:24:00,Sunday,SHEPPARD WEST STATION,6,12,N,YU
20:10:00,Sunday,KING STATION,3,9,N,YU
20:42:00,Sunday,YORK MILLS STATION,8,13,S,YU
20:44:00,Sunday,EGLINTON STATION,5,10,S,YU
21:01:00,Sunday,KEELE STATION,11,16,W,BD
21:36:00,Sunday,SHEPPARD STATION,5,10,N,YU
21:54:00,Sunday,WOODBINE STATION,0,0,E,BD
22:15:00,Sunday,ST GEORGE YUS STATION,5,10,S,YU
23:37:00,Sunday,COLLEGE STATION,0,0,N,YU
23:48:00,Sunday,YORK MILLS STATION,5,10,S,YU
23:52:00,Sunday,COXWELL STATION,5,11,W,BD
00:20:00,Sunday,KEELE STATION,104,110,W,BD
00:37:00,Sunday,BLOOR STATION,5,11,S,YU
01:55:00,Sunday,WILSON STATION,8,13,N,YU
04:43:00,Monday,OLD MILL STATION TO JA,0,0,E,BD
05:43:00,Monday,JANE STATION,3,0,E,BD
06:05:00,Monday,KEELE STATION,5,10,W,BD
06:54:00,Monday,VAUGHAN MC STATION,3,6,S,YU
07:14:00,Monday,SPADINA YUS STATION,0,0,N,YU
07:18:00,Monday,YONGE BD STATION,0,0,W,BD
07:19:00,Monday,BLOOR STATION,0,0,N,YU
07:37:00,Monday,ST CLAIR STATION,0,0,S,YU
08:12:00,Monday,JANE STATION,0,0,E,BD
08:46:00,Monday,BLOOR STATION,0,0,S,BD
09:12:00,Monday,UNION STATION,6,9,S,YU
09:38:00,Monday,ST CLAIR STATION,0,0,N,YU
10:49:00,Monday,DUPONT STATION,4,9,S,YU
11:00:00,Monday,WELLESLEY STATION,3,8,S,YU
11:46:00,Monday,WELLESLEY STATION,8,13,N,YU
11:50:00,Monday,VICTORIA PARK STATION,0,0,W,BD
11:55:00,Monday,OSSINGTON STATION,5,9,W,BD
12:00:00,Monday,YORKDALE STATION,0,0,S,YU
13:04:00,Monday,FINCH STATION,5,10,S,YU
13:29:00,Monday,YORK MILLS STATION,5,10,N,YU
14:08:00,Monday,SUMMERHILL STATION,0,0,N,YU
15:33:00,Monday,OLD MILL STATION,0,0,E,BD
15:37:00,Monday,OSSINGTON STATION,0,0,E,BD
15:59:00,Monday,PAPE STATION,0,0,W,BD
16:04:00,Monday,FINCH STATION,5,10,S,YU
16:59:00,Monday,SHEPPARD WEST STATION,3,6,N,YU
17:14:00,Monday,OSGOODE STATION,4,7,S,YU
17:21:00,Monday,SUMMERHILL STATION,15,18,S,YU
17:42:00,Monday,SHEPPARD WEST STATION,0,0,S,YU
18:24:00,Monday,DONLANDS STATION,0,0,W,BD
18:45:00,Monday,UNION STATION,0,0,N,YU
20:17:00,Monday,COLLEGE STATION,0,0,N,YU
20:23:00,Monday,COLLEGE STATION,0,0,S,YU
20:34:00,Monday,WILSON STATION,0,0,N,YU
21:07:00,Monday,RUNNYMEDE STATION,0,0,W,BD
21:29:00,Monday,COLLEGE STATION,0,0,N,YU
23:22:00,Monday,EGLINTON WEST STATION,0,0,N,YU
00:21:00,Monday,BROADVIEW STATION,0,0,E,BD
01:58:00,Monday,ST PATRICK STATION,12,0,N,YU
15:38:00,Monday,DON MILLS STATION,9,16,E,SHP
20:54:00,Monday,LESLIE STATION,0,0,E,SHP
23:09:00,Monday,LESLIE STATION (ENTERI,0,0,W,SHP
02:04:00,Tuesday,KEELE STATION,0,0,W,BD
05:53:00,Tuesday,BLOOR STATION,6,0,S,YU
06:11:00,Tuesday,RUNNYMEDE STATION,3,6,E,BD
06:15:00,Tuesday,WARDEN STATION,0,0,W,BD
06:27:00,Tuesday,EGLINTON STATION,0,0,S,YU
07:01:00,Tuesday,FINCH WEST STATION,8,11,N,YU
07:26:00,Tuesday,KEELE STATION,0,0,W,BD
08:04:00,Tuesday,WILSON STATION,3,6,S,YU
08:17:00,Tuesday,OSGOODE STATION,5,8,S,YU
08:22:00,Tuesday,OSGOODE STATION,3,6,S,YU
08:25:00,Tuesday,SHERBOURNE STATION,0,0,W,BD
08:54:00,Tuesday,DUNDAS WEST STATION,0,0,E,BD
09:01:00,Tuesday,CHESTER STATION,0,0,E,BD
09:49:00,Tuesday,COXWELL STATION,0,0,W,BD
10:27:00,Tuesday,WARDEN STATION,0,0,E,BD
10:41:00,Tuesday,QUEEN STATION,14,19,N,YU
13:43:00,Tuesday,DUNDAS STATION,0,0,N,YU
13:47:00,Tuesday,FINCH STATION,7,12,S,YU
14:12:00,Tuesday,BLOOR STATION,0,0,S,YU
14:17:00,Tuesday,WOODBINE STATION,0,0,W,BD
14:21:00,Tuesday,COXWELL STATION,4,7,W,BD
14:36:00,Tuesday,OSSINGTON STATION,7,11,E,BD
14:42:00,Tuesday,SUMMERHILL STATION,3,8,S,YU
14:46:00,Tuesday,DUNDAS STATION,0,0,N,YU
14:46:00,Tuesday,YONGE BD STATION,0,0,E,BD
15:10:00,Tuesday,SUMMERHILL STATION,6,11,S,YU
15:19:00,Tuesday,MAIN STREET STATION,0,0,W,BD
15:27:00,Tuesday,ISLINGTON STATION,0,0,E,BD
15:33:00,Tuesday,JANE STATION,3,6,E,BD
16:08:00,Tuesday,QUEEN STATION,0,0,S,YU
16:18:00,Tuesday,DUNDAS STATION,5,10,N,YU
16:37:00,Tuesday,FINCH STATION,5,10,S,YU
16:41:00,Tuesday,NORTH YORK CTR STATION,5,10,S,YU
16:57:00,Tuesday,SHERBOURNE STATION,9,12,E,BD
17:14:00,Tuesday,BLOOR STATION,3,6,S,YU
17:20:00,Tuesday,SPADINA BD STATION,0,0,E,BD
18:46:00,Tuesday,PAPE STATION,0,0,W,BD
19:27:00,Tuesday,DUNDAS WEST STATION,10,13,W,BD
19:28:00,Tuesday,FINCH STATION,3,6,S,YU
19:30:00,Tuesday,NORTH YORK CTR STATION,3,6,S,YU
19:42:00,Tuesday,DUNDAS WEST STATION,9,12,W,BD
20:12:00,Tuesday,HIGHWAY 407 STATION,0,0,S,YU
20:13:00,Tuesday,KIPLING STATION,9,14,W,BD
20:15:00,Tuesday,MUSEUM STATION,8,13,S,YU
20:37:00,Tuesday,WELLESLEY STATION,0,0,N,YU
20:42:00,Tuesday,NORTH YORK CTR STATION,6,8,S,YU
20:54:00,Tuesday,LAWRENCE STATION,11,16,S,YU
20:54:00,Tuesday,LAWRENCE STATION,0,0,S,YU
21:18:00,Tuesday,WARDEN STATION,0,0,W,BD
21:28:00,Tuesday,RUNNYMEDE STATION,0,0,W,BD
22:26:00,Tuesday,EGLINTON WEST STATION,0,0,N,YU
22:50:00,Tuesday,FINCH STATION,0,0,S,YU
00:16:00,Tuesday,SPADINA YUS STATION,0,0,N,YU
00:17:00,Tuesday,SPADINA BD STATION,0,0,W,BD
00:27:00,Tuesday,SUMMERHILL STATION,5,11,N,YU
00:43:00,Tuesday,YONGE BD STATION,5,10,E,BD
01:35:00,Tuesday,DOWNSVIEW PARK STATION,6,14,S,YU
07:45:00,Tuesday,LESLIE STATION,4,11,W,SHP
05:44:00,Wednesday,DAVISVILLE STATION - B,0,0,N,YU
06:36:00,Wednesday,OLD MILL STATION,0,0,W,BD
06:37:00,Wednesday,GREENWOOD YARD,0,0,W,BD
07:11:00,Wednesday,LAWRENCE WEST STATION,5,8,S,YU
07:19:00,Wednesday,GLENCAIRN STATION,3,6,S,YU
07:32:00,Wednesday,YONGE BD STATION,0,0,E,BD
07:34:00,Wednesday,QUEEN STATION,0,0,S,YU
07:35:00,Wednesday,ST GEORGE YUS STATION,0,0,S,YU
07:42:00,Wednesday,KIPLING STATION,0,0,W,BD
07:54:00,Wednesday,DUNDAS STATION,5,8,S,YU
08:06:00,Wednesday,WELLESLEY STATION,0,0,S,YU
08:18:00,Wednesday,KENNEDY BD STATION,3,5,W,BD
08:42:00,Wednesday,COLLEGE STATION,0,0,S,YU
08:58:00,Wednesday,DUNDAS STATION,4,7,S,YU
09:21:00,Wednesday,ST GEORGE YUS STATION,5,8,N,YU
09:59:00,Wednesday,KENNEDY BD STATION,11,15,W,BD
10:16:00,Wednesday,EGLINTON WEST STATION,3,6,N,YU
13:35:00,Wednesday,LAWRENCE WEST STATION,10,15,S,YU
14:42:00,Wednesday,KEELE STATION,0,0,W,BD
15:03:00,Wednesday,BLOOR STATION,13,18,S,YU
15:07:00,Wednesday,YONGE BD STATION,0,0,W,BD
15:56:00,Wednesday,EGLINTON WEST STATION,14,17,N,YU
16:01:00,Wednesday,GLENCAIRN STATION,6,11,S,YU
16:38:00,Wednesday,KENNEDY BD STATION,3,6,W,BD
17:08:00,Wednesday,COXWELL STATION,4,7,W,BD
17:33:00,Wednesday,OSSINGTON STATION,18,21,W,BD
19:10:00,Wednesday,ST GEORGE BD STATION,0,0,E,BD
20:38:00,Wednesday,FINCH STATION,0,0,N,YU
21:49:00,Wednesday,NORTH YORK CTR STATION,5,10,S,YU
22:12:00,Wednesday,EGLINTON STATION,0,0,N,YU
22:30:00,Wednesday,DUNDAS STATION,0,0,N,YU
22:31:00,Wednesday,COXWELL STATION,5,10,E,BD
23:16:00,Wednesday,WELLESLEY STATION,12,17,N,YU
23:35:00,Wednesday,DUNDAS WEST STATION,0,0,E,BD
23:35:00,Wednesday,QUEEN STATION,5,10,S,YU
23:40:00,Wednesday,ST CLAIR STATION,0,0,S,YU
00:28:00,Wednesday,ST CLAIR STATION,0,0,S,YU
00:56:00,Wednesday,UNION STATION,5,10,N,YU
01:17:00,Wednesday,WILSON STATION,5,10,S,YU
09:39:00,Wednesday,BAYVIEW STATION,9,16,W,SHP
09:50:00,Wednesday,BAYVIEW STATION,7,14,E,SHP
10:10:00,Wednesday,BAYVIEW STATION,0,0,W,SHP
13:49:00,Wednesday,SHEPPARD-YONGE STATION,0,0,W,SHP
06:02:00,Thursday,BATHURST STATION,2,4,W,BD
06:08:00,Thursday,WILSON STATION,4,9,S,YU
06:16:00,Thursday,YORKDALE STATION,7,12,S,YU
06:31:00,Thursday,GLENCAIRN STATION,8,0,N,YU
06:51:00,Thursday,ST GEORGE BD STATION,0,0,E,BD
06:56:00,Thursday,ST CLAIR STATION,3,6,N,YU
07:06:00,Thursday,GREENWOOD YARD,0,0,W,BD
07:09:00,Thursday,ISLINGTON STATION,21,23,E,BD
07:41:00,Thursday,ST GEORGE BD STATION,0,0,E,BD
08:25:00,Thursday,NORTH YORK CTR STATION,5,8,N,YU
08:31:00,Thursday,SHEPPARD STATION,3,6,S,YU
08:47:00,Thursday,MAIN STREET STATION,0,0,W,BD
09:06:00,Thursday,PAPE STATION,0,0,E,BD
09:09:00,Thursday,OLD MILL STATION,0,0,W,BD
09:48:00,Thursday,WOODBINE STATION,0,0,W,BD
09:51:00,Thursday,MAIN STREET STATION,0,0,W,BD
09:52:00,Thursday,LAWRENCE STATION,12,7,S,YU
12:13:00,Thursday,KENNEDY BD STATION,4,8,W,BD
13:12:00,Thursday,SPADINA YUS STATION,13,18,N,YU
13:34:00,Thursday,CHRISTIE STATION,0,0,E,BD
13:35:00,Thursday,GREENWOOD STATION,24,28,E,BD
14:05:00,Thursday,WELLESLEY STATION,0,0,S,YU
15:09:00,Thursday,LAWRENCE STATION,25,30,N,YU
15:10:00,Thursday,WOODBINE STATION,0,0,E,BD
15:56:00,Thursday,KENNEDY BD STATION,3,6,W,BD
16:09:00,Thursday,SHEPPARD STATION,3,8,N,YU
16:32:00,Thursday,PAPE STATION,6,9,E,BD
16:35:00,Thursday,EGLINTON STATION,5,8,S,YU
16:52:00,Thursday,OLD MILL STATION,7,10,E,BD
17:01:00,Thursday,BLOOR STATION,0,0,S,YU
17:04:00,Thursday,CHRISTIE STATION,0,0,W,BD
17:16:00,Thursday,YONGE BD STATION,9,12,E,BD
17:22:00,Thursday,KENNEDY BD STATION,3,6,W,BD
17:35:00,Thursday,YONGE BD STATION,8,11,E,BD
17:39:00,Thursday,BLOOR STATION,0,0,S,YU
19:33:00,Thursday,SPADINA YUS STATION,12,15,N,YU
19:39:00,Thursday,HIGHWAY 407 STATION,0,0,S,YU
20:32:00,Thursday,PIONEER VILLAGE STATIO,4,7,N,YU
20:35:00,Thursday,ST GEORGE BD STATION,3,8,E,BD
21:48:00,Thursday,MAIN STREET STATION,0,0,W,BD
23:36:00,Thursday,ROYAL YORK STATION,3,8,E,BD
00:55:00,Thursday,DONLANDS STATION,15,20,W,BD
01:38:00,Thursday,ST ANDREW STATION,5,10,S,YU
01:43:00,Thursday,LANSDOWNE STATION,0,0,W,BD
01:52:00,Thursday,MUSEUM STATION,0,0,S,YU
12:34:00,Thursday,BAYVIEW STATION,0,0,E,SHP
05:53:00,Friday,ISLINGTON STATION,3,0,W,BD
06:14:00,Friday,DAVISVILLE STATION,5,10,S,YU
06:18:00,Friday,WILSON STATION,0,0,S,YU
07:13:00,Friday,MAIN STREET STATION,0,0,W,BD
07:26:00,Friday,LAWRENCE STATION,52,55,N,YU
07:52:00,Friday,OSSINGTON STATION,3,5,W,BD
08:02:00,Friday,DAVISVILLE STATION,0,0,S,YU
08:45:00,Friday,BLOOR STATION,3,6,S,YU
09:07:00,Friday,EGLINTON WEST STATION,0,0,N,YU
09:10:00,Friday,WILSON STATION,3,6,N,YU
09:38:00,Friday,SUMMERHILL STATION,7,11,N,YU
09:38:00,Friday,ST GEORGE BD STATION,5,9,W,BD
09:44:00,Friday,BLOOR STATION,0,0,S,YU
09:47:00,Friday,SUMMERHILL STATION,4,9,N,YU
09:53:00,Friday,WILSON STATION,3,6,N,YU
10:51:00,Friday,DUNDAS WEST STATION,0,0,E,BD
11:09:00,Friday,ISLINGTON STATION,0,0,W,BD
11:20:00,Friday,DUNDAS STATION,5,10,N,YU
11:44:00,Friday,OLD MILL STATION,5,9,W,BD
11:50:00,Friday,OLD MILL STATION,6,10,W,BD
12:02:00,Friday,ISLINGTON STATION,0,0,W,BD
12:43:00,Friday,CHRISTIE STATION,5,9,E,BD
12:47:00,Friday,MUSEUM STATION,0,0,S,YU
13:18:00,Friday,YONGE BD STATION,0,0,E,BD
14:08:00,Friday,YONGE BD STATION,0,0,E,BD
14:28:00,Friday,CHRISTIE STATION,18,22,W,BD
14:35:00,Friday,DONLANDS STATION,0,0,E,BD
14:50:00,Friday,DUNDAS WEST STATION,0,0,E,BD
14:55:00,Friday,YORK MILLS STATION,4,11,S,YU
14:55:00,Friday,YORK MILLS STATION,3,8,S,YU
15:00:00,Friday,WARDEN STATION,5,9,E,BD
15:45:00,Friday,KENNEDY TO COXWELL,6,9,W,BD
16:54:00,Friday,OLD MILL STATION,0,0,W,BD
17:00:00,Friday,BLOOR STATION,0,0,S,YU
17:01:00,Friday,DAVISVILLE STATION,4,7,S,YU
17:08:00,Friday,BLOOR STATION,3,6,S,YU
17:14:00,Friday,DAVISVILLE STATION,7,10,S,YU
17:53:00,Friday,WILSON STATION,0,0,S,YU
18:00:00,Friday,YONGE BD STATION TO CO,3,6,E,BD
18:14:00,Friday,DONLANDS STATION,4,7,W,BD
18:21:00,Friday,NORTH YORK CTR STATION,6,9,S,YU
18:24:00,Friday,BLOOR STATION,15,18,N,YU
19:44:00,Friday,ST CLAIR WEST STATION,4,7,N,YU
20:15:00,Friday,OSSINGTON STATION,5,10,E,BD
20:45:00,Friday,DUNDAS STATION,7,13,N,YU
21:05:00,Friday,ST GEORGE YUS STATION,8,13,N,YU
21:38:00,Friday,QUEEN'S PARK STATION,5,11,N,YU
22:11:00,Friday,COLLEGE STATION,4,10,S,YU
22:13:00,Friday,SHERBOURNE STATION,0,0,W,BD
22:32:00,Friday,CHESTER STATION,12,17,E,BD
22:34:00,Friday,ST GEORGE BD STATION,0,0,W,BD
22:34:00,Friday,ST GEORGE YUS STATION,0,0,N,YU
23:39:00,Friday,OLD MILL STATION,5,10,E,BD
23:49:00,Friday,WOODBINE STATION,3,8,W,BD
00:02:00,Friday,DUNDAS WEST STATION,5,10,W,BD
00:09:00,Friday,UNION STATION,4,12,S,YU
00:19:00,Friday,ST CLAIR STATION,5,10,S,YU
05:38:00,Saturday,ST CLAIR STATION,8,0,S,YU
05:59:00,Saturday,KIPLING STATION,5,10,E,BD
06:20:00,Saturday,WILSON YARD,9,0,S,YU
07:09:00,Saturday,YORKDALE STATION,10,15,S,YU
07:36:00,Saturday,YONGE BD STATION,0,0,E,BD
08:02:00,Saturday,SPADINA YUS STATION,0,0,S,YU
08:10:00,Saturday,YONGE BD STATION,0,0,W,BD
09:57:00,Saturday,CHRISTIE STATION,0,0,W,BD
11:56:00,Saturday,KENNEDY BD STATION,3,7,W,BD
13:21:00,Saturday,VAUGHAN MC STATION,3,8,N,YU
14:45:00,Saturday,SUMMERHILL STATION,0,0,N,YU
15:49:00,Saturday,SPADINA YUS STATION,5,10,S,YU
16:07:00,Saturday,ST GEORGE BD STATION,0,0,E,BD
16:19:00,Saturday,CASTLE FRANK STATION,40,44,E,BD
16:36:00,Saturday,BATHURST STATION,0,0,W,BD
16:46:00,Saturday,MAIN STREET STATION,0,0,W,BD
17:12:00,Saturday,OSGOODE STATION,0,0,S,YU
17:31:00,Saturday,ST CLAIR STATION,0,0,N,YU
18:23:00,Saturday,DUNDAS STATION,0,0,N,YU
18:23:00,Saturday,DOWNSVIEW PARK STATION,3,8,S,YU
19:05:00,Saturday,DUNDAS WEST STATION,0,0,E,BD
20:35:00,Saturday,BLOOR STATION,0,0,S,YU
21:02:00,Saturday,ST CLAIR WEST STATION,3,10,N,YU
21:33:00,Saturday,MAIN STREET STATION,6,12,W,BD
22:48:00,Saturday,JANE STATION,0,0,E,BD
23:19:00,Saturday,DUNDAS STATION,0,0,N,YU
23:46:00,Saturday,SHEPPARD STATION,6,11,N,YU
00:45:00,Saturday,DUPONT STATION,0,0,S,YU
01:16:00,Saturday,MUSEUM STATION,3,8,S,YU
01:30:00,Saturday,BROADVIEW STATION,30,39,E,BD
01:40:00,Saturday,SHEPPARD WEST STATION,0,0,S,YU
05:56:00,Saturday,SHEPPARD-YONGE STATION,0,0,W,SHP
21:06:00,Saturday,BAYVIEW STATION,0,0,E,SHP
08:03:00,Sunday,ISLINGTON STATION,7,0,E,BD
08:20:00,Sunday,DUNDAS STATION,0,0,N,YU
08:46:00,Sunday,DUFFERIN STATION,12,16,E,BD
09:39:00,Sunday,DUFFERIN STATION,0,0,W,BD
10:38:00,Sunday,ST ANDREW STATION,0,0,N,YU
11:45:00,Sunday,YORK UNIVERSITY STATIO,0,0,S,YU
12:25:00,Sunday,DUNDAS WEST STATION,0,0,W,BD
12:42:00,Sunday,MUSEUM STATION,4,9,N,YU
12:49:00,Sunday,NORTH YORK CTR STATION,10,16,S,YU
12:59:00,Sunday,EGLINTON WEST STATION,3,8,N,YU
13:05:00,Sunday,COXWELL STATION,0,0,W,BD
13:44:00,Sunday,YONGE BD STATION,0,0,W,BD
13:48:00,Sunday,QUEEN STATION,0,0,S,YU
13:54:00,Sunday,ST CLAIR STATION,3,8,S,YU
14:29:00,Sunday,SPADINA YUS STATION,0,0,N,YU
15:49:00,Sunday,CHRISTIE STATION,0,0,E,BD
16:04:00,Sunday,DUNDAS WEST STATION,0,0,W,BD
16:49:00,Sunday,LAWRENCE WEST STATION,3,8,S,YU
17:42:00,Sunday,ST CLAIR WEST STATION,14,20,N,YU
18:02:00,Sunday,HIGHWAY 407 STATION,4,10,S,YU
18:07:00,Sunday,PIONEER VILLAGE STATIO,6,12,S,YU
18:48:00,Sunday,ST GEORGE YUS STATION,6,13,S,YU
19:25:00,Sunday,JANE STATION,0,0,E,BD
19:46:00,Sunday,BLOOR STATION,0,0,S,YU
19:47:00,Sunday,YONGE BD STATION,0,0,E,BD
20:10:00,Sunday,EGLINTON WEST STATION,5,12,N,YU
20:16:00,Sunday,BLOOR STATION,0,0,N,YU
20:16:00,Sunday,YONGE BD STATION,0,0,E,BD
20:52:00,Sunday,PAPE STATION,0,0,E,BD
21:30:00,Sunday,MAIN STREET STATION,8,15,W,BD
22:00:00,Sunday,BROADVIEW STATION,0,0,W,BD
22:22:00,Sunday,BLOOR STATION,0,0,N,YU
22:57:00,Sunday,COLLEGE STATION,0,0,S,YU
00:19:00,Sunday,ST CLAIR WEST STATION,5,10,N,YU
00:22:00,Sunday,WELLESLEY STATION,0,0,N,YU
00:36:00,Sunday,JANE STATION,0,0,E,BD
00:41:00,Sunday,OSGOODE STATION,17,22,S,YU
01:26:00,Sunday,DUNDAS STATION,5,10,N,YU
01:26:00,Sunday,BATHURST STATION,0,0,E,BD
01:44:00,Sunday,DUNDAS STATION,12,17,S,YU
15:03:00,Sunday,BAYVIEW STATION,4,11,E,SHP
05:33:00,Monday,FINCH STATION,0,0,S,YU
05:56:00,Monday,GREENWOOD STATION,0,0,E,BD
05:59:00,Monday,FINCH WEST STATION,3,0,S,YU
06:05:00,Monday,WILSON STATION,0,0,S,YU
06:06:00,Monday,KEELE STATION,5,10,W,BD
07:22:00,Monday,BROADVIEW STATION,3,5,E,BD
07:23:00,Monday,COXWELL STATION,0,0,E,BD
07:33:00,Monday,ROSEDALE STATION,0,0,N,YU
07:59:00,Monday,SPADINA YUS STATION,0,0,S,YU
08:09:00,Monday,ST CLAIR WEST STATION,3,6,S,YU
08:16:00,Monday,BLOOR STATION,0,0,S,YU
08:28:00,Monday,BLOOR STATION,0,0,S,YU
08:34:00,Monday,KIPLING STATION,0,0,E,BD
08:41:00,Monday,ST CLAIR STATION,9,12,S,YU
08:56:00,Monday,ST CLAIR STATION,0,0,S,YU
08:58:00,Monday,DAVISVILLE STATION,0,0,S,YU
09:48:00,Monday,OSSINGTON STATION,0,0,W,BD
11:36:00,Monday,SPADINA YUS STATION,0,0,S,YU
11:38:00,Monday,FINCH STATION,3,8,S,YU
12:42:00,Monday,ST GEORGE YUS STATION,0,0,S,YU
13:51:00,Monday,VAUGHAN MC STATION,0,0,S,YU
14:16:00,Monday,KIPLING STATION,3,7,E,BD
14:21:00,Monday,QUEEN STATION,0,0,N,YU
14:33:00,Monday,DAVISVILLE STATION,5,10,N,YU
14:43:00,Monday,EGLINTON STATION,0,0,N,YU
15:32:00,Monday,LAWRENCE STATION,6,11,S,YU
15:58:00,Monday,OSSINGTON STATION,0,0,E,BD
16:37:00,Monday,DAVISVILLE STATION,4,7,S,YU
16:54:00,Monday,COLLEGE STATION,5,8,N,YU
17:00:00,Monday,WELLESLEY STATION,0,0,N,YU
17:26:00,Monday,SHEPPARD STATION,3,6,N,YU
17:29:00,Monday,WILSON STATION,3,6,N,YU
17:56:00,Monday,FINCH WEST STATION,0,0,N,YU
18:05:00,Monday,FINCH STATION,0,0,S,YU
19:09:00,Monday,YORK MILLS STATION,5,8,S,YU
19:18:00,Monday,KEELE STATION,0,0,W,BD
19:42:00,Monday,BLOOR STATION,5,10,S,YU
19:47:00,Monday,GREENWOOD STATION,0,0,W,BD
19:54:00,Monday,ST GEORGE YUS STATION,10,15,N,YU
19:58:00,Monday,OSSINGTON STATION,3,8,E,BD
20:58:00,Monday,SPADINA BD STATION,0,0,W,BD
22:26:00,Monday,LAWRENCE WEST STATION,3,11,S,YU
22:43:00,Monday,KEELE STATION,0,0,E,BD
22:47:00,Monday,ISLINGTON STATION,5,10,W,BD
22:50:00,Monday,KEELE STATION,0,0,W,BD
23:08:00,Monday,WARDEN STATION,0,0,E,BD
23:17:00,Monday,WELLESLEY STATION,5,10,S,YU
23:30:00,Monday,DUNDAS STATION,0,0,S,YU
23:41:00,Monday,DUFFERIN STATION,4,9,W,BD
00:02:00,Monday,KIPLING STATION,5,10,E,BD
00:47:00,Monday,ST CLAIR STATION,6,14,S,YU
02:06:00,Tuesday,KEELE STATION,0,0,E,BD
05:38:00,Tuesday,YORK MILLS STATION,9,0,N,YU
05:44:00,Tuesday,YORK MILLS STATION,17,0,S,YU
06:27:00,Tuesday,PAPE STATION,6,8,E,BD
07:17:00,Tuesday,JANE STATION,0,0,W,BD
07:44:00,Tuesday,ST GEORGE BD STATION,3,5,E,BD
07:53:00,Tuesday,UNION STATION,0,0,N,YU
07:53:00,Tuesday,YORK UNIVERSITY STATIO,0,0,S,YU
08:25:00,Tuesday,YORKDALE STATION,10,13,S,YU
08:43:00,Tuesday,DUNDAS STATION,6,9,S,YU
08:49:00,Tuesday,OLD MILL STATION,18,20,E,BD
08:51:00,Tuesday,KING STATION,4,7,S,YU
08:55:00,Tuesday,COLLEGE STATION,5,8,S,YU
09:08:00,Tuesday,VAUGHAN MC STATION,5,10,S,YU
09:09:00,Tuesday,ST ANDREW STATION,4,7,S,YU
09:59:00,Tuesday,FINCH STATION,3,6,S,YU
10:38:00,Tuesday,FINCH STATION,0,0,S,YU
12:06:00,Tuesday,KENNEDY BD STATION,4,8,E,BD
12:18:00,Tuesday,BLOOR STATION,0,0,S,YU
12:22:00,Tuesday,QUEEN'S PARK STATION,5,10,N,YU
12:35:00,Tuesday,NORTH YORK CTR STATION,3,8,N,YU
13:04:00,Tuesday,YORKDALE STATION,0,0,S,YU
13:24:00,Tuesday,JANE STATION,3,7,E,BD
13:34:00,Tuesday,DONLANDS STATION,22,26,E,BD
13:58:00,Tuesday,LANSDOWNE STATION,16,20,W,BD
14:28:00,Tuesday,QUEEN'S PARK STATION,5,10,N,YU
14:43:00,Tuesday,ISLINGTON STATION,0,0,E,BD
14:44:00,Tuesday,ISLINGTON STATION,0,0,W,BD
15:17:00,Tuesday,WELLESLEY STATION,0,0,N,YU
15:26:00,Tuesday,DUNDAS WEST STATION,0,0,E,BD
15:32:00,Tuesday,WOODBINE STATION,0,0,E,BD
16:20:00,Tuesday,SHERBOURNE STATION,0,0,W,BD
16:25:00,Tuesday,DOWNSVIEW PARK STATION,6,11,N,YU
16:59:00,Tuesday,NORTH YORK CTR STATION,3,6,S,YU
17:06:00,Tuesday,ST GEORGE YUS STATION,4,7,N,YU
17:25:00,Tuesday,OLD MILL STATION,0,0,E,BD
17:54:00,Tuesday,SHEPPARD STATION,0,0,N,YU
18:05:00,Tuesday,WELLESLEY STATION,0,0,N,YU
18:09:00,Tuesday,YONGE BD STATION,0,0,E,BD
18:22:00,Tuesday,YORK MILLS STATION,5,8,N,YU
18:56:00,Tuesday,WELLESLEY STATION,0,0,S,YU
19:12:00,Tuesday,FINCH STATION,0,0,S,YU
19:14:00,Tuesday,NORTH YORK CTR STATION,5,10,S,YU
19:15:00,Tuesday,EGLINTON STATION,3,6,N,YU
19:32:00,Tuesday,SHEPPARD STATION,0,0,N,YU
19:34:00,Tuesday,PAPE STATION,8,13,W,BD
19:59:00,Tuesday,YORK MILLS STATION,0,0,S,YU
22:11:00,Tuesday,DUPONT STATION,14,19,S,YU
19:35:00,Tuesday,SHEPPARD-YONGE STATION,27,34,W,SHP
20:08:00,Tuesday,BAYVIEW STATION,7,14,W,SHP
05:42:00,Wednesday,ISLINGTON STATION,5,10,E,BD
07:14:00,Wednesday,BAY STATION,3,5,W,BD
07:54:00,Wednesday,VAUGHAN MC STATION,3,6,S,YU
07:57:00,Wednesday,VAUGHAN MC STATION,3,6,N,YU
09:37:00,Wednesday,FINCH STATION,0,0,N,YU
09:43:00,Wednesday,ST GEORGE YUS STATION,3,6,S,YU
09:48:00,Wednesday,DAVISVILLE STATION,7,10,S,YU
10:55:00,Wednesday,NORTH YORK CTR STATION,3,8,S,YU
10:57:00,Wednesday,KIPLING STATION,9,13,E,BD
11:44:00,Wednesday,LAWRENCE STATION,3,8,S,YU
12:49:00,Wednesday,CASTLE FRANK STATION,3,7,W,BD
12:55:00,Wednesday,DUPONT STATION,0,0,N,YU
13:47:00,Wednesday,DUNDAS STATION,0,0,N,YU
14:25:00,Wednesday,EGLINTON STATION,20,25,N,YU
14:28:00,Wednesday,COLLEGE STATION,7,12,N,YU
14:34:00,Wednesday,OSGOODE STATION,6,11,S,YU
15:30:00,Wednesday,ROSEDALE STATION,0,0,N,YU
15:38:00,Wednesday,SHEPPARD STATION,4,9,S,YU
16:06:00,Wednesday,SPADINA YUS STATION,13,18,N,YU
16:23:00,Wednesday,SPADINA YUS STATION,0,0,S,YU
16:39:00,Wednesday,SPADINA YUS STATION,0,0,N,YU
17:33:00,Wednesday,VAUGHAN MC STATION,0,0,E,YU
17:40:00,Wednesday,ROYAL YORK STATION,0,0,E,BD
17:53:00,Wednesday,YORKDALE STATION,17,20,N,YU
18:22:00,Wednesday,QUEEN'S PARK STATION,0,0,N,YU
19:25:00,Wednesday,ISLINGTON STATION,0,0,E,BD
20:18:00,Wednesday,DUNDAS STATION,0,0,N,YU
21:35:00,Wednesday,ST CLAIR WEST STATION,0,0,S,YU
22:13:00,Wednesday,ROSEDALE STATION,4,12,N,YU
00:03:00,Wednesday,YONGE AND BLOOR,5,10,N,YU
00:05:00,Wednesday,YONGE BD STATION,0,0,W,BD
00:08:00,Wednesday,BLOOR STATION,0,0,N,YU
00:12:00,Wednesday,HIGHWAY 407 STATION,6,11,S,YU
00:54:00,Wednesday,WILSON STATION,3,8,S,YU
03:31:00,Wednesday,SHEPPARD-YONGE STATION,0,0,E,SHP
06:09:00,Wednesday,LESLIE STATION,7,14,E,SHP
06:22:00,Wednesday,DON MILLS STATION,3,10,W,SHP
14:32:00,Wednesday,BAYVIEW STATION,0,0,E,SHP
02:19:00,Thursday,GREENWOOD STATION,0,0,W,BD
05:56:00,Thursday,EGLINTON STATION,5,10,N,YU
05:59:00,Thursday,BLOOR STATION,10,0,S,YU
06:01:00,Thursday,EGLINTON STATION,5,10,N,YU
07:05:00,Thursday,NORTH YORK CTR STATION,9,12,N,YU
07:13:00,Thursday,MAIN STREET STATION,0,0,W,BD
08:05:00,Thursday,RUNNYMEDE STATION,0,0,W,BD
08:21:00,Thursday,NORTH YORK CTR STATION,0,0,N,YU
08:52:00,Thursday,NORTH YORK CTR STATION,3,6,N,YU
08:58:00,Thursday,BLOOR STATION,12,15,N,YU
09:06:00,Thursday,ST CLAIR WEST STATION,0,0,N,YU
09:24:00,Thursday,EGLINTON STATION,12,15,S,YU
09:30:00,Thursday,MAIN STREET STATION,0,0,W,BD
09:41:00,Thursday,DUFFERIN STATION,0,0,E,BD
09:45:00,Thursday,YONGE BD STATION,3,7,W,BD
10:55:00,Thursday,SPADINA BD STATION,5,9,W,BD
10:58:00,Thursday,BLOOR STATION,0,0,S,YU
11:45:00,Thursday,WARDEN STATION,0,0,E,BD
12:29:00,Thursday,HIGHWAY 407 STATION,5,10,S,YU
13:29:00,Thursday,WELLESLEY STATION,10,15,N,YU
14:07:00,Thursday,VAUGHAN MC STATION,15,20,S,YU
15:05:00,Thursday,NORTH YORK CTR STATION,3,8,S,YU
15:14:00,Thursday,VAUGHAN MC STATION,5,10,S,YU
15:29:00,Thursday,MAIN STREET STATION,0,0,W,BD
16:04:00,Thursday,YONGE BD STATION,4,7,E,BD
16:24:00,Thursday,ROSEDALE STATION,3,8,N,YU
16:44:00,Thursday,LAWRENCE WEST STATION,3,6,S,YU
17:02:00,Thursday,OLD MILL STATION,5,8,E,BD
17:34:00,Thursday,CHESTER STATION,0,0,E,BD
17:47:00,Thursday,KIPLING STATION,3,6,E,BD
17:50:00,Thursday,SPADINA BD STATION,0,0,E,BD
17:59:00,Thursday,YORK MILLS STATION,0,0,N,YU
20:04:00,Thursday,BLOOR STATION,0,0,S,YU
20:10:00,Thursday,ST PATRICK STATION,4,9,N,YU
21:32:00,Thursday,SUMMERHILL STATION,0,0,N,YU
21:46:00,Thursday,NORTH YORK CTR STATION,0,0,S,YU
22:13:00,Thursday,ST GEORGE BD STATION,5,10,E,BD
22:21:00,Thursday,MUSEUM STATION,3,9,S,YU
22:40:00,Thursday,ISLINGTON STATION,0,0,W,BD
23:07:00,Thursday,CHRISTIE STATION,3,8,W,BD
23:39:00,Thursday,BLOOR STATION - YONGE,0,0,N,YU
23:42:00,Thursday,CHRISTIE STATION,9,14,E,BD
23:49:00,Thursday,KENNEDY BD STATION,4,9,W,BD
01:52:00,Thursday,SHERBOURNE STATION,7,12,W,BD
01:56:00,Thursday,BLOOR STATION,12,17,N,YU
01:57:00,Thursday,YONGE BD STATION,12,17,E,BD
01:59:00,Thursday,WELLESLEY STATION,0,0,N,YU
15:12:00,Thursday,LESLIE STATION,0,0,W,SHP
02:11:00,Friday,ROYAL YORK STATION,0,0,E,BD
06:53:00,Friday,UNION STATION,8,12,S,YU
07:15:00,Friday,ST ANDREW STATION,0,0,N,YU
08:14:00,Friday,ST GEORGE BD STATION,3,5,E,BD
08:20:00,Friday,MAIN STREET STATION,0,0,W,BD
08:56:00,Friday,GREENWOOD YARD,0,0,E,BD
09:30:00,Friday,KENNEDY BD STATION,0,0,E,BD
09:32:00,Friday,KEELE STATION,0,0,W,BD
10:40:00,Friday,BATHURST STATION,0,0,E,BD
11:32:00,Friday,OSGOODE STATION,11,16,N,YU
12:10:00,Friday,COXWELL STATION,4,8,E,BD
12:25:00,Friday,QUEEN STATION,0,0,S,YU
12:48:00,Friday,OSGOODE STATION,3,8,N,YU
12:50:00,Friday,FINCH STATION,5,10,S,YU
13:08:00,Friday,FINCH WEST STATION,12,17,S,YU
13:21:00,Friday,SUMMERHILL STATION,6,11,S,YU
13:51:00,Friday,COXWELL STATION,0,0,E,BD
14:31:00,Friday,DONLANDS STATION,26,30,E,BD
14:39:00,Friday,YORK UNIVERSITY STATIO,0,0,N,YU
14:57:00,Friday,LAWRENCE WEST STATION,12,17,S,YU
15:23:00,Friday,UNION STATION,5,10,S,YU
15:30:00,Friday,COXWELL STATION,0,0,E,BD
16:36:00,Friday,LANSDOWNE STATION,0,0,W,BD
16:38:00,Friday,MUSEUM STATION,0,0,S,YU
17:32:00,Friday,YONGE BD STATION,0,0,E,BD
17:33:00,Friday,YORK MILLS STATION,0,0,N,YU
18:37:00,Friday,BLOOR STATION,0,0,N,YU
19:37:00,Friday,LAWRENCE WEST STATION,0,0,N,YU
19:38:00,Friday,ST GEORGE BD STATION,0,0,E,BD
20:11:00,Friday,DUFFERIN STATION,0,0,E,BD
20:23:00,Friday,PIONEER VILLAGE STATIO,3,7,S,YU
21:04:00,Friday,RUNNYMEDE STATION,4,9,W,BD
21:20:00,Friday,BLOOR STATION,0,0,N,YU
22:20:00,Friday,ST GEORGE BD STATION,6,11,W,BD
22:28:00,Friday,DAVISVILLE STATION,3,8,N,YU
22:57:00,Friday,UNION STATION,14,19,S,YU
23:27:00,Friday,ISLINGTON STATION,5,10,E,BD
00:06:00,Friday,ST CLAIR STATION,8,13,N,YU
00:11:00,Friday,VAUGHAN MC STATION,5,10,S,YU
00:42:00,Friday,FINCH STATION,0,0,S,YU
01:09:00,Friday,WILSON STATION,5,10,S,YU
03:54:00,Saturday,DAVISVILLE STATION,0,0,N,YU
05:50:00,Saturday,EGLINTON STATION,7,0,N,YU
05:53:00,Saturday,KIPLING STATION,6,12,E,BD
05:53:00,Saturday,KEELE STATION,6,12,W,BD
06:42:00,Saturday,WILSON STATION,11,0,N,YU
07:21:00,Saturday,KENNEDY BD STATION,4,9,W,BD
08:35:00,Saturday,SHERBOURNE STATION,8,12,E,BD
08:41:00,Saturday,SHERBOURNE STATION,0,0,E,BD
10:09:00,Saturday,EGLINTON STATION,4,8,N,YU
10:27:00,Saturday,ST GEORGE YUS STATION,6,10,N,YU
12:31:00,Saturday,WELLESLEY STATION,0,0,S,YU
13:10:00,Saturday,COXWELL STATION,3,7,E,BD
13:10:00,Saturday,ST GEORGE BD STATION,3,7,E,BD
13:27:00,Saturday,EGLINTON STATION,9,13,N,YU
13:58:00,Saturday,OLD MILL STATION,0,0,W,BD
14:10:00,Saturday,MUSEUM STATION,5,9,N,YU
14:29:00,Saturday,CASTLE FRANK STATION,8,12,W,BD
15:04:00,Saturday,YONGE BD STATION,0,0,W,BD
15:57:00,Saturday,QUEEN'S PARK STATION,4,8,S,YU
16:26:00,Saturday,EGLINTON STATION,4,8,N,YU
16:40:00,Saturday,ST GEORGE BD STATION,6,10,E,BD
17:23:00,Saturday,WELLESLEY STATION,0,0,S,YU
18:24:00,Saturday,KING STATION,0,0,N,YU
18:55:00,Saturday,UNION STATION,0,0,S,YU
19:53:00,Saturday,GLENCAIRN STATION,5,10,N,YU
20:50:00,Saturday,VAUGHAN MC STATION,0,0,N,YU
20:54:00,Saturday,WARDEN STATION,4,10,W,BD
21:11:00,Saturday,SUMMERHILL STATION,0,0,S,YU
21:25:00,Saturday,ST CLAIR STATION,3,8,N,YU
21:43:00,Saturday,YONGE BD STATION,0,0,N,BD
22:41:00,Saturday,KEELE STATION,5,11,W,BD
23:02:00,Saturday,VICTORIA PARK STATION,0,0,W,BD
23:21:00,Saturday,SPADINA BD STATION,29,35,E,BD
23:21:00,Saturday,SPADINA YUS STATION,29,34,S,YU
00:34:00,Saturday,WILSON STATION,6,12,N,YU
00:55:00,Saturday,FINCH STATION,6,12,S,YU
14:58:00,Saturday,SHEPPARD-YONGE STATION,0,0,E,SHP
18:09:00,Saturday,SHEPPARD-YONGE STATION,4,11,E,SHP
21:38:00,Saturday,DON MILLS STATION,7,14,W,SHP
04:28:00,Sunday,ST GEORGE BD STATION,0,0,W,BD
07:42:00,Sunday,WILSON STATION,4,0,S,YU
08:02:00,Sunday,KEELE STATION,3,0,W,BD
08:02:00,Sunday,ST GEORGE TO BROADVIEW,0,0,W,BD
08:12:00,Sunday,KEELE STATION,5,10,W,BD
08:17:00,Sunday,KEELE STATION,5,10,W,BD
08:22:00,Sunday,DAVISVILLE STATION,14,0,N,YU
09:59:00,Sunday,YORK MILLS STATION,0,0,N,YU
10:14:00,Sunday,ST CLAIR WEST STATION,8,16,E,YU
10:24:00,Sunday,DUPONT STATION,4,10,N,YU
12:31:00,Sunday,COLLEGE STATION,0,0,S,YU
13:49:00,Sunday,NORTH YORK CTR STATION,4,8,S,YU
15:43:00,Sunday,BROADVIEW STATION,0,0,E,BD
15:58:00,Sunday,YORK UNIVERSITY STATIO,8,12,N,YU
16:43:00,Sunday,DUNDAS STATION,0,0,S,YU
17:36:00,Sunday,YORK MILLS STATION,20,24,N,YU
18:21:00,Sunday,OSGOODE STATION,4,8,S,YU
19:56:00,Sunday,DUNDAS STATION,3,8,S,YU
19:56:00,Sunday,CASTLE FRANK STATION,4,9,W,BD
20:14:00,Sunday,CASTLE FRANK STATION,0,0,E,BD
20:29:00,Sunday,QUEEN STATION,3,8,N,YU
21:05:00,Sunday,BAY STATION,3,9,W,BD
21:40:00,Sunday,KIPLING STATION,6,12,E,BD
22:10:00,Sunday,WELLESLEY STATION,0,0,N,YU
22:33:00,Sunday,SPADINA BD STATION,5,11,E,BD
22:52:00,Sunday,EGLINTON STATION,6,12,N,YU
01:13:00,Sunday,COLLEGE STATION,0,0,S,YU
05:00:00,Monday,KIPLING STATION,0,0,W,BD
05:33:00,Monday,HIGH PARK STATION,0,0,E,BD
05:38:00,Monday,EGLINTON STATION,20,0,N,YU
05:43:00,Monday,GREENWOOD STATION,3,0,E,BD
05:47:00,Monday,KIPLING STATION,7,14,W,BD
07:11:00,Monday,EGLINTON STATION,6,9,S,YU
07:17:00,Monday,VICTORIA PARK STATION,8,11,W,BD
07:21:00,Monday,VICTORIA PARK STATION,0,0,W,BD
07:50:00,Monday,COXWELL STATION,3,5,W,BD
08:27:00,Monday,COLLEGE STATION,0,0,N,YU
08:33:00,Monday,EGLINTON STATION,6,9,N,YU
08:38:00,Monday,LAWRENCE STATION,12,15,S,YU
09:41:00,Monday,PAPE STATION,0,0,E,BD
09:52:00,Monday,KING STATION,0,0,S,YU
11:03:00,Monday,PAPE STATION,0,0,W,BD
11:24:00,Monday,JANE STATION,0,0,E,BD
11:37:00,Monday,CHESTER STATION,0,0,W,BD
12:13:00,Monday,DUPONT STATION,4,9,S,YU
12:39:00,Monday,KIPLING STATION,4,8,E,BD
13:10:00,Monday,COXWELL STATION,3,6,E,BD
13:37:00,Monday,DAVISVILLE STATION,4,9,N,YU
13:42:00,Monday,KENNEDY BD STATION,4,8,W,BD
14:10:00,Monday,SUMMERHILL STATION,12,17,N,YU
14:27:00,Monday,SUMMERHILL STATION,0,0,S,YU
15:05:00,Monday,LAWRENCE STATION,13,18,N,YU
15:45:00,Monday,ST GEORGE YUS STATION,4,9,N,YU
15:45:00,Monday,ST GEORGE BD STATION,4,8,E,BD
16:26:00,Monday,DAVISVILLE STATION,4,9,N,YU
18:14:00,Monday,COXWELL STATION,0,0,W,BD
19:06:00,Monday,EGLINTON WEST STATION,0,0,N,YU
20:05:00,Monday,ST GEORGE YUS STATION,3,8,S,YU
20:45:00,Monday,KEELE STATION,7,12,W,BD
21:58:00,Monday,BLOOR STATION,0,0,N,YU
22:35:00,Monday,VAUGHAN MC STATION,0,0,S,YU
22:42:00,Monday,BLOOR STATION,0,0,N,YU
22:49:00,Monday,SPADINA YUS STATION,0,0,N,YU
23:47:00,Monday,BLOOR STATION,0,0,S,YU
00:17:00,Monday,ST CLAIR WEST STATION,0,0,N,YU
00:17:00,Monday,MAIN STREET STATION,0,0,W,BD
00:35:00,Monday,KING STATION,3,8,S,YU
00:53:00,Monday,BLOOR STATION,4,9,S,YU
12:01:00,Monday,DON MILLS STATION,0,0,W,SHP
02:10:00,Tuesday,VAUGHAN MC STATION,0,0,S,YU
02:16:00,Tuesday,KIPLING STATION,0,0,E,BD
02:23:00,Tuesday,KIPLING STATION,0,0,E,BD
08:13:00,Tuesday,WELLESLEY STATION,7,10,S,YU
09:47:00,Tuesday,FINCH STATION,5,10,S,YU
10:05:00,Tuesday,SHERBOURNE STATION,0,0,W,BD
10:30:00,Tuesday,NORTH YORK CTR STATION,0,0,N,YU
13:16:00,Tuesday,QUEEN'S PARK STATION,3,8,N,YU
14:36:00,Tuesday,DUNDAS STATION,5,10,S,YU
14:59:00,Tuesday,YORK MILLS STATION,0,0,S,YU
16:07:00,Tuesday,YORK UNIVERSITY STATIO,5,10,N,YU
16:16:00,Tuesday,DUPONT STATION,6,11,S,YU
16:28:00,Tuesday,COXWELL STATION,4,7,W,BD
16:48:00,Tuesday,EGLINTON WEST STATION,0,0,S,YU
16:57:00,Tuesday,DAVISVILLE STATION,3,6,S,YU
17:07:00,Tuesday,ST CLAIR STATION,9,12,S,YU
17:39:00,Tuesday,KENNEDY BD STATION,0,0,W,BD
18:50:00,Tuesday,KING STATION,10,13,S,YU
19:07:00,Tuesday,ROSEDALE STATION,0,0,S,YU
19:16:00,Tuesday,DUNDAS STATION,5,8,S,YU
19:17:00,Tuesday,DUNDAS STATION,0,0,S,YU
19:27:00,Tuesday,YORKDALE STATION,0,0,S,YU
19:49:00,Tuesday,KIPLING STATION,3,8,W,BD
20:10:00,Tuesday,ST CLAIR STATION,15,18,N,YU
22:22:00,Tuesday,SPADINA YUS STATION,0,0,S,YU
22:50:00,Tuesday,BLOOR STATION,0,0,S,YU
23:18:00,Tuesday,BROADVIEW STATION,0,0,E,BD
23:37:00,Tuesday,SUMMERHILL STATION,19,25,S,YU
00:52:00,Tuesday,BATHURST STATION,0,0,W,BD
01:05:00,Tuesday,ST CLAIR WEST STATION,0,0,S,YU
01:09:00,Tuesday,HIGH PARK STATION,3,9,E,BD
04:32:00,Wednesday,VICTORIA PARK STATION,0,0,W,BD
07:54:00,Wednesday,BAY STATION,0,0,W,BD
07:59:00,Wednesday,FINCH STATION,0,0,N,YU
08:45:00,Wednesday,FINCH STATION,5,10,S,YU
10:33:00,Wednesday,KIPLING STATION,8,12,E,BD
11:06:00,Wednesday,YORK MILLS STATION,4,7,N,YU
11:17:00,Wednesday,ST PATRICK STATION,4,7,S,YU
11:38:00,Wednesday,PAPE STATION,19,23,E,BD
11:41:00,Wednesday,LANSDOWNE STATION,9,13,E,BD
12:38:00,Wednesday,LAWRENCE STATION,3,8,S,YU
13:08:00,Wednesday,ROYAL YORK STATION,0,0,W,BD
14:00:00,Wednesday,EGLINTON STATION,6,11,N,YU
14:01:00,Wednesday,COXWELL STATION,4,8,W,BD
14:17:00,Wednesday,KENNEDY BD STATION,4,8,W,BD
14:56:00,Wednesday,VAUGHAN MC STATION,0,0,S,YU
15:08:00,Wednesday,GREENWOOD STATION,4,8,W,BD
15:42:00,Wednesday,KENNEDY BD STATION,3,6,W,BD
16:20:00,Wednesday,BLOOR STATION,6,11,N,YU
16:32:00,Wednesday,BLOOR STATION,3,8,N,YU
16:36:00,Wednesday,WILSON STATION,3,6,S,YU
17:23:00,Wednesday,KING STATION,8,11,N,YU
17:35:00,Wednesday,DUNDAS STATION,16,19,N,YU
17:39:00,Wednesday,KENNEDY BD STATION,3,6,E,BD
17:57:00,Wednesday,MAIN STREET STATION,0,0,W,BD
18:07:00,Wednesday,ISLINGTON STATION,23,26,E,BD
18:33:00,Wednesday,LAWRENCE WEST STATION,0,0,N,YU
18:37:00,Wednesday,DAVISVILLE STATION,0,0,N,YU
19:04:00,Wednesday,SHERBOURNE STATION,3,6,E,BD
19:14:00,Wednesday,BATHURST STATION,5,10,W,BD
19:21:00,Wednesday,BLOOR STATION,6,9,N,YU
19:32:00,Wednesday,BLOOR STATION,0,0,S,YU
21:30:00,Wednesday,VAUGHAN MC STATION,5,10,S,YU
21:49:00,Wednesday,SHERBOURNE STATION,6,11,E,BD
23:18:00,Wednesday,ISLINGTON STATION,5,10,W,BD
00:18:00,Wednesday,KEELE STATION,0,0,W,BD
00:25:00,Wednesday,ST CLAIR STATION,9,14,S,YU
00:49:00,Wednesday,KENNEDY BD STATION,5,10,W,BD
00:49:00,Wednesday,GREENWOOD STATION,0,0,W,BD
01:31:00,Wednesday,VAUGHAN MC STATION,0,0,S,YU
04:59:00,Thursday,SHEPPARD WEST STATION,0,0,N,YU
05:42:00,Thursday,GREENWOOD YARD,5,0,W,BD
05:45:00,Thursday,FINCH STATION,5,9,N,YU
06:51:00,Thursday,DUFFERIN STATION,0,0,W,BD
06:58:00,Thursday,DOWNSVIEW PARK STATION,4,7,S,YU
07:08:00,Thursday,DAVISVILLE STATION,3,6,N,YU
09:37:00,Thursday,ST GEORGE YUS STATION,0,0,S,YU
09:57:00,Thursday,SUMMERHILL STATION,0,0,N,YU
10:19:00,Thursday,KIPLING STATION,0,0,W,BD
10:34:00,Thursday,ROSEDALE STATION,6,11,S,YU
10:38:00,Thursday,ST GEORGE YUS STATION,5,10,S,YU
10:40:00,Thursday,ISLINGTON STATION,3,7,E,BD
10:54:00,Thursday,JANE STATION,0,0,E,BD
10:56:00,Thursday,ROYAL YORK STATION,0,0,E,BD
11:08:00,Thursday,KEELE STATION,0,0,E,BD
11:41:00,Thursday,BATHURST STATION,0,0,W,BD
13:08:00,Thursday,EGLINTON STATION,0,0,N,YU
13:21:00,Thursday,DUFFERIN STATION,0,0,W,BD
13:49:00,Thursday,YORK MILLS STATION,75,80,N,YU
13:58:00,Thursday,EGLINTON WEST STATION,52,57,N,YU
14:32:00,Thursday,UNION STATION,0,0,S,YU
14:52:00,Thursday,YORKDALE STATION,13,16,S,YU
16:08:00,Thursday,WELLESLEY STATION,0,0,S,YU
17:04:00,Thursday,NORTH YORK CTR STATION,3,6,N,YU
17:20:00,Thursday,CASTLE FRANK STATION,3,6,E,BD
17:50:00,Thursday,SPADINA BD STATION,0,0,E,BD
18:01:00,Thursday,BLOOR STATION,3,6,N,YU
18:31:00,Thursday,QUEEN STATION,0,0,N,YU
18:45:00,Thursday,VICTORIA PARK STATION,0,0,W,BD
19:48:00,Thursday,LAWRENCE WEST STATION,0,0,N,YU
20:20:00,Thursday,KENNEDY BD STATION,3,8,E,BD
22:38:00,Thursday,UNION STATION TO KING,4,9,N,YU
22:42:00,Thursday,KENNEDY BD STATION,3,8,W,BD
22:58:00,Thursday,DUNDAS STATION,0,0,S,YU
23:04:00,Thursday,CHRISTIE STATION,0,0,E,BD
23:04:00,Thursday,DUNDAS WEST STATION,6,11,W,BD
02:27:00,Friday,VAUGHAN MC STATION,0,0,S,YU
05:50:00,Friday,BROADVIEW STATION,0,0,E,BD
06:54:00,Friday,WILSON STATION,10,13,S,YU
07:32:00,Friday,ST CLAIR STATION,0,0,N,YU
08:16:00,Friday,SHEPPARD STATION,3,6,S,YU
09:12:00,Friday,WOODBINE STATION,4,6,E,BD
10:15:00,Friday,YONGE BD STATION,0,0,W,BD
11:10:00,Friday,OLD MILL STATION,0,0,W,BD
11:24:00,Friday,DOWNSVIEW PARK STATION,3,8,N,YU
12:11:00,Friday,CASTLE FRANK STATION,66,71,W,BD
12:27:00,Friday,MAIN STREET STATION,0,0,S,BD
14:14:00,Friday,CHRISTIE STATION,0,0,W,BD
14:20:00,Friday,LANSDOWNE STATION,0,0,E,BD
15:42:00,Friday,SUMMERHILL STATION,5,10,S,YU
15:59:00,Friday,ST CLAIR WEST STATION,0,0,S,YU
16:16:00,Friday,ISLINGTON STATION,0,0,W,BD
17:44:00,Friday,KIPLING STATION,3,6,E,BD
17:44:00,Friday,VAUGHAN MC STATION,3,6,S,YU
18:06:00,Friday,ROSEDALE STATION,79,82,S,YU
18:48:00,Friday,COLLEGE STATION,0,0,N,YU
18:51:00,Friday,FINCH STATION,3,6,N,YU
19:30:00,Friday,BLOOR STATION,0,0,N,YU
19:33:00,Friday,EGLINTON STATION,0,0,N,YU
19:33:00,Friday,OSGOODE STATION,0,0,N,YU
20:12:00,Friday,VICTORIA PARK STATION,0,0,E,BD
20:38:00,Friday,BLOOR STATION,0,0,S,YU
20:41:00,Friday,DUNDAS STATION,0,0,S,YU
20:55:00,Friday,UNION STATION,0,0,N,YU
21:11:00,Friday,SHEPPARD STATION,11,16,S,YU
21:29:00,Friday,BLOOR STATION,0,0,N,YU
21:35:00,Friday,BLOOR STATION,4,9,N,YU
21:40:00,Friday,KING STATION,0,0,S,YU
21:52:00,Friday,YORK UNIVERSITY STATIO,0,0,N,YU
22:11:00,Friday,DUNDAS STATION,0,0,N,YU
22:28:00,Friday,MAIN STREET STATION,0,0,W,BD
22:37:00,Friday,VICTORIA PARK STATION,0,0,E,BD
22:42:00,Friday,ST GEORGE BD STATION,3,8,W,BD
23:31:00,Friday,WOODBINE STATION,0,0,E,BD
00:06:00,Friday,DUPONT STATION,4,10,S,YU
01:43:00,Friday,DUNDAS STATION,5,10,N,YU
01:48:00,Friday,UNION STATION,9,14,N,YU
21:18:00,Friday,BAYVIEW STATION,9,16,W,SHP
21:41:00,Friday,SHEPPARD-YONGE STATION,3,10,E,SHP
06:00:00,Saturday,FINCH STATION,5,11,S,YU
06:14:00,Saturday,YORK MILLS STATION,30,36,S,YU
07:13:00,Saturday,GREENWOOD STATION,0,0,E,BD
08:12:00,Saturday,SPADINA YUS STATION,3,9,S,YU
08:24:00,Saturday,DUPONT STATION,0,0,N,YU
09:19:00,Saturday,MUSEUM STATION,4,10,N,YU
09:25:00,Saturday,ST GEORGE YUS STATION,6,12,N,YU
09:27:00,Saturday,LAWRENCE WEST STATION,6,12,N,YU
09:40:00,Saturday,VICTORIA PARK STATION,8,13,E,BD
09:54:00,Saturday,FINCH STATION,6,12,S,YU
10:16:00,Saturday,EGLINTON STATION,5,10,S,YU
11:33:00,Saturday,COXWELL STATION,0,0,E,BD
11:34:00,Saturday,WILSON STATION,6,10,N,YU
12:33:00,Saturday,YONGE BD STATION,0,0,E,BD
15:00:00,Saturday,BLOOR STATION,0,0,S,YU
16:47:00,Saturday,SUMMERHILL STATION,4,9,S,YU
16:49:00,Saturday,OSSINGTON STATION,8,13,W,BD
17:12:00,Saturday,ST GEORGE BD STATION,0,0,E,BD
17:14:00,Saturday,BATHURST STATION,0,0,E,BD
17:20:00,Saturday,OSSINGTON STATION,0,0,W,BD
17:40:00,Saturday,MUSEUM STATION,4,8,N,YU
18:23:00,Saturday,KING STATION,0,0,N,YU
18:51:00,Saturday,FINCH WEST STATION,0,0,N,YU
18:54:00,Saturday,UNION STATION - ST AND,4,8,N,YU
19:12:00,Saturday,MUSEUM STATION,0,0,S,YU
19:13:00,Saturday,ROYAL YORK STATION,0,0,W,BD
20:07:00,Saturday,DUNDAS STATION,0,0,S,YU
21:33:00,Saturday,JANE STATION,0,0,W,BD
21:59:00,Saturday,SUMMERHILL STATION,8,13,S,YU
22:04:00,Saturday,DUPONT STATION,5,10,N,YU
22:07:00,Saturday,ISLINGTON STATION,0,0,W,BD
22:14:00,Saturday,WOODBINE STATION,0,0,E,BD
22:15:00,Saturday,EGLINTON WEST STATION,5,10,N,YU
22:19:00,Saturday,BATHURST STATION,0,0,W,BD
22:23:00,Saturday,BATHURST STATION,4,6,W,BD
22:35:00,Saturday,YONGE BD STATION,0,0,W,BD
22:46:00,Saturday,CHESTER STATION,0,0,E,BD
01:15:00,Saturday,RUNNYMEDE STATION,0,0,E,BD
05:34:00,Saturday,SHEPPARD-YONGE STATION,0,0,E,SHP
02:02:00,Sunday,BLOOR STATION,5,11,N,YU
08:10:00,Sunday,KEELE STATION,5,10,W,BD
08:18:00,Sunday,ISLINGTON STATION,5,10,E,BD
08:22:00,Sunday,DAVISVILLE STATION,11,0,N,YU
08:45:00,Sunday,WELLESLEY STATION,11,17,N,YU
09:24:00,Sunday,MUSEUM STATION,4,10,N,YU
11:21:00,Sunday,QUEEN'S PARK STATION,3,9,S,YU
13:23:00,Sunday,ST CLAIR STATION,0,0,S,YU
13:58:00,Sunday,DAVISVILLE STATION,0,0,N,YU
14:41:00,Sunday,MAIN STREET STATION,0,0,W,BD
18:11:00,Sunday,DUFFERIN STATION,5,10,E,BD
19:51:00,Sunday,ROYAL YORK STATION,33,38,E,BD
20:08:00,Sunday,DAVISVILLE STATION,0,0,N,YU
20:58:00,Sunday,KENNEDY BD STATION,6,12,W,BD
21:36:00,Sunday,MUSEUM STATION,4,10,S,YU
21:48:00,Sunday,WELLESLEY STATION,0,0,N,YU
21:56:00,Sunday,MUSEUM STATION,0,0,N,YU
22:30:00,Sunday,DUNDAS STATION,0,0,S,YU
23:53:00,Sunday,SHEPPARD WEST STATION,0,0,S,YU
00:35:00,Sunday,CHRISTIE STATION,0,0,E,BD
01:22:00,Sunday,KING STATION,0,0,S,YU
02:22:00,Monday,KENNEDY BD STATION,0,0,E,BD
04:54:00,Monday,PIONEER VILLAGE STATIO,0,0,N,YU
06:11:00,Monday,EGLINTON STATION,3,6,N,YU
07:04:00,Monday,ISLINGTON STATION,0,0,E,BD
07:53:00,Monday,COLLEGE STATION,8,11,S,YU
08:17:00,Monday,WOODBINE STATION,0,0,E,BD
08:20:00,Monday,NORTH YORK CTR STATION,3,7,S,YU
09:23:00,Monday,KEELE STATION,3,5,W,BD
09:33:00,Monday,QUEEN STATION,0,0,S,YU
09:56:00,Monday,FINCH STATION,14,19,S,YU
10:50:00,Monday,WELLESLEY STATION,4,9,S,YU
11:08:00,Monday,ISLINGTON STATION,3,7,E,BD
16:11:00,Monday,WILSON YARD,36,39,S,YU
16:48:00,Monday,WELLESLEY STATION,9,12,N,YU
16:56:00,Monday,BATHURST STATION,0,0,W,BD
17:35:00,Monday,FINCH STATION,3,6,S,YU
17:45:00,Monday,DUNDAS WEST STATION,0,0,W,BD
21:13:00,Monday,SHEPPARD STATION,14,19,N,YU
21:59:00,Monday,HIGH PARK STATION,0,0,W,BD
22:13:00,Monday,ISLINGTON STATION,32,37,E,BD
23:20:00,Monday,SUMMERHILL STATION,0,0,S,YU
00:11:00,Monday,BATHURST STATION,0,0,E,BD
00:48:00,Monday,SHEPPARD STATION,0,0,N,YU
14:45:00,Monday,DON MILLS STATION,0,0,E,SHP
14:49:00,Monday,DON MILLS STATION,0,0,E,SHP
18:10:00,Monday,SHEPPARD-YONGE STATION,0,0,E,SHP
19:33:00,Monday,BAYVIEW STATION,0,0,W,SHP
07:24:00,Tuesday,SPADINA BD STATION,0,0,E,BD
08:00:00,Tuesday,DAVISVILLE STATION,3,6,N,YU
08:29:00,Tuesday,KENNEDY BD STATION,3,5,E,BD
08:38:00,Tuesday,MAIN STREET STATION,0,0,W,BD
08:48:00,Tuesday,WARDEN STATION,0,0,E,BD
09:12:00,Tuesday,OSGOODE STATION,3,6,S,YU
09:36:00,Tuesday,KING STATION,0,0,N,YU
10:09:00,Tuesday,KEELE STATION,4,8,E,BD
10:17:00,Tuesday,OSSINGTON STATION,0,0,E,BD
11:09:00,Tuesday,SUMMERHILL STATION,5,10,N,YU
11:15:00,Tuesday,SUMMERHILL STATION,5,10,N,YU
12:08:00,Tuesday,COXWELL STATION,0,0,E,BD
12:59:00,Tuesday,SHEPPARD WEST STATION,3,8,N,YU
12:59:00,Tuesday,LAWRENCE STATION,4,9,N,YU
13:11:00,Tuesday,DOWNSVIEW PARK STATION,5,10,N,YU
13:57:00,Tuesday,PAPE STATION,3,6,E,BD
14:33:00,Tuesday,KING STATION,0,0,N,YU
15:25:00,Tuesday,YONGE BD STATION,0,0,W,BD
16:28:00,Tuesday,SUMMERHILL STATION,9,14,N,YU
17:02:00,Tuesday,BAY STATION,0,0,E,BD
17:09:00,Tuesday,ST CLAIR STATION,0,0,S,YU
17:12:00,Tuesday,ST CLAIR STATION,10,13,S,YU
17:15:00,Tuesday,DONLANDS STATION,0,0,E,BD
17:51:00,Tuesday,UNION STATION TOWARDS,6,9,N,YU
18:37:00,Tuesday,MAIN STREET STATION,0,0,E,BD
19:54:00,Tuesday,EGLINTON STATION,3,8,N,YU
19:56:00,Tuesday,DAVISVILLE STATION,0,0,N,YU
20:10:00,Tuesday,YORKDALE STATION,19,22,N,YU
21:24:00,Tuesday,GLENCAIRN STATION,6,11,N,YU
21:33:00,Tuesday,WILSON STATION,18,23,N,YU
23:22:00,Tuesday,ST GEORGE YUS STATION,0,0,S,YU
23:27:00,Tuesday,DUFFERIN STATION,0,0,E,BD
23:46:00,Tuesday,DUNDAS STATION,0,0,S,YU
23:59:00,Tuesday,COXWELL STATION,6,11,E,BD
00:39:00,Tuesday,YONGE BD STATION,9,14,E,BD
01:06:00,Tuesday,BLOOR STATION,0,0,S,YU
09:11:00,Tuesday,BESSARION STATION,0,0,E,SHP
02:43:00,Wednesday,OSSINGTON STATION,0,0,E,BD
06:25:00,Wednesday,WILSON STATION,0,0,S,YU
06:42:00,Wednesday,YONGE BD STATION,0,0,W,BD
07:16:00,Wednesday,ISLINGTON STATION,0,0,E,BD
08:15:00,Wednesday,NORTH YORK CTR STATION,5,8,S,YU
08:19:00,Wednesday,QUEEN STATION,0,0,N,YU
08:21:00,Wednesday,SHEPPARD STATION,0,0,S,YU
08:23:00,Wednesday,SHEPPARD STATION,4,7,S,YU
09:06:00,Wednesday,VAUGHAN MC STATION,5,10,S,YU
09:32:00,Wednesday,BLOOR STATION,4,7,S,YU
09:52:00,Wednesday,YONGE BD STATION (ON R,0,0,E,BD
10:39:00,Wednesday,ISLINGTON STATION,3,7,E,BD
11:08:00,Wednesday,BLOOR STATION,0,0,S,YU
11:18:00,Wednesday,YORK UNIVERSITY STATIO,3,8,S,YU
11:26:00,Wednesday,DOWNSVIEW PARK STATION,4,9,S,YU
11:39:00,Wednesday,KENNEDY BD STATION,4,8,E,BD
12:25:00,Wednesday,LAWRENCE STATION,0,0,N,YU
12:38:00,Wednesday,BLOOR STATION,0,0,N,YU
12:39:00,Wednesday,YONGE BD STATION,0,0,W,BD
12:44:00,Wednesday,FINCH STATION,5,10,S,YU
12:46:00,Wednesday,WILSON STATION,6,11,S,YU
13:10:00,Wednesday,PAPE STATION,0,0,E,BD
13:24:00,Wednesday,KIPLING STATION,0,0,W,BD
13:45:00,Wednesday,ROYAL YORK STATION,3,7,W,BD
14:15:00,Wednesday,COXWELL STATION,4,8,E,BD
14:51:00,Wednesday,KING STATION,4,9,N,YU
14:54:00,Wednesday,MAIN STREET STATION,0,0,W,BD
15:27:00,Wednesday,SHEPPARD TO YORK MILLS,6,11,N,YU
16:03:00,Wednesday,WILSON STATION,13,16,S,YU
16:34:00,Wednesday,PIONEER VILLAGE STATIO,0,0,N,YU
16:44:00,Wednesday,GLENCAIRN STATION,0,0,S,YU
17:37:00,Wednesday,KEELE STATION,4,7,W,BD
18:33:00,Wednesday,BLOOR STATION,0,0,N,YU
18:42:00,Wednesday,YONGE BD STATION,0,0,E,BD
18:47:00,Wednesday,COLLEGE STATION,3,6,S,YU
18:57:00,Wednesday,ISLINGTON STATION,5,9,E,BD
19:16:00,Wednesday,DUNDAS STATION,0,0,N,YU
19:17:00,Wednesday,EGLINTON WEST STATION,0,0,N,YU
19:35:00,Wednesday,DAVISVILLE STATION,3,6,S,YU
20:11:00,Wednesday,ST CLAIR WEST STATION,0,0,N,YU
21:31:00,Wednesday,DUNDAS STATION,0,0,N,YU
21:39:00,Wednesday,COLLEGE STATION,0,0,S,YU
21:58:00,Wednesday,DUNDAS STATION,0,0,N,YU
23:53:00,Wednesday,OSGOODE STATION,4,9,N,YU
00:17:00,Wednesday,ST CLAIR STATION,10,15,N,YU
00:24:00,Wednesday,KENNEDY BD STATION,19,24,E,BD
00:34:00,Wednesday,ST CLAIR STATION,12,17,S,YU
00:23:00,Wednesday,SHEPPARD-YONGE STATION,0,0,W,SHP
01:33:00,Wednesday,SHEPPARD-YONGE STATION,7,14,W,SHP
02:33:00,Thursday,SHEPPARD STATION,0,0,N,YU
05:40:00,Thursday,GREENWOOD WYE,0,0,E,BD
05:52:00,Thursday,KIPLING STATION,4,11,E,BD
06:19:00,Thursday,DUNDAS WEST STATION,0,0,W,BD
07:05:00,Thursday,QUEEN STATION,11,14,S,YU
07:30:00,Thursday,MAIN STREET STATION,4,6,W,BD
08:04:00,Thursday,EGLINTON STATION,0,0,N,YU
08:34:00,Thursday,FINCH STATION,3,6,S,YU
08:50:00,Thursday,ROYAL YORK STATION,0,0,E,BD
09:00:00,Thursday,BLOOR STATION,3,6,S,YU
09:29:00,Thursday,ST GEORGE BD STATION,0,0,E,BD
09:47:00,Thursday,KING STATION,0,0,N,YU
09:53:00,Thursday,KING STATION,0,0,N,YU
09:56:00,Thursday,KING STATION,14,18,N,YU
10:00:00,Thursday,KING STATION,0,0,S,YU
10:06:00,Thursday,WELLESLEY STATION,0,0,S,YU
10:56:00,Thursday,YONGE BD STATION,0,0,W,BD
11:02:00,Thursday,BLOOR STATION,0,0,S,YU
11:06:00,Thursday,ISLINGTON STATION,9,13,W,BD
11:11:00,Thursday,JANE STATION,0,0,E,BD
11:39:00,Thursday,ST GEORGE BD STATION,0,0,E,BD
12:06:00,Thursday,BLOOR STATION,0,0,S,YU
12:57:00,Thursday,FINCH STATION,0,0,S,YU
13:26:00,Thursday,DUNDAS STATION,0,0,N,YU
13:40:00,Thursday,SPADINA BD STATION,0,0,E,BD
13:50:00,Thursday,ST PATRICK STATION,0,0,S,YU
13:56:00,Thursday,SHEPPARD STATION,0,0,S,YU
14:34:00,Thursday,EGLINTON STATION,4,9,S,YU
14:57:00,Thursday,JANE STATION,0,0,E,BD
15:14:00,Thursday,DUNDAS WEST STATION,0,0,W,BD
17:30:00,Thursday,WOODBINE STATION,0,0,E,BD
17:35:00,Thursday,KENNEDY BD STATION,3,6,W,BD
17:44:00,Thursday,DUFFERIN STATION,0,0,W,BD
18:26:00,Thursday,OLD MILL STATION,0,0,W,BD
18:29:00,Thursday,GREENWOOD STATION,8,11,W,BD
18:39:00,Thursday,WELLESLEY STATION,0,0,W,YU
18:58:00,Thursday,YORKDALE STATION,36,39,S,YU
20:20:00,Thursday,SUMMERHILL STATION,0,0,S,YU
20:28:00,Thursday,BLOOR STATION,4,9,S,YU
20:33:00,Thursday,SPADINA BD STATION,0,0,W,BD
21:27:00,Thursday,QUEEN'S PARK STATION,0,0,N,YU
22:01:00,Thursday,KENNEDY BD STATION,0,0,W,BD
22:16:00,Thursday,DAVISVILLE STATION,5,10,N,YU
22:33:00,Thursday,ROSEDALE STATION,33,38,S,YU
23:01:00,Thursday,DAVISVILLE STATION,5,10,S,YU
23:28:00,Thursday,SHEPPARD WEST STATION,4,9,S,YU
23:47:00,Thursday,DONLANDS STATION,0,0,W,BD
00:25:00,Thursday,ST GEORGE BD STATION,0,0,W,BD
00:26:00,Thursday,ST GEORGE YUS STATION,0,0,N,YU
00:52:00,Thursday,QUEEN STATION,0,0,S,YU
01:39:00,Thursday,WILSON STATION,0,0,S,YU
13:52:00,Thursday,LESLIE STATION,0,0,W,SHP
02:43:00,Friday,WARDEN STATION,0,0,W,BD
05:33:00,Friday,KENNEDY BD STATION,0,0,W,BD
06:35:00,Friday,KEELE STATION,0,0,W,BD
06:52:00,Friday,WOODBINE STATION,0,0,W,BD
08:18:00,Friday,KENNEDY BD STATION,0,0,E,BD
08:59:00,Friday,CHRISTIE STATION,4,6,W,BD
09:13:00,Friday,ROYAL YORK STATION,5,7,W,BD
09:28:00,Friday,KIPLING STATION,0,0,E,BD
09:44:00,Friday,UNION STATION,4,8,S,YU
10:25:00,Friday,OSGOODE STATION,0,0,S,YU
12:24:00,Friday,MUSEUM STATION,0,0,S,YU
12:47:00,Friday,MAIN STREET STATION,21,25,E,BD
13:13:00,Friday,WOODBINE STATION,0,0,E,BD
14:03:00,Friday,SPADINA YUS STATION,4,9,S,YU
14:27:00,Friday,COXWELL STATION,3,7,W,BD
14:36:00,Friday,MAIN STREET STATION,0,0,W,BD
14:36:00,Friday,WELLESLEY STATION,0,0,S,YU
14:51:00,Friday,KIPLING STATION,0,0,W,BD
14:54:00,Friday,ST GEORGE YUS STATION,5,10,S,YU
15:31:00,Friday,LAWRENCE STATION,6,11,N,YU
15:36:00,Friday,SPADINA BD STATION,0,0,W,BD
15:53:00,Friday,BROADVIEW STATION,4,7,W,BD
16:14:00,Friday,SHERBOURNE STATION,4,7,E,BD
16:21:00,Friday,YONGE BD STATION,6,9,E,BD
16:40:00,Friday,CHRISTIE STATION,0,0,W,BD
16:47:00,Friday,KENNEDY BD STATION,3,6,E,BD
18:10:00,Friday,SHEPPARD WEST STATION,3,6,S,YU
18:56:00,Friday,DUPONT STATION,34,39,S,YU
19:18:00,Friday,ST CLAIR STATION,6,9,N,YU
19:55:00,Friday,YORK MILLS STATION,11,16,S,YU
20:21:00,Friday,HIGHWAY 407 STATION,3,8,N,YU
20:39:00,Friday,UNION STATION,3,8,S,YU
21:54:00,Friday,SPADINA YUS STATION,0,0,S,YU
22:19:00,Friday,SUMMERHILL STATION,0,0,S,YU
22:34:00,Friday,SHEPPARD WEST STATION,0,0,N,YU
00:04:00,Friday,MAIN STREET STATION,17,22,E,BD
12:30:00,Friday,SHEPPARD-YONGE STATION,0,0,W,SHP
02:04:00,Saturday,DUFFERIN STATION,0,0,W,BD
06:13:00,Saturday,GREENWOOD STATION,6,11,E,BD
06:31:00,Saturday,DONLANDS STATION,0,0,W,BD
08:07:00,Saturday,DUNDAS WEST STATION,6,11,E,BD
10:21:00,Saturday,WOODBINE STATION,0,0,E,BD
11:34:00,Saturday,DUFFERIN STATION,3,8,W,BD
11:40:00,Saturday,DUNDAS WEST STATION,7,12,W,BD
12:24:00,Saturday,ST CLAIR STATION,0,0,N,YU
12:42:00,Saturday,PAPE STATION,0,0,W,BD
13:16:00,Saturday,FINCH WEST STATION,9,13,N,YU
13:27:00,Saturday,YORK UNIVERSITY STATIO,6,10,N,YU
13:40:00,Saturday,COLLEGE STATION,4,8,S,YU
13:59:00,Saturday,RUNNYMEDE STATION,3,7,W,BD
14:05:00,Saturday,LANSDOWNE STATION,0,0,W,BD
15:25:00,Saturday,ST GEORGE YUS STATION,9,13,N,YU
15:43:00,Saturday,DUFFERIN STATION,0,0,W,BD
16:03:00,Saturday,SHEPPARD WEST STATION,3,7,S,YU
17:23:00,Saturday,COXWELL STATION,0,0,E,BD
17:25:00,Saturday,BLOOR STATION,0,0,S,YU
17:29:00,Saturday,DUNDAS STATION,0,0,N,YU
17:48:00,Saturday,FINCH STATION,6,12,S,YU
18:03:00,Saturday,FINCH STATION,6,12,S,YU
18:30:00,Saturday,DUFFERIN STATION,3,7,E,BD
19:22:00,Saturday,MUSEUM STATION,27,32,S,YU
20:05:00,Saturday,KENNEDY BD STATION,5,10,W,BD
21:16:00,Saturday,KEELE STATION,6,11,W,BD
22:07:00,Saturday,CHESTER STATION,0,0,E,BD
22:43:00,Saturday,DUNDAS STATION,0,0,S,YU
23:19:00,Saturday,HIGH PARK STATION,11,17,E,BD
00:21:00,Saturday,LAWRENCE WEST STATION,0,0,S,YU
01:45:00,Saturday,SHEPPARD WEST STATION,0,0,N,YU
19:45:00,Saturday,DON MILLS STATION,66,73,E,SHP
20:55:00,Saturday,LESLIE STATION,0,0,W,SHP
21:00:00,Saturday,DON MILLS STATION,29,36,W,SHP
21:31:00,Saturday,BAYVIEW STATION,8,15,E,SHP
00:18:00,Saturday,DON MILLS STATION,3,10,E,SHP
08:00:00,Sunday,KEELE STATION,4,0,W,BD
08:30:00,Sunday,ST CLAIR STATION,6,12,S,YU
09:02:00,Sunday,DUNDAS WEST STATION,0,0,W,BD
10:07:00,Sunday,OLD MILL STATION,0,0,E,BD
10:14:00,Sunday,ST CLAIR STATION,0,0,S,YU
10:54:00,Sunday,FINCH WEST STATION,0,0,S,YU
11:09:00,Sunday,CHRISTIE STATION,0,0,E,BD
11:39:00,Sunday,YORKDALE STATION,5,11,S,YU
12:37:00,Sunday,ST CLAIR STATION,0,0,S,YU
14:05:00,Sunday,CASTLE FRANK STATION,155,159,W,BD
14:59:00,Sunday,KENNEDY BD STATION,4,8,E,BD
15:56:00,Sunday,SHEPPARD STATION,0,0,N,YU
16:01:00,Sunday,DOWNSVIEW PARK STATION,5,10,N,YU
16:30:00,Sunday,FINCH STATION,7,14,S,YU
16:54:00,Sunday,SPADINA BD STATION,4,8,E,BD
17:04:00,Sunday,WILSON YARD,0,0,N,BD
17:06:00,Sunday,YORK MILLS STATION,0,0,S,YU
17:18:00,Sunday,COXWELL STATION,5,10,E,BD
17:45:00,Sunday,DUPONT STATION,0,0,S,YU
17:53:00,Sunday,BATHURST STATION,8,13,W,BD
18:17:00,Sunday,PAPE STATION,0,0,W,BD
18:38:00,Sunday,ST CLAIR STATION,0,0,S,YU
18:58:00,Sunday,COLLEGE STATION,6,12,S,YU
20:38:00,Sunday,DONLANDS STATION,0,0,W,BD
22:21:00,Sunday,KIPLING STATION,0,0,W,BD
00:46:00,Sunday,ST CLAIR STATION,0,0,N,YU
01:09:00,Sunday,WILSON STATION,10,15,S,YU
07:53:00,Sunday,SHEPPARD-YONGE STATION,0,0,E,SHP
17:08:00,Sunday,BAYVIEW STATION,7,14,W,SHP
06:27:00,Monday,KIPLING STATION,5,10,E,BD
06:40:00,Monday,HIGH PARK STATION,0,0,E,BD
07:18:00,Monday,FINCH STATION,3,6,S,YU
07:20:00,Monday,NORTH YORK CTR STATION,8,11,S,YU
07:40:00,Monday,EGLINTON STATION,4,7,S,YU
08:02:00,Monday,FINCH STATION,3,6,S,YU
08:39:00,Monday,LANSDOWNE STATION,3,5,W,BD
08:41:00,Monday,DUFFERIN STATION,0,0,E,BD
08:42:00,Monday,FINCH STATION,7,10,N,YU
08:43:00,Monday,SHERBOURNE STATION,0,0,W,BD
08:53:00,Monday,FINCH WEST STATION,0,0,N,YU
08:57:00,Monday,YORK UNIVERSITY STATIO,3,6,N,YU
10:23:00,Monday,KENNEDY BD STATION,4,8,E,BD
10:44:00,Monday,BLOOR STATION,0,0,S,YU
11:03:00,Monday,EGLINTON STATION,3,8,S,YU
11:03:00,Monday,YORKDALE STATION,0,0,S,YU
12:07:00,Monday,DUNDAS STATION,0,0,S,YU
12:48:00,Monday,YONGE BD STATION,5,9,E,BD
12:48:00,Monday,YONGE BD STATION,0,0,E,BD
13:03:00,Monday,ISLINGTON STATION,3,7,E,BD
14:08:00,Monday,DUNDAS STATION,5,8,N,YU
14:32:00,Monday,VICTORIA PARK STATION,0,0,W,BD
14:35:00,Monday,WOODBINE STATION,0,0,E,BD
14:41:00,Monday,SHEPPARD STATION,5,10,S,YU
14:47:00,Monday,YORK MILLS STATION,5,10,S,YU
14:58:00,Monday,LAWRENCE STATION,3,8,S,YU
14:59:00,Monday,SHEPPARD STATION,4,9,N,YU
15:04:00,Monday,YONGE BD STATION,0,0,E,BD
15:08:00,Monday,BAY STATION,0,0,E,BD
15:36:00,Monday,BLOOR STATION,3,8,S,YU
15:39:00,Monday,ST GEORGE YUS STATION,3,6,S,YU
15:54:00,Monday,FINCH STATION,3,8,N,YU
16:36:00,Monday,EGLINTON WEST STATION,3,6,S,YU
16:42:00,Monday,WOODBINE STATION,0,0,E,BD
16:53:00,Monday,NORTH YORK CTR STATION,0,0,N,YU
17:30:00,Monday,WELLESLEY STATION,10,13,N,YU
17:48:00,Monday,COLLEGE STATION,5,8,N,YU
17:51:00,Monday,EGLINTON STN,6,9,S,YU
18:02:00,Monday,WOODBINE STATION,0,0,E,BD
18:11:00,Monday,ST CLAIR STATION,0,0,N,YU
18:17:00,Monday,ROSEDALE STATION,12,15,S,YU
18:28:00,Monday,QUEEN STATION,0,0,S,YU
18:30:00,Monday,WOODBINE STATION,0,0,E,BD
18:31:00,Monday,HIGHWAY 407 STATION,3,6,S,YU
19:41:00,Monday,VAUGHAN MC STATION,5,10,S,YU
19:59:00,Monday,DUNDAS STATION,0,0,S,YU
20:19:00,Monday,LANSDOWNE STATION,5,10,W,BD
23:11:00,Monday,EGLINTON STATION,9,14,N,YU
23:35:00,Monday,DUNDAS STATION,0,0,N,YU
01:22:00,Monday,WARDEN STATION,0,0,E,BD
23:35:00,Monday,SHEPPARD-YONGE STATION,4,11,W,SHP
05:15:00,Tuesday,VICTORIA PARK STATION,0,0,W,BD
05:33:00,Tuesday,YORK MILLS STATION,59,63,N,YU
07:03:00,Tuesday,ROYAL YORK STATION,3,5,E,BD
07:32:00,Tuesday,COXWELL STATION,0,0,E,BD
08:30:00,Tuesday,KENNEDY BD STATION,0,0,E,BD
08:30:00,Tuesday,BROADVIEW STATION,0,0,E,BD
08:56:00,Tuesday,KING STATION,5,8,S,YU
09:02:00,Tuesday,LANSDOWNE STATION,0,0,E,BD
09:14:00,Tuesday,OSSINGTON STATION,0,0,W,BD
10:01:00,Tuesday,CHESTER STATION,3,7,E,BD
10:09:00,Tuesday,NORTH YORK CTR STATION,8,13,S,YU
10:17:00,Tuesday,DUNDAS WEST STATION,0,0,E,BD
10:31:00,Tuesday,NORTH YORK CTR STATION,0,0,S,YU
11:02:00,Tuesday,SUMMERHILL STATION,4,9,N,YU
11:24:00,Tuesday,GREENWOOD STATION,0,0,W,BD
11:33:00,Tuesday,WELLESLEY STATION,0,0,S,YU
11:41:00,Tuesday,YONGE BD STATION,0,0,W,BD
11:44:00,Tuesday,KEELE STATION,3,7,W,BD
11:49:00,Tuesday,YONGE BD STATION,4,8,E,BD
12:16:00,Tuesday,NORTH YORK CTR STATION,6,11,N,YU
12:16:00,Tuesday,ST GEORGE BD STATION,0,0,E,BD
12:18:00,Tuesday,ST GEORGE YUS STATION,0,0,N,YU
12:20:00,Tuesday,UNION STATION TO KING,4,9,N,YU
12:25:00,Tuesday,ST GEORGE BD STATION,0,0,E,BD
12:58:00,Tuesday,VICTORIA PARK STATION,0,0,E,BD
13:16:00,Tuesday,FINCH WEST STATION,0,0,S,YU
13:58:00,Tuesday,DAVISVILLE STATION,0,0,S,YU
14:19:00,Tuesday,FINCH STATION,0,0,S,YU
14:25:00,Tuesday,NORTH YORK CTR STATION,5,10,S,YU
15:18:00,Tuesday,SPADINA BD STATION,8,12,E,BD
15:45:00,Tuesday,JANE STATION,0,0,W,BD
16:04:00,Tuesday,COXWELL STATION,3,6,W,BD
16:46:00,Tuesday,ST CLAIR STATION,3,6,S,YU
16:56:00,Tuesday,ST CLAIR STATION,3,6,S,YU
17:47:00,Tuesday,UNION STATION TO KING,0,0,N,YU
17:51:00,Tuesday,JANE STATION,0,0,W,BD
20:09:00,Tuesday,CHRISTIE STATION,21,26,W,BD
20:26:00,Tuesday,VICTORIA PARK STATION,0,0,E,BD
20:32:00,Tuesday,SHEPPARD STATION,3,8,N,YU
20:41:00,Tuesday,COLLEGE STATION,8,13,N,YU
21:44:00,Tuesday,JANE STATION,0,0,E,BD
21:56:00,Tuesday,KENNEDY BD STATION,10,15,E,BD
00:50:00,Tuesday,ST CLAIR STATION,11,18,S,YU
01:04:00,Tuesday,YORK UNIVERSITY STATIO,3,8,S,YU
01:45:00,Tuesday,UNION STATION TO KING,5,10,N,YU
05:31:00,Tuesday,LESLIE STATION,7,0,E,SHP
05:31:00,Tuesday,DON MILLS STATION,3,0,W,SHP
05:33:00,Tuesday,BAYVIEW STATION,7,14,E,SHP
17:27:00,Tuesday,SHEPPARD-YONGE STATION,3,10,E,SHP
17:53:00,Tuesday,SHEPPARD-YONGE STATION,0,0,E,SHP
23:44:00,Tuesday,DON MILLS STATION,0,0,W,SHP
23:49:00,Tuesday,DON MILLS STATION,0,0,W,SHP
05:15:00,Wednesday,GREENWOOD STATION,13,18,E,BD
05:44:00,Wednesday,GREENWOOD STATION,23,0,E,BD
05:51:00,Wednesday,DONLANDS STATION,13,0,W,BD
05:54:00,Wednesday,YONGE BD STATION,20,0,W,BD
05:55:00,Wednesday,CHRISTIE STATION,3,0,W,BD
06:03:00,Wednesday,SPADINA BD STATION,13,18,E,BD
07:27:00,Wednesday,YONGE BD STATION,0,0,W,BD
07:33:00,Wednesday,SHERBOURNE STATION,0,0,W,BD
08:11:00,Wednesday,ROYAL YORK STATION,10,12,E,BD
10:22:00,Wednesday,KIPLING STATION,21,25,W,BD
10:31:00,Wednesday,HIGH PARK STATION,4,8,E,BD
10:41:00,Wednesday,DUNDAS STATION,0,0,N,YU
11:22:00,Wednesday,YONGE BD STATION,0,0,E,BD
11:46:00,Wednesday,DUNDAS STATION,3,8,S,YU
11:50:00,Wednesday,UNION STATION,5,10,S,YU
12:20:00,Wednesday,YORKDALE STATION,0,0,S,YU
12:42:00,Wednesday,KIPLING STATION,0,0,W,BD
13:11:00,Wednesday,CHRISTIE STATION,0,0,W,BD
13:13:00,Wednesday,DUNDAS STATION,0,0,S,YU
13:38:00,Wednesday,BLOOR STATION,0,0,N,YUS
14:20:00,Wednesday,SHEPPARD STATION,9,14,N,YU
14:36:00,Wednesday,EGLINTON STATION,3,8,S,YU
15:23:00,Wednesday,YONGE BD STATION,11,14,W,BD
15:23:00,Wednesday,BLOOR STATION,11,16,S,YU
15:30:00,Wednesday,KEELE STATION,0,0,E,BD
15:36:00,Wednesday,BAY STATION,5,8,E,BD
15:44:00,Wednesday,YONGE BD STATION,0,0,W,BD
16:02:00,Wednesday,SHERBOURNE STATION,3,6,E,BD
16:11:00,Wednesday,KIPLING STATION,3,6,E,BD
16:12:00,Wednesday,DUNDAS STATION,0,0,N,YU
17:05:00,Wednesday,SUMMERHILL STATION,0,0,N,YU
17:15:00,Wednesday,COXWELL STATION,0,0,W,BD
17:22:00,Wednesday,ST. ANDREW STATION,0,0,N,YU
18:17:00,Wednesday,SPADINA BD STATION,0,0,W,BD
18:39:00,Wednesday,LAWRENCE STATION,10,13,N,YU
18:58:00,Wednesday,FINCH STATION,3,6,S,YU
22:20:00,Wednesday,YORKDALE STATION,11,16,S,YU
22:30:00,Wednesday,WELLESLEY STATION,7,12,S,YU
23:38:00,Wednesday,ST GEORGE YUS STATION,8,13,N,YU
00:09:00,Wednesday,RUNNYMEDE STATION,0,0,E,BD
01:45:00,Wednesday,KIPLING STATION,0,0,E,BD
09:10:00,Wednesday,SHEPPARD-YONGE STATION,0,0,E,SHP
21:45:00,Wednesday,DON MILLS STATION,25,32,E,SHP
22:27:00,Wednesday,SHEPPARD-YONGE STATION,0,0,W,SHP
06:17:00,Thursday,SUMMERHILL STATION,6,9,N,YU
06:18:00,Thursday,SUMMERHILL STATION,8,11,S,YU
07:09:00,Thursday,YONGE BD STATION,0,0,W,BD
07:12:00,Thursday,FINCH WEST STATION,0,0,N,YU
07:43:00,Thursday,WILSON STATION,0,0,S,YU
08:04:00,Thursday,VAUGHAN MC STATION,0,0,S,YU
08:42:00,Thursday,DUNDAS STATION,0,0,S,YU
08:57:00,Thursday,GREENWOOD YARD,0,0,E,BD
09:14:00,Thursday,SHEPPARD WEST STATION,0,0,E,YU
10:03:00,Thursday,ST GEORGE YUS STATION,0,0,S,YU
10:12:00,Thursday,UNION STATION,0,0,N,YU
10:21:00,Thursday,ST GEORGE YUS STATION,3,9,N,YU
10:58:00,Thursday,OSSINGTON STATION,3,7,W,BD
11:18:00,Thursday,COXWELL STATION,3,7,E,BD
12:02:00,Thursday,OLD MILL STATION,0,0,E,BD
12:10:00,Thursday,OSSINGTON STATION,6,10,E,BD
12:31:00,Thursday,SPADINA YU STATION,0,0,N,YU
12:31:00,Thursday,SPADINA BD STATION,0,0,W,BD
12:41:00,Thursday,ST PATRICK STATION,0,0,N,YU
13:38:00,Thursday,WOODBINE STATION,20,24,E,BD
14:26:00,Thursday,LAWRENCE WEST STATION,0,0,S,YU
14:33:00,Thursday,SHEPPARD WEST STATION,4,9,N,YU
14:41:00,Thursday,ST PATRICK STATION,6,11,N,YU
15:04:00,Thursday,SUMMERHILL STATION,5,10,N,YU
15:24:00,Thursday,DAVISVILLE STATION,7,12,N,YU
15:54:00,Thursday,FINCH WEST STATION,0,0,N,YU
16:20:00,Thursday,YONGE BD STATION,0,0,W,BD
16:55:00,Thursday,LAWRENCE STATION,4,11,S,YU
17:05:00,Thursday,KEELE STATION,0,0,W,BD
17:35:00,Thursday,HIGH PARK STATION,10,13,E,BD
17:58:00,Thursday,SHERBOURNE STATION,0,0,E,BD
18:31:00,Thursday,DAVISVILLE STATION,3,6,N,YU
19:17:00,Thursday,ST ANDREW STATION,5,10,S,YU
20:42:00,Thursday,FINCH STATION,5,10,S,YU
22:07:00,Thursday,COLLEGE STATION,8,13,N,YU
22:52:00,Thursday,OSGOODE STATION,8,13,N,YU
23:40:00,Thursday,DUNDAS STATION,4,9,N,YU
01:45:00,Thursday,CASTLE FRANK STATION,6,12,E,BD
01:49:00,Thursday,KEELE STATION,0,0,W,BD
11:34:00,Thursday,BAYVIEW STATION,0,0,E,SHP
19:52:00,Thursday,LESLIE STATION,0,0,E,SHP
23:34:00,Thursday,DON MILLS STATION,0,0,E,SHP
04:46:00,Friday,VICTORIA PARK STATION,0,0,E,BD
05:48:00,Friday,OSSINGTON STATION,0,0,W,BD
06:13:00,Friday,ROYAL YORK STATION,0,0,E,BD
08:16:00,Friday,DOWNSVIEW PARK STATION,6,9,N,YU
08:16:00,Friday,DOWNSVIEW PARK STATION,4,7,S,YU
08:22:00,Friday,SHEPPARD WEST STATION,3,6,S,YU
08:22:00,Friday,SHEPPARD WEST STATION,6,9,N,YU
10:38:00,Friday,DAVISVILLE STATION,0,0,N,YU
11:43:00,Friday,HIGH PARK STATION,5,9,W,BD
11:57:00,Friday,DONLANDS STATION,0,0,E,BD
11:58:00,Friday,SHERBOURNE STATION,0,0,E,BD
12:09:00,Friday,ROSEDALE STATION,0,0,N,YU
12:12:00,Friday,CHESTER STATION,0,0,E,BD
12:15:00,Friday,YORK MILLS STATION,4,9,S,YU
13:55:00,Friday,KING STATION,0,0,S,YU
13:59:00,Friday,FINCH STATION,5,10,N,YU
14:44:00,Friday,SPADINA BD STATION,5,9,W,YU
14:52:00,Friday,SPADINA YUS STATION,0,0,N,YU
14:56:00,Friday,MUSEUM STATION,9,14,S,YU
15:06:00,Friday,CASTLE FRANK STATION,0,0,W,BD
15:24:00,Friday,LAWRENCE WEST STATION,0,0,S,YU
16:09:00,Friday,KEELE STATION,0,0,W,BD
16:19:00,Friday,YORKDALE STATION,0,0,S,YU
16:36:00,Friday,ROSEDALE STATION,0,0,N,YU
16:43:00,Friday,DOWNSVIEW PARK STATION,0,0,S,YU
16:44:00,Friday,WILSON STATION,3,6,S,YU
17:37:00,Friday,PAPE STATION,4,8,E,BD
17:39:00,Friday,EGLINTON STATION,0,0,S,YU
17:53:00,Friday,CHRISTIE STATION,0,0,E,BD
18:08:00,Friday,VAUGHAN MC STATION,0,0,S,YU
18:11:00,Friday,HIGHWAY 407 STATION,3,6,S,YU
19:23:00,Friday,WARDEN STATION,0,0,E,BD
19:57:00,Friday,LAWRENCE WEST STATION,3,8,S,YU
22:53:00,Friday,QUEEN'S PARK STATION,3,8,S,YU
23:02:00,Friday,DAVISVILLE STATION,7,12,N,YU
23:10:00,Friday,BROADVIEW STATION,5,10,E,BD
23:48:00,Friday,ST ANDREW STATION,3,8,N,YU
00:02:00,Friday,WOODBINE STATION,7,12,E,BD
00:23:00,Friday,DUNDAS WEST STATION,0,0,E,BD
01:01:00,Friday,QUEEN'S PARK STATION,13,18,N,YU
01:02:00,Friday,DUNDAS STATION,3,8,N,YU
01:21:00,Friday,OSSINGTON STATION,0,0,E,BD
01:26:00,Friday,BATHURST STATION,6,11,E,BD
01:43:00,Friday,OSSINGTON STATION,5,10,W,BD
01:43:00,Friday,OSSINGTON STATION,5,10,W,BD
05:59:00,Saturday,KIPLING STATION,5,10,E,BD
06:11:00,Saturday,GREENWOOD STATION,3,9,E,BD
06:22:00,Saturday,DUNDAS WEST STATION,0,0,E,BD
08:09:00,Saturday,WARDEN STATION,0,0,W,BD
08:33:00,Saturday,OLD MILL STATION,0,0,E,BD
11:07:00,Saturday,UNION STATION - NB TO,0,0,N,YU
11:19:00,Saturday,BLOOR STATION,0,0,N,YU
11:26:00,Saturday,FINCH WEST STATION,3,7,N,YU
12:06:00,Saturday,KENNEDY BD STATION,4,8,W,BD
13:01:00,Saturday,ROSEDALE STATION,0,0,N,YU
13:14:00,Saturday,ROYAL YORK STATION,0,0,E,BD
13:22:00,Saturday,PIONEER VILLAGE STATIO,0,0,S,YU
13:29:00,Saturday,MUSEUM STATION,5,9,S,YU
13:44:00,Saturday,MUSEUM STATION,6,10,S,YU
13:47:00,Saturday,ST GEORGE YUS STATION,7,11,N,YU
13:53:00,Saturday,MUSEUM STATION,5,9,S,YU
14:04:00,Saturday,MUSEUM STATION,4,8,S,YU
14:05:00,Saturday,FINCH STATION,0,0,S,YU
14:20:00,Saturday,ST GEORGE BD STATION,0,0,W,BD
15:08:00,Saturday,LAWRENCE STATION,3,7,S,YU
15:14:00,Saturday,SHEPPARD WEST STATION,13,17,S,YU
16:27:00,Saturday,KENNEDY BD STATION,4,8,W,BD
17:37:00,Saturday,EGLINTON STATION,0,0,N,YU
17:39:00,Saturday,GREENWOOD STATION,0,0,W,BD
19:13:00,Saturday,BLOOR STATION,0,0,S,YU
22:28:00,Saturday,COLLEGE STATION,4,10,S,YU
22:48:00,Saturday,FINCH STATION,3,9,S,YU
23:37:00,Saturday,DAVISVILLE STATION,0,0,S,YU
23:55:00,Saturday,OSSINGTON STATION,5,11,W,BD
01:36:00,Saturday,KENNEDY BD STATION,0,0,W,BD
15:13:00,Saturday,LESLIE STATION,3,10,W,SHP
07:47:00,Sunday,KENNEDY BD STATION,0,0,W,BD
08:09:00,Sunday,KIPLING STATION,5,10,E,BD
08:24:00,Sunday,UNION TO ST ANDREW STA,5,11,N,YU
08:29:00,Sunday,UNION STATION,5,0,N,YU
08:35:00,Sunday,GREENWOOD STATION,5,10,E,BD
08:55:00,Sunday,COLLEGE STATION,0,0,S,YU
09:03:00,Sunday,JANE STATION,0,0,W,BD
09:18:00,Sunday,DONLANDS STATION,0,0,E,BD
09:52:00,Sunday,JANE STATION,0,0,W,BD
09:53:00,Sunday,OLD MILL STATION,0,0,W,BD
10:31:00,Sunday,BLOOR STATION,0,0,N,YU
10:33:00,Sunday,SPADINA YUS STATION,0,0,N,YU
10:34:00,Sunday,SPADINA BD STATION,0,0,E,BD
11:00:00,Sunday,YORK UNIVERSITY STATIO,0,0,N,YU
11:25:00,Sunday,EGLINTON STATION (APPR,5,9,S,YU
11:50:00,Sunday,CASTLE FRANK STATION,0,0,E,BD
13:11:00,Sunday,ST GEORGE YUS STATION,4,8,S,YU
13:18:00,Sunday,ISLINGTON STATION,0,0,E,BD
14:05:00,Sunday,FINCH STATION,3,6,S,YU
14:06:00,Sunday,DOWNSVIEW PARK STATION,3,7,N,YU
15:09:00,Sunday,ST GEORGE BD STATION,0,0,W,BD
15:59:00,Sunday,ROSEDALE STATION,4,8,N,YU
16:25:00,Sunday,KENNEDY BD STATION,4,8,E,BD
16:44:00,Sunday,WILSON STATION,0,0,S,YU
17:32:00,Sunday,DUNDAS STATION,0,0,S,YU
17:47:00,Sunday,EGLINTON STATION,0,0,N,YU
18:04:00,Sunday,DUNDAS STATION,0,0,N,YU
18:28:00,Sunday,BLOOR STATION,7,11,S,YU
18:39:00,Sunday,YONGE BD STATION,4,9,E,BD
19:29:00,Sunday,QUEEN'S PARK STATION,11,17,S,YU
20:13:00,Sunday,VICTORIA PARK STATION,0,0,E,BD
20:20:00,Sunday,ST CLAIR WEST STATION,5,10,N,YU
20:44:00,Sunday,BLOOR STATION,0,0,S,YU
22:01:00,Sunday,YONGE BD STATION,10,16,E,BD
22:11:00,Sunday,ST GEORGE BD STATION,0,0,W,BD
22:19:00,Sunday,KIPLING STATION,6,12,E,BD
22:51:00,Sunday,KIPLING STATION,0,0,W,BD
23:04:00,Sunday,MUSEUM STATION,0,0,N,YU
23:22:00,Sunday,BROADVIEW STATION,0,0,E,BD
23:54:00,Sunday,ST GEORGE BD STATION,0,0,W,BD
23:56:00,Sunday,FINCH STATION,6,12,S,YU
01:35:00,Sunday,ST GEORGE BD STATION,0,0,W,BD
01:45:00,Sunday,KIPLING STATION,0,0,E,BD
01:55:00,Sunday,BLOOR STATION,9,0,N,YU
21:42:00,Sunday,SHEPPARD-YONGE STATION,3,11,W,SHP
02:06:00,Monday,LAWRENCE WEST STATION,0,0,N,YU
02:42:00,Monday,VAUGHAN MC STATION,0,0,S,YU
05:58:00,Monday,EGLINTON STATION,6,12,N,YU
07:04:00,Monday,DONLANDS STATION,0,0,W,BD
07:15:00,Monday,ST GEORGE BD STATION,0,0,W,BD
07:32:00,Monday,VAUGHAN MC STATION,0,0,S,YU
07:35:00,Monday,HIGHWAY 407 STATION,6,12,S,YU
08:11:00,Monday,DOWNSVIEW PARK STATION,0,0,S,YU
08:17:00,Monday,SHEPPARD WEST STATION,6,12,S,YU
08:53:00,Monday,ST GEORGE BD STATION,0,0,W,BD
09:12:00,Monday,BATHURST STATION,0,0,W,BD
09:35:00,Monday,ST CLAIR STATION,0,0,N,YU
11:37:00,Monday,KENNEDY BD STATION,0,0,E,BD
13:11:00,Monday,MAIN STREET STATION,3,7,W,BD
14:38:00,Monday,WELLESLEY STATION,4,8,S,YU
14:40:00,Monday,SUMMERHILL STATION,0,0,S,YU
15:16:00,Monday,UNION STATION,3,7,S,YU
15:36:00,Monday,WILSON STATION,0,0,S,YU
17:27:00,Monday,KING STATION,6,10,S,YU
18:17:00,Monday,BLOOR STATION,0,0,N,YU
18:57:00,Monday,WELLESLEY STATION,0,0,N,YU
18:59:00,Monday,VAUGHAN MC STATION,0,0,S,YU
19:12:00,Monday,EGLINTON WEST STATION,0,0,N,YU
19:30:00,Monday,DUNDAS STATION,0,0,S,YU
19:45:00,Monday,WELLESLEY STATION,0,0,S,YU
21:12:00,Monday,SPADINA BD STATION,0,0,W,BD
21:13:00,Monday,SPADINA YUS STATION,0,0,N,YU
21:22:00,Monday,UNION STATION - ST AND,5,11,S,YU
23:16:00,Monday,DAVISVILLE STATION,5,11,N,YU
07:04:00,Tuesday,ROYAL YORK STATION,4,6,E,BD
07:12:00,Tuesday,KIPLING STATION,3,6,E,BD
07:38:00,Tuesday,DAVISVILLE STATION,4,7,S,YU
08:50:00,Tuesday,KENNEDY BD STATION,3,6,E,BD
08:58:00,Tuesday,EGLINTON STATION,0,0,N,YU
10:27:00,Tuesday,LAWRENCE WEST STATION,45,50,N,YU
10:29:00,Tuesday,KIPLING STATION,0,0,E,BD
11:35:00,Tuesday,KIPLING STATION,4,8,E,BD
11:52:00,Tuesday,OSSINGTON STATION,3,7,E,BD
13:06:00,Tuesday,KENNEDY BD STATION,3,7,W,BD
14:33:00,Tuesday,ROSEDALE STATION,5,10,N,YU
15:21:00,Tuesday,OLD MILL STATION,0,0,E,BD
15:29:00,Tuesday,DUNDAS WEST STATION,0,0,E,BD
16:03:00,Tuesday,VAUGHAN MC STATION,5,10,S,YU
16:17:00,Tuesday,YORKDALE STATION,3,6,S,YU
16:37:00,Tuesday,LAWRENCE STATION,5,10,N,YU
16:39:00,Tuesday,KING STATION,10,15,N,YU
16:58:00,Tuesday,BLOOR STATION,6,9,N,YU
17:03:00,Tuesday,DUNDAS STATION,0,0,S,YU
17:40:00,Tuesday,FINCH STATION,0,0,N,YU
18:27:00,Tuesday,WOODBINE STATION,0,0,W,BD
18:35:00,Tuesday,FINCH WEST STATION,6,9,N,YU
19:36:00,Tuesday,WILSON STATION,0,0,N,YU
19:46:00,Tuesday,BROADVIEW STATION,3,8,E,BD
19:50:00,Tuesday,WARDEN STATION,0,0,E,BD
20:59:00,Tuesday,COXWELL STATION,0,0,E,BD
21:05:00,Tuesday,YORK UNIVERSITY STATIO,3,8,N,YU
21:56:00,Tuesday,DOWNSVIEW PARK STATION,29,34,S,YU
22:10:00,Tuesday,SHEPPARD STATION,4,9,S,YU
22:17:00,Tuesday,YORK MILLS STATION,10,15,S,YU
01:50:00,Tuesday,COXWELL STATION,0,0,E,BD
03:18:00,Tuesday,SHEPPARD-YONGE STATION,0,0,E,SHP
05:46:00,Wednesday,KENNEDY BD STATION,5,10,W,BD
05:47:00,Wednesday,COXWELL STATION,0,0,E,BD
05:49:00,Wednesday,EGLINTON STATION,5,11,N,YU
05:53:00,Wednesday,COXWELL STATION,0,0,E,BD
05:53:00,Wednesday,BLOOR STATION,5,0,S,YU
06:27:00,Wednesday,YONGE BD STATION,4,6,W,BD
06:42:00,Wednesday,FINCH STATION,0,0,S,YU
06:43:00,Wednesday,NORTH YORK CTR STATION,4,8,S,YU
06:52:00,Wednesday,VAUGHAN MC STATION,0,0,S,YU
08:00:00,Wednesday,OSGOODE STATION,0,0,S,YU
08:32:00,Wednesday,KENNEDY BD STATION,0,0,E,BD
08:38:00,Wednesday,WELLESLEY STATION,5,8,S,YU
08:58:00,Wednesday,BLOOR STATION,3,6,N,YU
10:27:00,Wednesday,OSSINGTON STATION,0,0,W,BD
10:35:00,Wednesday,ST GEORGE BD STATION,0,0,W,BD
10:38:00,Wednesday,KENNEDY BD STATION,4,8,E,BD
10:39:00,Wednesday,KIPLING STATION,6,10,W,BD
11:48:00,Wednesday,KING STATION,0,0,N,YU
12:25:00,Wednesday,EGLINTON STATION,0,0,N,YU
13:11:00,Wednesday,MAIN STREET STATION,0,0,E,BD
13:11:00,Wednesday,DUFFERIN STATION,3,7,W,BD
13:23:00,Wednesday,WOODBINE STATION,5,9,E,BD
13:44:00,Wednesday,DUNDAS STATION,5,10,N,YU
14:10:00,Wednesday,ISLINGTON STATION,20,23,W,BD
14:11:00,Wednesday,ROYAL YORK STATION,0,0,E,BD
14:17:00,Wednesday,FINCH STATION,16,21,N,YU
15:00:00,Wednesday,LAWRENCE STATION,6,11,N,YU
15:09:00,Wednesday,KEELE STATION,0,0,W,BD
15:33:00,Wednesday,ST CLAIR STATION,0,0,S,YU
15:39:00,Wednesday,VAUGHAN MC STATION,5,10,S,YU
17:02:00,Wednesday,KING STATION,0,0,S,YU
17:10:00,Wednesday,WILSON STATION,0,0,N,YU
17:15:00,Wednesday,COLLEGE STATION,3,6,N,YU
17:25:00,Wednesday,DUNDAS STATION,4,7,N,YU
18:13:00,Wednesday,OSGOODE STATION,0,0,S,YU
18:30:00,Wednesday,DAVISVILLE STATION,0,0,N,YU
18:45:00,Wednesday,BROADVIEW STATION,3,8,W,BD
18:55:00,Wednesday,HIGHWAY 407 STATION,5,8,N,YU
20:45:00,Wednesday,DUNDAS WEST STATION,0,0,W,BD
21:22:00,Wednesday,FINCH WEST STATION,4,9,N,YU
21:22:00,Wednesday,YONGE BD STATION,5,10,W,BD
21:32:00,Wednesday,YORK UNIVERSITY STATIO,3,8,N,YU
21:49:00,Wednesday,QUEEN STATION,5,10,N,YU
22:17:00,Wednesday,BLOOR STATION,0,0,N,YU
22:33:00,Wednesday,HIGHWAY 407 STATION,7,12,S,YU
23:07:00,Wednesday,KIPLING STATION,0,0,E,BD
23:19:00,Wednesday,YORK MILLS STATION,4,9,N,YU
00:40:00,Wednesday,DAVISVILLE STATION,5,10,N,YU
02:18:00,Wednesday,SHEPPARD-YONGE STATION,0,0,W,SHP
20:33:00,Wednesday,SHEPPARD-YONGE STATION,0,0,W,SHP
05:25:00,Thursday,SPADINA BD STATION,0,0,E,BD
06:12:00,Thursday,VICTORIA PARK STATION,3,8,W,BD
06:31:00,Thursday,SHEPPARD WEST STATION,6,12,N,YU
07:30:00,Thursday,OLD MILL STATION,0,0,E,BD
08:17:00,Thursday,ROSEDALE STATION,4,7,N,YU
08:32:00,Thursday,COLLEGE STATION,0,0,S,YU
08:46:00,Thursday,HIGHWAY 407 STATION,12,15,N,YU
09:50:00,Thursday,ISLINGTON STATION,0,0,E,YU
11:02:00,Thursday,ST CLAIR WEST STATION,7,12,S,YU
11:07:00,Thursday,ST GEORGE YUS STATION,0,0,S,YU
11:58:00,Thursday,SHEPPARD WEST STATION,12,17,S,YU
12:34:00,Thursday,ST PATRICK STATION,0,0,N,YU
13:38:00,Thursday,EGLINTON STATION,0,0,N,YU
15:34:00,Thursday,BAY STATION,3,6,W,BD
15:44:00,Thursday,ST ANDREW STATION,4,9,S,YU
16:08:00,Thursday,FINCH STATION,0,0,N,YU
16:31:00,Thursday,ROSEDALE STATION,4,7,N,BD
17:33:00,Thursday,YONGE BD STATION,8,11,W,BD
17:33:00,Thursday,BLOOR STATION,8,11,N,YU
17:54:00,Thursday,MUSEUM STATION,9,12,S,YU
18:07:00,Thursday,EGLINTON WEST STATION,38,41,S,YU
18:56:00,Thursday,KEELE STATION,0,0,W,BD
20:40:00,Thursday,DUNDAS WEST STATION,5,10,E,BD
20:49:00,Thursday,OSSINGTON STATON,0,0,E,BD
21:06:00,Thursday,ST PATRICK STATION,7,12,S,YU
21:15:00,Thursday,OSGOODE STATION,7,12,S,YU
21:29:00,Thursday,KING STATION,4,9,N,YU
21:52:00,Thursday,DUNDAS STATION,4,9,N,YU
23:44:00,Thursday,UNION STATION,0,0,N,YU
01:03:00,Thursday,WARDEN STATION,5,10,E,BD
01:14:00,Thursday,BLOOR STATION,0,0,S,YU
01:27:00,Thursday,DONLANDS STATION,4,9,W,BD
01:29:00,Thursday,WARDEN STATION,4,9,E,BD
05:47:00,Friday,KEELE STATION,3,6,W,BD
06:03:00,Friday,WARDEN STATION,7,9,E,BD
06:07:00,Friday,YORK MILLS STATION,5,10,N,YU
06:38:00,Friday,BROADVIEW STATION,5,7,W,BD
09:02:00,Friday,SHERBOURNE STATION,0,0,E,BD
09:03:00,Friday,WOODBINE STATION,0,0,E,BD
10:03:00,Friday,DUPONT STATION,9,14,S,YU
10:54:00,Friday,SPADINA BD STATION,3,7,W,BD
10:58:00,Friday,KENNEDY BD STATION,4,8,W,BD
11:06:00,Friday,BLOOR STATION,3,8,N,YU
13:36:00,Friday,DUPONT STATION,9,14,S,YU
13:54:00,Friday,VICTORIA PARK STATION,0,0,E,BD
13:54:00,Friday,OLD MILL STATION,0,0,E,BD
14:20:00,Friday,WARDEN STATION,0,0,E,BD
14:24:00,Friday,DUNDAS STATION,0,0,S,YU
14:52:00,Friday,KENNEDY BD STATION,4,8,W,BD
15:23:00,Friday,OSSINGTON STATION,0,0,W,BD
15:33:00,Friday,ST CLAIR WEST STATION,3,8,S,YU
15:53:00,Friday,KIPLING STATION,3,6,W,BD
16:51:00,Friday,WILSON STATION,5,10,S,YU
16:56:00,Friday,QUEEN'S PARK STATION,22,25,S,YU
17:13:00,Friday,GLENCAIRN STATION,14,17,S,YU
17:33:00,Friday,WOODBINE STATION,0,0,E,BD
17:47:00,Friday,SPADINA YUS STATION,3,6,N,YU
18:02:00,Friday,LAWRENCE WEST STATION,3,6,S,YU
18:29:00,Friday,UNION STATION - KING,3,6,N,YU
18:38:00,Friday,CASTLE FRANK STATION,7,12,E,BD
20:28:00,Friday,DUNDAS WEST STATION,7,12,E,BD
20:43:00,Friday,DONLANDS STATION,0,0,E,BD
20:58:00,Friday,COXWELL STATION,3,8,W,BD
21:29:00,Friday,CHRISTIE STATION,0,0,E,BD
21:38:00,Friday,SPADINA YUS STATION,7,12,S,YU
23:03:00,Friday,BROADVIEW STATION,3,8,E,BD
23:27:00,Friday,EGLINTON WEST STATION,0,0,N,YU
23:34:00,Friday,KENNEDY BD STATION,3,8,W,BD
00:13:00,Friday,YORK UNIVERSITY STATIO,0,0,S,YU
00:16:00,Friday,YONGE BD STATION,3,8,E,BD
00:24:00,Friday,VAUGHAN MC STATION,0,0,S,YU
00:58:00,Friday,LAWRENCE WEST STATION,0,0,S,YU
05:54:00,Saturday,GREENWOOD STATION,5,10,E,BD
06:06:00,Saturday,OLD MILL STATION,0,0,E,BD
06:56:00,Saturday,VAUGHAN MC STATION,0,0,S,YU
06:59:00,Saturday,HIGHWAY 407 STATION,6,12,S,YU
08:24:00,Saturday,SHEPPARD WEST STATION,0,0,S,YU
08:57:00,Saturday,YONGE BD STATION,0,0,E,BD
09:20:00,Saturday,SHERBOURNE STATION,0,0,E,BD
09:33:00,Saturday,BROADVIEW STATION,0,0,W,BD
10:11:00,Saturday,SPADINA BD STATION,4,9,W,BD
10:53:00,Saturday,ROSEDALE STATION,0,0,N,YU
11:11:00,Saturday,LAWRENCE WEST STATION,0,0,N,YU
11:23:00,Saturday,PIONEER VILLAGE STATIO,0,0,N,YU
11:59:00,Saturday,CASTLE FRANK STATION,0,0,W,BD
13:30:00,Saturday,ST CLAIR STATION,5,9,N,YU
13:58:00,Saturday,BROADVIEW STATION,4,8,W,BD
14:32:00,Saturday,YORKDALE STATION,0,0,S,YU
14:53:00,Saturday,ST CLAIR WEST STATION,0,0,S,YU
15:02:00,Saturday,WARDEN STATION,0,0,E,BD
15:08:00,Saturday,ROSEDALE STATION,0,0,N,YU
15:52:00,Saturday,WILSON STATION,0,0,N,YU
16:16:00,Saturday,EGLINTON WEST STATION,5,9,S,YU
16:46:00,Saturday,ST CLAIR STATION,25,29,S,YU
16:50:00,Saturday,SPADINA BD STATION,0,0,W,BD
17:07:00,Saturday,BLOOR STATION,0,0,N,YU
17:36:00,Saturday,QUEEN'S PARK STATION,0,0,N,YU
17:48:00,Saturday,ST GEORGE YUS STATION,3,8,N,YU
18:02:00,Saturday,WELLESLEY STATION,3,7,S,YU
18:51:00,Saturday,DOWNSVIEW PARK STATION,0,0,N,YU
19:45:00,Saturday,WOODBINE STATION,0,0,E,BD
19:56:00,Saturday,ST PATRICK STATION,3,8,S,YU
20:11:00,Saturday,SHEPPARD STATION,0,0,N,YU
21:42:00,Saturday,UNION STATION TO ST A,0,0,N,YU
19:36:00,Saturday,LESLIE STATION,0,0,E,SHP
07:59:00,Sunday,KEELE STATION,195,0,E,BD
08:16:00,Sunday,ST CLAIR STATION,5,10,S,YU
08:54:00,Sunday,WILSON STATION,0,0,N,YU
08:59:00,Sunday,KEELE STATION,0,0,E,BD
09:36:00,Sunday,WARDEN STATION,0,0,E,BD
10:37:00,Sunday,KIPLING STATION,0,0,E,BD
11:44:00,Sunday,WELLESLEY STATION,0,0,N,YU
11:53:00,Sunday,CHRISTIE STATION,0,0,W,BD
12:33:00,Sunday,WARDEN STATION,0,0,W,BD
13:05:00,Sunday,BLOOR STATION,0,0,N,YU
13:10:00,Sunday,KIPLING STATION,4,8,E,BD
13:28:00,Sunday,ST CLAIR STATION,0,0,S,YU
13:31:00,Sunday,WARDEN STATION,6,10,W,BD
13:46:00,Sunday,ST CLAIR WEST STATION,0,0,N,YU
15:58:00,Sunday,LANSDOWNE STATION,0,0,W,BD
16:02:00,Sunday,SUMMERHILL STATION,10,16,S,YU
16:42:00,Sunday,WILSON STATION,0,0,N,YU
16:58:00,Sunday,ST GEORGE YUS STATION,0,0,N,YU
16:58:00,Sunday,ST GEORGE BD STATION,0,0,W,BD
17:04:00,Sunday,SPADINA YUS STATION,0,0,N,YU
17:06:00,Sunday,SPADINA BD STATION,0,0,W,BD
17:19:00,Sunday,ST CLAIR WEST STATION,0,0,N,YU
17:51:00,Sunday,VICTORIA PARK STATION,0,0,W,BD
18:20:00,Sunday,QUEEN'S PARK STATION,3,9,S,YU
19:21:00,Sunday,BROADVIEW STATION,5,10,E,BD
19:35:00,Sunday,OLD MILL STATION,0,0,E,BD
19:56:00,Sunday,MAIN STREET STATION,7,12,W,BD
20:05:00,Sunday,VICTORIA PARK STATION,0,0,W,BD
20:23:00,Sunday,ROSEDALE STATION,17,23,N,YU
20:39:00,Sunday,COLLEGE STATION,0,0,N,YU
21:00:00,Sunday,SUMMERHILL STATION,0,0,S,YU
22:12:00,Sunday,YONGE BD STATION,0,0,E,BD
22:53:00,Sunday,KIPLING STATION,6,12,E,BD
22:56:00,Sunday,VAUGHAN MC STATION,0,0,S,YU
22:58:00,Sunday,WILSON STATION,7,12,S,YU
23:00:00,Sunday,HIGHWAY 407 STATION,8,16,S,YU
01:54:00,Sunday,KIPLING STATION,0,0,W,BD
02:10:00,Monday,WOODBINE STATION,3,9,E,BD
05:51:00,Monday,EGLINTON STATION,5,10,N,YU
06:58:00,Monday,FINCH STATION,0,0,S,YU
07:04:00,Monday,NORTH YORK CTR STATION,3,6,S,YU
07:53:00,Monday,ROSEDALE STATION,9,12,N,YU
07:55:00,Monday,DUPONT STATION,3,6,S,YU
07:59:00,Monday,SPADINA YUS STATION,5,8,S,YU
08:06:00,Monday,PIONEER VILLAGE STATIO,0,0,S,YU
08:41:00,Monday,LAWRENCE STATION,5,8,S,YU
09:02:00,Monday,OLD MILL STATION,0,0,E,BD
09:05:00,Monday,EGLINTON STATION,0,0,N,YU
09:10:00,Monday,JANE STATION,0,0,W,BD
09:25:00,Monday,KIPLING STATION,0,0,W,BD
09:47:00,Monday,OSSINGTON STATION,4,7,E,BD
09:53:00,Monday,GREENWOOD YARD,0,0,E,BD
10:24:00,Monday,DAVISVILLE STATION,0,0,S,YU
10:30:00,Monday,SPADINA BD STATION,0,0,E,BD
15:20:00,Monday,DUNDAS STATION,5,10,S,YU
15:45:00,Monday,KEELE STATION,3,6,W,BD
15:53:00,Monday,ROSEDALE STATION,0,0,N,YU
17:19:00,Monday,ST GEORGE BD STATION,0,0,E,BD
17:41:00,Monday,YONGE BD STATION,8,11,W,BD
18:16:00,Monday,DUFFERIN STATION,3,6,W,BD
18:24:00,Monday,FINCH STATION,10,13,S,YU
18:39:00,Monday,EGLINTON STATION,4,7,S,YU
20:20:00,Monday,LAWRENCE STATION,3,8,N,YU
21:13:00,Monday,DUPONT STATION,7,12,N,YU
21:16:00,Monday,LAWRENCE STATION,24,29,S,YU
21:31:00,Monday,MAIN STREET STATION,0,0,E,BD
23:13:00,Monday,OLD MILL STATION,0,0,E,BD
23:29:00,Monday,KEELE STATION,0,0,W,BD
23:44:00,Monday,UNION STATION TO KING,13,18,N,YU
00:10:00,Monday,KENNEDY BD STATION,5,10,W,BD
00:12:00,Monday,ST GEORGE BD STATION,3,8,E,BD
00:43:00,Monday,JANE STATION,0,0,E,BD
01:13:00,Monday,ISLINGTON STATION,0,0,W,BD
01:39:00,Monday,WELLESLEY STATION,0,0,N,YU
06:32:00,Monday,SHEPPARD-YONGE STATION,3,10,E,SHP
19:05:00,Monday,LESLIE STATION,0,0,E,SHP
02:19:00,Tuesday,KENNEDY BD STATION,0,0,E,BD
05:45:00,Tuesday,KIPLING STATION,0,0,E,BD
05:47:00,Tuesday,KIPLING STATION,7,14,E,BD
05:54:00,Tuesday,KIPLING STATION,7,14,E,BD
05:56:00,Tuesday,WILSON STATION,12,15,S,YU
06:11:00,Tuesday,YORKDALE STATION,4,7,S,YU
07:16:00,Tuesday,EGLINTON STATION,5,8,S,YU
07:21:00,Tuesday,GREENWOOD STATION,0,0,E,BD
07:28:00,Tuesday,SPADINA YUS STATION,0,0,N,YU
07:44:00,Tuesday,ROYAL YORK STATION,0,0,E,BD
08:16:00,Tuesday,SHEPPARD WEST STATION,5,8,N,YU
08:40:00,Tuesday,SPADINA BD STATION,0,0,W,BD
08:44:00,Tuesday,DONLANDS STATION,0,0,E,BD
10:00:00,Tuesday,KEELE STATION,0,0,E,BD
10:35:00,Tuesday,FINCH STATION,0,0,S,YU
11:11:00,Tuesday,ST GEORGE BD STATION,3,7,W,BD
11:20:00,Tuesday,VICTORIA PARK STATION,0,0,W,BD
11:24:00,Tuesday,COXWELL STATION,25,29,W,BD
11:25:00,Tuesday,WARDEN STATION,44,48,E,BD
12:05:00,Tuesday,BLOOR STATION,0,0,N,YU
12:25:00,Tuesday,BLOOR STATION,0,0,S,YU
13:42:00,Tuesday,CHESTER STATION,0,0,E,BD
13:58:00,Tuesday,BATHURST STATION,4,8,W,BD
15:03:00,Tuesday,DAVISVILLE STATION,20,25,N,YU
15:08:00,Tuesday,RUNNYMEDE STATION,0,0,W,BD
15:10:00,Tuesday,DUNDAS STATION,0,0,S,YU
15:16:00,Tuesday,DUNDAS STATION,15,20,S,YU
15:26:00,Tuesday,GLENCAIRN STATION,0,0,S,YU
16:10:00,Tuesday,ST CLAIR STATION,6,12,S,YU
16:17:00,Tuesday,ST CLAIR STATION,7,14,S,YU
16:28:00,Tuesday,ST CLAIR STATION,7,14,S,YU
16:38:00,Tuesday,ST CLAIR STATION,6,12,S,YU
16:45:00,Tuesday,ST CLAIR STATION,6,14,S,YU
17:24:00,Tuesday,WILSON STATION,3,6,N,YU
17:35:00,Tuesday,NORTH YORK CTR STATION,9,12,S,YU
17:51:00,Tuesday,ST CLAIR STATION,6,12,S,YU
18:01:00,Tuesday,KEELE STATION,5,8,W,BD
18:02:00,Tuesday,SHEPPARD WEST STATION,0,0,S,YU
18:03:00,Tuesday,KENNEDY BD STATION,0,0,E,BD
18:15:00,Tuesday,GLENCAIRN STATION,5,8,S,YU
18:34:00,Tuesday,ST GEORGE YUS STATION,4,7,S,YU
18:35:00,Tuesday,BLOOR STATION,0,0,S,YU
18:36:00,Tuesday,YONGE BD STATION,0,0,W,BD
18:37:00,Tuesday,ROSEDALE STATION,0,0,N,YU
19:18:00,Tuesday,EGLINTON STATION,3,6,S,YU
19:59:00,Tuesday,ST PATRICK STATION,9,14,S,YU
22:13:00,Tuesday,WOODBINE STATION,0,0,E,BD
22:21:00,Tuesday,UNION STATION ( TOWARD,6,11,N,YU
00:44:00,Tuesday,DONLANDS STATION,3,8,E,BD
01:50:00,Tuesday,COLLEGE STATION,17,22,S,YU
10:03:00,Tuesday,LESLIE STATION,0,0,E,SHP
12:49:00,Tuesday,LESLIE STATION,0,0,E,SHP
15:42:00,Tuesday,LESLIE STATION,0,0,E,SHP
05:54:00,Wednesday,VAUGHAN MC STATION,0,0,S,YU
05:56:00,Wednesday,HIGHWAY 407 STATION,3,6,S,YU
06:36:00,Wednesday,FINCH STATION,0,0,S,YU
06:41:00,Wednesday,DONLANDS STATION,0,0,W,BD
06:53:00,Wednesday,LAWRENCE WEST STATION,3,6,S,YU
07:08:00,Wednesday,BLOOR STATION,0,0,S,YU
07:16:00,Wednesday,DUPONT STATION,26,29,S,YU
07:28:00,Wednesday,KING STATION,4,7,N,YU
07:31:00,Wednesday,UNION STATION TOWARDS,4,7,N,YU
07:57:00,Wednesday,DUNDAS STATION,5,8,S,YU
08:12:00,Wednesday,YORK MILLS STATION,5,8,S,YU
08:46:00,Wednesday,YORK MILLS STATION,0,0,S,YU
08:58:00,Wednesday,LAWRENCE STATION,6,9,S,YU
09:07:00,Wednesday,WELLESLEY STATION,38,43,N,YU
09:16:00,Wednesday,EGLINTON STATION,4,7,S,YU
09:46:00,Wednesday,PAPE STATION,12,23,N,BD
10:04:00,Wednesday,OSSINGTON STATION,4,8,E,BD
11:01:00,Wednesday,YONGE BD STATION,5,9,E,BD
12:16:00,Wednesday,WARDEN STATION,25,29,E,BD
12:44:00,Wednesday,FINCH STATION,0,0,S,YU
12:45:00,Wednesday,QUEEN STATION,0,0,N,YU
12:59:00,Wednesday,VICTORIA PARK STATION,11,15,W,BD
13:04:00,Wednesday,ST CLAIR WEST STATION,0,0,S,YU
13:19:00,Wednesday,YONGE BD STATION,0,0,W,BD
13:36:00,Wednesday,EGLINTON STATION,0,0,N,YU
13:40:00,Wednesday,SHERBOURNE STATION,11,15,E,BD
13:52:00,Wednesday,VICTORIA PARK STATION,0,0,E,BD
13:53:00,Wednesday,NORTH YORK CTR STATION,0,0,N,YU
14:47:00,Wednesday,BLOOR STATION,3,8,S,YU
15:24:00,Wednesday,YORK UNIVERSITY STATIO,0,0,S,YU
15:38:00,Wednesday,YORKDALE STATION,0,0,S,YU
15:41:00,Wednesday,BLOOR STATION,11,16,S,YU
15:49:00,Wednesday,KEELE STATION,7,10,W,BD
16:10:00,Wednesday,QUEEN STATION,0,0,N,YU
16:19:00,Wednesday,EGLINTON STATION,0,0,S,YU
16:51:00,Wednesday,BLOOR STATION,0,0,N,YU
17:23:00,Wednesday,ST ANDREW STATION,0,0,N,YU
17:30:00,Wednesday,COXWELL STATION,0,0,E,BD
18:47:00,Wednesday,BAY STATION,0,0,E,BD
19:52:00,Wednesday,SHEPPARD WEST STATION,4,9,S,YU
20:17:00,Wednesday,WARDEN STATION,0,0,W,BD
20:50:00,Wednesday,BLOOR STATION,8,13,S,YU
20:52:00,Wednesday,BLOOR STATION,40,45,S,YU
20:56:00,Wednesday,VICTORIA PARK STATION,4,9,W,BD
22:41:00,Wednesday,HIGHWAY 407 STATION,4,9,N,YU
01:30:00,Wednesday,ST GEORGE YUS STATION,0,0,S,YU
02:18:00,Thursday,SPADINA BD STATION,0,0,W,BD
03:35:00,Thursday,ST CLAIR STATION,0,0,N,YU
05:48:00,Thursday,VICTORIA PARK STATION,0,0,W,BD
06:26:00,Thursday,EGLINTON STATION,5,10,N,YU
06:45:00,Thursday,CHESTER STATION,3,5,E,BD
06:54:00,Thursday,KEELE STATION,0,0,W,BD
07:03:00,Thursday,YONGE BD STATION,4,6,W,BD
07:06:00,Thursday,VAUGHAN MC STATION,0,0,S,YU
07:09:00,Thursday,HIGHWAY 407 STATION,5,8,S,YU
07:14:00,Thursday,BROADVIEW STATION,3,5,W,BD
07:15:00,Thursday,WELLESLEY STATION,4,7,N,YU
07:20:00,Thursday,DUNDAS STATION,0,0,S,YU
07:29:00,Thursday,BLOOR STATION,4,7,N,YU
08:25:00,Thursday,VAUGHAN MC STATION,0,0,S,YU
08:38:00,Thursday,EGLINTON STATION,3,6,S,YU
08:59:00,Thursday,CHESTER STATION,11,13,E,BD
09:00:00,Thursday,COLLEGE STATION,0,0,S,YU
09:29:00,Thursday,MAIN STREET STATION,0,0,W,BD
09:49:00,Thursday,COLLEGE STATION,14,17,S,YU
09:52:00,Thursday,DAVISVILLE STATION,5,10,S,YU
10:41:00,Thursday,UNION STATION,4,7,N,YU
11:40:00,Thursday,OLD MILL STATION,126,130,E,BD
11:49:00,Thursday,EGLINTON STATION,3,8,N,YU
12:17:00,Thursday,WARDEN STATION,0,0,W,BD
12:36:00,Thursday,JANE STATION,0,0,W,BD
13:20:00,Thursday,ISLINGTON STATION,4,8,W,BD
13:37:00,Thursday,RUNNYMEDE STATION,0,0,E,BD
13:43:00,Thursday,FINCH STATION,17,22,N,YU
13:47:00,Thursday,WARDEN STATION,0,0,E,BD
14:10:00,Thursday,KIPLING STATION,5,9,E,BD
14:20:00,Thursday,BATHURST STATION,17,21,W,BD
14:55:00,Thursday,ST CLAIR STATION,4,9,N,YU
16:14:00,Thursday,SHERBOURNE STATION,0,0,W,BD
16:16:00,Thursday,BLOOR STATION,4,7,N,YU
16:59:00,Thursday,ST CLAIR STATION,0,0,N,YU
17:08:00,Thursday,BLOOR STATION,0,0,S,YU
17:20:00,Thursday,UNION TO KING STATION,0,0,N,YU
18:00:00,Thursday,KIPLING STATION,23,26,W,BD
18:50:00,Thursday,EGLINTON STATION,0,0,N,YU
19:06:00,Thursday,JANE STATION,3,6,E,BD
19:53:00,Thursday,KIPLING STATION,3,8,E,BD
20:26:00,Thursday,UNION STATION TOWARD K,0,0,N,YU
20:37:00,Thursday,KING STATION,0,0,N,YU
20:37:00,Thursday,UNION STATION (TO KING,0,0,N,YU
20:55:00,Thursday,QUEEN STATION,6,11,S,YU
22:18:00,Thursday,MAIN STREET STATION,7,12,W,BD
22:21:00,Thursday,GLENCAIRN STATION,4,9,N,YU
22:30:00,Thursday,HIGH PARK STATION,0,0,W,BD
22:35:00,Thursday,KENNEDY BD STATION,27,32,E,BD
22:49:00,Thursday,CHESTER STATION,0,0,W,BD
22:56:00,Thursday,JANE STATION,0,0,E,BD
23:18:00,Thursday,SHERBOURNE STATION,30,35,E,BD
23:29:00,Thursday,DUNDAS STATION,0,0,N,YU
01:06:00,Thursday,FINCH WEST STATION,0,0,S,YU
20:00:00,Thursday,BAYVIEW STATION,0,0,E,SHP
02:09:00,Friday,FINCH STATION,0,0,S,YU
02:14:00,Friday,KIPLING STATION,0,0,E,BD
02:25:00,Friday,KIPLING STATION,0,0,W,BD
05:48:00,Friday,GREENWOOD STATION,0,0,W,BD
05:52:00,Friday,VAUGHAN MC STATION,0,0,S,YU
06:02:00,Friday,KIPLING STATION,7,12,E,BD
06:12:00,Friday,GREENWOOD STATION,3,6,E,BD
06:23:00,Friday,GREENWOOD YARD,0,0,W,BD
06:34:00,Friday,DONLANDS STATION,0,0,W,BD
06:38:00,Friday,DONLANDS STATION,0,0,W,BD
06:49:00,Friday,DONLANDS STATION,3,6,W,BD
07:34:00,Friday,FINCH WEST STATION,0,0,N,YU
08:17:00,Friday,KENNEDY BD STATION,0,0,E,BD
09:20:00,Friday,LAWRENCE STATION,0,0,N,YU
09:49:00,Friday,KENNEDY BD STATION,4,8,E,BD
11:07:00,Friday,COXWELL STATION,0,0,W,BD
11:17:00,Friday,ISLINGTON STATION,6,10,W,BD
11:28:00,Friday,UNION STATION,15,20,N,YU
11:40:00,Friday,COLLEGE STATION,7,12,N,YU
11:54:00,Friday,ST PATRICK STATION,0,0,S,YU
12:59:00,Friday,BAY STATION,0,0,W,BD
14:15:00,Friday,PAPE STATION,4,8,E,BD
14:19:00,Friday,VICTORIA PARK STATION,0,0,W,BD
14:29:00,Friday,HIGHWAY 407 STATION,0,0,N,YU
15:08:00,Friday,KENNEDY BD STATION,3,6,W,BD
15:21:00,Friday,KEELE STATION,0,0,W,BD
15:31:00,Friday,KEELE STATION,0,0,W,BD
17:07:00,Friday,BLOOR STATION,15,18,S,YU
17:13:00,Friday,OSGOODE STATION,8,11,N,YU
17:24:00,Friday,ST GEORGE YUS STATION,12,15,N,YU
17:29:00,Friday,ST GEORGE BD STATION,0,0,E,BD
18:37:00,Friday,BAY STATION,3,6,W,BD
19:13:00,Friday,KENNEDY BD STATION,5,10,W,BD
19:32:00,Friday,WILSON STATION,6,9,N,YU
19:45:00,Friday,FINCH STATION,3,8,S,YU
20:13:00,Friday,QUEEN STATION,3,8,N,YU
20:15:00,Friday,DUNDAS WEST STATION,3,8,W,BD
22:22:00,Friday,SPADINA BD STATION,0,0,W,BD
22:40:00,Friday,SPADINA BD STATION,15,20,E,BD
23:18:00,Friday,ST GEORGE YUS STATION,0,0,S,YU
23:33:00,Friday,DUPONT STATION,0,0,N,YU
23:38:00,Friday,OSSINGTON STATION,0,0,W,BD
23:44:00,Friday,WARDEN STATION,0,0,W,BD
00:20:00,Friday,YONGE BD STATION,0,0,E,BD
05:54:00,Friday,LESLIE STATION,0,0,E,SHP
20:57:00,Friday,LESLIE STATION,0,0,W,SHP
02:03:00,Saturday,COXWELL STATION,0,0,W,BD
06:37:00,Saturday,GLENCAIRN STATION,5,11,N,YU
07:43:00,Saturday,WOODBINE STATION (LEAV,0,0,W,BD
08:36:00,Saturday,QUEEN STATION,22,28,S,YU
09:31:00,Saturday,CASTLE FRANK STATION,0,0,W,BD
10:59:00,Saturday,VICTORIA PARK STATION,4,9,E,BD
11:51:00,Saturday,BLOOR STATION,0,0,N,YU
11:52:00,Saturday,YONGE BD STATION,0,0,W,BD
12:34:00,Saturday,FINCH WEST STATION,8,12,N,YU
13:09:00,Saturday,SUMMERHILL STATION,3,7,N,YU
13:24:00,Saturday,SUMMERHILL STATION,3,8,N,YU
13:33:00,Saturday,SUMMERHILL STATION,6,10,N,YU
13:36:00,Saturday,SUMMERHILL STATION,8,12,S,YU
14:09:00,Saturday,DUNDAS STATION,0,0,S,YU
14:13:00,Saturday,COXWELL STATION,4,8,W,BD
16:44:00,Saturday,ST GEORGE BD STATION,5,10,E,BD
18:02:00,Saturday,VAUGHAN MC STATION,3,8,S,YU
19:00:00,Saturday,YONGE BD STATION,4,8,W,BD
19:29:00,Saturday,UNION STATION TO KING,4,9,N,YU
19:47:00,Saturday,FINCH STATION,5,10,S,YU
20:09:00,Saturday,WILSON STATION,0,0,S,YU
20:15:00,Saturday,PAPE STATION,0,0,W,BD
21:43:00,Saturday,ST GEORGE YUS STATION,0,0,E,YU
22:35:00,Saturday,BLOOR STATION,0,0,N,YU
22:52:00,Saturday,LAWRENCE STATION,6,11,N,YU
23:20:00,Saturday,YORKDALE STATION,0,0,S,YU
00:30:00,Saturday,COLLEGE STATION,0,0,N,YU
00:56:00,Saturday,QUEEN STATION,0,0,N,YU
01:24:00,Saturday,WARDEN STATION,4,8,W,BD
07:44:00,Sunday,DUNDAS STATION,0,0,N,YU
07:49:00,Sunday,EGLINTON WEST STATION,6,0,S,YU
08:34:00,Sunday,DAVISVILLE STATION,0,0,N,YU
09:37:00,Sunday,ROYAL YORK STATION,0,0,W,BD
09:45:00,Sunday,JANE STATION,0,0,W,BD
10:36:00,Sunday,WARDEN STATION,6,11,E,BD
10:50:00,Sunday,KEELE STATION,5,10,E,BD
11:28:00,Sunday,DUFFERIN STATION,4,9,E,BD
11:40:00,Sunday,OSSINGTON STATION,5,10,E,BD
13:06:00,Sunday,BROADVIEW STATION,3,8,W,BD
13:10:00,Sunday,BATHURST STATION,0,0,E,BD
13:21:00,Sunday,YORK MILLS STATION,3,7,S,YU
13:31:00,Sunday,KEELE STATION,3,8,E,BD
14:11:00,Sunday,ST CLAIR STATION,4,8,N,YU
14:46:00,Sunday,GLENCAIRN STATION,16,20,N,YU
15:59:00,Sunday,BLOOR STATION,0,0,S,YU
16:11:00,Sunday,ROSEDALE STATION,3,7,S,YU
16:35:00,Sunday,DUNDAS STATION,0,0,N,YU
18:08:00,Sunday,COXWELL STATION,0,0,E,BD
19:24:00,Sunday,WARDEN STATION,6,11,W,BD
19:59:00,Sunday,YORK MILLS STATION,4,10,S,YU
20:16:00,Sunday,BATHURST STATION,0,0,W,BD
20:34:00,Sunday,LAWRENCE WEST STATION,0,0,N,YU
20:46:00,Sunday,CASTLE FRANK STATION,57,62,W,BD
21:02:00,Sunday,WOODBINE STATION,0,0,W,BD
21:22:00,Sunday,BLOOR STATION,0,0,N,YU
21:23:00,Sunday,QUEEN STATION,7,13,N,YU
21:27:00,Sunday,DUPONT STATION TO SPAD,0,0,S,YU
21:29:00,Sunday,DUNDAS STATION,0,0,S,YU
21:58:00,Sunday,LANSDOWNE STATION,0,0,E,BD
22:01:00,Sunday,DUNDAS STATION,0,0,N,YU
22:05:00,Sunday,EGLINTON WEST STATION,0,0,S,YU
22:27:00,Sunday,DAVISVILLE STATION,0,0,N,YU
23:01:00,Sunday,DUPONT TO SPADINA,0,0,S,YU
23:18:00,Sunday,SHEPPARD STATION,3,9,S,YU
23:19:00,Sunday,BLOOR STATION,0,0,N,YU
23:56:00,Sunday,YONGE BD STATION,0,0,W,BD
00:01:00,Sunday,MUSEUM STATION,4,10,N,YU
01:09:00,Sunday,WELLESLEY STATION,4,10,S,YU
01:40:00,Sunday,DON MILLS STATION,3,10,W,SHP
05:54:00,Monday,KIPLING STATION,7,14,E,BD
06:12:00,Monday,KENNEDY BD STATION,3,6,E,BD
07:01:00,Monday,FINCH STATION,3,6,S,YU
07:12:00,Monday,FINCH STATION,9,12,S,YU
07:20:00,Monday,CHRISTIE STATION,0,0,E,BD
07:27:00,Monday,DONLANDS STATION,2,4,W,BD
07:28:00,Monday,DUPONT STATION,0,0,N,YU
07:34:00,Monday,BLOOR STATION,0,0,S,YU
07:41:00,Monday,HIGH PARK STATION,0,0,E,BD
07:48:00,Monday,DONLANDS STATION,0,0,W,BD
08:15:00,Monday,DUNDAS STATION,0,0,S,YU
08:24:00,Monday,OSSINGTON STATION,0,0,E,BD
08:43:00,Monday,KENNEDY BD STATION,4,6,E,BD
08:58:00,Monday,YORK MILLS STATION,5,8,S,YU
09:06:00,Monday,DUPONT STATION,10,13,S,YU
09:14:00,Monday,QUEEN STATION,3,6,N,YU
09:18:00,Monday,UNION STATION,5,8,N,YU
10:26:00,Monday,KIPLING STATION,0,0,W,BD
10:31:00,Monday,SPADINA BD STATION,3,7,E,BD
10:37:00,Monday,ST GEORGE BD STATION,0,0,E,BD
10:48:00,Monday,QUEEN'S PARK STATION,4,8,N,YU
11:05:00,Monday,QUEEN'S PARK STATION,5,10,S,YU
11:10:00,Monday,ST GEORGE YUS STATION,0,0,N,YU
11:57:00,Monday,DUPONT STATION,4,9,S,YU
13:17:00,Monday,OSSINGTON STATION,0,0,E,BD
13:20:00,Monday,WILSON STATION,5,10,N,YU
13:29:00,Monday,VAUGHAN MC STATION,5,10,S,YU
14:02:00,Monday,QUEEN STATION,0,0,N,YU
14:28:00,Monday,FINCH WEST STATION,0,0,S,YU
14:59:00,Monday,PAPE STATION,0,0,W,BD
15:26:00,Monday,YONGE BD STATION,3,7,W,BD
15:46:00,Monday,DUPONT STATION,5,10,S,YU
16:03:00,Monday,DUFFERIN STATION,3,6,W,BD
16:31:00,Monday,CHRISTIE STATION,0,0,E,BD
16:35:00,Monday,ST PATRICK STATION,0,0,N,YU
16:54:00,Monday,ST GEORGE BD STATION,5,8,W,BD
17:05:00,Monday,BLOOR STATION,0,0,S,YU
17:17:00,Monday,WILSON STATION,10,13,S,YU
17:22:00,Monday,LAWRENCE STATION,0,0,S,YU
17:30:00,Monday,YORKDALE STATION,14,17,S,YU
17:34:00,Monday,SHEPPARD WEST STATION,18,21,N,YU
18:07:00,Monday,WILSON STATION,10,13,N,YU
18:08:00,Monday,EGLINTON WEST STATION,9,12,S,YU
18:25:00,Monday,UNION STATION,5,8,S,YU
18:27:00,Monday,ISLINGTON STATION,0,0,E,BD
18:37:00,Monday,UNION STATION,6,9,N,YU
18:41:00,Monday,SHEPPARD STATION,5,8,S,YU
20:29:00,Monday,UNION STATION,0,0,N,YU
20:58:00,Monday,LAWRENCE STATION,4,9,N,YU
21:33:00,Monday,KENNEDY BD STATION,6,12,W,BD
22:00:00,Monday,KENNEDY BD STATION,10,16,W,BD
22:03:00,Monday,QUEEN STATION,7,12,S,YU
23:34:00,Monday,DUNDAS STATION,4,9,N,YU
01:00:00,Monday,ST GEORGE BD STATION,0,0,E,BD
02:32:00,Tuesday,KIPLING STATION,7,14,E,BD
05:54:00,Tuesday,KIPLING STATION,7,14,E,BD
06:02:00,Tuesday,UNION STATION,5,0,N,YU
06:36:00,Tuesday,RUNNYMEDE STATION,0,0,E,BD
07:29:00,Tuesday,CASTLE FRANK STATION,0,0,W,BD
07:40:00,Tuesday,ROYAL YORK STATION,7,9,E,BD
08:22:00,Tuesday,DUNDAS STATION,17,20,S,YU
08:38:00,Tuesday,QUEEN STATION,8,11,N,YU
09:26:00,Tuesday,CHRISTIE STATION,0,0,E,BD
09:28:00,Tuesday,ST PATRICK STATION,0,0,N,YU
10:48:00,Tuesday,EGLINTON WEST STATION,3,8,S,YU
11:06:00,Tuesday,LAWRENCE STATION,3,8,S,YU
11:18:00,Tuesday,NORTH YORK CTR STATION,6,11,N,YU
11:19:00,Tuesday,PAPE STATION,0,0,W,BD
11:30:00,Tuesday,SPADINA YUS STATION,0,0,S,YU
11:31:00,Tuesday,LAWRENCE STATION,0,0,N,YU
11:36:00,Tuesday,SHEPPARD STATION,4,9,N,YU
11:50:00,Tuesday,SHEPPARD STATION,0,0,N,YU
12:05:00,Tuesday,WELLESLEY STATION,0,0,S,YU
12:07:00,Tuesday,WARDEN STATION,0,0,W,BD
12:27:00,Tuesday,OLD MILL STATION,4,8,E,BD
12:27:00,Tuesday,SHERBOURNE STATION,0,0,E,BD
12:41:00,Tuesday,KIPLING TO OLD MILL,197,201,W,BD
12:44:00,Tuesday,UNION STATION,0,0,N,YU
12:47:00,Tuesday,GLENCAIRN STATION,7,12,S,YU
12:51:00,Tuesday,ST ANDREW STATION,37,42,N,YU
13:05:00,Tuesday,GLENCAIRN STATION,0,0,S,YU
13:10:00,Tuesday,DUNDAS STATION,4,9,S,YU
13:12:00,Tuesday,GLENCAIRN STATION,10,15,N,YU
13:22:00,Tuesday,EGLINTON STATION,8,13,S,YU
13:32:00,Tuesday,ST GEORGE BD STATION,3,7,W,BD
13:49:00,Tuesday,OSGOODE STATION,29,34,S,YU
13:57:00,Tuesday,VAUGHAN MC STATION,5,10,S,YU
14:37:00,Tuesday,SHEPPARD STATION,4,9,N,YU
14:41:00,Tuesday,ST CLAIR STATION,4,9,S,YU
15:05:00,Tuesday,JANE STATION,0,0,E,BD
15:51:00,Tuesday,DUNDAS WEST STATION,0,0,W,BD
15:58:00,Tuesday,DUFFERIN STATION,3,6,E,BD
16:00:00,Tuesday,OLD MILL STATION,340,344,E,BD
16:47:00,Tuesday,KENNEDY BD STATION,7,11,W,BD
17:23:00,Tuesday,COLLEGE STATION,7,10,N,YU
17:25:00,Tuesday,LAWRENCE WEST STATION,0,0,N,YU
17:52:00,Tuesday,CHRISTIE STATION,0,0,W,BD
18:21:00,Tuesday,YORKDALE STATION,0,0,N,YU
18:22:00,Tuesday,EGLINTON STATION,6,9,S,YU
18:24:00,Tuesday,GLENCAIRN STATION,8,11,S,YU
18:59:00,Tuesday,DUPONT STATION,30,35,S,YU
19:32:00,Tuesday,YORKDALE STATION,0,0,N,YU
19:45:00,Tuesday,ST CLAIR WEST TO DUPON,4,9,S,YU
20:03:00,Tuesday,NORTH YORK CTR STATION,0,0,N,YU
21:26:00,Tuesday,GLENCAIRN STATION,0,0,N,YU
21:29:00,Tuesday,EGLINTON WEST STATION,3,8,S,YU
21:38:00,Tuesday,SPADINA BD STATION,0,0,E,BD
22:11:00,Tuesday,OLD MILL STATION,0,0,E,BD
22:41:00,Tuesday,SPADINA BD STATION,0,0,W,BD
00:46:00,Tuesday,VICTORIA PARK STATION,0,0,W,BD
01:59:00,Tuesday,WELLESLEY STATION,0,0,N,YU
10:22:00,Tuesday,SHEPPARD-YONGE STATION,7,14,E,SHP
18:35:00,Tuesday,BESSARION STATION,0,0,E,SHP
02:11:00,Wednesday,KENNEDY BD STATION,0,0,E,BD
05:27:00,Wednesday,DAVISVILLE STATION,0,0,N,YU
06:47:00,Wednesday,WILSON STATION,5,0,N,YU
08:08:00,Wednesday,BLOOR STATION,3,6,N,YU
09:21:00,Wednesday,BLOOR STATION,0,0,S,YU
09:30:00,Wednesday,KIPLING STATION,0,0,W,BD
09:38:00,Wednesday,SHERBOURNE STATION,5,9,W,BD
09:45:00,Wednesday,SHERBOURNE STATION,3,7,E,BD
10:15:00,Wednesday,DUFFERIN STATION,0,0,W,BD
10:48:00,Wednesday,SPADINA BD STATION,0,0,W,BD
11:04:00,Wednesday,DUNDAS STATION,0,0,N,YU
11:05:00,Wednesday,PAPE STATION,0,0,W,BD
11:58:00,Wednesday,ISLINGTON STATION,0,0,W,BD
12:45:00,Wednesday,WOODBINE STATION,0,0,W,BD
12:55:00,Wednesday,VAUGHAN MC STATION,0,0,N,YU
13:24:00,Wednesday,FINCH WEST STATION,5,10,N,YU
14:16:00,Wednesday,KIPLING STATION,4,8,E,BD
14:28:00,Wednesday,DUFFERIN STATION,0,0,W,BD
14:35:00,Wednesday,KEELE STATION,0,0,W,BD
15:49:00,Wednesday,BLOOR STATION,0,0,S,YU
15:52:00,Wednesday,SHEPPARD WEST STATION,0,0,S,YU
16:08:00,Wednesday,PIONEER VILLAGE STATIO,0,0,S,YU
16:35:00,Wednesday,YORKDALE STATION,10,13,N,YU
16:42:00,Wednesday,COXWELL STATION,3,6,W,BD
16:50:00,Wednesday,YORKDALE STATION,3,6,N,YU
17:05:00,Wednesday,PAPE STATION,3,6,W,BD
17:08:00,Wednesday,ISLINGTON STATION,18,21,E,BD
17:36:00,Wednesday,ROSEDALE STATION,0,0,S,YU
17:45:00,Wednesday,EGLINTON STATION,3,6,N,YU
18:31:00,Wednesday,MUSEUM STATION,0,0,N,YU
18:48:00,Wednesday,SPADINA YUS STATION,0,0,N,YU
19:54:00,Wednesday,CHRISTIE STATION,0,0,E,BD
20:30:00,Wednesday,BROADVIEW STATION,0,0,E,BD
20:44:00,Wednesday,LANSDOWNE STATION,4,9,W,BD
21:15:00,Wednesday,GREENWOOD STATION,0,0,E,BD
22:16:00,Wednesday,WOODBINE STATION,5,10,W,BD
22:31:00,Wednesday,LAWRENCE WEST STATION,0,0,N,YU
23:29:00,Wednesday,UNION STATION,6,11,N,YU
00:13:00,Wednesday,DOWNSVIEW PARK STATION,3,8,S,YU
01:13:00,Wednesday,ST CLAIR WEST STATION,0,0,N,YU
01:15:00,Wednesday,VICTORIA PARK STATION,3,8,E,BD
05:26:00,Thursday,DUNDAS STATION,0,0,N,YU
05:41:00,Thursday,EGLINTON STATION,5,10,N,YU
05:51:00,Thursday,EGLINTON STATION,5,10,N,YU
05:55:00,Thursday,LAWRENCE STATION,6,11,N,YU
06:01:00,Thursday,ST GEORGE YUS STATION,9,0,S,YU
06:11:00,Thursday,LAWRENCE STATION,6,11,N,YU
06:21:00,Thursday,GREENWOOD STATION,16,21,E,BD
06:28:00,Thursday,DUNDAS STATION,0,0,S,YU
06:51:00,Thursday,ST GEORGE BD STATION,7,12,E,BD
07:03:00,Thursday,WILSON STATION,3,6,S,YU
07:12:00,Thursday,ISLINGTON STATION,0,0,E,BD
07:24:00,Thursday,KING STATION,5,8,N,YU
07:30:00,Thursday,ROYAL YORK STATION,0,0,E,BD
07:32:00,Thursday,SUMMERHILL STATION,34,37,S,YU
08:12:00,Thursday,DAVISVILLE STATION,6,9,S,YU
08:28:00,Thursday,ST GEORGE BD STATION,18,20,E,BD
08:48:00,Thursday,SHERBOURNE STATION,3,5,W,BD
08:54:00,Thursday,DUFFERIN STATION,0,0,E,BD
10:59:00,Thursday,DUPONT STATION,10,15,S,YU
11:13:00,Thursday,YORK MILLS STATION,14,19,N,YU
11:53:00,Thursday,YONGE BD STATION,3,7,W,BD
12:33:00,Thursday,HIGHWAY 407 STATION,3,8,S,YU
12:52:00,Thursday,OSSINGTON STATION,7,11,W,BD
13:01:00,Thursday,VICTORIA PARK STATION,0,0,W,BD
13:06:00,Thursday,EGLINTON WEST STATION,24,29,S,YU
14:30:00,Thursday,KENNEDY BD STATION,0,0,W,BD
14:50:00,Thursday,SHERBOURNE STATION,17,20,E,BD
14:51:00,Thursday,OLD MILL STATION,0,0,W,BD
15:14:00,Thursday,UNION STATION,4,9,S,YU
16:07:00,Thursday,DUNDAS WEST STATION,3,7,W,BD
16:11:00,Thursday,CASTLE FRANK STATION,0,0,W,BD
16:52:00,Thursday,DAVISVILLE STATION,3,6,S,YU
17:11:00,Thursday,ST PATRICK STATION,0,0,N,YU
18:03:00,Thursday,DOWNSVIEW PARK STATION,5,8,N,YU
18:37:00,Thursday,COXWELL STATION,0,0,E,BD
19:30:00,Thursday,UNION STATION,23,28,N,YU
19:53:00,Thursday,KENNEDY BD STATION,5,10,E,BD
20:10:00,Thursday,COXWELL STATION,5,10,W,BD
20:41:00,Thursday,KIPLING STATION,5,10,W,BD
21:03:00,Thursday,ST CLAIR STATION,0,0,N,YU
22:22:00,Thursday,DAVISVILLE STATION,0,0,S,YU
22:36:00,Thursday,KENNEDY BD STATION,0,0,E,BD
23:22:00,Thursday,CASTLE FRANK STATION,12,17,E,BD
01:16:00,Thursday,EGLINTON STATION,19,24,N,YU
01:39:00,Thursday,FINCH WEST STATION,0,0,N,YU
18:51:00,Thursday,SHEPPARD-YONGE STATION,0,0,W,SHP
05:37:00,Friday,GREENWOOD STATION,0,0,E,BD
07:55:00,Friday,COLLEGE STATION,3,6,S,YU
08:12:00,Friday,ST GEORGE YUS STATION,4,7,S,YU
08:18:00,Friday,EGLINTON WEST STATION,0,0,S,YU
08:24:00,Friday,DUNDAS STATION,3,6,S,YU
08:53:00,Friday,WOODBINE STATION,0,0,E,BD
09:12:00,Friday,SHERBOURNE STATION,0,0,E,BD
10:47:00,Friday,EGLINTON STATION,3,8,N,YU
10:51:00,Friday,FINCH WEST STATION,0,0,S,YU
10:56:00,Friday,FINCH WEST STATION,0,0,S,YU
11:59:00,Friday,VICTORIA PARK STATION,0,0,E,BD
12:50:00,Friday,KIPLING STATION,4,8,E,BD
13:32:00,Friday,SPADINA BD STATION,0,0,W,BD
14:38:00,Friday,PIONEER VILLAGE STATIO,0,0,S,YU
15:26:00,Friday,COXWELL STATION,0,0,E,BD
15:58:00,Friday,BATHURST STATION,4,7,W,BD
16:03:00,Friday,KIPLING STATION,4,7,E,BD
16:10:00,Friday,DAVISVILLE BUILD UP,0,0,S,YU
16:42:00,Friday,KIPLING STATION,6,9,E,BD
17:54:00,Friday,QUEEN STATION,5,8,S,YU
18:22:00,Friday,GREENWOOD STATION,0,0,E,BD
18:22:00,Friday,KENNEDY BD STATION,0,0,W,BD
18:39:00,Friday,BLOOR STATION,3,6,N,YU
19:05:00,Friday,VAUGHAN MC STATION,10,15,S,YU
19:15:00,Friday,YONGE BD STATION,4,9,W,BD
19:25:00,Friday,ROYAL YORK STATION,0,0,E,BD
19:28:00,Friday,HIGHWAY 407 STATION,13,18,S,YU
19:40:00,Friday,DUFFERIN STATION,3,8,W,BD
20:38:00,Friday,ST ANDREW STATION,16,21,N,YU
20:39:00,Friday,OLD MILL STATION,0,0,E,BD
21:09:00,Friday,DUNDAS STATION,0,0,S,YU
22:19:00,Friday,KENNEDY BD STATION,15,20,W,BD
22:48:00,Friday,CHRISTIE STATION,3,8,W,BD
23:08:00,Friday,ST CLAIR WEST STATION,5,10,S,YU
00:30:00,Friday,KENNEDY BD STATION,3,8,W,BD
01:05:00,Friday,ST CLAIR WEST STATION,5,10,S,YU
02:28:00,Saturday,KENNEDY BD STATION,0,0,E,BD
06:09:00,Saturday,UNION STATION TO ST. A,3,0,N,YU
06:28:00,Saturday,VICTORIA PARK STATION,3,8,E,BD
07:19:00,Saturday,VICTORIA PARK STATION,4,9,E,BD
08:26:00,Saturday,GLENCAIRN STATION,0,0,S,YU
09:51:00,Saturday,WARDEN STATION,0,0,W,BD
10:09:00,Saturday,BLOOR STATION,0,0,S,YU
10:24:00,Saturday,ST CLAIR STATION,0,0,S,YU
11:07:00,Saturday,LANSDOWNE STATION,12,17,E,BD
11:24:00,Saturday,YONGE BD STATION,0,0,W,BD
12:05:00,Saturday,YORK UNIVERSITY STATIO,0,0,N,YU
12:08:00,Saturday,EGLINTON STATION,0,0,S,YU
13:02:00,Saturday,ROYAL YORK STATION,3,7,E,BD
13:12:00,Saturday,KENNEDY BD STATION,3,7,E,BD
14:07:00,Saturday,YONGE BD STATION,0,0,W,BD
14:22:00,Saturday,BLOOR STATION,0,0,S,YU
14:49:00,Saturday,EGLINTON WEST STATION,16,20,S,YU
15:07:00,Saturday,ST CLAIR STATION,5,8,N,YU
15:36:00,Saturday,YORK UNIVERSITY STATIO,3,7,N,YU
15:37:00,Saturday,YORK UNIVERSITY STATIO,4,8,S,YU
15:39:00,Saturday,YORK UNIVERSITY STATIO,0,0,N,YU
18:18:00,Saturday,MAIN STREET STATION,0,0,W,BD
18:46:00,Saturday,VAUGHAN MC STATION,5,10,S,YU
19:37:00,Saturday,YONGE BD STATION,0,0,W,BD
20:16:00,Saturday,COXWELL STATION,6,11,W,BD
20:43:00,Saturday,WELLESLEY STATION,7,12,N,YU
20:43:00,Saturday,MAIN STREET STATION,0,0,W,BD
21:23:00,Saturday,ROSEDALE STATION,0,0,N,YU
22:13:00,Saturday,SUMMERHILL STATION,10,15,S,YU
22:18:00,Saturday,SPADINA YUS STATION,5,10,S,YU
00:10:00,Saturday,BATHURST STATION,0,0,W,BD
01:05:00,Saturday,ST PATRICK STATION,0,0,N,YU
01:25:00,Saturday,KENNEDY BD STATION,3,9,E,BD
13:52:00,Saturday,DON MILLS STATION,21,28,W,SHP
14:08:00,Saturday,LESLIE STATION,7,14,E,SHP
14:35:00,Saturday,DON MILLS STATION,10,17,W,SHP
16:17:00,Saturday,SHEPPARD-YONGE STATION,0,0,E,SHP
08:02:00,Sunday,KEELE STATION,0,0,W,BD
08:19:00,Sunday,KIPLING STATION,4,8,E,BD
10:38:00,Sunday,DUNDAS STATION,5,9,N,YU
11:13:00,Sunday,DUNDAS STATION,7,11,N,YU
11:19:00,Sunday,OLD MILL STATION,0,0,W,BD
11:58:00,Sunday,DUPONT STATION,0,0,S,YU
12:01:00,Sunday,BLOOR STATION,6,10,N,YU
12:15:00,Sunday,ST CLAIR STATION,0,0,S,YU
13:23:00,Sunday,OLD MILL STATION,0,0,W,BD
14:24:00,Sunday,GREENWOOD STATION,10,14,W,BD
14:40:00,Sunday,VAUGHAN MC STATION,0,0,S,YU
14:40:00,Sunday,OLD MILL STATION,0,0,W,BD
14:47:00,Sunday,KIPLING TO ISLINGTON S,0,0,E,BD
15:06:00,Sunday,EGLINTON WEST STATION,7,11,N,YU
15:13:00,Sunday,OLD MILL STATION,4,8,W,BD
15:13:00,Sunday,BROADVIEW STATION,7,11,W,BD
15:23:00,Sunday,DUNDAS WEST STATION,0,0,E,BD
15:23:00,Sunday,BLOOR STATION,6,10,S,YU
15:46:00,Sunday,CHESTER STATION,0,0,E,BD
17:31:00,Sunday,DUNDAS STATION,0,0,N,YU
17:36:00,Sunday,DUNDAS STATION,0,0,N,YU
19:19:00,Sunday,ROSEDALE STATION,13,19,N,YU
19:33:00,Sunday,WELLESLEY STATION,0,0,S,YU
20:45:00,Sunday,MAIN STREET STATION,0,0,E,BD
21:35:00,Sunday,SPADINA YUS STATION,7,13,S,YU
22:10:00,Sunday,WELLESLEY STATION,0,0,S,YU
22:41:00,Sunday,KENNEDY BD STATION,3,9,W,BD
23:25:00,Sunday,ST CLAIR STATION,0,0,N,YU
23:30:00,Sunday,BLOOR STATION,0,0,S,YU
01:32:00,Sunday,ST GEORGE YUS STATION,5,11,N,YU
01:54:00,Sunday,WILSON STATION,19,25,S,YU
18:54:00,Sunday,DON MILLS STATION,0,0,E,SHP
05:39:00,Monday,DONLANDS STATION,0,0,W,BD
06:18:00,Monday,WELLESLEY STATION,0,0,S,YU
06:36:00,Monday,DONLANDS STATION,0,0,W,BD
06:40:00,Monday,DONLANDS STATION,0,0,W,BD
09:15:00,Monday,HIGH PARK STATION,0,0,E,BD
09:28:00,Monday,LAWRENCE WEST STATION,0,0,S,YU
09:53:00,Monday,WILSON STATION,3,8,N,YU
11:05:00,Monday,ISLINGTON STATION,3,7,E,BD
11:48:00,Monday,YONGE BD STATION,0,0,E,BD
11:52:00,Monday,UNION TO ST ANDREW STA,0,0,N,YU
13:46:00,Monday,COLLEGE STATION,5,10,S,YU
14:14:00,Monday,BAY STATION,0,0,E,BD
14:19:00,Monday,ST GEORGE BD STATION,4,8,W,BD
14:24:00,Monday,ROYAL YORK STATION,0,0,E,BD
14:34:00,Monday,KEELE STATION,0,0,W,BD
14:38:00,Monday,KEELE STATION,0,0,W,BD
14:54:00,Monday,DUPONT STATION,3,8,S,YU
15:10:00,Monday,SHEPPARD STATION,0,0,N,YU
16:51:00,Monday,KING STATION,0,0,S,YU
16:51:00,Monday,ST CLAIR STATION,3,6,S,YU
17:36:00,Monday,LAWRENCE WEST STATION,4,7,S,YU
18:32:00,Monday,BLOOR STATION,3,6,N,YU
18:36:00,Monday,YONGE BD STATION,0,0,E,BD
19:07:00,Monday,DUNDAS STATION,0,0,S,YU
19:10:00,Monday,COLLEGE STATION,0,0,S,YU
21:19:00,Monday,WOODBINE STATION,3,9,W,BD
21:26:00,Monday,OLD MILL STATION,0,0,E,BD
21:55:00,Monday,SUMMERHILL STATION,0,0,S,YU
22:32:00,Monday,DUNDAS STATION,0,0,N,YU
22:56:00,Monday,COLLEGE STATION,0,0,S,YU
23:25:00,Monday,VAUGHAN MC STATION,3,8,S,YU
00:25:00,Monday,BLOOR STATION,0,0,N,YU
00:30:00,Monday,OLD MILL STATION,12,17,W,BD
00:35:00,Monday,BATHURST STATION,0,0,E,BD
00:50:00,Monday,VICTORIA PARK STATION,5,10,W,BD
01:21:00,Monday,ST CLAIR WEST STATION,0,0,N,YU
12:33:00,Monday,DON MILLS STATION,6,13,W,SHP
15:10:00,Monday,SHEPPARD-YONGE STATION,0,0,W,SHP
05:40:00,Tuesday,DONLANDS STATION,0,0,W,BD
05:49:00,Tuesday,JANE STATION,0,0,E,BD
05:51:00,Tuesday,BROADVIEW STATION,28,33,W,BD
06:08:00,Tuesday,UNION STATION TO KING,5,8,N,YU
06:12:00,Tuesday,KING STATION,7,10,N,YU
06:40:00,Tuesday,DONLANDS STATION,0,0,W,BD
07:09:00,Tuesday,SHERBOURNE STATION,0,0,W,BD
07:31:00,Tuesday,YORK MILLS STATION,3,6,N,YU
07:49:00,Tuesday,PAPE STATION,5,7,W,BD
08:47:00,Tuesday,KIPLING STATION,0,0,E,BD
09:06:00,Tuesday,BLOOR STATION,0,0,S,YU
09:26:00,Tuesday,EGLINTON STATION,5,10,N,YU
09:44:00,Tuesday,EGLINTON STATION,5,10,N,YU
10:40:00,Tuesday,ST GEORGE YUS STATION,7,11,S,YU
12:10:00,Tuesday,YORK MILLS STATION,0,0,N,YU
12:28:00,Tuesday,ST CLAIR WEST STATION,5,10,S,YU
12:31:00,Tuesday,YORKDALE STATION,5,10,S,YU
12:34:00,Tuesday,QUEEN'S PARK STATION,4,9,N,YU
12:36:00,Tuesday,YORK MILLS STATION,5,10,S,YU
12:44:00,Tuesday,JANE STATION,0,0,E,BD
13:13:00,Tuesday,RUNNYMEDE STATION,0,0,E,BD
13:28:00,Tuesday,JANE STATION,3,7,W,BD
14:38:00,Tuesday,KING STATION,0,0,N,YU
14:43:00,Tuesday,EGLINTON STATION,4,9,N,YU
15:39:00,Tuesday,FINCH STATION,5,10,S,YU
16:00:00,Tuesday,SHERBOURNE STATION,0,0,W,BD
16:08:00,Tuesday,KENNEDY BD STATION,4,7,W,BD
16:24:00,Tuesday,WARDEN STATION,6,9,W,BD
16:59:00,Tuesday,KENNEDY BD STATION,3,6,W,BD
17:59:00,Tuesday,BLOOR STATION,0,0,S,YU
18:01:00,Tuesday,BLOOR STATION,0,0,S,YU
18:06:00,Tuesday,SHEPPARD STATION,0,0,N,YU
18:59:00,Tuesday,ISLINGTON STATION,0,0,W,BD
19:21:00,Tuesday,ROSEDALE STATION,6,9,N,YU
21:24:00,Tuesday,KEELE STATION,10,16,W,BD
21:35:00,Tuesday,KEELE STATION,0,0,W,BD
22:12:00,Tuesday,YONGE BD STATION,5,10,E,BD
23:09:00,Tuesday,COLLEGE STATION,4,9,S,YU
23:23:00,Tuesday,WARDEN STATION,3,8,W,BD
23:49:00,Tuesday,ST GEORGE YUS STATION,3,8,S,YU
23:54:00,Tuesday,MUSEUM STATION,5,11,S,YU
23:59:00,Tuesday,MAIN STREET STATION,0,0,W,BD
00:25:00,Tuesday,WOODBINE STATION,0,0,E,BD
01:05:00,Tuesday,ST CLAIR WEST STATION,5,10,S,YU
01:23:00,Tuesday,BROADVIEW STATION,12,17,W,BD
01:23:00,Tuesday,ISLINGTON STATION,12,17,E,BD
01:34:00,Tuesday,KENNEDY BD STATION,0,0,W,BD
07:02:00,Tuesday,SHEPPARD-YONGE STATION,0,0,E,SHP
07:08:00,Tuesday,LESLIE STATION,4,11,W,SHP
07:14:00,Tuesday,LESLIE STATION,4,11,W,SHP
20:21:00,Tuesday,DON MILLS STATION,0,0,E,SHP
05:13:00,Wednesday,BROADVIEW STATION,0,0,E,BD
05:48:00,Wednesday,EGLINTON STATION,5,10,N,YU
06:28:00,Wednesday,WILSON STATION,9,0,N,YU
06:38:00,Wednesday,DONLANDS STATION,0,0,W,BD
06:38:00,Wednesday,KENNEDY BD STATION,5,10,W,BD
06:41:00,Wednesday,DONLANDS STATION,0,0,W,BD
06:42:00,Wednesday,ROYAL YORK STATION,0,0,W,BD
07:02:00,Wednesday,EGLINTON STATION,0,0,N,YU
07:15:00,Wednesday,KEELE STATION,0,0,E,BD
07:26:00,Wednesday,DUNDAS STATION,4,7,S,YU
08:46:00,Wednesday,ST CLAIR WEST STATION,0,0,S,YU
10:19:00,Wednesday,WOODBINE STATION,0,0,W,BD
10:28:00,Wednesday,WILSON STATION,0,0,S,YU
10:55:00,Wednesday,SHEPPARD STATION,4,9,S,YU
11:11:00,Wednesday,GLENCAIRN STATION,7,12,S,YU
12:04:00,Wednesday,SHERBOURNE STATION,0,0,W,BD
13:06:00,Wednesday,EGLINTON WEST STATION,12,17,S,YU
13:17:00,Wednesday,OLD MILL STATION,0,0,W,BD
13:17:00,Wednesday,LAWRENCE WEST STATION,17,22,S,YU
13:22:00,Wednesday,LAWRENCE WEST STATION,17,22,S,YU
14:09:00,Wednesday,KIPLING STATION,0,0,W,BD
14:21:00,Wednesday,ST PATRICK STATION,0,0,S,YU
14:24:00,Wednesday,GREENWOOD STATION,16,20,E,BD
14:27:00,Wednesday,BROADVIEW STATION,0,0,W,BD
14:37:00,Wednesday,WARDEN STATION (LEAVIN,9,13,W,BD
14:43:00,Wednesday,OSGOODE STATION,0,0,N,YU
14:44:00,Wednesday,BAY STATION,0,0,E,BD
14:49:00,Wednesday,OSGOODE STATION,30,35,S,YU
15:34:00,Wednesday,FINCH STATION,31,34,N,YU
16:10:00,Wednesday,ST GEORGE YUS STATION,0,0,N,YU
16:35:00,Wednesday,COLLEGE STATION,6,9,N,YU
16:54:00,Wednesday,EGLINTON STATION,18,23,S,YU
17:17:00,Wednesday,DUNDAS STATION,6,9,N,YU
17:27:00,Wednesday,DUNDAS STATION,7,10,N,YU
17:29:00,Wednesday,DAVISVILLE STATION,0,0,S,YU
17:46:00,Wednesday,LAWRENCE STATION,17,20,S,YU
18:00:00,Wednesday,VAUGHAN MC STATION,0,0,S,YU
18:03:00,Wednesday,HIGHWAY 407 STATION,3,6,S,YU
18:08:00,Wednesday,MAIN STREET STATION,0,0,W,BD
18:12:00,Wednesday,EGLINTON STATION,4,7,N,YU
18:22:00,Wednesday,ROSEDALE STATION,0,0,N,YU
18:55:00,Wednesday,DUFFERIN STATION,0,0,W,BD
19:00:00,Wednesday,ROSEDALE STATION,4,7,S,YU
19:07:00,Wednesday,YORKDALE STATION,5,8,N,YU
20:22:00,Wednesday,VICTORIA PARK STATION,4,9,E,BD
22:34:00,Wednesday,DAVISVILLE STATION,3,9,N,YU
23:18:00,Wednesday,ST GEORGE BD STATION,3,8,W,BD
23:49:00,Wednesday,ST CLAIR WEST STATION,5,10,N,YU
01:12:00,Wednesday,ST GEORGE BD STATION,9,14,W,BD
01:20:00,Wednesday,COLLEGE STATION,0,0,N,YU
01:23:00,Wednesday,ST CLAIR WEST STATION,0,0,S,YU
02:33:00,Thursday,YORK UNIVERSITY STATIO,0,0,N,YU
06:41:00,Thursday,WILSON STATION,12,0,N,YU
06:53:00,Thursday,UNION STATION,0,0,S,YU
07:05:00,Thursday,UNION TO KING STATIONS,0,0,N,YU
07:54:00,Thursday,QUEEN'S PARK STATION,4,7,S,YU
08:10:00,Thursday,SHERBOURNE STATION,0,0,W,BD
08:37:00,Thursday,YONGE BD STATION,6,8,W,BD
08:39:00,Thursday,QUEEN STATION,12,15,N,YU
08:41:00,Thursday,ST CLAIR WEST STATION,12,15,S,YU
09:12:00,Thursday,DUNDAS WEST STATION,3,5,E,BD
09:19:00,Thursday,PAPE STATION,19,22,E,BD
09:23:00,Thursday,BATHURST STATION,0,0,E,BD
09:53:00,Thursday,DOWNSVIEW PARK STATION,4,9,S,YU
09:58:00,Thursday,KENNEDY BD STATION,3,7,W,BD
10:15:00,Thursday,ST CLAIR STATION,8,13,N,YU
10:53:00,Thursday,YONGE BD STATION,3,7,E,BD
10:58:00,Thursday,YORK UNIVERSITY STATIO,3,8,N,YU
11:09:00,Thursday,OSSINGTON STATION,4,8,E,BD
11:17:00,Thursday,YONGE BD STATION,0,0,E,BD
12:54:00,Thursday,KIPLING STATION,0,0,E,BD
13:07:00,Thursday,OLD MILL STATION,0,0,W,BD
13:34:00,Thursday,KIPLING STATION,3,7,E,BD
13:58:00,Thursday,CASTLE FRANK STATION,0,0,W,BD
14:12:00,Thursday,SPADINA YUS STATION,3,8,N,YU
14:21:00,Thursday,OLD MILL STATION,0,0,W,BD
14:23:00,Thursday,JANE STATION,4,8,W,BD
14:29:00,Thursday,ST CLAIR WEST STATION,8,13,N,YU
14:42:00,Thursday,ST CLAIR WEST STATION,9,14,N,YU
15:23:00,Thursday,FINCH STATION,0,0,S,YU
16:10:00,Thursday,OLD MILL STATION,0,0,W,BD
16:29:00,Thursday,BLOOR STATION,0,0,N,YU
17:16:00,Thursday,WARDEN STATION,0,0,E,BD
18:11:00,Thursday,WELLESLEY STATION,0,0,N,YU
19:03:00,Thursday,BATHURST STATION,0,0,N,BD
19:49:00,Thursday,OLD MILL STATION,0,0,W,BD
21:26:00,Thursday,KENNEDY BD STATION,3,8,W,BD
22:46:00,Thursday,WARDEN STATION,0,0,W,BD
23:12:00,Thursday,RUNNYMEDE STATION,25,30,E,BD
23:19:00,Thursday,OSGOODE STATION,10,15,S,YU
23:46:00,Thursday,DUNDAS WEST STATION,0,0,E,BD
00:17:00,Thursday,KEELE STATION,0,0,W,BD
00:39:00,Thursday,KING STATION,0,0,N,YU
01:23:00,Thursday,ST CLAIR WEST STATION,5,10,N,YU
01:37:00,Thursday,OSSINGTON STATION,0,0,E,BD
20:33:00,Thursday,LESLIE STATION,7,14,W,SHP
20:52:00,Thursday,SHEPPARD-YONGE STATION,4,11,E,SHP
23:09:00,Thursday,BAYVIEW STATION,14,21,E,SHP
02:28:00,Friday,KENNEDY BD STATION,0,0,E,BD
06:01:00,Friday,UNION STATION TO ST AN,4,0,N,YU
06:03:00,Friday,GREENWOOD STATION,0,0,E,BD
06:39:00,Friday,VICTORIA PARK STATION,0,0,E,BD
07:03:00,Friday,DUPONT STATION,15,19,N,YU
07:13:00,Friday,MUSEUM STATION,5,8,S,YU
08:23:00,Friday,KIPLING STATION,35,38,W,BD
08:30:00,Friday,OLD MILL STATION,3,6,E,BD
09:00:00,Friday,VICTORIA PARK STATION,0,0,W,BD
09:00:00,Friday,JANE STATION,3,7,W,BD
09:06:00,Friday,MUSEUM STATION,3,6,N,YU
10:25:00,Friday,ST GEORGE YUS STATION,4,9,S,YU
10:37:00,Friday,SPADINA BD STATION,0,0,E,BD
10:43:00,Friday,YORK MILLS STATION,0,0,N,YU
10:48:00,Friday,KENNEDY BD STATION,4,8,W,BD
10:58:00,Friday,ST CLAIR WEST STATION,0,0,S,YU
12:21:00,Friday,OLD MILL STATION,4,8,W,BD
12:22:00,Friday,OLD MILL STATION,3,7,W,BD
12:22:00,Friday,QUEEN STATION,0,0,S,YU
13:02:00,Friday,BATHURST STATION,12,16,W,BD
13:19:00,Friday,COXWELL STATION,4,8,E,BD
13:28:00,Friday,LAWRENCE STATION,0,0,S,YU
13:37:00,Friday,JANE STATION,6,10,W,BD
15:55:00,Friday,KEELE STATION,0,0,E,BD
16:11:00,Friday,KING STATION,0,0,N,YU
17:16:00,Friday,COXWELL STATION,7,10,E,BD
17:31:00,Friday,KENNEDY BD STATION,3,6,W,BD
17:55:00,Friday,QUEEN STATION,3,6,N,YU
18:15:00,Friday,COLLEGE STATION,4,7,N,YU
18:43:00,Friday,VAUGHAN MC STATION,3,6,S,YU
19:05:00,Friday,COLLEGE STATION,0,0,S,YU
21:39:00,Friday,QUEEN'S PARK STATION,0,0,S,YU
22:12:00,Friday,SUMMERHILL STATION,0,0,N,YU
22:29:00,Friday,DUPONT STATION,22,28,N,YU
22:37:00,Friday,ST CLAIR STATION,8,13,N,YU
22:44:00,Friday,ISLINGTON STATION,0,0,W,BD
22:55:00,Friday,DONLANDS STATION,3,8,E,BD
23:19:00,Friday,SHEPPARD STATION,0,0,N,YU
23:32:00,Friday,BROADVIEW STATION,5,10,E,BD
00:21:00,Friday,VICTORIA PARK STATION,0,0,W,BD
00:26:00,Friday,WELLESLEY STATION,5,13,N,YU
00:29:00,Friday,HIGH PARK STATION,34,39,W,BD
00:49:00,Friday,CASTLE FRANK STATION,0,0,W,BD
01:16:00,Friday,ROYAL YORK STATION,5,10,W,BD
01:51:00,Friday,SHEPPARD WEST STATION,5,10,S,YU
01:54:00,Friday,BROADVIEW STATION,4,9,E,BD
19:22:00,Friday,DON MILLS STATION,0,0,E,SHP
03:28:00,Saturday,KEELE YARD,6,12,E,BD
06:09:00,Saturday,UNION,4,0,N,YU
06:40:00,Saturday,ST PATRICK STATION,15,21,N,YU
07:02:00,Saturday,ST PATRICK STATION,0,0,N,YU
07:50:00,Saturday,DUFFERIN STATION,6,11,W,BD
08:07:00,Saturday,DUNDAS STATION,0,0,N,YU
09:05:00,Saturday,ROYAL YORK STATION,0,0,E,BD
09:15:00,Saturday,KENNEDY BD STATION,5,10,E,BD
10:09:00,Saturday,KIPLING STATION,8,13,E,BD
10:34:00,Saturday,SPADINA BD STATION,0,0,E,BD
12:59:00,Saturday,KENNEDY BD STATION,4,8,E,BD
13:21:00,Saturday,FINCH STATION,0,0,S,YU
13:23:00,Saturday,NORTH YORK CTR STATION,3,8,S,YU
13:27:00,Saturday,SHEPPARD WEST STATION,0,0,S,YU
13:46:00,Saturday,ST CLAIR WEST STATION,4,9,N,YU
13:56:00,Saturday,MAIN STREET STATION,0,0,W,BD
13:59:00,Saturday,VICTORIA PARK STATION,0,0,E,BD
14:10:00,Saturday,BATHURST STATION,0,0,E,BD
14:24:00,Saturday,BLOOR STATION,0,0,N,YU
14:26:00,Saturday,YONGE BD STATION,0,0,W,BD
14:41:00,Saturday,QUEEN STATION,0,0,S,YU
14:52:00,Saturday,YORK UNIVERSITY STATIO,3,9,N,YU
15:20:00,Saturday,MAIN STREET STATION,0,0,W,BD
16:12:00,Saturday,DONLANDS STATION,13,17,E,BD
16:32:00,Saturday,BLOOR STATION,3,7,S,YU
17:33:00,Saturday,SUMMERHILL STATION,0,0,N,YU
17:39:00,Saturday,ST GEORGE YUS STATION,3,9,N,YU
17:41:00,Saturday,ST GEORGE BD STATION,4,8,W,BD
18:24:00,Saturday,BLOOR STATION,0,0,S,YU
18:24:00,Saturday,DUNDAS WEST STATION,0,0,E,BD
19:25:00,Saturday,KEELE STATION,4,8,W,BD
19:26:00,Saturday,CHESTER STATION,0,0,W,BD
19:33:00,Saturday,ST CLAIR STATION,0,0,S,YU
20:41:00,Saturday,VICTORIA PARK STATION,0,0,E,BD
20:45:00,Saturday,ST GEORGE YUS STATION,0,0,N,YU
20:55:00,Saturday,KIPLING STATION,6,12,E,BD
21:04:00,Saturday,ST CLAIR STATION,0,0,N,YU
21:13:00,Saturday,EGLINTON STATION,0,0,N,YU
22:28:00,Saturday,FINCH STATION,0,0,S,YU
23:02:00,Saturday,EGLINTON STATION,0,0,S,YU
23:28:00,Saturday,YONGE BD STATION,0,0,W,BD
23:34:00,Saturday,DUFFERIN STATION,3,9,E,BD
00:14:00,Saturday,COXWELL STATION,0,0,E,BD
10:56:00,Saturday,SHEPPARD-YONGE STATION,6,13,E,SHP
10:58:00,Saturday,SHEPPARD-YONGE STATION,6,13,E,SHP
11:06:00,Saturday,BAYVIEW STATION,4,11,W,SHP
17:21:00,Saturday,BAYVIEW STATION,0,0,E,SHP
21:00:00,Saturday,BAYVIEW STATION,0,0,W,SHP
23:49:00,Saturday,BAYVIEW STATION,0,0,E,SHP
08:17:00,Sunday,GREENWOOD STATION,4,8,E,BD
08:54:00,Sunday,MUSEUM STATION,4,10,S,YU
08:54:00,Sunday,WELLESLEY STATION,4,10,S,YU
11:10:00,Sunday,KIPLING STATION,0,0,E,BD
11:43:00,Sunday,BAY STATION,3,7,W,BD
11:54:00,Sunday,FINCH STATION,0,0,S,YU
12:54:00,Sunday,DUNDAS STATION,5,11,N,YU
13:05:00,Sunday,ST CLAIR WEST STATION,6,12,S,YU
15:09:00,Sunday,UNION STATION,0,0,N,YU
15:47:00,Sunday,DUPONT STATION,0,0,N,YU
16:35:00,Sunday,FINCH STATION,5,10,S,YU
17:07:00,Sunday,KENNEDY BD STATION,4,8,E,BD
17:24:00,Sunday,MAIN STREET STATION,4,8,W,BD
17:29:00,Sunday,UNION STATION TO KING,6,12,N,YU
17:38:00,Sunday,ST CLAIR WEST STATION,0,0,S,YU
17:57:00,Sunday,BATHURST STATION,0,0,W,BD
19:48:00,Sunday,FINCH WEST STATION,0,0,S,YU
19:48:00,Sunday,UNION STATION TO KING,13,19,N,YU
20:00:00,Sunday,ROSEDALE STATION,9,15,N,YU
20:14:00,Sunday,BLOOR STATION,4,10,N,YU
21:28:00,Sunday,ST CLAIR WEST STATION,6,12,S,YU
21:41:00,Sunday,EGLINTON STATION,5,11,S,YU
00:16:00,Sunday,KIPLING STATION,0,0,W,BD
00:45:00,Sunday,BLOOR STATION,0,0,N,YU
01:38:00,Sunday,YONGE BD STATION,0,0,W,BD
01:45:00,Sunday,KIPLING STATION,0,0,W,BD
05:43:00,Monday,EGLINTON STATION,5,10,N,YU
05:53:00,Monday,EGLINTON STATION,5,10,N,YU
06:01:00,Monday,ST GEORGE YUS STATION,15,0,S,YU
06:28:00,Monday,WILSON STATION,12,0,N,YU
07:41:00,Monday,YORK MILLS STATION,8,11,S,YU
07:46:00,Monday,WARDEN STATION,11,14,W,BD
08:33:00,Monday,DUNDAS STATION,5,8,S,YU
08:46:00,Monday,BROADVIEW STATION,11,14,W,BD
09:03:00,Monday,YONGE BD STATION,0,0,W,BD
09:25:00,Monday,OSGOODE STATION,3,6,N,YU
09:36:00,Monday,KIPLING STATION,0,0,W,BD
10:11:00,Monday,VICTORIA PARK STATION,0,0,E,BD
10:20:00,Monday,OSSINGTON STATION,7,11,W,BD
11:00:00,Monday,VICTORIA PARK STATION,0,0,W,BD
11:34:00,Monday,SHEPPARD STATION,7,12,N,YU
11:42:00,Monday,KEELE STATION,0,0,W,BD
11:46:00,Monday,ST PATRICK STATION,5,10,S,YU
14:06:00,Monday,COLLEGE STATION,0,0,S,YU
15:24:00,Monday,SUMMERHILL STATION,6,11,S,YU
15:26:00,Monday,SPADINA BD STATION,4,8,E,BD
15:41:00,Monday,FINCH WEST STATION,5,10,N,YU
16:53:00,Monday,LANSDOWNE STATION,27,30,W,BD
17:43:00,Monday,SPADINA BD STATION,0,0,W,BD
17:43:00,Monday,SPADINA YUS STATION,16,19,N,YU
19:31:00,Monday,CHRISTIE STATION,4,9,E,BD
19:36:00,Monday,BATHURST STATION,26,31,E,YU
20:18:00,Monday,DUFFERIN STATION,4,9,W,BD
20:30:00,Monday,FINCH STATION,5,10,S,YU
21:03:00,Monday,BLOOR STATION,0,0,S,YU
21:03:00,Monday,YONGE BD STATION,0,0,E,BD
21:07:00,Monday,JANE STATION,0,0,W,BD
21:56:00,Monday,YORK MILLS STATION,0,0,S,YU
22:34:00,Monday,YONGE BD STATION,3,8,E,BD
22:37:00,Monday,BAY STATION,0,0,E,BD
23:19:00,Monday,COXWELL STATION,3,8,E,BD
23:36:00,Monday,WELLESLEY STATION,13,18,N,YU
05:48:00,Tuesday,ST CLAIR STATION,3,0,S,YU
06:14:00,Tuesday,YORK MILLS STATION,3,7,S,YU
06:17:00,Tuesday,LAWRENCE STATION,5,9,S,YU
06:25:00,Tuesday,WILSON STATION,8,11,S,YU
06:40:00,Tuesday,YONGE BD STATION,0,0,E,BD
06:53:00,Tuesday,WILSON STATION,7,10,S,YU
07:39:00,Tuesday,QUEEN STATION,15,18,S,YU
07:50:00,Tuesday,QUEEN STATION,0,0,S,YU
08:04:00,Tuesday,KING STATION,6,9,S,YU
08:21:00,Tuesday,BLOOR STATION,0,0,S,YU
08:36:00,Tuesday,WELLESLEY STATION,4,7,N,YU
08:47:00,Tuesday,EGLINTON STATION,0,0,N,YU
08:50:00,Tuesday,DUNDAS STATION,0,0,S,YU
09:00:00,Tuesday,BLOOR STATION,0,0,S,YU
10:58:00,Tuesday,DUPONT STATION,5,10,S,YU
11:02:00,Tuesday,SHEPPARD STATION,5,10,N,YU
11:11:00,Tuesday,JANE STATION,4,8,W,BD
11:40:00,Tuesday,ST GEORGE YUS STATION,3,8,N,YU
12:22:00,Tuesday,DUNDAS WEST STATION,8,12,E,BD
12:57:00,Tuesday,FINCH STATION,6,10,S,YU
13:06:00,Tuesday,GLENCAIRN STATION,6,11,S,YU
13:39:00,Tuesday,VICTORIA PARK STATION,0,0,W,BD
13:42:00,Tuesday,YORKDALE STATION,0,0,S,YU
13:49:00,Tuesday,KEELE STATION,3,7,W,BD
14:34:00,Tuesday,CHESTER STATION,5,9,E,BD
14:49:00,Tuesday,BLOOR STATION,0,0,S,YU
15:06:00,Tuesday,BLOOR STATION,0,0,S,YU
15:31:00,Tuesday,YONGE BD STATION,0,0,W,BD
16:06:00,Tuesday,DUFFERIN STATION,3,6,W,BD
17:09:00,Tuesday,OLD MILL STATION,0,0,W,BD
18:19:00,Tuesday,DAVISVILLE STATION,0,0,N,YU
18:25:00,Tuesday,EGLINTON STATION,0,0,N,YU
18:47:00,Tuesday,KEELE STATION,3,6,E,BD
19:44:00,Tuesday,YONGE BD STATION,0,0,E,BD
20:04:00,Tuesday,KING STATION,8,11,S,YU
20:14:00,Tuesday,BLOOR STATION,0,0,N,YU
20:25:00,Tuesday,SHERBOURNE STATION,3,8,E,BD
20:26:00,Tuesday,ST GEORGE YUS STATION,3,6,N,YU
21:23:00,Tuesday,DUNDAS STATION,0,0,N,YU
22:02:00,Tuesday,OLD MILL STATION,0,0,W,BD
22:22:00,Tuesday,YONGE BD STATION,14,19,W,BD
23:52:00,Tuesday,SHERBOURNE STATION,3,8,E,BD
00:05:00,Tuesday,OLD MILL STATION,0,0,W,BD
00:23:00,Tuesday,CHESTER STATION,0,0,W,BD
00:41:00,Tuesday,ST CLAIR WEST STATION,5,10,S,YU
00:50:00,Tuesday,BLOOR STATION,0,0,N,YU
01:07:00,Tuesday,DUFFERIN STATION,0,0,W,BD
01:37:00,Tuesday,KENNEDY BD STATION,3,8,W,BD
01:41:00,Tuesday,KENNEDY BD STATION,0,0,W,BD
01:57:00,Tuesday,SHEPPARD WEST STATION,25,30,S,YU
02:34:00,Tuesday,SHEPPARD-YONGE STATION,0,0,W,SHP
05:48:00,Wednesday,OLD MILL STATION,4,9,W,BD
06:01:00,Wednesday,UNION STATION TOWARDS,5,0,N,YU
06:18:00,Wednesday,KENNEDY BD STATION,3,6,W,BD
07:03:00,Wednesday,SHEPPARD WEST STATION,3,7,N,YU
07:17:00,Wednesday,KENNEDY BD STATION,0,0,E,BD
07:24:00,Wednesday,KENNEDY BD STATION,0,0,E,BD
07:24:00,Wednesday,CASTLE FRANK STATION,0,0,W,BD
07:34:00,Wednesday,OLD MILL STATION,0,0,W,BD
07:49:00,Wednesday,FINCH WEST STATION,0,0,S,YU
08:23:00,Wednesday,VICTORIA PARK STATION,3,6,W,BD
08:27:00,Wednesday,VICTORIA PARK STATION,0,0,W,BD
08:32:00,Wednesday,SPADINA YUS STATION,6,9,S,YU
08:43:00,Wednesday,ST GEORGE BD STATION,5,8,E,BD
09:03:00,Wednesday,VICTORIA PARK STATION,0,0,W,BD
09:13:00,Wednesday,ST GEORGE YUS STATION,9,12,N,YU
09:24:00,Wednesday,ST CLAIR STATION,4,7,S,YU
10:24:00,Wednesday,EGLINTON STATION,0,0,N,YU
10:34:00,Wednesday,COXWELL STATION,0,0,W,BD
10:47:00,Wednesday,SHEPPARD STATION,4,9,S,YU
11:24:00,Wednesday,VICTORIA PARK STATION,0,0,E,BD
12:05:00,Wednesday,VICTORIA PARK STATION,0,0,W,BD
12:13:00,Wednesday,VICTORIA PARK STATION,0,0,W,BD
13:27:00,Wednesday,OLD MILL STATION,0,0,W,BD
14:35:00,Wednesday,VAUGHAN MC STATION,0,0,N,YU
15:00:00,Wednesday,SPADINA BD STATION,7,11,W,BD
15:00:00,Wednesday,DAVISVILLE STATION,0,0,S,YU
15:13:00,Wednesday,GLENCAIRN STATION,3,8,S,YU
15:16:00,Wednesday,EGLINTON STATION,18,23,N,YU
15:20:00,Wednesday,GLENCAIRN STATION,4,9,S,YU
15:41:00,Wednesday,DUNDAS STATION,5,10,N,YU
16:20:00,Wednesday,CHRISTIE STATION,0,0,W,BD
16:48:00,Wednesday,OSSINGTON STATION,0,0,W,BD
16:56:00,Wednesday,KENNEDY BD STATION,0,0,E,BD
17:35:00,Wednesday,KIPLING STATION,0,0,W,BD
18:00:00,Wednesday,CASTLE FRANK STATION,0,0,W,BD
18:05:00,Wednesday,YORK MILLS STATION,5,8,N,YU
18:11:00,Wednesday,OSSINGTON STATION,0,0,W,BD
18:49:00,Wednesday,DUNDAS STATION,4,7,N,YU
19:38:00,Wednesday,GREENWOOD STATION,3,8,W,BD
20:27:00,Wednesday,BROADVIEW STATION,0,0,E,BD
21:28:00,Wednesday,YORKDALE STATION,3,9,N,YU
21:33:00,Wednesday,WILSON STATION,9,15,N,YU
22:04:00,Wednesday,COLLEGE STATION,13,18,N,YU
22:37:00,Wednesday,COLLEGE STATION,10,15,N,YU
22:41:00,Wednesday,COXWELL STATION,6,11,E,BD
23:51:00,Wednesday,KEELE STATION,0,0,E,BD
23:59:00,Wednesday,RUNNYMEDE STATION,40,45,E,BD
00:02:00,Wednesday,ST GEORGE BD STATION,0,0,W,BD
00:03:00,Wednesday,ST GEORGE BD STATION,0,0,S,BD
17:00:00,Wednesday,BAYVIEW STATION,11,18,E,SHP
03:31:00,Thursday,JANE & RUNNYMEDE STATI,0,0,W,BD
05:47:00,Thursday,RUNNYMEDE STATION,95,0,W,BD
05:48:00,Thursday,JANE STATION,95,0,E,BD
07:01:00,Thursday,ISLINGTON STATION,0,0,E,BD
07:24:00,Thursday,BLOOR STATION,0,0,N,YU
07:58:00,Thursday,VICTORIA PARK STATION,0,0,W,BD
08:17:00,Thursday,VICTORIA PARK STATION,0,0,W,BD
08:46:00,Thursday,YONGE BD STATION,0,0,E,BD
08:59:00,Thursday,SPADINA YUS STATION,0,0,N,YU
09:01:00,Thursday,KEELE STATION,3,5,E,BD
09:03:00,Thursday,SPADINA BD STATION,9,11,W,BD
09:39:00,Thursday,JANE STATION,3,5,W,BD
10:01:00,Thursday,ISLINGTON STATION,0,0,W,BD
10:14:00,Thursday,SPADINA BD STATION,0,0,W,BD
10:30:00,Thursday,ST GEORGE YUS STATION,0,0,N,YU
10:51:00,Thursday,DAVISVILLE STATION,4,8,S,YU
11:49:00,Thursday,YONGE BD STATION,0,0,W,BD
12:37:00,Thursday,VAUGHAN MC STATION,3,8,S,YU
12:45:00,Thursday,BROADVIEW STATION,0,0,E,BD
12:52:00,Thursday,YONGE BD STATION,3,7,E,BD
13:23:00,Thursday,UNION TO KING STATION,3,8,N,YU
14:07:00,Thursday,KENNEDY BD STATION,4,8,E,BD
14:43:00,Thursday,GLENCAIRN STATION,5,10,N,YU
14:45:00,Thursday,KEELE STATION,0,0,W,BD
14:49:00,Thursday,GLENCAIRN STATION,3,8,N,YU
14:53:00,Thursday,GLENCAIRN STATION,3,8,S,YU
14:54:00,Thursday,GLENCAIRN STATION,0,0,N,YU
15:42:00,Thursday,BATHURST STATION,3,7,E,BD
16:25:00,Thursday,YONGE BD STATION,6,9,W,BD
16:30:00,Thursday,DAVISVILLE STATION,4,7,S,YU
16:56:00,Thursday,GLENCAIRN STATION,0,0,S,YU
17:17:00,Thursday,ST GEORGE YUS STATION,0,0,S,YU
17:49:00,Thursday,BROADVIEW STATION,5,8,W,BD
17:59:00,Thursday,YONGE BD STATION,18,21,W,BD
18:16:00,Thursday,CASTLE FRANK STATION,22,25,E,BD
18:27:00,Thursday,EGLINTON WEST STATION,0,0,N,YU
18:36:00,Thursday,LAWRENCE WEST STATION,0,0,N,YU
19:26:00,Thursday,WARDEN STATION,0,0,E,BD
19:43:00,Thursday,SUMMERHILL STATION,5,10,S,YU
19:57:00,Thursday,YORKDALE STATION,0,0,S,YU
20:36:00,Thursday,DAVISVILLE STATION,14,19,N,YU
21:07:00,Thursday,NORTH YORK CTR STATION,0,0,N,YU
22:31:00,Thursday,ST GEORGE YUS STATION,0,0,S,YU
22:31:00,Thursday,ST GEORGE BD STATION,0,0,W,BD
23:22:00,Thursday,VICTORIA PARK STATION,0,0,W,BD
01:03:00,Thursday,EGLINTON STATION,0,0,S,YU
02:34:00,Thursday,SHEPPARD-YONGE STATION,0,0,W,SHP
05:44:00,Thursday,SHEPPARD-YONGE STATION,3,0,E,SHP
14:53:00,Thursday,BAYVIEW STATION,0,0,E,SHP
17:22:00,Thursday,BESSARION STATION,0,0,E,SHP
01:09:00,Thursday,DON MILLS STATION,0,0,W,SHP
05:39:00,Friday,VAUGHAN MC STATION,3,6,S,YU
06:15:00,Friday,VAUGHAN MC STATION,3,9,S,YU
06:32:00,Friday,UNION TO ST ANDREW STA,3,0,N,YU
06:35:00,Friday,EGLINTON WEST STATION,0,0,S,YU
06:49:00,Friday,CASTLE FRANK STATION,6,9,E,BD
07:10:00,Friday,WELLESLEY STATION,0,0,S,YU
07:39:00,Friday,JANE STATION,3,5,E,BD
07:39:00,Friday,JANE STATION,3,5,E,BD
07:42:00,Friday,UNION STATION,0,0,S,YU
07:51:00,Friday,KIPLING STATION,0,0,E,BD
07:57:00,Friday,ISLINGTON STATION,19,21,E,BD
07:58:00,Friday,SUMMERHILL STATION,0,0,S,YU
08:12:00,Friday,ST GEORGE YUS STATION,0,0,S,YU
08:31:00,Friday,QUEEN'S PARK STATION,4,7,N,YU
09:06:00,Friday,ST GEORGE YUS STATION,0,0,S,YU
09:41:00,Friday,YONGE BD STATION,0,0,E,BD
10:19:00,Friday,WILSON STATION,3,7,S,YU
11:02:00,Friday,KENNEDY BD STATION,4,8,E,BD
11:35:00,Friday,SPADINA YUS STATION,11,16,N,YU
11:47:00,Friday,SPADINA YUS STATION,3,8,S,YU
12:20:00,Friday,KENNEDY BD STATION,0,0,W,BD
12:22:00,Friday,SUMMERHILL STATION,0,0,S,YU
12:43:00,Friday,VAUGHAN MC STATION,5,10,S,YU
14:13:00,Friday,QUEEN STATION,0,0,S,YU
14:16:00,Friday,DUFFERIN STATION,0,0,W,BD
14:30:00,Friday,ST CLAIR WEST STATION,6,11,N,YU
14:34:00,Friday,HIGH PARK STATION,4,8,E,BD
14:54:00,Friday,CHRISTIE STATION,0,0,W,BD
15:02:00,Friday,ST ANDREW STATION,5,10,N,YU
15:13:00,Friday,ST GEORGE BD STATION,3,7,E,BD
15:13:00,Friday,ST ANDREW STATION,0,0,N,YU
15:20:00,Friday,YONGE BD STATION,3,6,E,BD
15:48:00,Friday,SHERBOURNE STATION,0,0,E,BD
15:48:00,Friday,LAWRENCE STATION,4,9,N,YU
15:56:00,Friday,SHEPPARD STATION,0,0,N,YU
16:28:00,Friday,ROSEDALE STATION,20,23,N,YU
16:36:00,Friday,ST CLAIR WEST STATION,5,10,N,YU
16:49:00,Friday,ROSEDALE STATION,0,0,N,YU
17:00:00,Friday,FINCH WEST STATION,6,9,S,YU
17:08:00,Friday,ST GEORGE BD STATION,0,0,E,BD
17:16:00,Friday,SPADINA YUS STATION,7,10,N,YU
17:17:00,Friday,QUEEN'S PARK STATION,3,6,N,YU
17:28:00,Friday,COXWELL STATION,7,10,W,BD
17:37:00,Friday,COLLEGE STATION,3,6,N,YU
17:41:00,Friday,CASTLE FRANK STATION,0,0,E,BD
17:50:00,Friday,BLOOR STATION,0,0,S,YU
17:53:00,Friday,BLOOR STATION,3,6,N,YU
18:36:00,Friday,ROSEDALE STATION,0,0,S,YU
18:43:00,Friday,SHEPPARD WEST STATION,3,6,N,YU
19:33:00,Friday,ST ANDREW STATION,0,0,S,YU
19:57:00,Friday,HIGHWAY 407 STATION,6,11,S,YU
20:13:00,Friday,ISLINGTON STATION,3,8,W,BD
21:00:00,Friday,QUEEN STATION,4,9,S,YU
22:03:00,Friday,EGLINTON STATION,0,0,S,YU
01:24:00,Friday,DONLANDS STATION,3,8,W,BD
16:23:00,Friday,SHEPPARD-YONGE STATION,0,0,W,SHP
02:07:00,Saturday,CASTLE FRANK STATION,0,0,E,BD
04:49:00,Saturday,YORKDALE STATION,0,0,S,YU
05:53:00,Saturday,KEELE YARD,6,12,W,BD
05:58:00,Saturday,ST GEORGE YUS STATION,5,0,S,YU
05:59:00,Saturday,ST CLAIR WEST STATION,4,0,S,YU
05:59:00,Saturday,SUMMERHILL STATION,4,0,S,YU
06:17:00,Saturday,ST GEORGE BD STATION,0,0,E,BD
06:44:00,Saturday,EGLINTON STATION,6,12,S,YU
06:59:00,Saturday,EGLINTON STATION,6,12,N,YU
09:43:00,Saturday,BLOOR STATION,0,0,S,YU
11:00:00,Saturday,WELLESLEY STATION,0,0,S,YU
11:32:00,Saturday,KENNEDY BD STATION,0,0,E,BD
13:24:00,Saturday,EGLINTON WEST STATION,22,26,N,YU
13:50:00,Saturday,KIPLING STATION,0,0,W,BD
13:53:00,Saturday,VICTORIA PARK STATION,0,0,W,BD
13:55:00,Saturday,GREENWOOD STATION,0,0,W,BD
14:45:00,Saturday,WILSON STATION,0,0,S,YU
14:51:00,Saturday,YORKDALE STATION,6,10,S,YU
15:08:00,Saturday,MAIN STREET STATION,0,0,E,BD
15:22:00,Saturday,ROSEDALE STATION,8,12,N,YU
15:30:00,Saturday,DUPONT STATION,5,9,S,YU
15:44:00,Saturday,DAVISVILLE STATION,0,0,S,YU
15:49:00,Saturday,KIPLING STATION,0,0,W,BD
15:52:00,Saturday,ST CLAIR STATION,28,32,N,BD
16:10:00,Saturday,UNION STATION,4,8,S,YU
16:11:00,Saturday,KENNEDY BD STATION,0,0,E,BD
16:11:00,Saturday,MAIN STREET STATION,0,0,W,BD
17:12:00,Saturday,PIONEER VILLAGE STATIO,0,0,N,YU
17:52:00,Saturday,ST ANDREW STATION,4,8,S,YU
18:13:00,Saturday,OSGOODE STATION,3,7,S,YU
18:22:00,Saturday,KEELE STATION,4,8,E,BD
18:33:00,Saturday,SUMMERHILL STATION,0,0,N,YU
19:25:00,Saturday,UNION STATION,15,19,N,YU
20:23:00,Saturday,FINCH STATION,4,8,S,YU
20:31:00,Saturday,SHEPPARD STATION,0,0,N,YU
20:50:00,Saturday,YONGE BD STATION,0,0,E,BD
21:16:00,Saturday,ST PATRICK STATION,4,9,N,YU
21:18:00,Saturday,ISLINGTON STATION,0,0,W,BD
21:42:00,Saturday,SPADINA BD STATION,6,12,W,BD
22:02:00,Saturday,QUEEN STATION,18,24,N,YU
22:07:00,Saturday,YORKDALE STATION,17,22,S,YU
22:12:00,Saturday,ST GEORGE YUS STATION,5,11,N,YU
22:45:00,Saturday,MAIN STREET STAITON,13,19,W,BD
23:02:00,Saturday,DONLANDS STATION,6,12,E,BD
23:21:00,Saturday,CASTLE FRANK STATION,17,23,E,BD
23:35:00,Saturday,KENNEDY BD STATION,6,12,W,BD
23:50:00,Saturday,DUNDAS STATION,0,0,N,YU
00:09:00,Saturday,KENNEDY BD STATION,7,14,W,BD
00:10:00,Saturday,KENNEDY BD STATION,7,14,W,BD
00:25:00,Saturday,KIPLING STATION,7,14,W,BD
00:36:00,Saturday,YONGE UNIVERSITY SPADI,0,0,B,YU
13:43:00,Saturday,LESLIE STATION,0,0,W,SHP
13:53:00,Saturday,BAYVIEW STATION,7,14,W,SHP
02:05:00,Sunday,BATHURST STATION,5,12,W,BD
02:10:00,Sunday,EGLINTON STATION,3,8,N,YU
08:00:00,Sunday,KENNEDY BD STATION,0,0,W,BD
08:26:00,Sunday,WARDEN STATION,0,0,W,BD
08:27:00,Sunday,UNION STATION,6,0,N,YU
08:30:00,Sunday,FINCH STATION,6,12,S,YU
08:31:00,Sunday,ROSEDALE STATION,10,16,N,YU
09:12:00,Sunday,KIPLING STATION,4,8,W,BD
10:17:00,Sunday,VICTORIA PARK STATION,0,0,W,BD
10:39:00,Sunday,WOODBINE STATION,0,0,W,BD
10:47:00,Sunday,VICTORIA PARK STATION,0,0,W,BD
10:49:00,Sunday,CHRISTIE STATION,3,7,E,BD
11:01:00,Sunday,WELLESLEY STATION,4,8,S,YU
11:16:00,Sunday,DUNDAS STATION,8,12,S,YU
11:23:00,Sunday,QUEEN'S PARK STATION,0,0,S,YU
11:28:00,Sunday,MUSEUM STATION,12,16,N,YU
12:08:00,Sunday,BROADVIEW STATION,0,0,W,BD
12:53:00,Sunday,VICTORIA PARK STATION,0,0,W,BD
13:25:00,Sunday,BLOOR STATION,6,10,N,YU
13:35:00,Sunday,YORKDALE STATION,0,0,N,YU
14:50:00,Sunday,EGLINTON WEST STATION,0,0,N,YU
15:21:00,Sunday,QUEEN STATION,7,11,N,YU
15:26:00,Sunday,EGLINTON WEST STATION,7,11,N,YU
15:38:00,Sunday,ST GEORGE BD STATION,9,13,W,BD
16:41:00,Sunday,ST ANDREW STATION,4,8,N,YU
16:52:00,Sunday,ST PATRICK STATION,3,7,N,YU
16:57:00,Sunday,EGLINTON STATION,4,8,S,YU
17:50:00,Sunday,WELLESLEY STATION,12,16,S,YU
17:53:00,Sunday,YORKDALE STATION,0,0,N,YU
17:57:00,Sunday,YORKDALE STATION,0,0,N,YU
18:21:00,Sunday,EGLINTON STATION,5,9,N,YU
18:21:00,Sunday,PIONEER VILLAGE STATIO,4,8,S,YU
19:12:00,Sunday,WELLESLEY STATION,0,0,S,YU
19:24:00,Sunday,FINCH STATION,0,0,S,YU
19:28:00,Sunday,SHERBOURNE STATION,13,18,E,BD
20:06:00,Sunday,EGLINTON STATION,0,0,N,YU
20:23:00,Sunday,CASTLE FRANK STATION,4,9,E,BD
20:33:00,Sunday,WARDEN STATION,35,40,W,BD
20:54:00,Sunday,YORKDALE STATION,20,26,S,YU
21:31:00,Sunday,YONGE BD STATION,4,9,E,BD
22:46:00,Sunday,WOODBINE STATION,6,12,E,BD
22:49:00,Sunday,ISLINGTON STATION,0,0,E,BD
23:02:00,Sunday,KENNEDY BD STATION,8,14,E,BD
23:31:00,Sunday,KEELE STATION,0,0,W,BD
23:34:00,Sunday,KEELE STATION,4,10,E,BD
00:13:00,Sunday,DUNDAS WEST STATION,0,0,W,BD
00:51:00,Sunday,EGLINTON WEST STATION,5,11,S,YU
01:00:00,Sunday,CHRISTIE STATION,6,12,E,BD
05:55:00,Monday,UNION TO FINCH,16,0,N,YU
06:00:00,Monday,KEELE STATION,4,8,W,BD
06:38:00,Monday,KENNEDY BD STATION,0,0,W,BD
06:48:00,Monday,UNION STATION,3,9,N,YU
07:09:00,Monday,GREENWOOD STATION,3,7,W,BD
07:29:00,Monday,SUMMERHILL STATION,4,10,S,YU
09:05:00,Monday,CHRISTIE STATION,0,0,E,BD
09:16:00,Monday,SHERBOURNE STATION,0,0,E,BD
10:03:00,Monday,EGLINTON WEST STATION,12,18,N,YU
10:05:00,Monday,SPADINA BD STATION,14,18,E,BD
10:55:00,Monday,WARDEN STATION,0,0,W,BD
11:00:00,Monday,YORKDALE STATION,22,28,S,YU
11:19:00,Monday,COXWELL STATION,0,0,W,BD
11:26:00,Monday,LAWRENCE WEST STATION,6,12,S,YU
11:52:00,Monday,LAWRENCE WEST STATION,6,12,N,YU
12:36:00,Monday,UNION STATION,3,8,N,YU
12:38:00,Monday,KENNEDY BD STATION,4,8,W,BD
12:45:00,Monday,BLOOR STATION,0,0,S,YU
13:54:00,Monday,CHRISTIE STATION,0,0,E,BD
14:13:00,Monday,VICTORIA PARK STATION,3,7,W,BD
15:01:00,Monday,WELLESLEY STATION,0,0,N,YU
17:48:00,Monday,KIPLING STATION,3,7,E,BD
17:53:00,Monday,CASTLE FRANK STATION,0,0,E,BD
17:56:00,Monday,DUNDAS STATION,0,0,S,YU
17:58:00,Monday,DUFFERIN STATION,0,0,W,BD
18:13:00,Monday,RUNNYMEDE STATION,3,7,E,BD
19:17:00,Monday,HIGH PARK STATION,0,0,W,BD
19:47:00,Monday,RUNNYMEDE STATION,0,0,W,BD
20:05:00,Monday,SHEPPARD STATION,0,0,S,YU
20:19:00,Monday,KEELE STATION,0,0,E,BD
20:22:00,Monday,BATHURST STATION,0,0,W,BD
20:26:00,Monday,EGLINTON WEST STATION,0,0,N,YU
20:32:00,Monday,WOODBINE STATION,0,0,E,BD
20:54:00,Monday,WOODBINE STATION,0,0,W,BD
21:16:00,Monday,DUNDAS STATION,0,0,N,YU
21:46:00,Monday,HIGH PARK STATION,0,0,W,BD
22:23:00,Monday,BROADVIEW STATION,3,9,W,BD
00:54:00,Monday,LAWRENCE STATION,0,0,N,YU
07:01:00,Monday,SHEPPARD-YONGE STATION,7,14,E,SHP
15:31:00,Monday,BAYVIEW STATION,3,10,W,SHP
05:49:00,Tuesday,DONLANDS STATION,0,0,W,BD
06:13:00,Tuesday,DUNDAS WEST STATION,0,0,E,BD
06:14:00,Tuesday,KENNEDY BD STATION,2,4,E,BD
06:18:00,Tuesday,GREENWOOD STATION,2,4,E,BD
06:25:00,Tuesday,DONLANDS STATION,2,4,W,BD
06:51:00,Tuesday,NORTH YORK CTR STATION,6,9,S,YU
06:56:00,Tuesday,DUFFERIN STATION,0,0,W,BD
06:58:00,Tuesday,SHEPPARD STATION,5,8,S,YU
08:05:00,Tuesday,EGLINTON WEST STATION,3,6,N,YU
08:09:00,Tuesday,JANE STATION,0,0,E,BD
08:38:00,Tuesday,LANSDOWNE STATION,10,12,E,BD
08:47:00,Tuesday,MAIN STREET STATION,0,0,E,BD
09:23:00,Tuesday,ISLINGTON STATION,0,0,W,BD
09:24:00,Tuesday,NORTH YORK CTR STATION,5,8,S,YU
09:31:00,Tuesday,SHEPPARD STATION,3,6,S,YU
09:31:00,Tuesday,ISLINGTON STATION,0,0,E,BD
09:37:00,Tuesday,LAWRENCE STATION,3,6,S,YU
09:41:00,Tuesday,SHERBOURNE STATION,0,0,E,BD
09:47:00,Tuesday,HIGH PARK STATION,3,5,E,BD
10:26:00,Tuesday,WOODBINE STATION,0,0,W,BD
10:31:00,Tuesday,RUNNYMEDE STATION,0,0,E,BD
10:49:00,Tuesday,BATHURST STATION,0,0,W,BD
11:13:00,Tuesday,DAVISVILLE STATION,4,9,S,YU
11:51:00,Tuesday,VICTORIA PARK STATION,0,0,W,BD
12:56:00,Tuesday,DAVISVILLE STATION,3,8,N,YU
13:13:00,Tuesday,COXWELL STATION,0,0,W,BD
13:15:00,Tuesday,SHEPPARD WEST STATION,0,0,N,YU
13:46:00,Tuesday,BLOOR STATION,0,0,S,YU
13:47:00,Tuesday,GREENWOOD STATION,32,36,E,BD
14:17:00,Tuesday,WOODBINE STATION,0,0,E,BD
14:29:00,Tuesday,COXWELL STATION,0,0,W,BD
15:09:00,Tuesday,QUEEN'S PARK STATION,3,8,S,YU
16:17:00,Tuesday,WARDEN STATION,17,20,E,BD
16:45:00,Tuesday,PAPE STATION,0,0,W,BD
16:56:00,Tuesday,SPADINA BD STATION,9,12,W,BD
17:10:00,Tuesday,BATHURST STATION,4,7,W,BD
17:47:00,Tuesday,SHEPPARD STATION,4,7,S,YU
17:47:00,Tuesday,BROADVIEW STATION,54,57,E,BD
17:54:00,Tuesday,DUFFERIN STATION,0,0,E,BD
18:07:00,Tuesday,ROSEDALE STATION,0,0,N,YU
18:20:00,Tuesday,SPADINA BD STATION,22,26,E,BD
18:37:00,Tuesday,SUMMERHILL STATION,6,9,S,YU
19:14:00,Tuesday,CHESTER STATION,0,0,E,BD
19:57:00,Tuesday,VICTORIA PARK STATION,6,11,E,BD
20:02:00,Tuesday,MAIN STREET STATION,7,12,E,BD
21:06:00,Tuesday,VICTORIA PARK STATION,0,0,W,BD
21:40:00,Tuesday,JANE STATION,0,0,E,BD
22:36:00,Tuesday,OSGOODE STATION,0,0,N,YU
22:48:00,Tuesday,ST CLAIR STATION,0,0,S,YU
22:57:00,Tuesday,BLOOR STATION,5,10,S,YU
23:22:00,Tuesday,ISLINGTON STATION,0,0,W,BD
23:26:00,Tuesday,DAVISVILLE STATION,11,17,S,YU
23:37:00,Tuesday,WOODBINE STATION,151,156,E,BD
23:41:00,Tuesday,ST GEORGE BD STATION,0,0,W,BD
23:58:00,Tuesday,ST ANDREW STATION,5,10,N,YU
01:11:00,Tuesday,LAWRENCE WEST STATION,0,0,S,YU
01:14:00,Tuesday,SUMMERHILL STATION,0,0,S,YU
05:16:00,Wednesday,DONLANDS STATION,7,0,W,BD
05:30:00,Wednesday,ST GEORGE YUS STATION,0,0,S,YU
05:49:00,Wednesday,WELLESLEY STATION,0,0,N,YU
05:49:00,Wednesday,KEELE STATION,7,14,E,BD
06:12:00,Wednesday,DONLANDS STATION,0,0,E,BD
06:23:00,Wednesday,ST GEORGE YUS STATION,13,0,N,YU
06:36:00,Wednesday,FINCH WEST STATION,0,0,S,YU
06:40:00,Wednesday,DUNDAS STATION,0,0,S,YU
07:44:00,Wednesday,DUPONT STATION,0,0,S,YU
08:03:00,Wednesday,KIPLING STATION,0,0,W,BD
08:03:00,Wednesday,WARDEN STATION,8,11,W,BD
08:23:00,Wednesday,WARDEN STATION,0,0,W,BD
08:40:00,Wednesday,NORTH YORK CTR STATION,0,0,N,YU
08:59:00,Wednesday,ST ANDREW STATION,5,8,N,YU
09:04:00,Wednesday,KIPLING STATION,2,4,W,BD
09:11:00,Wednesday,VAUGHAN MC STATION,0,0,S,YU
10:39:00,Wednesday,YONGE BD STATION,4,8,W,BD
10:41:00,Wednesday,BLOOR STATION,0,0,S,YU
11:30:00,Wednesday,BLOOR STATION,6,11,N,YU
11:47:00,Wednesday,VICTORIA PARK STATION,0,0,W,BD
12:02:00,Wednesday,KING STATION,0,0,N,YU
12:03:00,Wednesday,SHEPPARD STATION,0,0,S,YU
12:19:00,Wednesday,DAVISVILLE STATION,0,0,S,YU
13:02:00,Wednesday,WILSON STATION,5,10,N,YU
13:05:00,Wednesday,MAIN STREET STATION,23,27,E,BD
13:33:00,Wednesday,ST CLAIR WEST STATION,4,9,S,YU
13:45:00,Wednesday,ST GEORGE BD STATION,0,0,W,BD
13:53:00,Wednesday,SHERBOURNE STATION,0,0,E,BD
13:54:00,Wednesday,SPADINA BD STATION,4,8,W,BD
14:00:00,Wednesday,KEELE STATION,5,9,W,BD
14:26:00,Wednesday,QUEEN STATION,3,8,N,YU
14:43:00,Wednesday,ROSEDALE STATION,0,0,S,YU
16:12:00,Wednesday,YORK MILLS STATION,5,10,S,YU
16:15:00,Wednesday,DAVISVILLE YARD,3,6,S,YU
16:27:00,Wednesday,EGLINTON STATION,0,0,N,YU
16:48:00,Wednesday,ST CLAIR WEST STATION,7,12,N,YU
17:16:00,Wednesday,SPADINA YUS STATION,4,9,N,YU
17:34:00,Wednesday,DUNDAS STATION,4,7,S,YU
17:39:00,Wednesday,BLOOR STATION,4,7,N,YU
17:48:00,Wednesday,NORTH YORK CTR STATION,3,6,S,YU
17:48:00,Wednesday,FINCH STATION,0,0,S,YU
17:53:00,Wednesday,SHERBOURNE STATION,4,7,E,BD
18:05:00,Wednesday,GREENWOOD STATION,0,0,W,BD
18:20:00,Wednesday,QUEEN STATION,6,9,N,YU
18:36:00,Wednesday,DUNDAS STATION,0,0,N,YU
19:09:00,Wednesday,NORTH YORK CTR STATION,0,0,S,YU
20:54:00,Wednesday,DUNDAS STATION,7,11,N,YU
21:07:00,Wednesday,BLOOR STATION,0,0,S,YU
21:58:00,Wednesday,ST GEORGE BD STATION,4,10,W,BD
22:34:00,Wednesday,UNION STATION,9,14,N,YU
23:20:00,Wednesday,OSSINGTON STATION,5,10,W,BD
23:23:00,Wednesday,SPADINA BD STATION,4,9,W,BD
00:36:00,Wednesday,UNION STATION,0,0,S,YU
01:23:00,Wednesday,BATHURST STATION,0,0,E,BD
01:40:00,Wednesday,SHEPPARD WEST STATION,0,0,S,YU
01:42:00,Wednesday,ST CLAIR STATION,10,15,S,YU
13:31:00,Wednesday,DON MILLS STATION,0,0,W,SHP
13:57:00,Wednesday,BAYVIEW STATION,0,0,E,SHP
15:20:00,Wednesday,BESSARION STATION,0,0,E,SHP
05:38:00,Thursday,EGLINTON STATION,10,15,N,YU
05:48:00,Thursday,FINCH WEST STATION,40,43,N,YU
05:55:00,Thursday,PIONEER VILLAGE STATIO,40,0,S,YU
06:01:00,Thursday,EGLINTON STATION,10,13,N,YU
06:07:00,Thursday,WILSON STATION,10,13,S,YU
06:12:00,Thursday,DONLANDS STATION,6,11,W,BD
06:14:00,Thursday,ST CLAIR STATION,5,8,N,YU
06:20:00,Thursday,YONGE BD STATION,3,6,E,BD
06:53:00,Thursday,DUNDAS STATION,7,10,S,YU
07:25:00,Thursday,KENNEDY BD STATION,0,0,W,BD
08:25:00,Thursday,SPADINA YUS STATION,0,0,S,YU
08:26:00,Thursday,KIPLING STATION,7,9,E,BD
08:45:00,Thursday,ST GEORGE YUS STATION,4,7,S,YU
09:19:00,Thursday,KIPLING STATION,0,0,W,BD
09:29:00,Thursday,PAPE STATION,7,11,W,BD
09:30:00,Thursday,UNION STATION,6,9,N,YU
09:36:00,Thursday,SHERBOURNE STATION,0,0,E,BD
09:43:00,Thursday,ROSEDALE STATION,0,0,N,YU
09:59:00,Thursday,KIPLING STATION,0,0,W,BD
10:59:00,Thursday,EGLINTON WEST STATION,0,0,S,YU
11:03:00,Thursday,BLOOR STATION,0,0,S,YU
11:25:00,Thursday,GREENWOOD STATION,5,9,W,BD
11:37:00,Thursday,BLOOR STATION,0,0,N,YU
11:39:00,Thursday,DUNDAS STATION,0,0,N,YU
11:42:00,Thursday,DUPONT STATION,5,10,S,YU
12:33:00,Thursday,SHEPPARD WEST STATION,30,35,S,YU
12:49:00,Thursday,FINCH STATION,3,8,S,YU
13:19:00,Thursday,LAWRENCE WEST STATION,6,11,S,YU
14:09:00,Thursday,WELLESLEY STATION,0,0,N,YU
14:40:00,Thursday,BLOOR STATION,0,0,N,YU
14:42:00,Thursday,YONGE BD STATION,0,0,W,BD
14:47:00,Thursday,WOODBINE STATION,0,0,E,BD
15:14:00,Thursday,COLLEGE STATION,0,0,S,YU
15:26:00,Thursday,BLOOR STATION,0,0,S,YU
15:43:00,Thursday,ST GEORGE BD STATION,5,8,E,BD
15:50:00,Thursday,BATHURST STATION,0,0,E,BD
16:27:00,Thursday,DUNDAS STATION,5,8,S,YU
16:40:00,Thursday,SHERBOURNE STATION,4,7,E,BD
16:56:00,Thursday,LAWRENCE STATION,3,6,S,YU
16:59:00,Thursday,FINCH STATION,3,6,S,YU
17:45:00,Thursday,DUFFERIN STATION,3,6,W,BD
18:01:00,Thursday,OLD MILL STATION,0,0,W,BD
18:33:00,Thursday,YORK MILLS STATION,7,10,S,YU
18:45:00,Thursday,NORTH YORK CTR STATION,0,0,N,YU
19:14:00,Thursday,COLLEGE STATION,0,0,S,YU
19:37:00,Thursday,KENNEDY BD STATION,0,0,E,BD
19:59:00,Thursday,VICTORIA PARK STATION,0,0,E,BD
20:47:00,Thursday,KIPLING STATION,0,0,E,BD
21:24:00,Thursday,SHERBOURNE STATION,0,0,W,BD
22:41:00,Thursday,ST GEORGE YUS STATION,4,9,S,YU
22:43:00,Thursday,KIPLING STATION,0,0,E,BD
23:07:00,Thursday,VICTORIA PARK STATION,0,0,W,BD
23:49:00,Thursday,WARDEN STATION,10,16,E,BD
00:20:00,Thursday,LAWRENCE WEST STATION,5,10,N,YU
00:22:00,Thursday,ST GEORGE YUS STATION,0,0,S,YU
00:55:00,Thursday,LAWRENCE WEST STATION,5,10,N,YU
00:58:00,Thursday,CASTLE FRANK STATION,3,9,W,BD
01:01:00,Thursday,COXWELL STATION,0,0,W,BD
11:39:00,Thursday,SHEPPARD-YONGE STATION,4,11,E,SHP
17:02:00,Thursday,LESLIE STATION,0,0,W,SHP
04:35:00,Friday,E/O WARDEN TO W/O VICT,77,79,E,BD
05:40:00,Friday,KENNEDY BD STATION,5,10,W,BD
05:47:00,Friday,KIPLING STATION,0,0,E,BD
05:54:00,Friday,YONGE BD STATION,37,42,W,BD
05:55:00,Friday,KIPLING STATION,0,0,E,BD
05:57:00,Friday,SUMMERHILL STATION,19,24,S,YU
06:20:00,Friday,SUMMERHILL STATION,3,7,S,YU
06:27:00,Friday,SUMMERHILL STATION,6,11,S,YU
06:41:00,Friday,SHERBOURNE STATION,3,8,E,BD
06:58:00,Friday,QUEEN'S PARK STATION,7,10,N,YU
06:59:00,Friday,DUNDAS STATION,0,0,S,YU
07:01:00,Friday,BLOOR STATION,8,11,N,YU
07:18:00,Friday,WOODBINE STATION,3,6,W,BD
07:25:00,Friday,KIPLING STATION,0,0,E,BD
07:28:00,Friday,FINCH TO UNION,10,13,S,YU
07:34:00,Friday,WOODBINE STATION,0,0,E,BD
07:52:00,Friday,WOODBINE STATION,0,0,E,BD
07:58:00,Friday,BAY STATION,0,0,E,BD
08:00:00,Friday,WOODBINE STATION,0,0,W,BD
08:20:00,Friday,ISLINGTON STATION,0,0,W,BD
08:41:00,Friday,DUNDAS STATION,5,8,S,YU
08:44:00,Friday,KENNEDY BD STATION,0,0,E,BD
10:25:00,Friday,EGLINTON WEST STATION,0,0,N,YU
11:12:00,Friday,MAIN STREET STATION,0,0,W,BD
11:24:00,Friday,LAWRENCE WEST STATION,0,0,S,YU
11:41:00,Friday,QUEEN'S PARK STATION,11,16,N,YU
12:25:00,Friday,FINCH WEST STATION,5,10,S,YU
12:53:00,Friday,ST CLAIR WEST STATION,0,0,S,YU
13:01:00,Friday,ROYAL YORK STATION,0,0,E,BD
13:41:00,Friday,BLOOR STATION,4,9,S,YU
14:07:00,Friday,WELLESLEY STATION,0,0,S,YU
14:07:00,Friday,KIPLING STATION,4,8,E,BD
14:27:00,Friday,BATHURST STATION,22,26,W,BD
15:34:00,Friday,DUNDAS WEST STATION,4,8,E,BD
16:00:00,Friday,DUNDAS STATION,5,10,S,YU
16:14:00,Friday,HIGH PARK STATION,4,7,E,BD
16:26:00,Friday,DAVISVILLE STATION,5,8,S,YU
16:55:00,Friday,BLOOR STATION,0,0,N,YU
17:22:00,Friday,KEELE STATION,0,0,E,BD
17:23:00,Friday,UNION STATION,0,0,N,YU
17:53:00,Friday,KIPLING STATION,0,0,E,BD
18:10:00,Friday,DUNDAS STATION,0,0,S,YU
18:17:00,Friday,WARDEN STATION,4,8,W,BD
18:21:00,Friday,ST GEORGE BD STATION,4,7,W,BD
18:37:00,Friday,COXWELL STATION,4,8,W,BD
18:40:00,Friday,ISLINGTON STATION,0,0,E,BD
19:42:00,Friday,DUNDAS STATION,36,39,N,YU
19:45:00,Friday,SUMMERHILL STATION,0,0,S,YU
20:18:00,Friday,PAPE STATION,4,9,W,BD
20:38:00,Friday,DUFFERIN STATION,3,8,W,BD
20:48:00,Friday,KIPLING STATION,0,0,W,BD
20:54:00,Friday,ST CLAIR STATION,11,16,S,YU
21:27:00,Friday,ROSEDALE STATION,4,9,N,YU
21:27:00,Friday,ST GEORGE YUS STATION,6,11,S,YU
21:55:00,Friday,OLD MILL STATION,0,0,W,BD
22:36:00,Friday,YORKDALE STATION,14,19,N,YU
22:43:00,Friday,LAWRENCE STATION,4,9,S,YU
23:31:00,Friday,BLOOR STATION,0,0,N,YU
23:57:00,Friday,KENNEDY BD STATION,3,8,W,BD
00:36:00,Friday,ST GEORGE YUS STATION,0,0,N,YU
01:20:00,Friday,FINCH STATION,9,14,S,YU
01:22:00,Friday,EGLINTON STATION,0,0,N,YU
01:33:00,Friday,BLOOR STATION,0,0,S,YU
01:45:00,Friday,SHEPPARD WEST STATION,0,0,S,YU
09:10:00,Friday,DON MILLS STATION,20,27,E,SHP
09:27:00,Friday,LESLIE STATION,9,16,E,SHP
02:02:00,Saturday,OSSINGTON STATION,0,0,E,BD
06:09:00,Saturday,UNION STATION,7,0,N,YU
06:54:00,Saturday,EGLINTON STATION,6,12,N,YU
08:50:00,Saturday,VICTORIA PARK STATION,3,8,E,BD
08:56:00,Saturday,EGLINTON WEST STATION,4,10,N,YU
10:25:00,Saturday,VICTORIA PARK STATION,3,8,W,BD
10:48:00,Saturday,MUSEUM STATION,11,15,S,YU
11:36:00,Saturday,ST PATRICK STATION,4,8,S,YU
12:29:00,Saturday,SHERBOURNE STATION,3,7,E,BD
13:00:00,Saturday,YONGE BD STATION,0,0,W,BD
13:08:00,Saturday,WELLESLEY STATION,3,7,S,YU
13:10:00,Saturday,KING STATION,0,0,S,YU
13:39:00,Saturday,DUNDAS STATION,4,8,S,YU
14:12:00,Saturday,DUFFERIN STATION,0,0,W,BD
14:19:00,Saturday,YONGE BD STATION,0,0,E,BD
14:20:00,Saturday,BLOOR STATION,0,0,N,YU
14:29:00,Saturday,DUFFERIN STATION,16,20,W,BD
14:37:00,Saturday,KEELE STATION,0,0,W,BD
14:38:00,Saturday,KEELE STATION,0,0,W,BD
15:08:00,Saturday,ROSEDALE STATION,5,9,S,YU
15:30:00,Saturday,DONLANDS STATION,0,0,W,BD
15:36:00,Saturday,DUFFERIN STATION,0,0,E,BD
16:54:00,Saturday,OLD MILL STATION,0,0,E,BD
17:20:00,Saturday,DONLANDS STATION,10,14,W,BD
18:07:00,Saturday,SHERBOURNE STATION,0,0,E,BD
18:16:00,Saturday,COLLEGE STATION,5,9,S,YU
18:22:00,Saturday,YORKDALE STATION,15,19,N,YU
18:25:00,Saturday,KENNEDY BD STATION,0,0,W,BD
19:00:00,Saturday,LANSDOWNE STATION,0,0,W,BD
19:01:00,Saturday,QUEEN'S PARK STATION,0,0,N,YU
19:03:00,Saturday,DUNDAS WEST STATION,4,8,W,BD
19:09:00,Saturday,CHRISTIE STATION,14,19,W,BD
19:20:00,Saturday,KENNEDY BD STATION,0,0,W,BD
19:58:00,Saturday,BLOOR STATION,0,0,N,YU
21:50:00,Saturday,BLOOR STATION,0,0,S,YU
21:50:00,Saturday,YONGE BD STATION,0,0,E,BD
22:13:00,Saturday,BLOOR STATION,0,0,N,YU
22:56:00,Saturday,VICTORIA PARK STATION,0,0,E,BD
23:05:00,Saturday,WOODBINE STATION,0,0,E,BD
00:12:00,Saturday,VICTORIA PARK STATION,0,0,W,BD
01:03:00,Saturday,VICTORIA PARK STATION,0,0,W,BD
01:22:00,Saturday,VICTORIA PARK STATION,0,0,W,BD
01:37:00,Saturday,PAPE STATION,0,0,E,BD
01:56:00,Saturday,VICTORIA PARK STATION,0,0,W,BD
08:07:00,Sunday,UNION STATION,15,0,N,YU
08:10:00,Sunday,SUMMERHILL STATION,8,0,S,YU
08:21:00,Sunday,UNION STATION,6,0,N,YU
08:30:00,Sunday,WOODBINE STATION,7,12,E,BD
09:26:00,Sunday,VAUGHAN MC STATION,5,11,S,YU
10:03:00,Sunday,KIPLING STATION,0,0,E,BD
12:26:00,Sunday,LAWRENCE WEST STATION,0,0,S,YU
13:39:00,Sunday,ST CLAIR STATION,3,7,S,YU
16:11:00,Sunday,UNION STATION,0,0,N,YU
16:46:00,Sunday,DUFFERIN STATION,12,16,E,BD
17:25:00,Sunday,KIPLING STATION,4,8,E,BD
17:25:00,Sunday,EGLINTON WEST STATION,17,21,N,YU
17:56:00,Sunday,DAVISVILLE STATION,0,0,N,YU
18:16:00,Sunday,BROADVIEW STATION,0,0,W,BD
18:42:00,Sunday,DAVISVILLE STATION,4,8,N,YU
19:43:00,Sunday,VAUGHAN MC STATION,6,12,S,YU
20:26:00,Sunday,BLOOR STATION,0,0,N,YU
21:11:00,Sunday,LAWRENCE WEST STATION,0,0,N,YU
22:06:00,Sunday,LANSDOWNE STATION,4,10,W,BD
22:08:00,Sunday,KING STATION,11,17,S,YU
22:28:00,Sunday,KIPLING STATION,6,12,W,BD
22:55:00,Sunday,ISLINGTON STATION,3,9,E,BD
23:35:00,Sunday,BATHURST STATION,0,0,E,BD
23:37:00,Sunday,PIONEER VILLAGE STATIO,8,14,S,YU
00:02:00,Sunday,WELLESLEY STATION,0,0,S,YU
01:54:00,Sunday,WELLESLEY STATION,0,0,N,YU
14:11:00,Sunday,SHEPPARD-YONGE STATION,0,0,E,SHP
18:40:00,Sunday,BAYVIEW STATION,21,28,E,SHP
02:16:00,Monday,MUSEUM STATION,0,0,N,YU
06:14:00,Monday,DONLANDS STATION,5,7,W,BD
06:32:00,Monday,COLLEGE STATION,0,0,S,YU
06:33:00,Monday,WILSON STATION,4,7,S,YU
06:39:00,Monday,GREENWOOD STATION,4,6,E,BD
06:50:00,Monday,FINCH STATION,0,0,S,YU
07:01:00,Monday,BAY STATION,3,5,E,BD
07:11:00,Monday,ST ANDREW STATION,0,0,N,YU
07:13:00,Monday,GREENWOOD STATION,2,4,E,BD
07:20:00,Monday,ROSEDALE STATION,0,0,N,YU
07:27:00,Monday,WILSON STATION,4,7,S,YU
07:37:00,Monday,GREENWOOD STATION,2,4,E,BD
07:52:00,Monday,WILSON STATION,17,20,N,YU
08:00:00,Monday,SHEPPARD WEST STATION,9,12,S,YU
08:23:00,Monday,EGLINTON STATION,0,0,S,YU
08:32:00,Monday,LAWRENCE STATION,5,8,S,YU
08:38:00,Monday,ST CLAIR WEST STATION,5,8,S,YU
09:12:00,Monday,COXWELL STATION,3,5,W,BD
09:12:00,Monday,YONGE BD STATION,3,5,E,BD
09:30:00,Monday,YONGE BD STATION,3,6,W,BD
10:44:00,Monday,DUNDAS WEST STATION,0,0,W,BD
10:48:00,Monday,ISLINGTON STATION,0,0,W,BD
11:35:00,Monday,ST GEORGE BD STATION,4,8,E,BD
11:44:00,Monday,ST GEORGE BD STATION,0,0,W,BD
11:46:00,Monday,ST GEORGE YUS STATION,0,0,S,YU
12:18:00,Monday,KING STATION,0,0,N,YU
12:23:00,Monday,SHEPPARD STATION,0,0,S,YU
12:26:00,Monday,KIPLING STATION,4,8,E,BD
12:40:00,Monday,LAWRENCE WEST STATION,3,8,N,YU
13:03:00,Monday,LANSDOWNE STATION,0,0,W,BD
13:53:00,Monday,WELLESLEY STATION,0,0,S,YU
13:58:00,Monday,KENNEDY BD STATION,0,0,W,BD
14:18:00,Monday,ST CLAIR STATION,7,12,S,YU
15:05:00,Monday,SHERBOURNE STATION,3,6,E,BD
15:06:00,Monday,ROYAL YORK STATION,12,16,W,BD
15:26:00,Monday,QUEEN STATION,6,11,S,YU
16:02:00,Monday,KIPLING STATION,0,0,E,BD
16:07:00,Monday,VAUGHAN MC STATION,3,6,S,YU
16:45:00,Monday,BROADVIEW STATION,0,0,E,BD
18:09:00,Monday,WOODBINE STATION,0,0,W,BD
18:19:00,Monday,QUEEN STATION,9,14,N,YU
18:25:00,Monday,SUMMERHILL STATION,0,0,N,YU
18:31:00,Monday,KIPLING STATION,0,0,W,BD
18:52:00,Monday,KIPLING STATION,5,10,E,BD
19:04:00,Monday,GLENCAIRN STATION,9,13,N,YU
19:15:00,Monday,KIPLING STATION,3,8,E,BD
19:38:00,Monday,DAVISVILLE STATION,0,0,S,YU
19:50:00,Monday,KING STATION,0,0,S,YU
19:58:00,Monday,CASTLE FRANK STATION,3,8,W,BD
20:09:00,Monday,ST CLAIR STATION,5,9,N,YU
20:10:00,Monday,VICTORIA PARK STATION,0,0,W,BD
20:16:00,Monday,YORKDALE STATION,23,28,N,YU
20:37:00,Monday,DAVISVILLE STATION,13,17,S,YU
20:46:00,Monday,ST GEORGE YUS STATION,0,0,N,YU
21:52:00,Monday,DUNDAS STATION,0,0,N,YU
22:29:00,Monday,BLOOR STATION,0,0,S,YU
22:30:00,Monday,DONLANDS STATION,0,0,E,BD
23:49:00,Monday,ST GEORGE YUS STATION,30,35,N,YU
00:02:00,Monday,FINCH STATION,25,30,S,YU
00:03:00,Monday,WARDEN STATION,5,10,E,BD
00:15:00,Monday,SHEPPARD STATION,3,8,N,YU
05:52:00,Monday,BESSARION STATION,0,0,E,SHP
05:40:00,Tuesday,KENNEDY BD STATION,6,0,W,BD
05:48:00,Tuesday,ST CLAIR STATION,5,0,S,YU
05:56:00,Tuesday,VICTORIA PARK STATION,0,0,W,BD
06:40:00,Tuesday,YONGE BD STATION,4,0,W,BD
07:11:00,Tuesday,WILSON STATION,0,0,S,YU
07:42:00,Tuesday,WARDEN STATION,0,0,W,BD
07:46:00,Tuesday,WELLESLEY STATION,3,6,N,YU
07:50:00,Tuesday,YORK MILLS STATION,16,19,N,YU
08:06:00,Tuesday,LAWRENCE STATION,3,6,S,YU
08:13:00,Tuesday,ST GEORGE BD STATION,3,5,W,BD
08:15:00,Tuesday,ISLINGTON STATION,0,0,W,BD
08:25:00,Tuesday,DAVISVILLE STATION,7,10,S,BD
08:35:00,Tuesday,QUEEN'S PARK STATION,0,0,S,YU
08:46:00,Tuesday,DUPONT STATION,5,8,S,YU
09:13:00,Tuesday,UNION STATION,4,7,N,YU
09:49:00,Tuesday,YORKDALE STATION,0,0,S,YU
09:56:00,Tuesday,COLLEGE STATION,4,7,N,YU
10:08:00,Tuesday,KEELE YARD,0,0,E,BD
10:53:00,Tuesday,BLOOR STATION,0,0,N,YU
11:54:00,Tuesday,COXWELL STATION,5,9,W,BD
13:10:00,Tuesday,DUNDAS STATION,7,12,S,YU
13:23:00,Tuesday,ST PATRICK STATION,0,0,N,YU
13:32:00,Tuesday,DUNDAS STATION,10,15,N,YU
13:36:00,Tuesday,BLOOR STATION,0,0,N,YU
13:43:00,Tuesday,EGLINTON WEST STATION,8,13,N,YU
14:05:00,Tuesday,QUEEN'S PARK STATION,0,0,S,YU
14:15:00,Tuesday,NORTH YORK CTR STATION,4,9,N,YU
14:26:00,Tuesday,BETWEEN WARDEN STATION,0,0,E,BD
14:33:00,Tuesday,KENNEDY BD STATION,0,0,E,BD
14:54:00,Tuesday,CHESTER STATION,0,0,W,BD
14:57:00,Tuesday,ROSEDALE STATION,0,0,N,YU
14:58:00,Tuesday,QUEEN'S PARK STATION,4,7,N,YU
15:02:00,Tuesday,DAVISVILLE STATION,0,0,N,YU
15:19:00,Tuesday,VICTORIA PARK STATION,0,0,E,BD
15:49:00,Tuesday,BROADVIEW STATION,0,0,W,BD
15:49:00,Tuesday,ST CLAIR WEST STATION,3,6,N,YU
16:14:00,Tuesday,DUNDAS STATION,0,0,N,YU
16:14:00,Tuesday,DUPONT STATION,4,7,S,YU
16:26:00,Tuesday,YORKDALE STATION,7,10,S,YU
16:34:00,Tuesday,LAWRENCE WEST STATION,3,6,S,YU
16:40:00,Tuesday,GLENCAIRN STATION,3,9,S,YU
16:43:00,Tuesday,ROYAL YORK STATION,3,7,E,BD
16:53:00,Tuesday,ROSEDALE STATION,3,6,N,YU
17:12:00,Tuesday,DUPONT STATION,8,11,S,YU
17:20:00,Tuesday,DUPONT STATION,3,6,S,YU
17:24:00,Tuesday,ST GEORGE YUS STATION,0,0,N,YU
17:45:00,Tuesday,LANSDOWNE STATION,0,0,W,BD
17:48:00,Tuesday,SHERBOURNE STATION,0,0,E,BD
18:02:00,Tuesday,DUPONT STATION,3,6,S,YU
18:22:00,Tuesday,KING STATION,3,6,S,YU
18:54:00,Tuesday,DUPONT STATION,8,11,S,YU
19:05:00,Tuesday,ROSEDALE STATION,3,6,N,YU
19:12:00,Tuesday,FINCH STATION,3,6,S,YU
19:14:00,Tuesday,SPADINA BD STATION,3,8,W,BD
19:38:00,Tuesday,NORTH YORK CTR STATION,3,8,S,YU
20:02:00,Tuesday,FINCH WEST STATION,0,0,N,YU
20:49:00,Tuesday,KIPLING STATION,0,0,W,BD
22:05:00,Tuesday,CHESTER STATION,0,0,E,BD
22:18:00,Tuesday,WILSON STATION,4,9,N,YU
22:27:00,Tuesday,KIPLING STATION,5,10,E,BD
22:45:00,Tuesday,YONGE BD STATION,3,8,E,BD
23:09:00,Tuesday,EGLINTON STATION,28,33,N,YU
00:01:00,Tuesday,WARDEN STATION,0,0,W,BD
00:09:00,Tuesday,BATHURST STATION,6,11,W,BD
00:27:00,Tuesday,SHERBOURNE STATION,0,0,E,BD
00:32:00,Tuesday,ST GEORGE BD STATION,8,13,E,BD
06:36:00,Tuesday,BESSARION STATION,0,0,E,SHP
13:53:00,Tuesday,SHEPPARD-YONGE STATION,0,0,W,SHP
13:57:00,Tuesday,SHEPPARD-YONGE STATION,0,0,E,SHP
15:28:00,Tuesday,LESLIE STATION,0,0,E,SHP
02:49:00,Wednesday,WARDEN STATION,0,0,E,BD
05:40:00,Wednesday,KENNEDY BD STATION,0,0,W,BD
06:32:00,Wednesday,BLOOR STATION,3,6,S,YU
06:43:00,Wednesday,DUFFERIN STATION,0,0,W,BD
06:48:00,Wednesday,YORK MILLS STATION,6,9,N,YU
07:42:00,Wednesday,DAVISVILLE STATION,11,14,S,YU
07:48:00,Wednesday,UNION TO ST ANDREW,3,6,S,YU
08:03:00,Wednesday,KENNEDY BD STATION,0,0,E,BD
08:17:00,Wednesday,BLOOR STATION,0,0,N,YU
08:19:00,Wednesday,ST CLAIR WEST STATION,0,0,N,YU
08:20:00,Wednesday,SHERBOURNE STATION,7,9,E,BD
09:18:00,Wednesday,CHRISTIE STATION,0,0,E,BD
09:45:00,Wednesday,CHESTER STATION,3,5,E,BD
09:52:00,Wednesday,CHESTER STATION,0,0,E,BD
09:56:00,Wednesday,JANE STATION,0,0,E,BD
10:16:00,Wednesday,SPADINA BD STATION,3,7,W,BD
10:27:00,Wednesday,OSSINGTON STATION,0,0,W,BD
11:03:00,Wednesday,WARDEN STATION,3,7,W,BD
11:09:00,Wednesday,DAVISVILLE STATION,4,9,S,YU
11:57:00,Wednesday,SHERBOURNE STATION,0,0,E,BD
12:08:00,Wednesday,BROADVIEW STATION,0,0,W,BD
12:56:00,Wednesday,SHEPPARD STATION,15,20,S,YU
13:17:00,Wednesday,YORKDALE STATION,3,8,S,YU
13:24:00,Wednesday,DUNDAS STATION,0,0,N,YU
13:37:00,Wednesday,KENNEDY BD STATION,4,8,W,BD
13:49:00,Wednesday,YONGE BD STATION,8,12,E,BD
13:57:00,Wednesday,(APPROACHING) KENNEDY,4,8,E,BD
14:45:00,Wednesday,BLOOR STATION,6,11,N,YU
15:10:00,Wednesday,ST GEORGE YUS STATION,3,8,N,YU
15:30:00,Wednesday,DAVISVILLE STATION,5,10,S,YU
15:52:00,Wednesday,KIPLING STATION,0,0,W,BD
16:41:00,Wednesday,WELLESLEY STATION,0,0,N,YU
16:48:00,Wednesday,YONGE BD STATION,5,8,E,BD
16:58:00,Wednesday,SUMMERHILL STATION,8,11,N,YU
17:06:00,Wednesday,BLOOR STATION,6,11,N,YU
17:07:00,Wednesday,ST CLAIR STATION,0,0,N,YU
17:12:00,Wednesday,KING STATION,0,0,N,YU
17:29:00,Wednesday,BLOOR STATION,0,0,N,YU
17:38:00,Wednesday,QUEEN STATION,0,0,N,YU
18:04:00,Wednesday,BLOOR STATION,0,0,S,YU
18:05:00,Wednesday,ST CLAIR STATION,24,27,N,YU
18:24:00,Wednesday,ROYAL YORK STATION,0,0,E,BD
18:39:00,Wednesday,HIGH PARK STATION,0,0,W,BD
18:49:00,Wednesday,YORKDALE STATION,8,11,N,YU
18:59:00,Wednesday,ISLINGTON STATION,0,0,W,BD
19:10:00,Wednesday,WARDEN STATION,5,10,W,BD
19:43:00,Wednesday,ST GEORGE BD STATION,0,0,W,BD
19:49:00,Wednesday,HIGH PARK TO KEELE STA,0,0,E,BD
21:20:00,Wednesday,ST CLAIR STATION,0,0,N,YU
21:52:00,Wednesday,DUFFERIN STATION,0,0,W,BD
21:52:00,Wednesday,VAUGHAN MC STATION,0,0,N,YU
22:29:00,Wednesday,WILSON STATION,12,17,N,YU
23:28:00,Wednesday,KING STATION,9,14,N,YU
00:08:00,Wednesday,LAWRENCE STATION,4,9,N,YU
00:24:00,Wednesday,ST ANDREW STATION,0,0,N,YU
02:13:00,Thursday,APPROACHING DUNDAS WES,0,0,W,BD
05:04:00,Thursday,KING TO UNION,0,0,S,YU
05:31:00,Thursday,CASTLE FRANK STATION,0,0,E,BD
05:54:00,Thursday,VAUGHAN MC STATION,3,6,S,YU
06:07:00,Thursday,COXWELL STATION,5,10,E,BD
06:07:00,Thursday,UNION STATION,5,0,S,YU
06:12:00,Thursday,COXWELL STATION,3,8,W,BD
06:32:00,Thursday,BAY STATION,0,0,E,BD
06:51:00,Thursday,FINCH STATION,0,0,S,YU
06:55:00,Thursday,NORTH YORK CTR STATION,3,6,S,YU
07:23:00,Thursday,SPADINA YUS STATION,0,0,S,YU
07:40:00,Thursday,KIPLING STATION,0,0,W,BD
08:23:00,Thursday,DAVISVILLE STATION,0,0,S,YU
08:49:00,Thursday,OLD MILL STATION,3,6,E,BD
08:58:00,Thursday,SHEPPARD STATION,0,0,N,YU
09:13:00,Thursday,ST GEORGE BD STATION,0,0,W,BD
10:24:00,Thursday,DUFFERIN STATION,0,0,W,BD
10:36:00,Thursday,KENNEDY BD STATION,0,0,E,BD
11:07:00,Thursday,BATHURST STATION,0,0,E,BD
11:33:00,Thursday,DUNDAS STATION,3,8,N,YU
11:34:00,Thursday,BAY STATION,6,10,E,BD
12:19:00,Thursday,KING STATION,17,22,S,YU
12:40:00,Thursday,NORTH YORK CTR STATION,4,8,N,YU
12:42:00,Thursday,NORTH YORK CTR STATION,0,0,S,YU
13:04:00,Thursday,BLOOR STATION,0,0,S,YU
13:07:00,Thursday,SHERBOURNE STATION,0,0,E,BD
13:13:00,Thursday,DAVISVILLE STATION,0,0,S,YU
13:22:00,Thursday,QUEEN STATION,3,8,S,YU
13:50:00,Thursday,WELLESLEY STATION,3,8,S,YU
15:00:00,Thursday,LAWRENCE STATION,6,11,S,YU
15:49:00,Thursday,DUNDAS STATION,3,8,N,YU
16:13:00,Thursday,DAVISVILLE STATION,3,6,S,YU
16:39:00,Thursday,LAWRENCE WEST STATION,9,11,S,YU
16:52:00,Thursday,FINCH STATION,0,0,S,YU
16:55:00,Thursday,NORTH YORK CTR STATION,12,15,S,YU
17:28:00,Thursday,DOWNSVIEW PARK STATION,6,9,N,YU
17:37:00,Thursday,FINCH WEST STATION,5,8,N,YU
17:55:00,Thursday,FINCH WEST STATION,0,0,N,YU
18:28:00,Thursday,COXWELL STATION,0,0,E,BD
19:59:00,Thursday,SHERBOURNE STATION,3,8,E,BD
20:25:00,Thursday,COXWELL STATION,0,0,E,BD
20:27:00,Thursday,FINCH STATION,0,0,S,YU
20:38:00,Thursday,FINCH STATION,0,0,N,YU
20:42:00,Thursday,BLOOR STATION,0,0,S,YU
21:14:00,Thursday,KIPLING STATION,0,0,E,BD
22:47:00,Thursday,KEELE STATION,0,0,W,BD
23:28:00,Thursday,KIPLING STATION,10,15,W,BD
00:28:00,Thursday,WELLESLEY STATION,7,12,N,YU
00:44:00,Thursday,EGLINTON STATION,5,10,N,YU
18:56:00,Thursday,DON MILLS STATION,4,11,W,SHP
02:04:00,Friday,DAVISVILLE STATION,9,14,N,YU
05:57:00,Friday,KEELE STATION,6,12,W,BD
06:00:00,Friday,KIPLING STATION,0,0,W,BD
06:02:00,Friday,ST ANDREW STATION,0,0,N,YU
06:07:00,Friday,UNION STATION,7,0,N,YU
06:10:00,Friday,MAIN STREET STATION,6,8,E,BD
06:28:00,Friday,UNION STATION,6,0,N,YU
06:46:00,Friday,ST CLAIR STATION,0,0,S,YU
07:00:00,Friday,WOODBINE STATION,0,0,W,BD
07:04:00,Friday,SPADINA YUS STATION,0,0,N,YU
07:18:00,Friday,QUEEN'S PARK STATION,0,0,S,YU
07:56:00,Friday,KEELE STATION,0,0,E,BD
08:35:00,Friday,ST GEORGE YUS STATION,0,0,N,YU
08:36:00,Friday,GLENCAIRN STATION,18,21,S,YU
08:45:00,Friday,OSGOODE STATION,0,0,N,YU
08:46:00,Friday,DAVISVILLE STATION,3,6,S,YU
09:15:00,Friday,ISLINGTON STATION,0,0,E,BD
10:02:00,Friday,NORTH YORK CTR STATION,5,10,N,YU
10:13:00,Friday,COLLEGE STATION,0,0,N,YU
10:17:00,Friday,SPADINA BD STATION,0,0,W,BD
10:21:00,Friday,QUEEN'S PARK STATION,7,12,S,YU
10:28:00,Friday,KIPLING STATION,0,0,W,BD
10:59:00,Friday,KIPLING STATION,0,0,E,BD
11:19:00,Friday,FINCH WEST STATION,0,0,N,YU
11:27:00,Friday,VAUGHAN MC STATION,5,10,S,YU
12:28:00,Friday,COLLEGE STATION,38,43,N,YU
12:51:00,Friday,KING STATION,4,9,N,YU
12:52:00,Friday,KING STATION,5,10,N,YU
14:14:00,Friday,BLOOR STATION,3,8,N,YU
14:23:00,Friday,GREENWOOD STATION,3,7,E,BD
15:19:00,Friday,GREENWOOD STATION,3,6,W,BD
15:43:00,Friday,UNION STATION,15,20,N,YU
15:46:00,Friday,DUNDAS STATION,25,30,S,YU
16:07:00,Friday,SHEPPARD STATION,5,8,S,YU
16:13:00,Friday,DAVISVILLE STATION,3,6,S,YU
16:15:00,Friday,WELLESLEY STATION,5,8,S,YU
16:56:00,Friday,HIGH PARK STATION,0,0,E,BD
17:36:00,Friday,FINCH STATION,12,15,N,YU
18:23:00,Friday,SHEPPARD WEST STATION,3,6,N,YU
18:53:00,Friday,DAVISVILLE STATION,0,0,N,YU
19:04:00,Friday,SHEPPARD WEST STATION,3,6,S,YU
19:10:00,Friday,NORTH YORK CTR STATION,4,7,N,YU
20:01:00,Friday,VICTORIA PARK STATION,0,0,W,BD
20:30:00,Friday,COXWELL STATION,0,0,E,BD
20:47:00,Friday,COXWELL STATION,0,0,E,BD
20:56:00,Friday,HIGH PARK STATION,4,9,W,BD
21:03:00,Friday,KIPLING STATION,0,0,E,BD
21:58:00,Friday,COXWELL STATION,0,0,E,BD
22:34:00,Friday,FINCH WEST STATION,32,37,S,YU
23:31:00,Friday,RUNNYMEDE STATION,0,0,W,BD
23:59:00,Friday,BLOOR STATION,0,0,N,YU
00:43:00,Friday,YORKDALE STATION,3,8,S,YU
01:24:00,Friday,UNION STATION,4,9,N,YU
09:14:00,Friday,LESLIE STATION,7,14,W,SHP
09:25:00,Friday,LESLIE STATION,6,13,W,SHP
09:48:00,Friday,LESLIE STATION,0,0,E,SHP
17:45:00,Friday,LESLIE STATION,7,14,E,SHP
05:55:00,Saturday,UNION STATION,5,0,N,YU
06:02:00,Saturday,BLOOR STATION,8,0,S,YU
06:43:00,Saturday,KING STATION,0,0,N,YU
07:48:00,Saturday,ST PATRICK STATION,3,9,N,YU
08:01:00,Saturday,DUPONT STATION,0,0,S,YU
08:04:00,Saturday,FINCH STATION,0,0,S,YU
08:35:00,Saturday,FINCH STATION,0,0,S,YU
09:05:00,Saturday,FINCH STATION,0,0,S,YU
10:20:00,Saturday,LAWRENCE STATION,6,12,N,YU
10:30:00,Saturday,OSSINGTON STATION,0,0,W,BD
10:48:00,Saturday,KENNEDY BD STATION,3,8,W,BD
11:06:00,Saturday,KENNEDY BD STATION,3,7,W,BD
12:22:00,Saturday,YONGE BD STATION,4,9,E,BD
12:27:00,Saturday,OLD MILL STATION,10,14,E,BD
12:31:00,Saturday,SHERBOURNE STATION,6,10,E,BD
12:38:00,Saturday,YONGE BD STATION,7,11,E,BD
12:41:00,Saturday,BLOOR STATION,0,0,N,YU
12:44:00,Saturday,YONGE BD STATION,0,0,W,BD
12:53:00,Saturday,SPADINA BD STATION,0,0,W,BD
13:28:00,Saturday,CASTLE FRANK STATION,8,12,W,BD
13:40:00,Saturday,KENNEDY BD STATION,4,8,W,BD
14:09:00,Saturday,SHEPPARD STATION,4,8,N,YU
14:17:00,Saturday,PIONEER VILLAGE STATIO,0,0,S,YU
14:30:00,Saturday,SHEPPARD STATION,0,0,N,YU
15:13:00,Saturday,WELLESLEY STATION,3,7,S,YU
15:14:00,Saturday,LAWRENCE STATION,5,9,N,YU
15:29:00,Saturday,YORKDALE STATION,0,0,N,YU
15:42:00,Saturday,KENNEDY BD STATION,0,0,E,BD
15:52:00,Saturday,OSSINGTON STATION,3,7,W,BD
15:54:00,Saturday,KIPLING STATION,0,0,W,BD
16:05:00,Saturday,KING STATION,3,7,N,YU
16:10:00,Saturday,DUNDAS STATION,0,0,N,YU
17:40:00,Saturday,BLOOR STATION,0,0,N,YU
17:42:00,Saturday,FINCH STATION,18,22,S,YU
17:43:00,Saturday,YONGE BD STATION,0,0,W,BD
18:13:00,Saturday,MAIN STREET STATION,4,8,W,BD
19:52:00,Saturday,WELLESLEY STATION,0,0,N,YU
20:00:00,Saturday,ST ANDREW STATION,4,8,N,YU
21:11:00,Saturday,COLLEGE STATION,0,0,S,YU
21:15:00,Saturday,ST GEORGE BD STATION,0,0,W,BD
21:26:00,Saturday,UNION STATION,0,0,N,YU
22:05:00,Saturday,ST ANDREW STATION,25,30,N,YU
22:45:00,Saturday,OSGOODE STATION,9,15,N,YU
00:49:00,Saturday,WOODBINE STATION,0,0,W,BD
01:43:00,Saturday,WARDEN STATION,7,14,E,BD
22:23:00,Saturday,BESSARION STATION,0,0,E,SHP
02:02:00,Sunday,COXWELL STATION,0,0,W,BD
02:03:00,Sunday,YORK MILLS STATION,3,9,N,YU
07:45:00,Sunday,SHEPPARD WEST STATION,30,0,N,YU
07:52:00,Sunday,WILSON YARD,0,0,S,YU
07:54:00,Sunday,WILSON STATION,15,27,S,YU
08:14:00,Sunday,BLOOR STATION,7,0,S,YU
08:14:00,Sunday,CHRISTIE STATION,0,0,W,BD
08:18:00,Sunday,EGLINTON STATION,6,12,N,YU
08:43:00,Sunday,DAVISVILLE STATION,7,13,S,YU
09:38:00,Sunday,DAVISVILLE STATION,0,0,N,YU
11:44:00,Sunday,YORK MILLS STATION,3,7,S,YU
11:57:00,Sunday,ISLINGTON STATION,3,7,W,BD
14:27:00,Sunday,SPADINA BD STATION,0,0,E,BD
15:12:00,Sunday,DUFFERIN STATION,4,8,W,BD
15:18:00,Sunday,VICTORIA PARK STATION,4,8,E,BD
15:33:00,Sunday,OSGOODE STATION,0,0,N,YU
15:37:00,Sunday,KIPLING STATION,3,7,E,YU
15:43:00,Sunday,KENNEDY BD STATION,0,0,W,BD
17:16:00,Sunday,VICTORIA PARK STATION,39,43,W,BD
17:53:00,Sunday,EGLINTON STATION,5,9,N,YU
18:23:00,Sunday,DUNDAS STATION,16,20,S,YU
18:35:00,Sunday,OLD MILL STATION,17,22,E,BD
18:41:00,Sunday,OSSINGTON STATION,18,23,E,BD
20:45:00,Sunday,OSGOODE STATION,23,29,N,YU
23:51:00,Sunday,BATHURST STATION,0,0,W,BD
09:28:00,Sunday,BAYVIEW STATION,0,0,W,SHP
05:37:00,Monday,FINCH STATION,0,0,S,YU
05:56:00,Monday,FINCH STATION,0,0,S,YU
06:02:00,Monday,WILSON STATION,5,10,S,YU
06:11:00,Monday,OSGOODE STATION,0,0,N,YU
06:19:00,Monday,OSGOODE STATION,4,8,N,YU
06:24:00,Monday,OSGOODE STATION,26,30,N,YU
06:25:00,Monday,KIPLING STATION,12,14,E,BD
06:50:00,Monday,KIPLING STATION,2,4,E,BD
06:51:00,Monday,KING STATION,3,7,N,YU
07:39:00,Monday,DUFFERIN STATION,3,5,W,BD
08:18:00,Monday,KIPLING STATION,0,0,W,BD
09:14:00,Monday,MAIN STREET STATION,4,8,W,BD
09:24:00,Monday,YONGE BD STATION,0,0,E,BD
09:46:00,Monday,KIPLING STATION,4,8,E,BD
09:57:00,Monday,EGLINTON WEST STATION,5,8,N,YU
09:57:00,Monday,SPADINA BD STATION,3,7,W,BD
10:43:00,Monday,QUEEN STATION,7,11,N,YU
10:50:00,Monday,SHEPPARD WEST STATION,6,12,S,YU
11:31:00,Monday,YONGE BD STATION,0,0,E,BD
11:54:00,Monday,ST GEORGE BD STATION,0,0,E,BD
12:11:00,Monday,BATHURST STATION,0,0,E,BD
12:18:00,Monday,BLOOR STATION,0,0,S,YU
12:18:00,Monday,ST GEORGE BD STATION,3,7,E,BD
12:43:00,Monday,GLENCAIRN STATION,17,22,S,YU
12:52:00,Monday,DUPONT STATION,0,0,S,YU
13:27:00,Monday,WELLESLEY STATION,4,9,N,YU
13:51:00,Monday,SHERBOURNE STATION,5,9,E,BD
14:09:00,Monday,DUNDAS STATION,0,0,S,YU
14:13:00,Monday,SHEPPARD STATION,6,11,N,YU
14:25:00,Monday,BLOOR STATION,3,8,N,YU
14:40:00,Monday,VICTORIA PARK STATION,4,8,W,BD
15:00:00,Monday,BATHURST STATION,0,0,W,BD
15:31:00,Monday,LAWRENCE WEST STATION,7,12,S,YU
15:47:00,Monday,KIPLING STATION,0,0,W,BD
15:57:00,Monday,SPADINA BD STATION,3,6,W,BD
16:11:00,Monday,KENNEDY BD STATION,4,7,E,BD
16:41:00,Monday,WARDEN STATION,0,0,W,BD
17:05:00,Monday,DUNDAS WEST STATION,4,7,W,BD
17:25:00,Monday,FINCH WEST STATION,3,6,N,YU
17:33:00,Monday,SUMMERHILL STATION,4,7,S,YU
17:35:00,Monday,HIGHWAY 407 STATION,5,8,N,YU
17:40:00,Monday,ST CLAIR WEST STATION,3,6,N,YU
17:45:00,Monday,DAVISVILLE STATION,10,13,N,YU
18:05:00,Monday,YORK MILLS STATION,5,8,N,YU
18:19:00,Monday,WILSON STATION,10,13,N,YU
18:44:00,Monday,ST CLAIR WEST STATION,6,9,N,YU
19:09:00,Monday,LAWRENCE WEST STATION,0,0,N,YU
19:11:00,Monday,ISLINGTON STATION,0,0,E,BD
19:19:00,Monday,BLOOR STATION,0,0,S,YU
20:19:00,Monday,GLENCAIRN STATION,4,9,S,YU
20:46:00,Monday,COLLEGE STATION,0,0,S,YU
21:36:00,Monday,WARDEN STATION,11,16,E,BD
21:55:00,Monday,COLLEGE STATION,24,29,N,YU
22:31:00,Monday,KENNEDY BD STATION,0,0,W,BD
22:32:00,Monday,ST CLAIR STATION,0,0,S,YU
22:53:00,Monday,KENNEDY BD STATION,3,8,W,BD
01:50:00,Monday,EGLINTON STATION,8,13,N,YU
05:04:00,Tuesday,MAIN STREET STATION,0,0,E,BD
05:59:00,Tuesday,YONGE BD STATION,5,0,W,BD
06:12:00,Tuesday,YORK MILLS STATION,7,12,N,YU
07:53:00,Tuesday,SHEPPARD STATION,9,12,S,YU
08:41:00,Tuesday,LAWRENCE STATION,14,17,S,YU
08:46:00,Tuesday,WELLESLEY STATION,4,8,N,YU
08:57:00,Tuesday,KIPLING STATION,8,11,E,BD
09:09:00,Tuesday,LAWRENCE STATION,3,6,N,YU
09:43:00,Tuesday,OLD MILL STATION,0,0,E,BD
09:59:00,Tuesday,KEELE STATION,0,0,E,BD
10:08:00,Tuesday,HIGH PARK STATION,0,0,W,BD
10:16:00,Tuesday,PIONEER VILLAGE STATIO,21,24,N,YU
10:23:00,Tuesday,ST CLAIR WEST STATION,0,0,N,YU
10:25:00,Tuesday,ST GEORGE BD STATION,3,7,E,BD
10:32:00,Tuesday,ST GEORGE BD STATION,7,11,W,BD
10:35:00,Tuesday,YONGE BD STATION,4,8,E,BD
12:26:00,Tuesday,EGLINTON WEST STATION,3,8,S,YU
13:33:00,Tuesday,UNION STATION,10,15,N,YU
13:45:00,Tuesday,ST GEORGE YUS STATION,0,0,N,YU
13:50:00,Tuesday,PIONEER VILLAGE STATIO,6,11,S,YU
13:58:00,Tuesday,DAVISVILLE STATION,7,12,S,YU
14:15:00,Tuesday,BLOOR STATION,3,8,N,YU
14:20:00,Tuesday,KIPLING STATION,0,0,W,BD
14:27:00,Tuesday,CASTLE FRANK STATION,3,7,E,BD
15:26:00,Tuesday,PIONEER VILLAGE STATIO,0,0,N,YU
16:01:00,Tuesday,LAWRENCE STATION,0,0,N,YU
16:10:00,Tuesday,KEELE STATION,0,0,W,BD
16:59:00,Tuesday,RUNNYMEDE STATION,3,6,E,BD
17:00:00,Tuesday,ST ANDREW STATION,3,6,N,YU
17:06:00,Tuesday,KENNEDY BD STATION,0,0,W,BD
17:09:00,Tuesday,ROSEDALE STATION,6,9,N,YU
17:13:00,Tuesday,YONGE BD STATION,0,0,E,BD
17:34:00,Tuesday,KENNEDY BD STATION,3,6,W,BD
17:48:00,Tuesday,YORKDALE STATION,3,6,N,YU
18:09:00,Tuesday,EGLINTON STATION,0,0,S,YU
18:14:00,Tuesday,COLLEGE STATION,0,0,N,YU
18:37:00,Tuesday,PIONEER VILLAGE STATIO,5,8,N,YU
19:07:00,Tuesday,CASTLE FRANK STATION,0,0,E,BD
19:17:00,Tuesday,HIGHWAY 407 STATION,8,11,N,YU
19:20:00,Tuesday,KIPLING STATION,4,9,E,BD
19:24:00,Tuesday,BLOOR STATION,5,8,S,YU
19:39:00,Tuesday,DUNDAS STATION,4,7,S,YU
20:23:00,Tuesday,ISLINGTON STATION,6,11,E,BD
20:24:00,Tuesday,YORK MILLS STATION,0,0,S,YU
20:33:00,Tuesday,EGLINTON STATION,0,0,N,YU
20:44:00,Tuesday,ISLINGTON STATION,0,0,E,BD
21:06:00,Tuesday,PAPE STATION,0,0,W,BD
21:30:00,Tuesday,EGLINTON STATION,6,11,S,YU
21:32:00,Tuesday,GLENCAIRN STATION,5,10,S,YU
00:34:00,Tuesday,BATHURST STATION,11,16,W,BD
00:42:00,Tuesday,COXWELL STATION,0,0,E,BD
00:50:00,Tuesday,SHEPPARD STATION,13,18,N,YU
01:07:00,Tuesday,QUEEN'S PARK STATION,3,8,N,YU
17:48:00,Tuesday,DON MILLS STATION,3,10,W,SHP
00:48:00,Tuesday,DON MILLS STATION,0,0,W,SHP
06:01:00,Wednesday,UNION STATION,4,0,N,YU
06:02:00,Wednesday,YORK MILLS STATION,9,13,N,YU
07:10:00,Wednesday,SPADINA BD STATION,0,0,E,BD
08:13:00,Wednesday,ST GEORGE YUS STATION,3,6,S,YU
08:15:00,Wednesday,KENNEDY BD STATION,3,6,E,BD
08:18:00,Wednesday,MUSEUM STATION,5,8,S,YU
09:00:00,Wednesday,MUSEUM STATION,3,6,N,YU
09:10:00,Wednesday,BROADVIEW STATION,0,0,E,BD
10:16:00,Wednesday,YONGE BD STATION,0,0,E,BD
10:46:00,Wednesday,SPADINA YUS STATION,0,0,N,YU
11:17:00,Wednesday,JANE STATION,7,11,W,BD
12:00:00,Wednesday,OSSINGTON STATION,0,0,E,BD
12:11:00,Wednesday,WARDEN STATION,4,8,E,BD
12:21:00,Wednesday,DUPONT STATION,4,9,N,YU
12:33:00,Wednesday,WELLESLEY STATION,0,0,S,YU
13:06:00,Wednesday,FINCH WEST STATION,0,0,N,YU
13:14:00,Wednesday,BLOOR STATION,0,0,S,YU
13:50:00,Wednesday,KING STATION,0,0,N,YU
15:06:00,Wednesday,QUEEN STATION,3,8,N,YU
15:30:00,Wednesday,KENNEDY BD STATION,5,8,E,BD
16:06:00,Wednesday,MUSEUM STATION,21,26,S,YU
16:09:00,Wednesday,ISLINGTON STATION,0,0,W,BD
16:32:00,Wednesday,SHEPPARD WEST STATION,5,10,N,YU
16:33:00,Wednesday,UNION STATION,4,7,N,YU
16:43:00,Wednesday,FINCH WEST STATION,5,10,N,YU
16:57:00,Wednesday,YORK MILLS STATION,14,17,N,YU
17:06:00,Wednesday,SPADINA YUS STATION,0,0,S,YU
17:06:00,Wednesday,ROSEDALE STATION,4,7,N,YU
17:24:00,Wednesday,ISLINGTON STATION,0,0,E,BD
17:26:00,Wednesday,ISLINGTON STATION,3,6,E,BD
17:56:00,Wednesday,KIPLING STATION,3,6,E,BD
18:20:00,Wednesday,ROYAL YORK STATION,0,0,E,BD
18:35:00,Wednesday,PAPE STATION,3,6,E,BD
18:50:00,Wednesday,COXWELL STATION,4,7,E,BD
18:52:00,Wednesday,EGLINTON WEST STATION,4,7,N,YU
19:21:00,Wednesday,YORK MILLS STATION,4,7,N,YU
19:45:00,Wednesday,LAWRENCE WEST STATION,10,15,N,YU
19:52:00,Wednesday,KENNEDY BD STATION,5,10,W,BD
19:55:00,Wednesday,SHERBOURNE STATION,0,0,E,BD
20:09:00,Wednesday,FINCH STATION,0,0,S,YU
20:28:00,Wednesday,KENNEDY BD STATION,9,14,W,BD
20:48:00,Wednesday,ST CLAIR WEST STATION,0,0,S,YU
22:52:00,Wednesday,ST GEORGE YUS STATION,0,0,S,BD
22:53:00,Wednesday,ST GEORGE BD STATION,0,0,E,BD
22:58:00,Wednesday,DUNDAS STATION,0,0,N,YU
22:58:00,Wednesday,DOWNSVIEW PARK STATION,0,0,N,YU
23:21:00,Wednesday,COLLEGE STATION,4,12,N,YU
05:05:00,Wednesday,SHEPPARD-YONGE STATION,0,0,E,SHP
02:39:00,Thursday,VAUGHAN MC STATION,0,0,S,YU
05:45:00,Thursday,KENNEDY BD STATION,5,10,W,BD
06:01:00,Thursday,UNION STATION,4,0,N,YU
07:12:00,Thursday,GREENWOOD YARD,10,12,W,BD
07:35:00,Thursday,SHERBOURNE STATION,0,0,E,BD
07:38:00,Thursday,SPADINA BD STATION,3,6,W,BD
07:56:00,Thursday,SHERBOURNE STATION,3,5,E,BD
08:05:00,Thursday,KENNEDY BD STATION,0,0,E,BD
08:24:00,Thursday,KIPLING STATION,0,0,W,BD
08:37:00,Thursday,WELLESLEY STATION,7,10,S,YU
09:06:00,Thursday,SPADINA BD STATION,3,7,W,BD
10:04:00,Thursday,QUEEN'S PARK STATION,0,0,N,YU
10:19:00,Thursday,WILSON STATION,8,13,S,YU
11:38:00,Thursday,LAWRENCE STATION,0,0,N,YU
12:08:00,Thursday,SUMMERHILL STATION,8,13,S,YU
12:44:00,Thursday,COXWELL STATION,0,0,E,BD
14:14:00,Thursday,DUFFERIN STATION,0,0,W,BD
14:51:00,Thursday,KEELE STATION,3,7,W,BD
15:21:00,Thursday,PIONEER VILLAGE STATIO,0,0,S,YU
15:22:00,Thursday,ISLINGTON STATION,0,0,E,BD
15:43:00,Thursday,CHRISTIE STATION,7,10,E,BD
16:03:00,Thursday,BAY STATION,11,14,E,BD
16:11:00,Thursday,CHRISTIE STATION,4,7,E,BD
16:34:00,Thursday,CHESTER STATION,0,0,E,BD
17:01:00,Thursday,NORTH YORK CTR STATION,3,6,N,YU
17:07:00,Thursday,DUFFERIN STATION,0,0,W,BD
17:12:00,Thursday,SHEPPARD STATION,4,7,S,YU
17:32:00,Thursday,EGLINTON STATION,3,6,N,YU
17:33:00,Thursday,DUNDAS STATION,8,11,S,YU
17:51:00,Thursday,DUFFERIN STATION,0,0,E,BD
18:33:00,Thursday,YONGE BD STATION,3,6,E,BD
18:39:00,Thursday,BLOOR STATION,3,6,S,YU
18:39:00,Thursday,DUNDAS STATION,4,7,S,YU
18:48:00,Thursday,COLLEGE STATION,0,0,S,YU
19:23:00,Thursday,PAPE STATION,5,8,E,BD
19:37:00,Thursday,KENNEDY BD STATION,5,10,E,BD
19:49:00,Thursday,BROADVIEW STATION,8,13,W,BD
20:16:00,Thursday,OSSINGTON STATION,0,0,E,BD
21:08:00,Thursday,ROYAL YORK STATION,0,0,E,BD
21:56:00,Thursday,BLOOR STATION,0,0,S,YU
21:59:00,Thursday,BLOOR STATION,5,10,N,YU
22:11:00,Thursday,SHERBOURNE STATION,4,9,E,BD
22:47:00,Thursday,GREENWOOD STATION,6,11,W,BD
22:57:00,Thursday,GREENWOOD STATION,5,10,W,BD
23:12:00,Thursday,DUFFERIN STATION,0,0,W,BD
23:14:00,Thursday,WELLESLEY STATION,5,10,N,YU
23:26:00,Thursday,KENNEDY BD STATION,5,10,W,BD
23:29:00,Thursday,DONLANDS STATION,0,0,W,BD
23:29:00,Thursday,SHEPPARD STATION,0,0,S,YU
23:46:00,Thursday,KIPLING STATION,0,0,W,BD
23:49:00,Thursday,KIPLING STATION,10,15,E,BD
00:00:00,Thursday,ROYAL YORK STATION,0,0,E,BD
00:07:00,Thursday,DUNDAS WEST STATION,12,17,E,BD
00:08:00,Thursday,YONGE BD STATION,0,0,W,BD
00:25:00,Thursday,ROYAL YORK STATION,0,0,E,BD
01:00:00,Thursday,COLLEGE STATION,0,0,S,YU
01:24:00,Thursday,KENNEDY BD STATION,0,0,E,BD
01:40:00,Thursday,KENNEDY BD STATION,0,0,W,BD
02:12:00,Friday,KIPLING STATION,0,0,W,BD
05:37:00,Friday,YORK MILLS STATION,3,0,S,YU
05:47:00,Friday,KIPLING STATION,7,14,W,BD
06:03:00,Friday,WARDEN STATION,5,10,W,BD
06:13:00,Friday,ST GEORGE YUS STATION,3,5,S,YU
06:14:00,Friday,DONLANDS STATION,5,10,E,BD
06:20:00,Friday,DONLANDS STATION,5,10,E,BD
06:21:00,Friday,GREENWOOD YARD,0,0,W,BD
06:25:00,Friday,GREENWOOD YARD,5,10,E,BD
07:13:00,Friday,KENNEDY BD STATION,3,6,W,BD
07:24:00,Friday,GREENWOOD WYE,9,12,E,BD
08:10:00,Friday,COXWELL STATION,0,0,E,BD
08:17:00,Friday,DAVISVILLE STATION,0,0,S,YU
08:45:00,Friday,PIONEER VILLAGE STATIO,4,7,N,YU
09:02:00,Friday,LAWRENCE STATION,5,8,N,YU
09:27:00,Friday,DAVISVILLE STATION,9,12,N,YU
09:56:00,Friday,PAPE STATION,6,9,E,BD
10:03:00,Friday,JANE STATION,3,7,W,BD
10:19:00,Friday,COLLEGE STATION,4,9,S,YU
10:23:00,Friday,SPADINA BD STATION,3,6,W,BD
10:54:00,Friday,BLOOR STATION,0,0,S,YU
11:27:00,Friday,KENNEDY BD STATION,3,7,E,BD
12:42:00,Friday,DUNDAS STATION,0,0,N,YU
13:08:00,Friday,FINCH STATION,3,8,S,YU
13:35:00,Friday,YONGE BD STATION,3,7,W,BD
13:40:00,Friday,ST GEORGE BD STATION,0,0,W,BD
13:59:00,Friday,COXWELL STATION,0,0,W,BD
14:06:00,Friday,ST GEORGE BD STATION,0,0,E,BD
15:03:00,Friday,WELLESLEY STATION,0,0,S,YU
15:35:00,Friday,ST GEORGE YUS STATION,7,12,S,YU
15:45:00,Friday,YONGE BD STATION,3,6,E,BD
16:00:00,Friday,COLLEGE STATION,3,6,N,YU
16:33:00,Friday,OSGOODE STATION,5,8,N,YU
16:37:00,Friday,ST CLAIR STATION,4,7,S,YU
16:42:00,Friday,SUMMERHILL STATION,9,12,S,YU
17:07:00,Friday,BLOOR STATION,0,0,S,YU
17:37:00,Friday,WELLESLEY STATION,5,8,S,YU
17:46:00,Friday,WELLESLEY STATION,0,0,S,YU
17:50:00,Friday,SHERBOURNE STATION,0,0,E,BD
18:04:00,Friday,OLD MILL STATION,0,0,W,BD
18:09:00,Friday,NORTH YORK CTR STATION,3,6,S,YU
18:15:00,Friday,NORTH YORK CTR STATION,4,7,N,YU
18:25:00,Friday,FINCH STATION,0,0,S,YU
19:25:00,Friday,CHRISTIE STATION,0,0,W,BD
19:30:00,Friday,SPADINA YUS STATION,0,0,N,YU
19:31:00,Friday,SPADINA BD STATION,0,0,E,BD
20:00:00,Friday,SPADINA YUS STATION,40,45,S,YU
20:01:00,Friday,SPADINA BD STATION,42,47,W,BD
20:15:00,Friday,OSSINGTON STATION,4,9,E,BD
21:38:00,Friday,WELLESLEY STATION,0,0,S,YU
22:04:00,Friday,COXWELL STATION,0,0,E,BD
22:07:00,Friday,KENNEDY BD STATION,5,10,W,BD
22:46:00,Friday,BLOOR STATION,0,0,N,YU
23:24:00,Friday,HIGHWAY 407 STATION,0,0,S,YU
23:52:00,Friday,OSGOODE STATION,0,0,S,YU
00:55:00,Friday,EGLINTON WEST STATION,16,21,N,YU
01:10:00,Friday,WILSON STATION,0,0,S,YU
01:10:00,Friday,EGLINTON WEST STATION,0,0,N,YU
01:44:00,Friday,DUPONT STATION,11,16,S,YU
05:57:00,Saturday,EGLINTON YARD,5,13,N,YU
06:16:00,Saturday,QUEEN STATION,7,13,N,YU
06:26:00,Saturday,QUEEN STATION,3,9,N,YU
10:26:00,Saturday,WOODBINE STATION,7,12,E,BD
10:26:00,Saturday,COXWELL STATION,7,12,E,BD
10:31:00,Saturday,UNION STATION,5,11,N,YU
10:59:00,Saturday,MAIN STREET STATION,0,0,E,BD
11:57:00,Saturday,ST CLAIR STATION,8,12,S,YU
12:13:00,Saturday,ST CLAIR STATION,12,16,S,YU
12:30:00,Saturday,BAY STATION,0,0,W,BD
12:37:00,Saturday,ST CLAIR WEST STATION,4,8,S,YU
12:42:00,Saturday,SHERBOURNE STATION,0,0,E,BD
12:57:00,Saturday,YONGE BD STATION,0,0,W,BD
14:26:00,Saturday,WELLESLEY STATION,5,11,S,YU
15:30:00,Saturday,KENNEDY BD STATION,4,8,W,BD
16:54:00,Saturday,GREENWOOD STATION,0,0,W,BD
17:43:00,Saturday,SUMMERHILL STATION,0,0,N,YU
18:28:00,Saturday,BLOOR STATION,15,19,S,YU
18:54:00,Saturday,BLOOR STATION,0,0,N,YU
19:36:00,Saturday,ST GEORGE YUS STATION,11,16,S,YU
20:16:00,Saturday,WOODBINE STATION,0,0,W,BD
21:40:00,Saturday,DUNDAS WEST STATION,0,0,W,BD
23:21:00,Saturday,ST CLAIR WEST STATION,7,13,S,YU
00:03:00,Saturday,ST ANDREW STATION,19,25,N,YU
00:49:00,Saturday,LANSDOWNE STATION,3,9,W,BD
07:39:00,Sunday,KIPLING STATION,4,8,W,BD
07:42:00,Sunday,MAIN STREET STATION,0,0,E,BD
08:02:00,Sunday,KIPLING STATION,5,0,E,BD
08:03:00,Sunday,BLOOR DANFORTH LINE,0,0,W,BD
08:06:00,Sunday,UNION STATION,19,25,N,YU
08:19:00,Sunday,KENNEDY BD STATION,4,8,W,BD
08:29:00,Sunday,ST GEORGE YUS STATION,9,15,N,YU
09:16:00,Sunday,JANE STATION,0,0,W,BD
09:50:00,Sunday,VAUGHAN MC STATION,0,0,S,YU
11:04:00,Sunday,ST CLAIR WEST STATION,3,7,S,YU
11:51:00,Sunday,CHRISTIE STATION,0,0,W,BD
11:52:00,Sunday,COLLEGE STATION,0,0,S,YU
12:09:00,Sunday,BLOOR STATION,0,0,S,YU
12:16:00,Sunday,BLOOR STATION,4,8,N,YU
12:39:00,Sunday,OLD MILL STATION,19,23,E,BD
13:09:00,Sunday,SPADINA BD STATION,3,7,W,BD
15:07:00,Sunday,BLOOR STATION,0,0,N,YU
15:58:00,Sunday,KENNEDY BD STATION,0,0,E,BD
16:10:00,Sunday,KIPLING STATION,15,19,W,BD
17:07:00,Sunday,SHERBOURNE STATION,0,0,E,BD
17:20:00,Sunday,SHEPPARD WEST STATION,7,11,N,YU
17:59:00,Sunday,LAWRENCE STATION,4,8,N,YU
18:25:00,Sunday,OLD MILL STATION,0,0,W,BD
18:29:00,Sunday,FINCH STATION,0,0,S,YU
18:34:00,Sunday,ST ANDREW STATION,4,8,S,YU
19:49:00,Sunday,VICTORIA PARK STATION,0,0,W,BD
19:56:00,Sunday,GREENWOOD STATION,0,0,W,BD
20:12:00,Sunday,FINCH STATION,6,12,S,YU
21:53:00,Sunday,BATHURST STATION,0,0,E,BD
22:28:00,Sunday,LAWRENCE STATION,4,10,S,YU
22:50:00,Sunday,QUEEN'S PARK STATION,3,9,S,YU
23:10:00,Sunday,BLOOR STATION,5,11,S,YU
23:16:00,Sunday,YONGE BD STATION,0,0,E,BD
23:26:00,Sunday,DUFFERIN STATION,3,9,W,BD
23:46:00,Sunday,BLOOR STATION,40,46,N,YU
01:09:00,Sunday,WELLESLEY STATION,5,11,S,YU
05:43:00,Monday,LAWRENCE STATION,3,0,S,YU
05:54:00,Monday,KIPLING STATION,7,14,E,BD
06:21:00,Monday,UNION STATION,3,6,N,YU
07:50:00,Monday,SHEPPARD STATION,3,6,S,YU
07:54:00,Monday,WARDEN STATION,0,0,W,BD
07:57:00,Monday,YORK MILLS STATION,4,7,S,YU
08:31:00,Monday,YORKDALE STATION,0,0,S,YU
08:31:00,Monday,COLLEGE STATION,6,9,S,YU
08:46:00,Monday,BATHURST STATION,0,0,E,BD
08:54:00,Monday,WOODBINE STATION,0,0,E,BD
08:55:00,Monday,YONGE BD STATION,0,0,E,BD
08:58:00,Monday,DONLANDS STATION,12,17,E,BD
09:08:00,Monday,WELLESLEY STATION,0,0,N,YU
09:12:00,Monday,WILSON STATION,3,6,N,YU
09:23:00,Monday,WOODBINE STATION,0,0,W,BD
10:50:00,Monday,WARDEN STATION,0,0,E,BD
10:53:00,Monday,OSGOODE STATION,0,0,S,YU
12:27:00,Monday,ST GEORGE BD STATION,0,0,E,BD
13:16:00,Monday,GREENWOOD STATION,3,7,W,BD
13:47:00,Monday,FINCH STATION,3,8,S,YU
13:48:00,Monday,KENNEDY BD STATION,4,8,E,BD
13:53:00,Monday,SHEPPARD STATION,3,8,S,YU
14:03:00,Monday,MUSEUM STATION,21,26,N,YU
15:13:00,Monday,ROSEDALE STATION,0,0,N,YU
15:37:00,Monday,SHEPPARD WEST STATION,4,7,S,YU
15:41:00,Monday,LAWRENCE STATION,8,11,N,YU
15:53:00,Monday,DUNDAS STATION,0,0,N,YU
16:34:00,Monday,DUNDAS STATION,0,0,N,YU
16:58:00,Monday,YONGE BD STATION,0,0,W,BD
17:05:00,Monday,DUNDAS WEST STATION,13,16,W,BD
17:15:00,Monday,COLLEGE STATION,4,7,N,YU
17:23:00,Monday,BROADVIEW STATION,9,12,W,BD
17:45:00,Monday,DUNDAS STATION,0,0,S,YU
18:19:00,Monday,UNION STATION,0,0,N,YU
18:33:00,Monday,KING STATION,0,0,S,YU
19:07:00,Monday,ST ANDREW STATION,5,8,S,YU
19:53:00,Monday,YORKDALE STATION,3,8,N,YU
20:31:00,Monday,OLD MILL STATION,14,19,W,BD
20:45:00,Monday,WILSON STATION,0,0,N,YU
21:47:00,Monday,SHEPPARD STATION,28,32,S,YU
22:16:00,Monday,ST ANDREW STATION,5,10,S,YU
23:00:00,Monday,BLOOR STATION,4,9,S,YU
23:02:00,Monday,CASTLE FRANK STATION,3,9,W,BD
23:06:00,Monday,VAUGHAN MC STATION,5,10,S,YU
23:47:00,Monday,OSGOODE STATION,0,0,N,YU
00:14:00,Monday,ISLINGTON STATION,0,0,W,BD
00:17:00,Monday,YONGE BD STATION,0,0,E,BD
01:02:00,Monday,SHEPPARD STATION,3,8,N,YU
01:11:00,Monday,KIPLING STATION,5,10,E,BD
05:41:00,Tuesday,LAWRENCE STATION,3,0,S,YU
05:46:00,Tuesday,EGLINTON STATION,5,10,N,YU
06:48:00,Tuesday,FINCH WEST STATION,4,7,S,YU
07:32:00,Tuesday,COLLEGE STATION,4,7,S,YU
07:38:00,Tuesday,COLLEGE STATION,6,9,N,YU
07:50:00,Tuesday,BROADVIEW STATION,8,10,E,BD
08:21:00,Tuesday,NORTH YORK CTR STATION,29,32,N,YU
08:35:00,Tuesday,MAIN STREET STATION,0,0,W,BD
08:45:00,Tuesday,LAWRENCE STATION,6,9,S,YU
08:45:00,Tuesday,BLOOR STATION,5,8,S,YU
09:01:00,Tuesday,KIPLING STATION,137,139,W,BD
09:03:00,Tuesday,DONLANDS STATION,9,11,E,BD
09:20:00,Tuesday,ST GEORGE YUS STATION,6,9,N,YU
09:27:00,Tuesday,BLOOR STATION,3,6,N,YU
09:32:00,Tuesday,EGLINTON WEST STATION,0,0,S,YU
09:44:00,Tuesday,DUNDAS STATION,0,0,N,YU
09:50:00,Tuesday,DONLANDS STATION,0,0,E,BD
09:52:00,Tuesday,DONLANDS STATION,0,0,E,BD
09:55:00,Tuesday,LAWRENCE WEST STATION,4,7,N,YU
10:09:00,Tuesday,ST GEORGE YUS STATION,7,10,N,YU
10:47:00,Tuesday,SHEPPARD WEST STATION,0,0,N,YU
12:26:00,Tuesday,YORKDALE STATION,6,11,N,YU
12:55:00,Tuesday,YONGE BD STATION,0,0,W,BD
13:38:00,Tuesday,GREENWOOD STATION,0,0,W,BD
13:53:00,Tuesday,FINCH STATION,9,14,S,YU
14:42:00,Tuesday,ST GEORGE YUS STATION,0,0,S,YU
14:52:00,Tuesday,KENNEDY BD STATION,4,8,W,BD
14:52:00,Tuesday,BLOOR STATION,0,0,S,YU
15:13:00,Tuesday,OLD MILL STATION,0,0,E,BD
16:10:00,Tuesday,ST CLAIR STATION,8,11,S,YU
16:16:00,Tuesday,NORTH YORK CTR STATION,4,9,N,YU
16:23:00,Tuesday,FINCH STATION,5,10,S,YU
16:30:00,Tuesday,FINCH STATION,5,10,N,YU
16:46:00,Tuesday,ST CLAIR STATION,10,15,S,YU
17:32:00,Tuesday,ST CLAIR WEST STATION,10,13,S,YU
18:09:00,Tuesday,YORK MILLS STATION,0,0,S,YU
18:12:00,Tuesday,WOODBINE STATION,0,0,E,BD
19:03:00,Tuesday,DUNDAS STATION,0,0,S,YU
19:38:00,Tuesday,YORKDALE STATION,5,10,S,YU
22:12:00,Tuesday,DUNDAS STATION,0,0,N,YU
23:12:00,Tuesday,CHRISTIE STATION,0,0,E,BD
23:33:00,Tuesday,DUNDAS STATION,0,0,N,YU
02:16:00,Tuesday,DON MILLS STATION,7,14,W,SHP
13:14:00,Tuesday,SHEPPARD-YONGE STATION,0,0,W,SHP
04:42:00,Wednesday,WILSON HOSTLER,0,0,S,YU
05:36:00,Wednesday,FINCH STATION,0,0,S,YU
05:44:00,Wednesday,EGLINTON STATION,3,0,S,YU
05:44:00,Wednesday,OSGOODE POCKET,0,0,S,YU
06:21:00,Wednesday,SHERBOURNE STATION,0,0,E,BD
06:23:00,Wednesday,YONGE BD STATION,3,6,W,BD
07:08:00,Wednesday,HIGHWAY 407 STATION,5,8,S,YU
07:32:00,Wednesday,QUEEN STATION,3,6,S,YU
07:55:00,Wednesday,COLLEGE STATION,4,7,S,YU
08:16:00,Wednesday,BATHURST STATION,4,6,E,BD
08:30:00,Wednesday,SHERBOURNE STATION,0,0,E,BD
09:46:00,Wednesday,ISLINGTON STATION,3,6,E,BD
09:54:00,Wednesday,QUEEN'S PARK STATION,3,6,N,YU
10:55:00,Wednesday,QUEEN'S PARK STATION,0,0,N,YU
11:09:00,Wednesday,CHRISTIE STATION,0,0,E,BD
11:10:00,Wednesday,ST GEORGE YUS STATION,3,8,S,YU
11:59:00,Wednesday,WARDEN STATION,0,0,E,BD
12:07:00,Wednesday,BLOOR STATION,0,0,N,YU
12:20:00,Wednesday,SUMMERHILL STATION,12,17,N,YU
13:09:00,Wednesday,SHERBOURNE STATION,0,0,E,BD
13:38:00,Wednesday,DUNDAS STATION,0,0,S,YU
14:15:00,Wednesday,LAWRENCE WEST STATION,0,0,S,YU
14:20:00,Wednesday,ST GEORGE YUS STATION,4,9,S,YU
14:38:00,Wednesday,VICTORIA PARK STATION,6,10,W,BD
14:47:00,Wednesday,WILSON YARD,0,0,N,YU
15:02:00,Wednesday,ST PATRICK STATION,5,10,S,YU
15:13:00,Wednesday,MAIN STREET STATION,3,7,W,BD
15:20:00,Wednesday,OLD MILL STATION,13,16,W,BD
15:37:00,Wednesday,ISLINGTON STATION,0,0,W,BD
15:45:00,Wednesday,DUNDAS STATION,0,0,S,YU
16:31:00,Wednesday,COXWELL STATION,5,9,E,BD
16:34:00,Wednesday,KIPLING STATION,3,6,W,BD
17:46:00,Wednesday,ST CLAIR STATION,16,19,N,YU
18:22:00,Wednesday,BLOOR STATION,5,8,N,YU
18:32:00,Wednesday,COXWELL STATION,3,6,E,BD
18:52:00,Wednesday,WARDEN STATION,0,0,E,BD
19:49:00,Wednesday,DUNDAS STATION,9,14,S,YU
20:52:00,Wednesday,ROSEDALE STATION,15,20,N,YU
21:07:00,Wednesday,KENNEDY BD STATION,17,22,E,BD
21:40:00,Wednesday,ST GEORGE YUS STATION,6,11,S,YU
23:21:00,Wednesday,DUFFERIN STATION,0,0,E,BD
23:34:00,Wednesday,YONGE BD STATION,33,38,E,BD
05:35:00,Thursday,SHEPPARD STATION,4,0,S,YU
06:06:00,Thursday,SHERBOURNE STATION,22,0,E,BD
06:21:00,Thursday,EGLINTON WEST STATION,0,0,S,YU
06:26:00,Thursday,BATHURST STATION,0,0,W,BD
08:23:00,Thursday,DUNDAS WEST STATION,0,0,W,BD
08:30:00,Thursday,YORK MILLS STATION,18,21,N,YU
08:43:00,Thursday,ST GEORGE YUS STATION,0,0,S,YU
08:46:00,Thursday,MUSEUM STATION,4,7,S,YU
08:54:00,Thursday,NORTH YORK CTR STATION,0,0,N,YU
09:15:00,Thursday,DUNDAS STATION,0,0,N,YU
09:29:00,Thursday,WOODBINE STATION,15,19,E,BD
10:35:00,Thursday,WELLESLEY STATION,0,0,N,YU
11:37:00,Thursday,SPADINA BD STATION,0,0,W,BD
11:37:00,Thursday,SPADINA YUS STATION,10,15,N,YU
11:42:00,Thursday,WOODBINE STATION,19,23,W,BD
11:43:00,Thursday,SPADINA YUS STATION,11,16,S,YU
12:04:00,Thursday,BROADVIEW STATION,4,8,E,BD
13:03:00,Thursday,EGLINTON WEST STATION,16,21,S,YU
13:57:00,Thursday,MAIN STREET STATION,7,11,W,BD
14:10:00,Thursday,DUNDAS STATION,0,0,S,YU
14:11:00,Thursday,EGLINTON WEST STATION,0,0,S,YU
14:51:00,Thursday,DUNDAS STATION,6,11,S,YU
16:03:00,Thursday,WOODBINE STATION,0,0,W,BD
16:18:00,Thursday,WILSON STATION,3,6,S,YU
16:32:00,Thursday,CHESTER STATION,0,0,E,BD
17:05:00,Thursday,VICTORIA PARK STATION,11,14,W,BD
17:19:00,Thursday,WOODBINE STATION,4,7,W,BD
17:21:00,Thursday,KING STATION,0,0,N,YU
18:45:00,Thursday,ST CLAIR STATION,0,0,N,YU
19:20:00,Thursday,SHEPPARD WEST STATION,5,10,N,YU
19:32:00,Thursday,WILSON STATION,10,15,N,YU
19:38:00,Thursday,WARDEN STATION,4,9,W,BD
19:40:00,Thursday,SHEPPARD WEST STATION,21,26,S,YU
19:55:00,Thursday,DUPONT STATION,7,10,S,YU
20:01:00,Thursday,CASTLE FRANK STATION,4,8,W,BD
20:05:00,Thursday,YONGE BD STATION,0,0,E,BD
20:12:00,Thursday,QUEEN'S PARK STATION,0,0,N,YU
20:17:00,Thursday,BLOOR STATION,0,0,N,YU
20:56:00,Thursday,DUFFERIN STATION,0,0,E,BD
21:19:00,Thursday,LANSDOWNE STATION,0,0,W,BD
21:30:00,Thursday,FINCH STATION,7,12,N,YU
21:37:00,Thursday,EGLINTON STATION,6,11,N,YU
21:44:00,Thursday,PAPE STATION,0,0,W,BD
23:43:00,Thursday,ST CLAIR STATION,0,0,S,YU
01:19:00,Thursday,FINCH STATION,0,0,S,YU
12:48:00,Thursday,SHEPPARD-YONGE STATION,0,0,W,SHP
16:32:00,Thursday,SHEPPARD-YONGE STATION,0,0,W,SHP
05:35:00,Friday,SHEPPARD STATION,4,0,S,YU
05:53:00,Friday,EGLINTON STATION,5,10,N,YU
06:10:00,Friday,ST GEORGE YUS STATION,5,10,N,YU
06:44:00,Friday,KENNEDY BD STATION,3,8,W,BD
06:54:00,Friday,LAWRENCE WEST STATION,0,0,N,YU
07:25:00,Friday,WILSON STATION,3,6,S,YU
07:40:00,Friday,BATHURST STATION,3,6,W,BD
08:12:00,Friday,EGLINTON STATION,0,0,N,YU
08:21:00,Friday,WELLESLEY STATION,5,8,S,YU
08:50:00,Friday,HIGHWAY 407 STATION,0,0,N,YU
09:37:00,Friday,WARDEN STATION,0,0,E,BD
10:33:00,Friday,BAY STATION,3,7,E,BD
11:17:00,Friday,YONGE BD STATION,0,0,E,BD
12:11:00,Friday,ROYAL YORK STATION,0,0,E,BD
12:24:00,Friday,KIPLING STATION,0,0,W,BD
12:28:00,Friday,YONGE BD STATION,0,0,E,BD
12:34:00,Friday,KIPLING STATION,3,7,W,BD
13:48:00,Friday,BROADVIEW STATION,22,26,E,BD
13:59:00,Friday,CHESTER STATION,6,10,E,BD
14:27:00,Friday,QUEEN STATION,3,8,N,YU
16:42:00,Friday,KIPLING STATION,0,0,W,BD
16:47:00,Friday,OLD MILL STATION,0,0,W,BD
17:27:00,Friday,ST ANDREW STATION,0,0,S,YU
17:57:00,Friday,WARDEN STATION,7,10,W,BD
18:15:00,Friday,DAVISVILLE STATION,7,10,S,YU
18:20:00,Friday,DUPONT STATION,10,13,N,YU
18:24:00,Friday,KENNEDY BD STATION,0,0,W,BD
18:34:00,Friday,OLD MILL STATION,0,0,W,BD
18:36:00,Friday,DUNDAS WEST STATION,0,0,W,BD
19:03:00,Friday,KENNEDY BD STATION,0,0,E,BD
19:56:00,Friday,RUNNYMEDE STATION,0,0,W,BD
21:47:00,Friday,WELLESLEY STATION,5,10,S,YU
21:51:00,Friday,BROADVIEW STATION,0,0,E,BD
21:56:00,Friday,KENNEDY BD STATION,5,11,W,BD
22:02:00,Friday,UNION STATION,10,15,S,YU
22:12:00,Friday,ST CLAIR WEST STATION,0,0,S,YU
23:00:00,Friday,GREENWOOD STATION,0,0,W,BD
23:43:00,Friday,KIPLING STATION,0,0,W,BD
23:50:00,Friday,ST CLAIR WEST STATION,0,0,S,YU
00:30:00,Friday,DAVISVILLE STATION,3,9,N,YU
00:40:00,Friday,WELLESLEY STATION,0,0,N,YU
00:43:00,Friday,OSSINGTON STATION,5,10,E,BD
00:55:00,Friday,FINCH STATION,6,12,S,YU
01:21:00,Friday,FINCH STATION,13,0,S,YU
01:34:00,Friday,DAVISVILLE STATION,13,19,N,YU
01:36:00,Friday,ROSEDALE STATION,3,9,N,YU
01:46:00,Friday,SPADINA YUS STATION,0,0,S,YU
05:33:00,Friday,DON MILLS STATION,0,0,E,SHP
05:55:00,Saturday,UNION STATION,13,0,N,YU
06:03:00,Saturday,BLOOR STATION,7,0,N,YU
06:28:00,Saturday,WILSON STATION,6,12,S,YU
06:49:00,Saturday,VICTORIA PARK STATION,3,8,E,BD
07:10:00,Saturday,WOODBINE STATION,0,0,E,BD
07:12:00,Saturday,HIGH PARK STATION,0,0,E,BD
07:31:00,Saturday,GLENCAIRN STATION,0,0,N,YU
07:55:00,Saturday,YONGE BD STATION,0,0,E,BD
08:17:00,Saturday,ST GEORGE BD STATION,5,10,W,BD
08:54:00,Saturday,UNION STATION,0,0,S,YU
09:22:00,Saturday,KIPLING STATION,0,0,W,BD
09:46:00,Saturday,DAVISVILLE BUILD UP,0,0,N,YU
11:06:00,Saturday,SPADINA YUS STATION,3,9,N,YU
11:14:00,Saturday,YONGE BD STATION,0,0,W,BD
11:16:00,Saturday,WILSON STATION,3,9,N,YU
11:18:00,Saturday,ST CLAIR WEST STATION,5,11,S,YU
11:55:00,Saturday,LAWRENCE STATION,9,15,S,YU
12:33:00,Saturday,SPADINA YUS STATION,0,0,N,YU
12:37:00,Saturday,YORKDALE STATION,0,0,S,YU
12:38:00,Saturday,SHERBOURNE STATION,3,7,W,BD
12:53:00,Saturday,SPADINA BD STATION,0,0,E,BD
13:42:00,Saturday,VAUGHAN MC STATION,26,30,N,YU
14:22:00,Saturday,DUNDAS WEST STATION,0,0,W,BD
14:50:00,Saturday,KIPLING STATION,0,0,E,BD
15:20:00,Saturday,SUMMERHILL STATION,0,0,S,YU
15:25:00,Saturday,YORKDALE STATION,6,10,S,YU
15:32:00,Saturday,OLD MILL STATION,0,0,W,BD
15:47:00,Saturday,LANSDOWNE STATION,0,0,E,BD
16:00:00,Saturday,SHERBOURNE STATION,0,0,E,BD
16:22:00,Saturday,ISLINGTON STATION,0,0,E,BD
17:33:00,Saturday,ST GEORGE BD STATION,6,10,W,BD
18:04:00,Saturday,ROYAL YORK STATION,0,0,W,BD
18:10:00,Saturday,HIGH PARK STATION,0,0,E,BD
18:48:00,Saturday,ST CLAIR WEST STATION,3,7,N,YU
19:16:00,Saturday,UNION STATION,0,0,N,YU
20:41:00,Saturday,DUNDAS STATION,0,0,N,YU
21:07:00,Saturday,DUNDAS STATION,7,10,N,YU
21:27:00,Saturday,COXWELL STATION,4,9,E,BD
21:31:00,Saturday,BATHURST STATION,0,0,E,BD
21:41:00,Saturday,QUEEN STATION,7,10,N,YU
23:01:00,Saturday,VICTORIA PARK STATION,3,9,E,BD
23:47:00,Saturday,DUPONT STATION,4,10,S,YU
00:22:00,Saturday,ISLINGTON STATION,0,0,W,BD
01:25:00,Saturday,ST GEORGE YUS STATION,5,11,N,YU
01:33:00,Saturday,DUNDAS STATION,13,19,N,YU
01:37:00,Saturday,WARDEN STATION,3,9,E,BD
02:26:00,Sunday,KENNEDY BD STATION,0,0,W,BD
08:09:00,Sunday,GREENWOOD STATION,5,8,E,BD
08:14:00,Sunday,KIPLING STATION,4,8,E,BD
08:14:00,Sunday,WELLESLEY STATION,24,0,N,YU
08:24:00,Sunday,LAWRENCE STATION,12,18,N,YU
08:39:00,Sunday,YORK MILLS STATION,6,12,N,YU
08:47:00,Sunday,WILSON STATION,22,28,N,YU
09:02:00,Sunday,YORKDALE STATION,5,11,S,YU
10:07:00,Sunday,HIGHWAY 407 STATION,3,9,S,YU
10:29:00,Sunday,SPADINA YUS STATION,3,9,S,YU
12:16:00,Sunday,UNION STATION,0,0,S,YU
12:39:00,Sunday,KING STATION,3,7,S,YU
12:45:00,Sunday,ISLINGTON STATION,12,16,E,BD
15:50:00,Sunday,BLOOR STATION,20,24,S,YU
16:24:00,Sunday,ROYAL YORK STATION,0,0,W,BD
16:24:00,Sunday,DUNDAS STATION,0,0,S,YU
16:44:00,Sunday,SHEPPARD STATION,56,60,N,YU
16:49:00,Sunday,UNION STATION,0,0,N,YU
16:57:00,Sunday,WELLESLEY STATION,8,12,S,YU
18:02:00,Sunday,SPADINA YUS STATION,12,16,N,YU
18:12:00,Sunday,YONGE BD STATION,3,7,E,BD
19:42:00,Sunday,LANSDOWNE STATION,0,0,W,BD
19:45:00,Sunday,MAIN STREET STATION,6,11,W,BD
20:28:00,Sunday,SHEPPARD STATION,3,7,N,YU
20:36:00,Sunday,BROADVIEW STATION,0,0,E,BD
21:37:00,Sunday,YONGE BD STATION,5,10,E,BD
21:44:00,Sunday,YONGE BD STATION,3,8,E,BD
22:42:00,Sunday,VAUGHAN MC STATION,6,12,S,YU
22:54:00,Sunday,DUNDAS WEST STATION,3,8,E,BD
23:20:00,Sunday,YORK MILLS STATION,3,9,N,YU
23:41:00,Sunday,ST GEORGE YUS STATION,0,0,S,YU
00:42:00,Sunday,EGLINTON WEST STATION,0,0,N,YU
01:07:00,Sunday,QUEEN STATION,0,0,S,YU
08:07:00,Sunday,SHEPPARD-YONGE STATION,4,11,E,SHP
08:11:00,Sunday,DON MILLS STATION,0,0,E,SHP
16:55:00,Sunday,SHEPPARD-YONGE STATION,31,38,W,SHP
20:35:00,Sunday,SHEPPARD-YONGE STATION,6,13,E,SHP
05:45:00,Monday,KIPLING STATION,4,8,W,BD
05:55:00,Monday,UNION STATION,16,0,N,YU
06:00:00,Monday,BLOOR STATION,10,0,S,YU
06:33:00,Monday,SPADINA BD STATION,3,7,E,BD
07:30:00,Monday,EGLINTON STATION,0,0,B,YU
09:20:00,Monday,ST CLAIR WEST STATION,5,11,N,YU
09:48:00,Monday,KIPLING STATION,0,0,W,BD
10:37:00,Monday,KIPLING STATION,0,0,W,BD
11:55:00,Monday,BLOOR STATION,4,8,S,YU
12:54:00,Monday,LAWRENCE STATION,4,8,S,YU
14:00:00,Monday,COXWELL STATION,5,9,W,BD
15:02:00,Monday,DUFFERIN STATION,0,0,E,BD
15:28:00,Monday,SPADINA BD STATION,3,7,W,BD
15:39:00,Monday,ST GEORGE BD STATION,3,7,W,BD
17:33:00,Monday,SPADINA BD STATION,0,0,W,BD
17:35:00,Monday,KENNEDY BD STATION,0,0,E,BD
18:39:00,Monday,KENNEDY BD STATION,0,0,E,BD
19:56:00,Monday,QUEEN STATION,0,0,S,YU
20:11:00,Monday,SHEPPARD STATION,4,10,N,YU
20:15:00,Monday,NORTH YORK CTR STATION,6,12,N,YU
20:17:00,Monday,DUNDAS STATION,0,0,N,YU
20:20:00,Monday,CASTLE FRANK STATION,0,0,W,BD
21:53:00,Monday,KEELE STATION,0,0,E,BD
00:59:00,Monday,CHESTER STATION,0,0,E,BD
06:23:00,Monday,SHEPPARD-YONGE STATION,0,0,E,SHP
06:10:00,Tuesday,UNION STATION,11,17,N,YU
06:11:00,Tuesday,EGLINTON STATION,9,11,N,YU
06:37:00,Tuesday,WOODBINE STATION,0,0,E,BD
07:11:00,Tuesday,ROSEDALE STATION,13,15,S,YU
07:30:00,Tuesday,ROSEDALE STATION,0,0,N,YU
07:37:00,Tuesday,VAUGHAN MC STATION,0,0,S,YU
07:39:00,Tuesday,HIGHWAY 407 STATION,3,6,S,YU
08:01:00,Tuesday,ST PATRICK STATION,14,17,S,YU
08:54:00,Tuesday,MUSEUM STATION,3,5,S,YU
08:59:00,Tuesday,COLLEGE STATION,0,0,S,YU
09:03:00,Tuesday,JANE STATION,0,0,W,BD
09:29:00,Tuesday,KIPLING STATION,3,6,W,BD
09:39:00,Tuesday,DONLANDS STATION,0,0,E,BD
10:27:00,Tuesday,QUEEN'S PARK STATION,3,6,N,YU
10:39:00,Tuesday,YONGE BD STATION,3,6,E,BD
10:43:00,Tuesday,COXWELL STATION,0,0,E,BD
10:48:00,Tuesday,SPADINA BD STATION,0,0,W,BD
10:59:00,Tuesday,VICTORIA PARK STATION,3,7,E,BD
11:07:00,Tuesday,EGLINTON STATION,0,0,B,YU
11:07:00,Tuesday,COXWELL STATION,0,0,E,BD
11:52:00,Tuesday,ISLINGTON STATION,4,8,E,BD
12:34:00,Tuesday,KENNEDY BD STATION,0,0,W,BD
12:40:00,Tuesday,EGLINTON STATION,8,13,S,YU
13:05:00,Tuesday,KENNEDY BD STATION,0,0,E,BD
13:47:00,Tuesday,QUEEN STATION,0,0,N,YU
14:50:00,Tuesday,BLOOR STATION,0,0,N,YU
15:25:00,Tuesday,SHERBOURNE STATION,0,0,W,BD
15:31:00,Tuesday,KIPLING STATION,6,9,W,BD
16:05:00,Tuesday,KIPLING STATION,5,9,W,BD
16:39:00,Tuesday,ISLINGTON STATION,3,6,E,BD
16:56:00,Tuesday,DAVISVILLE YARD,4,8,S,YU
17:07:00,Tuesday,SHEPPARD STATION,0,0,S,YU
18:01:00,Tuesday,VICTORIA PARK STATION,6,9,E,BD
18:35:00,Tuesday,VICTORIA PARK STATION,4,7,E,BD
19:06:00,Tuesday,YONGE BD STATION,3,6,E,BD
19:21:00,Tuesday,UNION STATION,0,0,S,YU
19:26:00,Tuesday,SHEPPARD STATION,4,7,N,YU
19:51:00,Tuesday,ST CLAIR WEST STATION,11,15,N,YU
20:57:00,Tuesday,LAWRENCE WEST STATION,0,0,N,YU
21:44:00,Tuesday,SHERBOURNE STATION,0,0,W,BD
21:52:00,Tuesday,BLOOR STATION,0,0,N,YU
23:29:00,Tuesday,SPADINA YUS STATION,0,0,N,YU
23:37:00,Tuesday,DUNDAS STATION,0,0,S,YU
00:29:00,Tuesday,LAWRENCE WEST STATION,12,18,N,YU
00:57:00,Tuesday,BLOOR STATION,0,0,N,YU
01:34:00,Tuesday,KENNEDY BD STATION,12,17,E,BD
02:38:00,Tuesday,SHEPPARD-YONGE STATION,0,0,W,SHP
08:56:00,Tuesday,BESSARION STATION,0,0,E,SHP
19:23:00,Tuesday,SHEPPARD-YONGE STATION,0,0,E,SHP
06:01:00,Wednesday,UNION STATION,8,0,N,YU
06:02:00,Wednesday,UNION STATION,3,0,N,YU
06:12:00,Wednesday,KIPLING STATION,5,8,E,BD
06:21:00,Wednesday,KIPLING STATION,0,0,E,BD
06:35:00,Wednesday,ST CLAIR WEST STATION,8,10,N,YU
06:37:00,Wednesday,ST CLAIR WEST STATION,6,8,S,YU
06:55:00,Wednesday,DUNDAS WEST STATION,0,0,W,BD
07:16:00,Wednesday,YONGE BD STATION,0,0,W,BD
07:20:00,Wednesday,GREENWOOD YARD,0,0,W,BD
08:24:00,Wednesday,ST CLAIR WEST STATION,3,8,S,YU
08:50:00,Wednesday,DAVISVILLE STATION,6,8,S,YU
09:22:00,Wednesday,KEELE STATION,4,8,W,BD
09:27:00,Wednesday,OSSINGTON STATION,0,0,E,BD
09:29:00,Wednesday,KIPLING STATION,0,0,E,BD
09:31:00,Wednesday,BATHURST STATION,4,8,E,BD
10:41:00,Wednesday,SPADINA BD STATION,4,8,W,BD
11:40:00,Wednesday,MAIN STREET STATION,3,7,E,BD
12:08:00,Wednesday,EGLINTON STATION,5,10,N,YU
12:17:00,Wednesday,YONGE BD STATION,0,0,E,BD
12:48:00,Wednesday,EGLINTON WEST STATION,0,0,S,YU
12:51:00,Wednesday,KEELE STATION,0,0,E,BD
13:29:00,Wednesday,LAWRENCE WEST STATION,4,9,S,YU
13:54:00,Wednesday,DUPONT STATION,5,10,S,YU
14:01:00,Wednesday,SPADINA YUS STATION,5,10,S,YU
14:14:00,Wednesday,DAVISVILLE STATION,0,0,N,YU
14:34:00,Wednesday,SHEPPARD WEST STATION,6,10,S,YU
15:13:00,Wednesday,WOODBINE STATION,0,0,W,BD
15:16:00,Wednesday,YORKDALE STATION,4,8,S,YU
16:42:00,Wednesday,QUEEN STATION,3,5,N,YU
17:14:00,Wednesday,DAVISVILLE STATION,2,4,S,YU
17:18:00,Wednesday,YORK MILLS STATION,6,8,N,YU
18:48:00,Wednesday,DUFFERIN STATION,3,6,W,BD
20:01:00,Wednesday,SHEPPARD STATION,6,8,S,YU
20:57:00,Wednesday,ST CLAIR STATION,8,14,S,YU
21:58:00,Wednesday,DUNDAS STATION,0,0,N,YU
22:33:00,Wednesday,ST CLAIR WEST STATION,0,0,N,YU
01:05:00,Wednesday,KING STATION,0,0,N,YU
04:35:00,Thursday,ROSEDALE STATION,0,0,N,YU
05:17:00,Thursday,YORK MILLS STATION,0,0,S,BD
06:05:00,Thursday,UNION STATION,6,0,N,YU
06:06:00,Thursday,YORK MILLS STATION,19,0,S,YU
06:22:00,Thursday,WELLESLEY STATION,5,10,N,YU
07:35:00,Thursday,FINCH STATION,3,5,S,YU
07:41:00,Thursday,ST GEORGE BD STATION,39,42,W,BD
08:09:00,Thursday,KIPLING STATION,0,0,W,BD
08:18:00,Thursday,COLLEGE STATION,9,11,N,YU
08:43:00,Thursday,BLOOR STATION,0,0,N,YU
08:46:00,Thursday,OLD MILL STATION,0,0,E,BD
08:56:00,Thursday,BLOOR STATION,0,0,S,YU
09:02:00,Thursday,NORTH YORK CTR STATION,12,14,N,YU
09:32:00,Thursday,SPADINA BD STATION,0,0,W,BD
09:52:00,Thursday,NORTH YORK CTR STATION,0,0,S,YU
10:44:00,Thursday,CASTLE FRANK STATION,4,8,E,BD
10:59:00,Thursday,ST GEORGE BD STATION,3,7,W,BD
11:10:00,Thursday,VICTORIA PARK STATION,4,8,E,BD
12:16:00,Thursday,VICTORIA PARK STATION,5,9,E,BD
12:39:00,Thursday,HIGHWAY 407 STATION,17,22,S,YU
13:20:00,Thursday,YORKDALE STATION,0,0,N,YU
14:02:00,Thursday,BLOOR STATION,0,0,S,YU
14:38:00,Thursday,PIONEER VILLAGE STATIO,0,0,S,YU
14:58:00,Thursday,ST GEORGE BD STATION,4,8,E,BD
15:26:00,Thursday,COXWELL STATION,0,0,E,BD
15:42:00,Thursday,KIPLING STATION,0,0,E,BD
16:01:00,Thursday,DUNDAS STATION,5,9,S,YU
16:14:00,Thursday,FINCH STATION,0,0,S,YU
16:21:00,Thursday,ROSEDALE STATION,0,0,N,YU
16:53:00,Thursday,COXWELL STATION,3,6,E,BD
17:00:00,Thursday,DAVISVILLE STATION,2,4,S,YU
17:08:00,Thursday,DAVISVILLE STATION,2,4,S,YU
17:12:00,Thursday,DUPONT STATION,6,9,S,YU
17:32:00,Thursday,UNION STATION,7,10,N,YU
17:32:00,Thursday,BLOOR STATION,0,0,N,YU
17:34:00,Thursday,BAY STATION,17,20,E,BD
17:46:00,Thursday,DUNDAS STATION,6,9,N,YU
18:30:00,Thursday,KEELE STATION,4,7,W,BD
18:37:00,Thursday,OSSINGTON STATION,3,6,W,BD
19:52:00,Thursday,WOODBINE STATION,0,0,W,BD
19:59:00,Thursday,ST GEORGE YUS STATION,5,7,N,YU
22:31:00,Thursday,DUNDAS STATION,0,0,N,YU
01:38:00,Thursday,BATHURST STATION,0,0,W,BD
12:53:00,Thursday,SHEPPARD-YONGE STATION,0,0,E,SHP
14:11:00,Thursday,BESSARION STATION,3,10,E,SHP
05:25:00,Friday,MAIN STREET STATION,0,0,E,BD
06:01:00,Friday,UNION STATION,11,0,N,YU
06:02:00,Friday,UNION STATION,4,0,N,YU
06:10:00,Friday,VICTORIA PARK STATION,3,7,W,BD
07:11:00,Friday,BROADVIEW STATION,4,7,W,BD
07:28:00,Friday,BLOOR STATION,0,0,N,YU
08:42:00,Friday,WARDEN STATION,0,0,W,BD
08:56:00,Friday,MAIN STREET STATION,5,8,E,BD
09:01:00,Friday,COLLEGE STATION,0,0,S,YU
09:08:00,Friday,SPADINA YUS STATION,0,0,S,YU
10:23:00,Friday,JANE STATION,0,0,E,BD
10:33:00,Friday,ISLINGTON STATION,0,0,E,BD
11:43:00,Friday,VICTORIA PARK STATION,0,0,E,BD
12:37:00,Friday,WARDEN STATION,5,9,W,BD
14:37:00,Friday,YONGE BD STATION,3,7,W,BD
14:55:00,Friday,JANE STATION,0,0,E,BD
15:25:00,Friday,WELLESLEY STATION,4,8,N,YU
15:32:00,Friday,YORK UNIVERSITY STATIO,0,0,S,YU
15:37:00,Friday,ROSEDALE STATION,17,21,N,YU
15:49:00,Friday,OSGOODE STATION,13,17,S,YU
16:30:00,Friday,BLOOR STATION,0,0,N,YU
16:35:00,Friday,ISLINGTON STATION,0,0,W,BD
16:43:00,Friday,DAVISVILLE STATION,3,5,S,YU
16:56:00,Friday,OSSINGTON STATION,0,0,W,BD
18:22:00,Friday,JANE STATION,0,0,E,BD
18:26:00,Friday,SUMMERHILL STATION,0,0,N,YU
19:51:00,Friday,KEELE STATION,0,0,W,BD
20:24:00,Friday,KIPLING STATION,0,0,W,BD
20:46:00,Friday,JANE STATION,6,12,E,BD
20:54:00,Friday,KIPLING STATION,5,10,E,BD
21:04:00,Friday,BLOOR STATION,0,0,N,YU
21:43:00,Friday,QUEEN STATION,0,0,N,YU
22:16:00,Friday,HIGH PARK STATION,0,0,W,BD
23:13:00,Friday,FINCH WEST STATION,8,16,N,YU
23:55:00,Friday,COLLEGE STATION,4,10,N,YU
00:00:00,Friday,KIPLING STATION,0,0,W,BD
00:25:00,Friday,WARDEN STATION,0,0,E,BD
01:01:00,Friday,ST PATRICK STATION,0,0,S,YU
02:34:00,Friday,SHEPPARD-YONGE STATION,0,0,W,SHP
20:20:00,Friday,LESLIE STATION,3,10,W,SHP
05:50:00,Saturday,MUSEUM STATION,21,0,N,YU
05:53:00,Saturday,KEELE STATION,5,10,W,BD
05:57:00,Saturday,ST PATRICK STATION,8,0,S,YU
05:59:00,Saturday,ST CLAIR WEST STATION,5,0,S,YU
06:34:00,Saturday,HIGHWAY 407 STATION,7,13,S,YU
06:52:00,Saturday,BROADVIEW STATION,0,0,W,BD
07:05:00,Saturday,OSGOODE STATION,3,9,N,YU
08:29:00,Saturday,NORTH YORK CTR STATION,4,10,N,YU
08:52:00,Saturday,KENNEDY BD STATION,10,15,W,BD
08:57:00,Saturday,DONLANDS STATION,3,8,E,BD
08:59:00,Saturday,DUPONT STATION,3,9,S,YU
09:20:00,Saturday,SPADINA BD STATION,0,0,E,BD
10:27:00,Saturday,ST PATRICK STATION,3,9,S,YU
11:48:00,Saturday,JANE STATION,0,0,E,BD
11:56:00,Saturday,EGLINTON STATION,15,19,S,YU
12:12:00,Saturday,EGLINTON STATION,8,12,S,YU
13:28:00,Saturday,DUNDAS WEST STATION,0,0,W,BD
14:25:00,Saturday,ST GEORGE BD STATION,4,8,E,BD
14:46:00,Saturday,YORK UNIVERSITY STATIO,0,0,S,YU
15:04:00,Saturday,YONGE BD STATION,3,7,W,BD
15:06:00,Saturday,KENNEDY BD STATION,3,7,W,BD
17:42:00,Saturday,MUSEUM STATION,0,0,S,YU
17:45:00,Saturday,DUPONT STATION,3,7,S,YU
18:55:00,Saturday,EGLINTON STATION,0,0,S,YU
20:00:00,Saturday,DUNDAS STATION,0,0,N,YU
20:00:00,Saturday,DUPONT STATION,3,8,S,YU
20:00:00,Saturday,DUFFERIN STATION,0,0,W,BD
21:16:00,Saturday,BLOOR STATION,0,0,S,BD
21:30:00,Saturday,QUEEN'S PARK STATION,4,9,S,YU
22:37:00,Saturday,LAWRENCE STATION,7,12,N,YU
23:10:00,Saturday,DAVISVILLE STATION,3,8,S,YU
23:11:00,Saturday,QUEEN STATION,0,0,N,YU
23:22:00,Saturday,DAVISVILLE STATION,3,9,S,YU
23:56:00,Saturday,DUPONT STATION,4,9,S,YU
00:02:00,Saturday,ROYAL YORK STATION,0,0,E,BD
00:57:00,Saturday,DUPONT STATION,3,8,S,YU
01:29:00,Saturday,DUPONT STATION,4,9,S,YU
01:37:00,Saturday,DAVISVILLE STATION,3,9,N,YU
01:42:00,Saturday,DUFFERIN STATION,3,9,W,BD
02:48:00,Sunday,ST GEORGE BD STATION,0,0,W,BD
03:08:00,Sunday,BROADVIEW STATION,0,0,E,BD
08:18:00,Sunday,KING STATION,45,0,N,YU
09:04:00,Sunday,DUPONT STATION,3,9,S,YU
09:32:00,Sunday,CHESTER STATION,0,0,E,BD
09:33:00,Sunday,HIGH PARK STATION,0,0,W,BD
09:59:00,Sunday,EGLINTON STATION,3,7,N,YU
10:39:00,Sunday,KING STATION,0,0,S,YU
13:01:00,Sunday,ST PATRICK STATION,0,0,S,YU
13:07:00,Sunday,YORK MILLS STATION,7,11,N,YU
13:49:00,Sunday,SHERBOURNE STATION,0,0,E,BD
14:37:00,Sunday,SHEPPARD STATION,0,0,S,YU
14:45:00,Sunday,ST CLAIR STATION,4,8,S,YU
15:24:00,Sunday,VICTORIA PARK STATION,0,0,W,BD
15:37:00,Sunday,QUEEN'S PARK STATION,5,9,S,YU
15:46:00,Sunday,YONGE BD STATION,0,0,E,BD
15:51:00,Sunday,KIPLING STATION,0,0,W,BD
16:18:00,Sunday,DUNDAS STATION,0,0,N,YU
16:28:00,Sunday,OSGOODE STATION,4,8,N,YU
16:32:00,Sunday,WILSON STATION,0,0,S,YU
16:51:00,Sunday,UNION STATION,0,0,N,YU
16:59:00,Sunday,LAWRENCE WEST STATION,6,10,S,YU
17:31:00,Sunday,WARDEN STATION,13,17,E,BD
17:41:00,Sunday,VAUGHAN MC STATION,0,0,S,YU
17:50:00,Sunday,DAVISVILLE STATION,4,8,S,YU
18:22:00,Sunday,ST CLAIR WEST STATION,5,9,N,YU
19:16:00,Sunday,KENNEDY BD STATION,8,13,W,BD
20:57:00,Sunday,FINCH STATION,8,14,S,YU
21:14:00,Sunday,WILSON STATION,4,10,S,YU
21:29:00,Sunday,EGLINTON STATION,0,0,N,YU
21:38:00,Sunday,WILSON STATION,0,0,S,YU
21:59:00,Sunday,KEELE STATION,0,0,E,BD
23:00:00,Sunday,FINCH STATION,5,10,S,YU
23:13:00,Sunday,EGLINTON STATION,5,11,N,YU
00:06:00,Sunday,JANE STATION,0,0,E,BD
02:31:00,Sunday,SHEPPARD-YONGE STATION,0,0,E,SHP
02:07:00,Monday,KIPLING STATION,0,0,E,BD
06:00:00,Monday,VAUGHAN MC STATION,4,8,S,YU
06:01:00,Monday,UNION STATION,8,0,N,YU
06:02:00,Monday,UNION STATION,5,0,N,YU
06:23:00,Monday,UNION STATION,7,9,N,YU
06:32:00,Monday,WARDEN STATION,0,0,W,BD
06:39:00,Monday,OSSINGTON STATION,0,0,E,BD
07:19:00,Monday,YORK UNIVERSITY STATIO,0,0,N,YU
07:26:00,Monday,YORK UNIVERSITY STATIO,10,12,N,YU
07:43:00,Monday,WILSON STATION,4,8,N,YU
08:04:00,Monday,DUPONT STATION,0,0,S,YU
08:15:00,Monday,BLOOR STATION,11,13,N,YU
08:23:00,Monday,KIPLING STATION,0,0,W,BD
08:34:00,Monday,COXWELL STATION,0,0,W,BD
08:37:00,Monday,RUNNYMEDE STATION,0,0,W,BD
08:37:00,Monday,BLOOR STATION,0,0,S,YU
08:42:00,Monday,WELLESLEY STATION,4,6,S,YU
08:43:00,Monday,ST CLAIR STATION,0,0,S,YU
08:46:00,Monday,BLOOR STATION,3,5,N,YU
08:53:00,Monday,JANE STATION,0,0,E,BD
09:01:00,Monday,NORTH YORK CTR STATION,6,8,S,YU
09:02:00,Monday,KEELE STATION,0,0,W,BD
09:14:00,Monday,SHEPPARD WEST STATION,3,8,N,YU
09:44:00,Monday,OSGOODE STATION,5,8,N,YU
09:46:00,Monday,FINCH WEST STATION,0,0,N,YU
09:49:00,Monday,ST ANDREW STATION,7,9,N,YU
10:05:00,Monday,DUNDAS STATION,0,0,N,YU
10:23:00,Monday,MUSEUM STATION,0,0,S,YU
10:33:00,Monday,FINCH STATION,13,18,S,YU
10:48:00,Monday,WARDEN STATION,7,11,W,BD
11:18:00,Monday,DUPONT STATION,11,15,S,YU
11:42:00,Monday,JANE STATION,0,0,E,BD
11:46:00,Monday,ST CLAIR STATION,0,0,S,YU
12:41:00,Monday,CHESTER STATION,0,0,W,BD
13:21:00,Monday,WARDEN STATION,0,0,W,BD
13:30:00,Monday,DUPONT STATION,5,9,S,YU
14:10:00,Monday,VAUGHAN MC STATION,4,8,S,YU
14:17:00,Monday,DUPONT STATION,5,9,S,YU
14:40:00,Monday,BLOOR STATION,3,8,S,YU
15:00:00,Monday,QUEEN'S PARK STATION,0,0,S,YU
15:45:00,Monday,CHRISTIE STATION,7,10,E,BD
15:53:00,Monday,YORKDALE STATION,27,31,N,YU
15:58:00,Monday,YONGE BD STATION,3,6,E,BD
16:07:00,Monday,FINCH STATION,4,8,S,YU
16:56:00,Monday,WILSON STATION,3,6,S,YU
16:58:00,Monday,ST PATRICK STATION,8,12,N,YU
17:02:00,Monday,YORKDALE STATION,4,7,S,YU
17:08:00,Monday,FINCH STATION,4,8,S,YU
17:44:00,Monday,EGLINTON WEST STATION,4,8,N,YU
18:07:00,Monday,ST CLAIR STATION,6,9,N,YU
18:14:00,Monday,FINCH WEST STATION,0,0,S,YU
18:21:00,Monday,VICTORIA PARK STATION,4,7,E,BD
18:45:00,Monday,KENNEDY BD STATION,3,6,W,BD
19:34:00,Monday,DUNDAS WEST STATION,0,0,W,BD
20:00:00,Monday,MAIN STREET STATION,134,4,W,BD
20:25:00,Monday,WARDEN STATION,0,0,E,BD
21:24:00,Monday,VAUGHAN MC STATION,0,0,S,YU
21:35:00,Monday,ST CLAIR STATION,0,0,S,YU
21:45:00,Monday,BLOOR STATION,0,0,S,YU
22:00:00,Monday,FINCH STATION,6,12,S,YU
22:05:00,Monday,WELLESLEY STATION,0,0,N,YU
22:16:00,Monday,WELLESLEY STATION,0,0,N,YU
22:27:00,Monday,CASTLE FRANK STATION,4,10,E,BD
23:16:00,Monday,ST CLAIR WEST STATION,0,0,N,YU
23:29:00,Monday,VICTORIA PARK STATION,0,0,E,BD
00:55:00,Monday,VICTORIA PARK STATION,0,0,E,BD
00:57:00,Monday,DAVISVILLE STATION,4,8,N,YU
01:27:00,Monday,VICTORIA PARK STATION,6,13,E,BD
14:35:00,Monday,LESLIE STATION,0,0,W,SHP
02:13:00,Tuesday,KIPLING STATION,0,0,W,BD
02:22:00,Tuesday,VICTORIA PARK STATION,0,0,E,BD
05:29:00,Tuesday,LANSDOWNE STATION,0,0,W,BD
05:57:00,Tuesday,VAUGHAN MC STATION,3,6,S,YU
06:01:00,Tuesday,KIPLING STATION,0,0,E,BD
06:08:00,Tuesday,ST CLAIR WEST STATION,6,9,S,YU
06:42:00,Tuesday,OLD MILL STATION,0,0,E,BD
06:43:00,Tuesday,LAWRENCE STATION,13,15,N,YU
06:53:00,Tuesday,FINCH WEST STATION,8,13,N,YU
07:08:00,Tuesday,ISLINGTON STATION,0,0,W,BD
07:58:00,Tuesday,UNION STATION,0,0,S,YU
08:11:00,Tuesday,KENNEDY BD STATION,3,6,W,BD
08:23:00,Tuesday,EGLINTON STATION,4,6,S,YU
08:27:00,Tuesday,KIPLING STATION,3,5,E,BD
09:07:00,Tuesday,CHESTER STATION,3,5,E,BD
09:14:00,Tuesday,EGLINTON WEST STATION,0,0,N,YU
09:18:00,Tuesday,YORK MILLS STATION,10,12,N,YU
09:31:00,Tuesday,KEELE STATION,0,0,E,BD
09:38:00,Tuesday,VICTORIA PARK STATION,0,0,E,YU
09:38:00,Tuesday,ST CLAIR STATION,3,7,S,YU
10:03:00,Tuesday,YORK MILLS STATION,4,9,S,YU
10:36:00,Tuesday,KENNEDY BD STATION,0,0,W,BD
11:39:00,Tuesday,KIPLING STATION,93,97,E,BD
11:43:00,Tuesday,ST PATRICK STATION,0,0,N,YU
12:26:00,Tuesday,KENNEDY BD STATION,4,8,W,BD
13:02:00,Tuesday,YONGE BD STATION,3,6,W,BD
14:01:00,Tuesday,GREENWOOD STATION,20,24,E,BD
14:10:00,Tuesday,CHESTER STATION,0,0,E,BD
14:28:00,Tuesday,EGLINTON STATION,7,11,N,YU
15:20:00,Tuesday,ST PATRICK STATION,0,0,N,YU
15:38:00,Tuesday,NORTH YORK CTR STATION,0,0,N,YU
15:54:00,Tuesday,BAY STATION,3,7,W,BD
15:59:00,Tuesday,VICTORIA PARK STATION,0,0,W,BD
16:15:00,Tuesday,KIPLING STATION,6,9,W,BD
17:04:00,Tuesday,COXWELL STATION,3,6,E,BD
17:33:00,Tuesday,ROYAL YORK STATION,8,11,E,BD
18:04:00,Tuesday,BLOOR STATION,0,0,N,YU
18:14:00,Tuesday,CHESTER STATION,0,0,E,BD
18:18:00,Tuesday,CHESTER STATION,19,23,E,BD
18:33:00,Tuesday,FINCH WEST STATION,3,5,N,YU
18:39:00,Tuesday,YORK UNIVERSITY STATIO,3,5,N,YU
19:25:00,Tuesday,VICTORIA PARK STATION,3,7,E,BD
20:11:00,Tuesday,YORK UNIVERSITY STATIO,0,0,N,YU
20:16:00,Tuesday,BATHURST STATION,0,0,W,BD
20:55:00,Tuesday,ST CLAIR WEST STATION,0,0,S,YU
21:04:00,Tuesday,VAUGHAN MC STATION,0,0,S,YU
21:28:00,Tuesday,BLOOR STATION,5,9,S,YU
21:45:00,Tuesday,LAWRENCE STATION,5,9,N,YU
22:32:00,Tuesday,NORTH YORK CTR STATION,0,0,S,YU
22:35:00,Tuesday,YORKDALE STATION,30,36,N,YU
23:11:00,Tuesday,YORKDALE STATION,14,20,N,YU
01:05:00,Tuesday,ST CLAIR WEST STATION,5,11,S,YU
01:22:00,Tuesday,SHEPPARD STATION,6,12,N,YU
14:23:00,Tuesday,DON MILLS STATION,0,0,E,SHP
02:09:00,Wednesday,KIPLING STATION,0,0,W,BD
05:15:00,Wednesday,DUFFERIN STATION,0,0,E,BD
05:44:00,Wednesday,EGLINTON STATION,10,15,N,YU
05:55:00,Wednesday,JANE STATION,0,0,E,BD
06:07:00,Wednesday,KIPLING STATION,0,0,E,BD
06:14:00,Wednesday,EGLINTON STATION,5,10,N,YU
06:29:00,Wednesday,UNION STATION,9,12,N,YU
06:42:00,Wednesday,EGLINTON STATION,5,10,N,YU
06:46:00,Wednesday,KIPLING STATION,0,0,W,BD
07:41:00,Wednesday,DAVISVILLE STATION,17,19,N,YU
08:14:00,Wednesday,KENNEDY BD STATION,0,0,W,BD
08:42:00,Wednesday,LANSDOWNE STATION,21,23,E,BD
08:45:00,Wednesday,ISLINGTON STATION,9,11,W,BD
08:49:00,Wednesday,BLOOR STATION,0,0,S,YU
08:55:00,Wednesday,OSSINGTON STATION,3,5,W,BD
08:55:00,Wednesday,KEELE STATION,0,0,E,BD
09:14:00,Wednesday,ST CLAIR STATION,0,0,S,YU
09:14:00,Wednesday,WELLESLEY STATION,10,13,S,YU
09:46:00,Wednesday,ISLINGTON STATION,5,8,E,BD
10:17:00,Wednesday,FINCH STATION,4,8,S,YU
11:21:00,Wednesday,WARDEN STATION,4,8,W,BD
11:27:00,Wednesday,KEELE STATION,0,0,W,BD
11:28:00,Wednesday,KEELE STATION,0,0,W,BD
11:34:00,Wednesday,OLD MILL STATION,3,7,E,BD
11:51:00,Wednesday,KENNEDY BD STATION,4,8,E,BD
12:19:00,Wednesday,PAPE STATION,6,10,W,BD
12:41:00,Wednesday,OSGOODE STATION,0,0,S,YU
13:13:00,Wednesday,ROYAL YORK STATION,6,9,E,BD
14:24:00,Wednesday,KIPLING STATION,0,0,W,BD
14:24:00,Wednesday,COLLEGE STATION,0,0,S,YU
15:48:00,Wednesday,MAIN STREET STATION,3,7,E,BD
15:55:00,Wednesday,COLLEGE STATION,0,0,S,YU
16:32:00,Wednesday,ST GEORGE YUS STATION,0,0,S,YU
17:28:00,Wednesday,QUEEN STATION,11,14,N,YU
17:28:00,Wednesday,OLD MILL STATION,3,6,E,BD
17:49:00,Wednesday,UNION STATION,8,11,N,YU
18:49:00,Wednesday,MAIN STREET STATION,19,22,E,BD
19:56:00,Wednesday,ROSEDALE STATION,3,5,N,YU
20:57:00,Wednesday,DAVISVILLE STATION,4,10,N,YU
21:34:00,Wednesday,ST CLAIR STATION,6,12,S,YU
23:33:00,Wednesday,VAUGHAN MC STATION,0,0,S,YU
00:10:00,Wednesday,WELLESLEY STATION,0,0,S,YU
00:22:00,Wednesday,MUSEUM STATION,8,14,N,YU
00:22:00,Wednesday,JANE STATION,3,8,W,BD
01:17:00,Wednesday,ST GEORGE YUS STATION,0,0,S,YU
15:24:00,Wednesday,BAYVIEW STATION,6,13,E,SHP
15:35:00,Wednesday,BESSARION STATION,4,11,E,SHP
17:44:00,Wednesday,BESSARION STATION,0,0,E,SHP
18:02:00,Wednesday,SHEPPARD-YONGE STATION,3,10,E,SHP
18:15:00,Wednesday,DON MILLS STATION,7,14,E,SHP
05:48:00,Thursday,EGLINTON STATION,4,8,N,YU
05:50:00,Thursday,FINCH STATION,4,8,S,YU
05:51:00,Thursday,BLOOR STATION,7,0,S,YU
06:43:00,Thursday,KIPLING STATION,0,0,E,BD
06:58:00,Thursday,SPADINA BD STATION,0,0,W,BD
07:10:00,Thursday,OLD MILL STATION,0,0,E,BD
07:24:00,Thursday,ST GEORGE YUS STATION,0,0,N,YU
07:46:00,Thursday,DUNDAS STATION,0,0,S,YU
07:52:00,Thursday,DAVISVILLE STATION,0,0,S,YU
07:52:00,Thursday,KEELE STATION,0,0,E,BD
08:36:00,Thursday,DUNDAS STATION,0,0,S,YU
08:37:00,Thursday,DUNDAS STATION,3,5,S,YU
09:19:00,Thursday,ST GEORGE YUS STATION,0,0,N,YU
09:25:00,Thursday,RUNNYMEDE STATION,0,0,E,BD
11:06:00,Thursday,ST CLAIR STATION,3,8,S,YU
11:13:00,Thursday,VICTORIA PARK STATION,0,0,E,BD
11:26:00,Thursday,VAUGHAN MC STATION,10,15,S,YU
11:44:00,Thursday,BLOOR STATION,3,8,N,YU
11:53:00,Thursday,VICTORIA PARK STATION,4,8,E,BD
12:04:00,Thursday,DAVISVILLE STATION,4,9,N,YU
12:52:00,Thursday,COXWELL STATION,24,28,E,BD
14:20:00,Thursday,YORK MILLS STATION,0,0,N,YU
14:26:00,Thursday,VICTORIA PARK STATION,0,0,W,BD
15:46:00,Thursday,SHERBOURNE STATION,3,7,E,BD
15:48:00,Thursday,KIPLING STATION,0,0,W,BD
15:57:00,Thursday,COXWELL STATION,0,0,W,BD
16:23:00,Thursday,FINCH WEST STATION,9,12,S,YU
16:49:00,Thursday,DUNDAS STATION,0,0,N,YU
16:59:00,Thursday,OSSINGTON STATION,0,0,W,BD
18:04:00,Thursday,RUNNYMEDE STATION,0,0,W,BD
18:06:00,Thursday,ST PATRICK STATION,28,31,N,YU
18:20:00,Thursday,SHEPPARD STATION,4,7,S,YU
18:27:00,Thursday,YORK MILLS STATION,5,8,S,YU
18:37:00,Thursday,COLLEGE STATION,6,9,S,YU
18:47:00,Thursday,EGLINTON WEST STATION,0,0,S,YU
18:56:00,Thursday,WOODBINE STATION,0,0,W,BD
19:26:00,Thursday,ST PATRICK STATION,7,10,S,YU
19:38:00,Thursday,ROSEDALE STATION,3,6,N,YU
19:56:00,Thursday,ST CLAIR STATION,9,12,N,YU
20:18:00,Thursday,DUNDAS STATION,0,0,N,YU
20:24:00,Thursday,WELLESLEY STATION,4,7,N,YU
20:37:00,Thursday,WOODBINE STATION,0,0,W,BD
20:40:00,Thursday,SHEPPARD WEST STATION,0,0,S,YU
20:56:00,Thursday,OSGOODE STATION,0,0,S,YU
21:16:00,Thursday,BLOOR STATION,5,9,N,YU
21:21:00,Thursday,CASTLE FRANK STATION,0,0,W,BD
21:26:00,Thursday,ST GEORGE YUS STATION,5,10,N,YU
01:12:00,Thursday,LANSDOWNE STATION,57,64,E,BD
12:53:00,Thursday,LESLIE STATION,7,14,W,SHP
03:29:00,Friday,COXWELL STATION,0,0,E,BD
05:53:00,Friday,BLOOR STATION,5,0,S,YU
05:54:00,Friday,KIPLING STATION,5,10,E,BD
06:00:00,Friday,VICTORIA PARK STATION,0,0,E,BD
06:14:00,Friday,EGLINTON STATION,5,10,N,YU
06:18:00,Friday,EGLINTON STATION,5,10,N,YU
06:29:00,Friday,EGLINTON STATION,5,8,N,YU
07:01:00,Friday,YONGE BD STATION,0,0,E,BD
08:15:00,Friday,DUNDAS STATION,4,8,S,YU
08:42:00,Friday,WARDEN STATION,6,8,E,BD
08:55:00,Friday,BLOOR STATION,0,0,S,YU
09:59:00,Friday,ST GEORGE YUS STATION,5,8,N,YU
10:02:00,Friday,BLOOR STATION,0,0,S,YU
10:33:00,Friday,KEELE STATION,0,0,W,BD
10:41:00,Friday,ST CLAIR STATION,5,10,N,YU
10:42:00,Friday,OLD MILL STATION,13,17,W,BD
10:50:00,Friday,OSSINGTON STATION,0,0,E,BD
11:05:00,Friday,OSGOODE STATION,0,0,N,YU
11:25:00,Friday,KENNEDY BD STATION,0,0,E,BD
11:38:00,Friday,WOODBINE STATION,6,10,W,BD
12:14:00,Friday,DUNDAS STATION,0,0,N,YU
13:01:00,Friday,ST CLAIR STATION,3,8,S,YU
14:29:00,Friday,OSSINGTON STATION,0,0,E,BD
14:44:00,Friday,UNION STATION,0,0,S,YU
15:00:00,Friday,WARDEN STATION,14,18,E,BD
15:05:00,Friday,MUSEUM STATION,11,16,N,YU
15:08:00,Friday,COXWELL STATION,6,10,W,BD
15:09:00,Friday,ST ANDREW STATION,0,0,S,YU
15:19:00,Friday,WARDEN STATION,12,15,W,BD
15:25:00,Friday,KENNEDY BD STATION,0,0,W,BD
15:35:00,Friday,OSGOODE STATION,0,0,S,YU
15:39:00,Friday,BLOOR STATION,18,23,S,YU
15:51:00,Friday,CASTLE FRANK STATION,12,15,E,BD
16:51:00,Friday,HIGHWAY 407 STATION,3,7,S,YU
16:58:00,Friday,YORK UNIVERSITY STATIO,4,8,S,YU
17:07:00,Friday,DOWNSVIEW PARK STATION,4,6,S,YU
17:11:00,Friday,SPADINA BD STATION,0,0,E,BD
17:15:00,Friday,VAUGHAN MC STATION,3,6,S,YU
17:42:00,Friday,COLLEGE STATION,7,10,N,YU
17:53:00,Friday,FINCH STATION,0,0,S,YU
17:56:00,Friday,COLLEGE STATION,0,0,S,YU
18:10:00,Friday,LAWRENCE STATION,0,0,N,YU
19:47:00,Friday,ST CLAIR STATION,5,7,N,YU
19:58:00,Friday,MUSEUM STATION,4,8,S,YU
20:05:00,Friday,MAIN STREET STATION,0,0,E,BD
20:05:00,Friday,ROSEDALE STATION,3,6,N,YU
20:09:00,Friday,WARDEN STATION,15,20,E,BD
20:41:00,Friday,LAWRENCE STATION,14,16,N,YU
21:49:00,Friday,RUNNYMEDE STATION,0,0,W,BD
21:50:00,Friday,BLOOR STATION,0,0,N,YU
22:20:00,Friday,QUEEN STATION,0,0,N,YU
00:32:00,Friday,DAVISVILLE STATION,10,16,S,YU
01:12:00,Friday,YORK MILLS STATION,5,11,S,YU
01:52:00,Friday,COLLEGE STATION,0,0,N,YU
19:41:00,Friday,BAYVIEW STATION,0,0,E,SHP
05:53:00,Saturday,KEELE STATION,6,12,W,BD
05:53:00,Saturday,KIPLING STATION,5,10,E,BD
06:10:00,Saturday,ST GEORGE YUS STATION,12,0,S,YU
06:16:00,Saturday,KENNEDY BD STATION,0,0,W,BD
07:20:00,Saturday,KIPLING STATION,3,8,E,BD
08:00:00,Saturday,ST CLAIR WEST STATION,9,15,N,YU
09:35:00,Saturday,CHESTER STATION,0,0,E,BD
10:16:00,Saturday,ISLINGTON STATION,0,0,W,BD
10:38:00,Saturday,COLLEGE STATION,0,0,N,YU
11:17:00,Saturday,VICTORIA PARK STATION,0,0,E,BD
11:59:00,Saturday,OLD MILL STATION,0,0,E,BD
12:56:00,Saturday,DUNDAS WEST STATION,0,0,W,BD
13:20:00,Saturday,SHEPPARD WEST STATION,3,9,S,YU
13:44:00,Saturday,KIPLING STATION,4,8,E,BD
13:46:00,Saturday,KIPLING STATION,4,8,E,BD
14:13:00,Saturday,ST CLAIR WEST STATION,5,10,N,YU
14:17:00,Saturday,JANE STATION,3,7,E,BD
14:59:00,Saturday,ST ANDREW STATION,15,20,N,YU
15:52:00,Saturday,EGLINTON STATION,4,9,N,YU
17:07:00,Saturday,ST GEORGE YUS STATION,5,10,N,YU
17:37:00,Saturday,ISLINGTON STATION,11,15,E,BD
17:59:00,Saturday,SUMMERHILL STATION,4,9,N,YU
18:08:00,Saturday,MUSEUM STATION,0,0,S,YU
18:17:00,Saturday,BLOOR STATION,3,8,N,YU
18:38:00,Saturday,DUPONT STATION,5,10,S,YU
19:02:00,Saturday,VAUGHAN MC STATION,5,10,N,YU
19:48:00,Saturday,KENNEDY BD STATION,0,0,W,BD
19:57:00,Saturday,ST ANDREW STATION,0,0,N,YU
20:01:00,Saturday,SHEPPARD STATION,0,0,S,YU
20:07:00,Saturday,ST CLAIR WEST STATION,0,0,N,YU
20:22:00,Saturday,RUNNYMEDE STATION,3,8,W,BD
21:10:00,Saturday,ST CLAIR WEST STATION,0,0,N,YU
21:33:00,Saturday,OSSINGTON STATION,17,22,E,BD
21:43:00,Saturday,CHESTER STATION,3,8,W,BD
21:45:00,Saturday,KEELE STATION,0,0,W,BD
21:58:00,Saturday,VICTORIA PARK STATION,12,18,W,BD
22:02:00,Saturday,KIPLING STATION,0,0,W,BD
22:10:00,Saturday,YONGE BD STATION,0,0,E,BD
23:16:00,Saturday,DUNDAS STATION,10,16,S,YU
23:25:00,Saturday,DAVISVILLE STATION,8,16,S,YU
23:51:00,Saturday,BROADVIEW STATION,3,9,W,BD
00:00:00,Saturday,LAWRENCE STATION,16,22,N,YU
01:17:00,Saturday,DUFFERIN STATION,0,0,W,BD
07:12:00,Sunday,MUSEUM STATION,0,0,E,BD
07:56:00,Sunday,VAUGHAN MC STATION,6,12,S,YU
08:04:00,Sunday,KEELE STATION,5,0,W,BD
08:08:00,Sunday,VAUGHAN MC STATION,6,12,S,YU
08:09:00,Sunday,KIPLING STATION,9,12,E,BD
08:20:00,Sunday,VAUGHAN MC STATION,6,12,S,YU
09:09:00,Sunday,DUNDAS STATION,0,0,S,YU
09:26:00,Sunday,ST CLAIR WEST STATION,9,0,S,YU
10:04:00,Sunday,YORK MILLS STATION,0,0,S,YU
10:40:00,Sunday,UNION STATION,0,0,N,YU
10:50:00,Sunday,DUNDAS STATION,0,0,N,YU
11:09:00,Sunday,WARDEN STATION,0,0,E,BD
11:27:00,Sunday,CHRISTIE STATION,0,0,E,BD
14:21:00,Sunday,ROSEDALE STATION,9,15,N,BD
14:31:00,Sunday,YONGE BD STATION,3,7,E,BD
14:37:00,Sunday,SHERBOURNE STATION,0,0,E,BD
14:54:00,Sunday,DAVISVILLE STATION,7,11,S,YU
15:02:00,Sunday,JANE STATION,3,7,W,BD
15:11:00,Sunday,SHEPPARD WEST STATION,4,8,N,YU
15:51:00,Sunday,BAY STATION,0,0,W,BD
16:27:00,Sunday,UNION TO KING STATIONS,3,7,N,YU
17:04:00,Sunday,FINCH STATION,0,0,N,YU
17:13:00,Sunday,SHEPPARD STATION,15,20,N,YU
17:48:00,Sunday,ST CLAIR STATION,6,11,S,YU
18:10:00,Sunday,ST ANDREW STATION,4,9,N,YU
18:48:00,Sunday,ROSEDALE STATION,0,0,N,YU
19:09:00,Sunday,CHESTER STATION,0,0,E,BD
20:58:00,Sunday,ROSEDALE STATION,4,10,N,YU
21:34:00,Sunday,ST CLAIR WEST STATION,6,10,N,YU
22:08:00,Sunday,CHRISTIE STATION,0,0,E,BD
22:09:00,Sunday,DUNDAS STATION,0,0,S,YU
22:17:00,Sunday,NORTH YORK CTR STATION,4,10,S,YU
23:00:00,Sunday,EGLINTON STATION,0,0,N,YU
23:37:00,Sunday,KENNEDY BD STATION,0,0,W,BD
01:10:00,Sunday,ROYAL YORK STATION,3,9,E,BD
08:06:00,Sunday,DON MILLS STATION,4,0,W,SHP
08:13:00,Sunday,SHEPPARD-YONGE STATION,0,0,E,SHP
09:41:00,Sunday,LESLIE STATION,5,12,W,SHP
05:49:00,Monday,EGLINTON STATION,5,10,N,YU
06:02:00,Monday,UNION TO KING STATIONS,8,0,S,YU
06:06:00,Monday,QUEEN'S PARK STATION,7,0,N,YU
06:15:00,Monday,JANE STATION,0,0,W,BD
06:42:00,Monday,KENNEDY BD STATION,3,5,E,BD
07:30:00,Monday,DAVISVILLE STATION,0,0,S,YU
07:35:00,Monday,GLENCAIRN STATION,22,24,S,YU
07:59:00,Monday,ST GEORGE YUS STATION,0,0,S,YU
07:59:00,Monday,ST ANDREW STATION,0,0,S,YU
08:11:00,Monday,YORK MILLS STATION,8,10,S,YU
08:28:00,Monday,WELLESLEY STATION,7,9,N,YU
08:31:00,Monday,BATHURST STATION,0,0,E,BD
08:46:00,Monday,SHEPPARD WEST STATION,3,5,S,YU
08:46:00,Monday,BLOOR STATION,0,0,N,YU
09:13:00,Monday,KIPLING STATION,8,10,E,BD
09:21:00,Monday,DUPONT STATION,7,10,S,YU
09:32:00,Monday,DUPONT STATION,0,0,N,YU
09:50:00,Monday,FINCH STATION,3,6,S,YU
12:00:00,Monday,ST GEORGE BD STATION,4,8,W,BD
13:00:00,Monday,WOODBINE STATION,0,0,W,BD
13:20:00,Monday,DONLANDS STATION,0,0,W,BD
13:26:00,Monday,BLOOR STATION,4,9,S,YU
13:32:00,Monday,BLOOR STATION,0,0,N,YU
13:46:00,Monday,PAPE STATION,0,0,W,BD
14:02:00,Monday,BATHURST STATION,4,8,E,BD
14:34:00,Monday,COXWELL STATION,14,18,E,BD
14:50:00,Monday,KIPLING STATION,3,7,E,BD
15:56:00,Monday,OSSINGTON STATION,12,15,W,BD
16:04:00,Monday,BLOOR STATION,3,6,N,YU
16:34:00,Monday,KIPLING STATION,3,6,E,BD
16:49:00,Monday,SHERBOURNE STATION,3,6,E,BD
17:01:00,Monday,COLLEGE STATION,0,0,S,YU
17:11:00,Monday,JANE STATION,0,0,W,BD
17:14:00,Monday,KIPLING STATION,0,0,W,BD
17:15:00,Monday,GREENWOOD STATION,11,14,E,BD
18:19:00,Monday,SPADINA BD STATION,0,0,E,BD
18:31:00,Monday,ISLINGTON STATION,0,0,W,BD
18:40:00,Monday,OSSINGTON STATION,19,22,E,BD
20:57:00,Monday,KENNEDY BD STATION,43,48,E,BD
21:51:00,Monday,OLD MILL STATION,3,8,W,BD
23:37:00,Monday,ST GEORGE YUS STATION,14,19,S,YU
00:42:00,Monday,VAUGHAN MC STATION,5,10,S,YU
01:03:00,Monday,LAWRENCE WEST CENTER T,0,0,N,YU
04:57:00,Tuesday,DUPONT STATION,0,0,N,YU
05:27:00,Tuesday,CHRISTIE STATION,0,0,W,BD
05:58:00,Tuesday,GREENWOOD STATION,0,0,E,BD
06:14:00,Tuesday,KIPLING STATION,0,0,E,BD
06:55:00,Tuesday,SHEPPARD WEST STATION,9,11,N,YU
07:00:00,Tuesday,JANE STATION,5,7,W,BD
08:24:00,Tuesday,YONGE BD STATION,6,8,E,BD
08:41:00,Tuesday,JANE STATION,0,0,W,BD
08:44:00,Tuesday,HIGH PARK STATION,3,5,W,BD
08:52:00,Tuesday,YORK MILLS STATION,13,16,N,YU
09:00:00,Tuesday,SHEPPARD STATION,4,7,S,YU
09:23:00,Tuesday,ROYAL YORK STATION,0,0,W,BD
09:39:00,Tuesday,QUEEN'S PARK STATION,5,8,S,YU
09:52:00,Tuesday,BLOOR STATION,6,8,S,YU
10:09:00,Tuesday,SHEPPARD STATION,3,8,N,YU
10:41:00,Tuesday,ISLINGTON STATION,8,12,E,BD
10:44:00,Tuesday,QUEEN STATION,0,0,S,YU
11:21:00,Tuesday,DUFFERIN STATION,11,15,W,BD
11:43:00,Tuesday,COXWELL STATION,0,0,E,BD
11:50:00,Tuesday,COXWELL STATION,0,0,W,BD
11:58:00,Tuesday,RUNNYMEDE STATION,4,8,W,BD
12:18:00,Tuesday,CHRISTIE STATION,16,20,E,BD
12:29:00,Tuesday,QUEEN'S PARK STATION,3,8,S,YU
12:34:00,Tuesday,LAWRENCE WEST STATION,0,0,N,YU
12:37:00,Tuesday,OSSINGTON STATION,4,8,E,BD
12:55:00,Tuesday,SHEPPARD WEST STATION,4,8,N,YU
14:07:00,Tuesday,SPADINA YUS STATION,4,9,S,YU
14:22:00,Tuesday,BLOOR STATION,5,10,N,YU
15:56:00,Tuesday,DUNDAS WEST STATION,0,0,W,BD
16:00:00,Tuesday,NORTH YORK CTR STATION,6,10,N,YU
17:18:00,Tuesday,FINCH STATION,0,0,S,YU
17:26:00,Tuesday,EGLINTON STATION,126,131,N,YU
17:40:00,Tuesday,DUNDAS STATION,0,0,S,YU
17:58:00,Tuesday,BLOOR STATION,0,0,N,YU
18:05:00,Tuesday,WARDEN STATION,6,9,W,BD
18:09:00,Tuesday,COXWELL STATION,0,0,W,BD
18:56:00,Tuesday,ROSEDALE STATION,0,0,N,YU
19:34:00,Tuesday,DAVISVILLE BUILD UP,0,0,N,YU
19:59:00,Tuesday,FINCH STATION,5,10,N,YU
22:04:00,Tuesday,QUEEN STATION,13,18,S,YU
22:52:00,Tuesday,WOODBINE STATION,3,8,W,BD
23:34:00,Tuesday,DUNDAS WEST STATION,3,8,E,BD
23:36:00,Tuesday,SPADINA YUS STATION,10,16,S,YU
00:02:00,Tuesday,ISLINGTON STATION,0,0,W,BD
00:02:00,Tuesday,KING STATION,76,81,S,YU
00:20:00,Tuesday,KING STATION,5,11,S,YU
01:37:00,Tuesday,CHESTER STATION,8,13,W,BD
09:54:00,Tuesday,DON MILLS STATION,4,11,W,SHP
13:43:00,Tuesday,DON MILLS STATION,0,0,W,SHP
13:43:00,Tuesday,SHEPPARD-YONGE STATION,0,0,E,SHP
19:48:00,Tuesday,BAYVIEW STATION,0,0,E,SHP
02:11:00,Wednesday,QUEEN'S PARK STATION,0,0,S,YU
05:24:00,Wednesday,OSSINGTON STATION,0,0,W,BD
05:27:00,Wednesday,LANSDOWNE STATION,0,0,W,BD
05:51:00,Wednesday,KENNEDY BD STATION,5,10,W,BD
05:58:00,Wednesday,DAVISVILLE STATION,0,0,N,YU
06:01:00,Wednesday,MAIN STREET STATION,0,0,E,BD
06:04:00,Wednesday,EGLINTON STATION,5,10,N,YU
06:10:00,Wednesday,KIPLING STATION,0,0,E,BD
06:15:00,Wednesday,ST GEORGE BD STATION,0,0,W,BD
06:44:00,Wednesday,KIPLING STATION,0,0,E,BD
06:53:00,Wednesday,BROADVIEW STATION,11,13,E,BD
07:26:00,Wednesday,SUMMERHILL STATION,5,7,N,YU
08:30:00,Wednesday,SPADINA YUS STATION,3,5,N,YU
08:32:00,Wednesday,KEELE STATION,0,0,E,BD
08:42:00,Wednesday,DUNDAS STATION,0,0,S,YU
09:16:00,Wednesday,WELLESLEY STATION,0,0,S,YU
10:57:00,Wednesday,KENNEDY BD STATION,4,8,W,BD
11:49:00,Wednesday,KENNEDY BD STATION,0,0,W,BD
12:03:00,Wednesday,QUEEN STATION,0,0,N,YU
12:46:00,Wednesday,YORK UNIVERSITY STATIO,0,0,S,YU
13:14:00,Wednesday,WOODBINE STATION,3,7,E,BD
13:21:00,Wednesday,SHEPPARD STATION,0,0,N,YU
14:37:00,Wednesday,OLD MILL STATION,5,9,E,BD
15:10:00,Wednesday,COXWELL STATION,5,9,E,BD
15:14:00,Wednesday,ST CLAIR WEST STATION,0,0,S,YU
15:22:00,Wednesday,WELLESLEY STATION,3,7,S,YU
15:40:00,Wednesday,WOODBINE STATION,19,23,E,BD
16:17:00,Wednesday,EGLINTON STATION,0,0,S,YU
16:41:00,Wednesday,COXWELL STATION,5,8,E,BD
17:47:00,Wednesday,GLENCAIRN STATION,3,5,N,YU
17:47:00,Wednesday,BLOOR STATION,10,13,N,YU
17:53:00,Wednesday,DUFFERIN STATION,8,11,W,BD
18:23:00,Wednesday,SHEPPARD STATION,9,12,N,YU
18:24:00,Wednesday,LAWRENCE STATION,4,7,S,YU
18:49:00,Wednesday,DONLANDS STATION,6,11,E,BD
19:12:00,Wednesday,JANE STATION,3,6,E,BD
19:23:00,Wednesday,SHEPPARD WEST STATION,0,0,N,YU
19:34:00,Wednesday,ST PATRICK STATION,38,43,S,YU
19:34:00,Wednesday,ROYAL YORK STATION,6,11,E,BD
19:42:00,Wednesday,BLOOR STATION,3,5,S,YU
19:49:00,Wednesday,LAWRENCE WEST STATION,0,0,S,YU
19:56:00,Wednesday,DUFFERIN STATION,3,7,W,BD
20:09:00,Wednesday,ST GEORGE BD STATION,0,0,W,BD
20:14:00,Wednesday,SHEPPARD WEST STATION,3,8,S,YU
20:15:00,Wednesday,KENNEDY BD STATION,20,27,E,BD
21:17:00,Wednesday,MAIN STREET STATION,10,15,E,BD
21:17:00,Wednesday,BAY STATION,0,0,E,BD
21:58:00,Wednesday,OSGOODE STATION,4,9,S,YU
22:47:00,Wednesday,BLOOR STATION,0,0,E,YU
00:02:00,Wednesday,ST CLAIR WEST STATION,7,15,N,YU
00:14:00,Wednesday,MAIN STREET STATION,0,0,E,BD
01:12:00,Wednesday,KEELE STATION,0,0,W,BD
01:44:00,Wednesday,ST CLAIR STATION,0,0,S,YU
13:25:00,Wednesday,SHEPPARD-YONGE STATION,3,10,E,SHP
05:04:00,Thursday,ST CLAIR WEST STATION,0,0,S,YU
05:36:00,Thursday,CHRISTIE STATION,0,0,W,BD
05:40:00,Thursday,KENNEDY BD STATION,5,10,W,BD
05:40:00,Thursday,CHRISTIE STATION,0,0,W,BD
05:52:00,Thursday,MAIN STREET STATION,0,0,E,BD
05:54:00,Thursday,CASTLE FRANK STATION,0,0,W,BD
05:54:00,Thursday,KIPLING STATION,4,8,E,BD
06:02:00,Thursday,CASTLE FRANK STATION,4,9,W,BD
06:07:00,Thursday,CASTLE FRANK STATION,0,0,W,BD
06:14:00,Thursday,ISLINGTON STATION,0,0,E,BD
06:17:00,Thursday,CASTLE FRANK STATION,109,114,E,BD
07:18:00,Thursday,JANE STATION,0,0,W,BD
07:31:00,Thursday,COLLEGE STATION,12,14,S,YU
07:44:00,Thursday,ST CLAIR STATION,5,7,S,YU
07:48:00,Thursday,BLOOR STATION,3,5,S,YU
08:13:00,Thursday,GLENCAIRN STATION,3,5,S,YU
08:16:00,Thursday,BLOOR STATION,0,0,S,YU
08:22:00,Thursday,LAWRENCE STATION,4,7,N,YU
08:22:00,Thursday,VAUGHAN MC STATION,0,0,S,YU
08:35:00,Thursday,LAWRENCE WEST STATION,0,0,S,YU
08:38:00,Thursday,YONGE BD STATION,9,11,W,BD
08:47:00,Thursday,YONGE BD STATION,3,5,W,BD
09:05:00,Thursday,YONGE BD STATION,0,0,W,BD
09:16:00,Thursday,DAVISVILLE STATION,4,7,N,YU
09:45:00,Thursday,YONGE BD STATION,0,0,W,BD
09:48:00,Thursday,MAIN STREET STATION,0,0,E,BD
10:10:00,Thursday,ISLINGTON STATION,0,0,E,BD
10:17:00,Thursday,EGLINTON STATION,3,6,S,YU
10:30:00,Thursday,SPADINA BD STATION,0,0,E,BD
10:31:00,Thursday,DAVISVILLE STATION,0,0,N,YU
11:05:00,Thursday,LAWRENCE STATION,5,10,N,YU
13:04:00,Thursday,YORK MILLS STATION,8,13,N,YU
13:05:00,Thursday,VICTORIA PARK STATION,11,15,W,BD
13:23:00,Thursday,ST GEORGE YUS STATION,5,10,S,YU
13:37:00,Thursday,BLOOR STATION,0,0,N,YU
13:59:00,Thursday,DUNDAS STATION,0,0,S,YU
14:05:00,Thursday,ST GEORGE BD STATION,0,0,W,BD
15:19:00,Thursday,GREENWOOD STATION,0,0,W,BD
16:37:00,Thursday,COLLEGE STATION,10,15,N,YU
17:02:00,Thursday,YONGE BD STATION,3,6,W,BD
17:23:00,Thursday,DUNDAS STATION,0,0,S,YU
18:03:00,Thursday,QUEEN'S PARK STATION,0,0,N,YU
18:22:00,Thursday,QUEEN'S PARK STATION,4,7,N,YU
18:53:00,Thursday,LAWRENCE STATION,5,8,N,YU
19:02:00,Thursday,VAUGHAN MC STATION,5,10,S,YU
19:44:00,Thursday,HIGH PARK STATION,4,9,E,BD
22:40:00,Thursday,KEELE STATION,0,0,W,BD
22:51:00,Thursday,ST PATRICK STATION,11,16,S,YU
23:29:00,Thursday,BLOOR STATION,0,0,N,YU
23:58:00,Thursday,ST GEORGE YUS STATION,5,10,N,YU
05:21:00,Friday,LANSDOWNE STATION,0,0,W,BD
05:46:00,Friday,EGLINTON STATION,7,12,S,YU
05:46:00,Friday,KENNEDY BD STATION,0,0,W,BD
06:09:00,Friday,CHRISTIE STATION,9,11,W,BD
06:24:00,Friday,DONLANDS STATION,0,0,E,BD
06:27:00,Friday,EGLINTON WEST STATION,0,0,S,YU
06:58:00,Friday,RUNNYMEDE STATION,5,7,E,BD
06:58:00,Friday,RUNNYMEDE STATION,4,7,E,BD
07:09:00,Friday,CHRISTIE STATION,0,0,E,BD
07:26:00,Friday,GLENCAIRN STATION,21,24,N,YU
07:58:00,Friday,LAWRENCE WEST STATION,4,7,N,YU
08:16:00,Friday,WARDEN STATION,0,0,E,BD
09:11:00,Friday,SPADINA YUS STATION,0,0,N,YU
09:22:00,Friday,KENNEDY BD STATION,3,6,W,BD
10:16:00,Friday,HIGHWAY 407 STATION,0,0,S,YU
10:20:00,Friday,FINCH WEST STATION,8,13,N,YU
10:32:00,Friday,PIONEER VILLAGE STATIO,6,11,N,YU
10:38:00,Friday,BLOOR STATION,6,10,N,YU
10:50:00,Friday,YONGE BD STATION,7,11,W,BD
10:57:00,Friday,BLOOR STATION,6,11,N,YU
11:01:00,Friday,WARDEN STATION,7,11,W,BD
11:05:00,Friday,SHEPPARD WEST STATION,0,0,S,YU
11:55:00,Friday,CHRISTIE STATION,5,9,E,BD
12:23:00,Friday,CHESTER STATION,0,0,E,BD
13:31:00,Friday,QUEEN STATION,4,9,N,YU
13:55:00,Friday,KEELE STATION,4,8,E,BD
14:17:00,Friday,QUEEN STATION,0,0,N,YU
16:10:00,Friday,YONGE BD STATION,0,0,E,BD
16:14:00,Friday,YONGE BD STATION,0,0,E,BD
17:21:00,Friday,COXWELL STATION,3,6,W,BD
18:01:00,Friday,KIPLING STATION,0,0,W,BD
20:23:00,Friday,GLENCAIRN STATION,0,0,S,YU
20:29:00,Friday,BROADVIEW STATION,69,74,W,BD
20:38:00,Friday,CHRISTIE STATION,0,0,W,BD
20:40:00,Friday,ST GEORGE BD STATION,4,9,E,BD
21:30:00,Friday,ST GEORGE BD STATION,0,0,W,BD
21:55:00,Friday,BLOOR STATION,0,0,S,YU
23:47:00,Friday,DUNDAS STATION,0,0,N,YU
00:26:00,Friday,ST ANDREW STATION,5,11,S,YU
01:02:00,Friday,YONGE BD STATION,23,25,W,BD
01:04:00,Friday,BLOOR STATION,39,44,N,YU
01:18:00,Friday,YORKDALE STATION,0,0,N,YU
01:31:00,Friday,UNION TO ST ANDREW STA,5,11,S,YU
05:48:00,Saturday,PAPE STATION,0,0,B,BD
05:49:00,Saturday,YORK MILLS TO ST CLAIR,0,0,B,YU
05:49:00,Saturday,KIPLING STATION,0,0,E,BD
05:59:00,Saturday,KIPLING STATION,5,10,E,BD
10:30:00,Saturday,YONGE BD STATION,0,0,W,BD
11:14:00,Saturday,MAIN STREET STATION,3,7,W,BD
11:39:00,Saturday,SUMMERHILL STATION,7,13,N,YU
12:05:00,Saturday,KEELE STATION,0,0,W,BD
12:12:00,Saturday,DUNDAS WEST STATION,0,0,E,BD
13:53:00,Saturday,KIPLING STATION,4,8,E,BD
16:47:00,Saturday,DUPONT STATION,4,10,S,YU
17:43:00,Saturday,YORK MILLS STATION,0,0,S,YU
17:59:00,Saturday,OSGOODE STATION,6,12,S,YU
18:00:00,Saturday,CHRISTIE STATION,0,0,W,BD
18:47:00,Saturday,COXWELL TO KENNEDY,5,10,W,BD
19:05:00,Saturday,KIPLING STATION,0,0,W,BD
19:08:00,Saturday,YONGE BD STATION,0,0,E,BD
19:19:00,Saturday,SHERBOURNE STATION,3,8,W,BD
19:37:00,Saturday,BATHURST STATION,0,0,W,BD
19:53:00,Saturday,ST PATRICK STATION,16,22,N,YU
20:03:00,Saturday,SHEPPARD STATION,6,12,N,YU
20:05:00,Saturday,KIPLING STATION,0,0,W,BD
20:19:00,Saturday,YORK MILLS STATION,0,0,N,YU
20:25:00,Saturday,ST ANDREW STATION,0,0,S,YU
22:26:00,Saturday,BROADVIEW STATION,4,9,E,BD
22:44:00,Saturday,ISLINGTON STATION,0,0,E,BD
22:52:00,Saturday,PIONEER VILLAGE STATIO,0,0,N,YU
23:34:00,Saturday,MUSEUM STATION,0,0,S,YU
23:34:00,Saturday,ISLINGTON STATION,0,0,E,BD
23:47:00,Saturday,CHRISTIE STATION,0,0,W,BD
23:51:00,Saturday,DUFFERIN STATION,12,17,W,BD
01:47:00,Saturday,LAWRENCE WEST STATION,0,0,S,YU
01:57:00,Saturday,KENNEDY BD STATION,0,0,E,BD
01:59:00,Saturday,DUFFERIN STATION,0,0,E,BD
02:03:00,Saturday,SHEPPARD-YONGE STATION,0,0,W,SHP
20:29:00,Saturday,SHEPPARD-YONGE STATION,0,0,E,SHP
07:22:00,Sunday,ISLINGTON STATION,0,0,E,BD
07:41:00,Sunday,KEELE STATION,4,8,W,BD
08:00:00,Sunday,PAPE STATION,0,0,B,BD
08:04:00,Sunday,KIPLING STATION,0,0,E,BD
08:14:00,Sunday,BROADVIEW STATION,10,14,W,BD
08:22:00,Sunday,DAVISVILLE STATION,15,0,N,YU
08:22:00,Sunday,UNION STATION,4,0,N,YU
08:24:00,Sunday,SUMMERHILL STATION,0,0,S,YU
08:31:00,Sunday,ST PATRICK STATION,9,0,N,YU
08:42:00,Sunday,ISLINGTON STATION,0,0,E,BD
09:08:00,Sunday,ISLINGTON STATION,0,0,E,BD
09:52:00,Sunday,VAUGHAN MC STATION,0,0,S,YU
09:55:00,Sunday,HIGHWAY 407 STATION,5,9,S,YU
10:44:00,Sunday,ST CLAIR STATION,4,8,S,YU
10:46:00,Sunday,SHEPPARD WEST STATION,4,8,S,YU
11:24:00,Sunday,ROSEDALE STATION,4,8,S,YU
14:26:00,Sunday,FINCH WEST STATION,0,0,N,YU
15:09:00,Sunday,ST GEORGE BD STATION,5,9,W,BD
16:00:00,Sunday,ST CLAIR WEST STATION,3,7,S,YU
16:53:00,Sunday,ST PATRICK STATION,4,8,N,YU
18:06:00,Sunday,ST GEORGE BD STATION,5,10,W,BD
18:21:00,Sunday,NORTH YORK CTR STATION,0,0,N,YU
18:43:00,Sunday,COLLEGE STATION,6,11,S,YU
18:58:00,Sunday,YORKDALE STATION,0,0,N,YU
20:19:00,Sunday,LANSDOWNE STATION,0,0,E,BD
20:24:00,Sunday,ST GEORGE BD STATION,4,9,E,BD
21:13:00,Sunday,LAWRENCE WEST STATION,3,9,S,YU
22:26:00,Sunday,ST GEORGE YUS STATION,0,0,S,YU
23:01:00,Sunday,ST CLAIR STATION,0,0,S,YU
23:08:00,Sunday,VICTORIA PARK STATION,0,0,W,BD
00:06:00,Sunday,CHESTER STATION,0,0,W,BD
00:59:00,Sunday,FINCH WEST STATION,7,13,S,YU
02:02:00,Monday,EGLINTON WEST STATION,0,0,S,YU
05:28:00,Monday,DUFFERIN STATION,0,0,E,BD
05:38:00,Monday,YORK MILLS STATION,7,0,N,YU
06:11:00,Monday,DUPONT STATION,13,16,S,YU
06:15:00,Monday,GREENWOOD STATION,0,0,W,BD
06:24:00,Monday,EGLINTON STATION,9,13,S,YU
06:24:00,Monday,SPADINA YUS STATION,3,0,N,YU
06:25:00,Monday,SPADINA YUS STATION,4,7,S,YU
06:53:00,Monday,FINCH STATION,0,0,S,YU
06:57:00,Monday,GREENWOOD STATION,0,0,E,BD
06:57:00,Monday,NORTH YORK CTR STATION,3,6,S,YU
07:40:00,Monday,FINCH STATION,0,0,S,YU
07:42:00,Monday,NORTH YORK CTR STATION,3,6,S,YU
07:49:00,Monday,YONGE BD STATION,3,5,E,BD
07:51:00,Monday,YORK MILLS STATION,0,0,S,YU
07:53:00,Monday,CHESTER STATION,4,6,E,BD
08:07:00,Monday,KENNEDY BD STATION,3,5,E,BD
08:13:00,Monday,YONGE BD STATION,3,6,W,BD
09:46:00,Monday,PIONEER VILLAGE STATIO,0,0,S,YU
10:03:00,Monday,DUFFERIN STATION,0,0,E,BD
10:06:00,Monday,DAVISVILLE STATION,4,7,N,YU
10:11:00,Monday,DAVISVILLE STATION,0,0,N,YU
10:17:00,Monday,WOODBINE STATION,0,0,W,BD
11:46:00,Monday,DUFFERIN STATION,4,8,E,BD
12:10:00,Monday,WELLESLEY STATION,5,10,S,YU
12:12:00,Monday,SPADINA BD STATION,0,0,E,BD
12:44:00,Monday,UNION STATION,0,0,N,YU
13:07:00,Monday,CHRISTIE STATION,6,10,E,BD
13:09:00,Monday,VAUGHAN MC STATION,3,7,S,YU
13:16:00,Monday,HIGH PARK STATION,4,8,E,BD
13:29:00,Monday,ST PATRICK STATION,13,17,S,YU
15:10:00,Monday,WARDEN STATION,6,9,W,BD
16:29:00,Monday,QUEEN'S PARK STATION,3,7,N,YU
16:43:00,Monday,DUNDAS STATION,8,12,N,YU
17:00:00,Monday,ROSEDALE STATION,0,0,N,YU
17:07:00,Monday,ST CLAIR STATION,0,0,N,YU
17:16:00,Monday,ST CLAIR WEST STATION,0,0,S,YU
17:51:00,Monday,DUNDAS STATION,7,9,S,YU
18:05:00,Monday,SHEPPARD WEST STATION,3,5,N,YU
18:34:00,Monday,DUNDAS STATION,0,0,E,YU
19:54:00,Monday,MAIN STREET STATION,7,12,E,BD
20:08:00,Monday,ROSEDALE STATION,11,13,N,YU
20:25:00,Monday,PAPE STATION,17,22,E,BD
21:31:00,Monday,WELLESLEY STATION,0,0,S,YU
21:35:00,Monday,WARDEN STATION,0,0,W,BD
22:15:00,Monday,SPADINA BD STATION,3,8,E,BD
22:42:00,Monday,BLOOR STATION,14,19,S,YU
22:42:00,Monday,YONGE BD STATION,0,0,E,BD
23:37:00,Monday,VAUGHAN MC STATION,5,10,S,YU
23:46:00,Monday,DUNDAS STATION,0,0,S,YU
01:48:00,Monday,KIPLING STATION,0,0,W,BD
05:19:00,Tuesday,DUFFERIN STATION,0,0,W,BD
05:19:00,Tuesday,DUFFERIN STATION,0,0,W,BD
05:38:00,Tuesday,EGLINTON STATION,4,0,N,YU
05:55:00,Tuesday,GREENWOOD STATION,5,10,E,BD
06:28:00,Tuesday,WILSON STATION,9,0,N,YU
07:10:00,Tuesday,SPADINA BD STATION,4,6,W,BD
07:32:00,Tuesday,YORKDALE STATION,5,7,S,YU
07:39:00,Tuesday,LAWRENCE WEST STATION,4,6,S,YU
08:14:00,Tuesday,YORK MILLS STATION,4,6,N,YU
08:31:00,Tuesday,SHEPPARD STATION,4,6,S,YU
08:42:00,Tuesday,KENNEDY BD STATION,3,5,W,BD
08:56:00,Tuesday,KENNEDY BD STATION,3,5,W,BD
09:11:00,Tuesday,PIONEER VILLAGE STATIO,5,9,S,YU
10:17:00,Tuesday,UNION STATION,0,0,S,YU
10:23:00,Tuesday,KIPLING STATION,4,8,E,BD
10:35:00,Tuesday,JANE STATION,10,14,W,BD
10:49:00,Tuesday,KENNEDY BD STATION,4,8,W,BD
10:55:00,Tuesday,SUMMERHILL STATION,0,0,S,YU
12:06:00,Tuesday,SPADINA YUS STATION,6,11,S,YU
12:11:00,Tuesday,KEELE STATION,0,0,W,BD
12:35:00,Tuesday,YORK MILLS STATION,13,17,N,YU
13:37:00,Tuesday,WILSON STATION,7,11,S,YU
13:45:00,Tuesday,YORKDALE STATION,38,42,S,YU
13:53:00,Tuesday,ST CLAIR WEST STATION,0,0,N,YU
13:55:00,Tuesday,CHRISTIE STATION,0,0,E,BD
13:59:00,Tuesday,LAWRENCE STATION,3,7,S,YU
14:53:00,Tuesday,CHRISTIE STATION,0,0,E,BD
15:01:00,Tuesday,DAVISVILLE STATION,4,8,N,YU
15:14:00,Tuesday,DAVISVILLE STATION,27,30,N,YU
15:28:00,Tuesday,LAWRENCE WEST STATION,0,0,S,YU
16:08:00,Tuesday,YORK MILLS STATION,11,14,N,YU
16:16:00,Tuesday,ST GEORGE YUS STATION,0,0,S,YU
16:44:00,Tuesday,BROADVIEW STATION,3,6,E,BD
16:51:00,Tuesday,BLOOR STATION,0,0,N,YU
17:42:00,Tuesday,ST CLAIR WEST STATION,4,7,N,YU
17:52:00,Tuesday,DUPONT STATION,0,0,N,YU
19:07:00,Tuesday,WARDEN STATION,3,8,W,BD
20:46:00,Tuesday,OSSINGTON STATION,0,0,W,BD
21:14:00,Tuesday,YONGE BD STATION,4,9,E,BD
22:21:00,Tuesday,ST PATRICK STATION,0,0,N,YU
22:30:00,Tuesday,BATHURST STATION,0,0,E,BD
22:48:00,Tuesday,QUEEN'S PARK STATION,0,0,N,YU
23:10:00,Tuesday,OSGOODE STATION,0,0,N,YU
23:16:00,Tuesday,ST CLAIR WEST STATION,0,0,N,YU
23:45:00,Tuesday,PAPE STATION,5,10,E,BD
01:04:00,Tuesday,BLOOR STATION,3,9,N,YU
01:20:00,Tuesday,BATHURST STATION,0,0,E,BD
01:59:00,Tuesday,BLOOR STATION,0,0,N,YU
20:40:00,Tuesday,SHEPPARD-YONGE STATION,0,0,W,SHP
02:20:00,Wednesday,VICTORIA PARK STATION,0,0,E,BD
05:14:00,Wednesday,LANSDOWNE STATION,0,0,W,BD
05:46:00,Wednesday,FINCH STATION,4,8,S,YU
05:49:00,Wednesday,OLD MILL STATION,0,0,W,BD
06:07:00,Wednesday,KIPLING STATION,0,0,E,BD
06:11:00,Wednesday,VAUGHAN MC STATION,4,9,S,YU
06:17:00,Wednesday,BLOOR STATION,0,0,N,YU
06:20:00,Wednesday,GREENWOOD STATION,0,0,E,BD
06:36:00,Wednesday,NORTH YORK CTR STATION,4,7,S,YU
07:34:00,Wednesday,YONGE BD STATION,4,6,W,BD
09:29:00,Wednesday,QUEEN'S PARK STATION,0,0,N,YU
09:37:00,Wednesday,ST CLAIR STATION,3,7,N,YU
09:39:00,Wednesday,KIPLING STATION,0,0,E,BD
09:42:00,Wednesday,SPADINA BD STATION,0,0,E,BD
11:18:00,Wednesday,LAWRENCE STATION,3,8,S,YU
11:36:00,Wednesday,KIPLING STATION,4,8,E,BD
12:13:00,Wednesday,YORK MILLS STATION,0,0,S,YU
13:19:00,Wednesday,WELLESLEY STATION,6,11,N,YU
14:12:00,Wednesday,DUPONT STATION,5,9,S,YU
14:37:00,Wednesday,YORK MILLS STATION,4,8,N,YU
18:25:00,Wednesday,ROSEDALE STATION,14,16,N,YU
18:35:00,Wednesday,PAPE STATION,3,8,W,BD
18:43:00,Wednesday,BROADVIEW STATION,5,10,W,BD
18:52:00,Wednesday,ST CLAIR WEST STATION,13,16,N,YU
18:59:00,Wednesday,NORTH YORK CTR STATION,3,6,S,YU
19:16:00,Wednesday,OSSINGTON STATION,9,14,E,BD
19:19:00,Wednesday,DUPONT STATION,6,9,S,YU
20:21:00,Wednesday,ST GEORGE BD STATION,4,9,W,BD
20:32:00,Wednesday,UNION TO ST ANDREW,5,8,N,YU
20:34:00,Wednesday,ST PATRICK STATION,5,9,N,YU
20:46:00,Wednesday,BLOOR STATION,0,0,N,YU
20:54:00,Wednesday,KIPLING STATION,0,0,W,BD
20:55:00,Wednesday,ST GEORGE YUS STATION,4,9,N,YU
21:48:00,Wednesday,YONGE BD STATION,0,0,E,BD
22:15:00,Wednesday,ROYAL YORK STATION,5,10,E,BD
22:15:00,Wednesday,DAVISVILLE STATION,3,7,N,YU
22:46:00,Wednesday,PAPE STATION,5,10,E,BD
23:00:00,Wednesday,DUNDAS WEST STATION,0,0,W,BD
23:24:00,Wednesday,GREENWOOD STATION,25,30,E,BD
23:27:00,Wednesday,SHERBOURNE STATION,0,0,E,BD
23:45:00,Wednesday,RUNNYMEDE STATION,0,0,E,BD
00:19:00,Wednesday,WOODBINE STATION,0,0,W,BD
00:50:00,Wednesday,SHERBOURNE STATION,9,14,W,BD
00:55:00,Wednesday,ISLINGTON STATION,0,0,W,BD
01:09:00,Wednesday,DUFFERIN STATION,0,0,W,BD
01:51:00,Wednesday,ST GEORGE YUS STATION,9,14,S,YU
18:14:00,Wednesday,DON MILLS STATION,0,0,W,SHP
04:55:00,Thursday,MUSEUM STATION,0,0,N,YU
05:48:00,Thursday,BAY STATION,28,0,E,BD
06:21:00,Thursday,NORTH YORK CTR STATION,3,6,S,YU
06:38:00,Thursday,DAVISVILLE STATION,6,9,S,YU
07:43:00,Thursday,WARDEN STATION,0,0,W,BD
08:26:00,Thursday,ST CLAIR WEST STATION,4,6,S,YU
08:48:00,Thursday,DAVISVILLE BUILD UP,2,4,S,YU
09:17:00,Thursday,SPADINA BD STATION,5,8,E,BD
09:19:00,Thursday,FINCH WEST STATION,3,7,S,YU
09:21:00,Thursday,SPADINA YUS STATION,0,0,N,YU
09:34:00,Thursday,FINCH WEST STATION,4,8,S,YU
09:35:00,Thursday,BATHURST STATION,0,0,W,BD
10:03:00,Thursday,COXWELL STATION,0,0,W,BD
10:04:00,Thursday,SPADINA BD STATION,3,6,E,BD
10:25:00,Thursday,DUNDAS STATION,0,0,S,YU
11:53:00,Thursday,LAWRENCE WEST STATION,6,11,N,YU
12:01:00,Thursday,MAIN STREET STATION,5,9,E,BD
12:01:00,Thursday,WOODBINE STATION,0,0,E,BD
12:52:00,Thursday,ST CLAIR WEST STATION,0,0,S,YU
13:24:00,Thursday,KENNEDY BD STATION,15,19,E,BD
13:25:00,Thursday,SHEPPARD WEST STATION,0,0,N,YU
15:43:00,Thursday,CASTLE FRANK STATION,0,0,W,BD
16:24:00,Thursday,ST CLAIR WEST STATION,3,7,N,YU
17:00:00,Thursday,COXWELL STATION,3,6,E,BD
17:00:00,Thursday,ST GEORGE YUS STATION,0,0,S,YU
17:00:00,Thursday,VICTORIA PARK STATION,0,0,E,BD
17:50:00,Thursday,FINCH STATION,0,0,S,YU
17:56:00,Thursday,NORTH YORK CTR STATION,3,6,S,YU
18:31:00,Thursday,DUNDAS WEST STATION,3,6,W,BD
18:41:00,Thursday,DAVISVILLE STATION,6,9,S,YU
18:55:00,Thursday,ROSEDALE STATION,10,13,S,YU
19:03:00,Thursday,WELLESLEY STATION,0,0,N,YU
19:13:00,Thursday,UNION STATION,3,6,S,YU
19:54:00,Thursday,EGLINTON WEST STATION,0,0,S,YU
20:16:00,Thursday,OSSINGTON STATION,4,9,W,BD
21:10:00,Thursday,BATHURST STATION,6,12,E,BD
21:48:00,Thursday,ST CLAIR STATION,0,0,N,YU
22:58:00,Thursday,YORKDALE STATION,3,8,N,YU
23:09:00,Thursday,KIPLING STATION,0,0,E,BD
23:33:00,Thursday,DUFFERIN STATION,0,0,W,BD
00:05:00,Thursday,VICTORIA PARK STATION,5,10,W,BD
00:31:00,Thursday,SHEPPARD STATION,0,0,N,YU
01:31:00,Thursday,EGLINTON STATION,5,10,N,YU
19:47:00,Thursday,BAYVIEW STATION,3,10,W,SHP
23:32:00,Thursday,BAYVIEW STATION,0,0,W,SHP
06:12:00,Friday,YORK MILLS STATION,3,7,S,YU
06:41:00,Friday,DUFFERIN STATION,6,9,W,BD
08:19:00,Friday,ST ANDREW STATION,5,7,N,YU
08:25:00,Friday,UNION STATION,0,0,N,YU
08:31:00,Friday,SHERBOURNE STATION,8,12,W,BD
08:38:00,Friday,BLOOR STATION,0,0,S,YU
08:42:00,Friday,DAVISVILLE STATION,8,10,N,YU
09:02:00,Friday,ST GEORGE BD STATION,4,6,E,BD
10:30:00,Friday,RUNNYMEDE STATION,9,13,W,BD
10:47:00,Friday,ROYAL YORK STATION,3,7,W,BD
10:50:00,Friday,DUFFERIN STATION,0,0,E,BD
11:06:00,Friday,KIPLING STATION,0,0,W,BD
11:14:00,Friday,KING STATION,3,8,S,YU
12:04:00,Friday,SUMMERHILL STATION,0,0,S,YU
12:53:00,Friday,JANE STATION,0,0,W,BD
13:17:00,Friday,DAVISVILLE STATION,3,8,S,YU
13:46:00,Friday,CASTLE FRANK STATION,12,15,E,BD
13:52:00,Friday,QUEEN'S PARK STATION,3,7,S,YU
13:57:00,Friday,QUEEN'S PARK STATION,0,0,S,YU
14:03:00,Friday,UNION STATION,3,7,N,YU
14:06:00,Friday,YORKDALE STATION,20,24,S,YU
14:20:00,Friday,WILSON STATION,3,6,N,YU
14:25:00,Friday,ST PATRICK STATION,4,9,S,YU
15:38:00,Friday,WARDEN STATION,0,0,W,BD
15:39:00,Friday,ST GEORGE BD STATION,26,29,E,BD
15:41:00,Friday,GLENCAIRN STATION,0,0,N,YU
15:42:00,Friday,ROYAL YORK STATION,0,0,W,BD
17:25:00,Friday,YORK MILLS STATION,6,8,N,YU
17:36:00,Friday,EGLINTON STATION,3,6,S,YU
18:53:00,Friday,WELLESLEY STATION,3,7,S,YU
18:55:00,Friday,ST CLAIR STATION,7,9,S,YU
19:02:00,Friday,ROSEDALE STATION,24,27,S,YU
19:28:00,Friday,ROSEDALE STATION,0,0,S,YU
19:48:00,Friday,BLOOR STATION,0,0,S,YU
20:18:00,Friday,KENNEDY BD STATION,5,10,W,BD
21:31:00,Friday,DUNDAS STATION,0,0,N,YU
21:54:00,Friday,OSSINGTON STATION,0,0,W,BD
21:59:00,Friday,BLOOR STATION,0,0,N,YU
22:32:00,Friday,KIPLING STATION,0,0,W,BD
22:54:00,Friday,ST GEORGE BD STATION,4,9,W,BD
23:44:00,Friday,BLOOR STATION,0,0,N,YU
23:56:00,Friday,YORKDALE STATION,6,12,N,YU
23:59:00,Friday,ST GEORGE YUS STATION,3,9,N,YU
00:01:00,Friday,YORK MILLS STATION,5,10,S,YU
00:04:00,Friday,ST GEORGE BD STATION,0,0,E,BD
00:04:00,Friday,COLLEGE STATION,5,11,S,YU
00:18:00,Friday,FINCH STATION,5,11,S,YU
00:23:00,Friday,EGLINTON STATION,5,10,S,YU
00:35:00,Friday,COLLEGE STATION,0,0,N,YU
00:35:00,Friday,DAVISVILLE STATION,6,12,S,YU
00:47:00,Friday,ROYAL YORK STATION,10,15,E,BD
01:24:00,Friday,ST GEORGE BD STATION,9,14,W,BD
06:24:00,Friday,BAYVIEW STATION,0,0,W,SHP
05:55:00,Saturday,UNION TO KING STATIONS,4,0,N,YU
06:19:00,Saturday,GREENWOOD STATION,0,0,E,BD
06:34:00,Saturday,BLOOR STATION,8,14,N,YU
07:42:00,Saturday,BAY STATION,3,7,E,BD
07:49:00,Saturday,BLOOR STATION,3,9,N,YU
08:54:00,Saturday,JANE STATION,0,0,W,BD
09:35:00,Saturday,OLD MILL STATION,0,0,W,BD
10:57:00,Saturday,ST CLAIR WEST STATION,0,0,N,YU
11:29:00,Saturday,UNION TO KING STATIONS,7,11,N,YU
12:09:00,Saturday,WOODBINE STATION,0,0,W,BD
12:19:00,Saturday,YONGE BD STATION,0,0,W,BD
13:12:00,Saturday,KEELE STATION,0,0,W,BD
13:15:00,Saturday,COLLEGE STATION,3,8,S,YU
13:54:00,Saturday,WOODBINE STATION,0,0,E,BD
14:46:00,Saturday,RUNNYMEDE STATION,3,8,E,BD
15:02:00,Saturday,UNION STATION,0,0,N,YU
16:11:00,Saturday,SHEPPARD STATION,0,0,N,YU
16:35:00,Saturday,SHEPPARD WEST STATION,4,8,N,YU
16:35:00,Saturday,DUNDAS STATION,6,10,N,YU
17:00:00,Saturday,WOODBINE STATION,5,10,E,BD
17:17:00,Saturday,FINCH STATION,5,9,S,YU
17:59:00,Saturday,ST PATRICK STATION,0,0,S,YU
18:55:00,Saturday,ST GEORGE YUS STATION,7,11,N,YU
18:57:00,Saturday,KEELE STATION,6,12,E,BD
19:19:00,Saturday,KEELE STATION,0,0,E,BD
19:30:00,Saturday,SUMMERHILL STATION,3,7,S,YU
20:27:00,Saturday,COLLEGE STATION,7,11,N,YU
20:32:00,Saturday,DONLANDS STATION,0,0,W,BD
20:35:00,Saturday,OLD MILL STATION,0,0,W,BD
21:19:00,Saturday,RUNNYMEDE STATION,6,11,W,BD
21:36:00,Saturday,ROYAL YORK STATION,3,9,W,BD
00:17:00,Saturday,HIGH PARK STATION,0,0,E,BD
00:36:00,Saturday,ST CLAIR WEST STATION,3,9,N,YU
00:43:00,Saturday,BLOOR STATION,0,0,S,YU
01:11:00,Saturday,MUSEUM STATION,0,0,N,YU
01:18:00,Saturday,KIPLING STATION,3,8,E,BD
01:34:00,Saturday,ST CLAIR STATION,0,0,N,YU
16:01:00,Saturday,SHEPPARD-YONGE STATION,7,14,E,SHP
08:21:00,Sunday,DAVISVILLE STATION,12,0,N,YU
08:34:00,Sunday,JANE STATION,5,10,E,BD
08:52:00,Sunday,WILSON STATION,15,0,N,YU
08:55:00,Sunday,KIPLING STATION,4,8,E,BD
09:22:00,Sunday,DOWNSVIEW PARK STATION,3,7,S,YU
09:48:00,Sunday,WOODBINE STATION,0,0,W,BD
10:11:00,Sunday,UNION TO ST ANDREW STA,8,12,N,YU
10:36:00,Sunday,ST CLAIR WEST STATION,3,7,N,YU
10:52:00,Sunday,DAVISVILLE STATION,4,8,N,YU
10:56:00,Sunday,LAWRENCE WEST STATION,0,0,S,YU
12:06:00,Sunday,OSGOODE STATION,7,11,S,YU
12:30:00,Sunday,COLLEGE STATION,4,8,N,YU
12:42:00,Sunday,LANSDOWNE STATION,17,22,E,BD
12:56:00,Sunday,KEELE STATION,0,0,W,BD
14:12:00,Sunday,DUNDAS STATION,8,12,S,YU
15:08:00,Sunday,RUNNYMEDE STATION,0,0,W,BD
15:25:00,Sunday,BAY STATION,0,0,W,BD
15:53:00,Sunday,UNION STATION,0,0,N,YU
16:13:00,Sunday,KEELE STATION,0,0,W,BD
16:16:00,Sunday,PAPE STATION,16,21,W,BD
17:07:00,Sunday,COLLEGE STATION,0,0,N,YU
20:07:00,Sunday,BLOOR STATION,0,0,S,YU
20:09:00,Sunday,FINCH STATION,6,12,S,YU
20:58:00,Sunday,DUPONT STATION,6,12,N,YU
21:31:00,Sunday,EGLINTON STATION,0,0,N,YU
00:05:00,Sunday,ST CLAIR STATION,0,0,N,YU
01:05:00,Sunday,UNION STATION,4,10,N,YU
01:54:00,Sunday,DUNDAS STATION,0,0,N,YU
02:45:00,Monday,VAUGHAN MC STATION,0,0,S,YU
05:40:00,Monday,KENNEDY BD STATION,48,0,W,BD
05:44:00,Monday,FINCH STATION,5,10,S,YU
06:21:00,Monday,KENNEDY BD STATION,4,0,E,BD
06:23:00,Monday,KENNEDY BD STATION,0,0,E,BD
06:28:00,Monday,WILSON STATION,10,0,N,YU
07:36:00,Monday,WILSON STATION,7,9,S,YU
07:53:00,Monday,YORKDALE STATION,0,0,S,YU
08:01:00,Monday,KENNEDY BD STATION,0,0,E,BD
08:46:00,Monday,LAWRENCE STATION,0,0,N,YU
08:54:00,Monday,KENNEDY BD STATION,3,5,E,BD
09:10:00,Monday,LAWRENCE STATION,0,0,S,YU
09:31:00,Monday,DUPONT STATION,3,6,N,YU
09:38:00,Monday,OSGOODE STATION,3,2,N,YU
09:42:00,Monday,ST ANDREW STATION,3,6,N,YU
10:19:00,Monday,KENNEDY BD STATION,0,0,E,BD
10:28:00,Monday,UNION STATION,0,0,S,YU
10:42:00,Monday,SPADINA YUS STATION,0,0,S,YU
11:45:00,Monday,MAIN STREET STATION,11,15,W,BD
13:47:00,Monday,WILSON STATION,3,7,S,YU
13:49:00,Monday,DUNDAS STATION,4,9,S,YU
13:51:00,Monday,WELLESLEY STATION,17,21,N,YU
14:00:00,Monday,WOODBINE STATION,11,16,W,BD
14:10:00,Monday,WOODBINE STATION,3,7,E,BD
14:11:00,Monday,ROSEDALE STATION,59,63,S,YU
14:56:00,Monday,EGLINTON WEST STATION,0,0,S,YU
15:02:00,Monday,KENNEDY BD STATION,3,6,E,BD
15:32:00,Monday,DONLANDS STATION,0,0,W,BD
15:34:00,Monday,BLOOR STATION,10,14,N,YU
16:12:00,Monday,YORKDALE STATION,0,0,S,YU
16:26:00,Monday,DOWNSVIEW PARK STATION,3,7,S,YU
16:28:00,Monday,ST CLAIR WEST STATION,4,8,S,YU
17:06:00,Monday,VAUGHAN MC STATION,0,0,S,YU
17:24:00,Monday,COXWELL STATION,0,0,W,BD
17:42:00,Monday,MUSEUM STATION,5,7,S,YU
17:44:00,Monday,COLLEGE STATION,10,13,N,YU
18:19:00,Monday,KING STATION,0,0,N,YU
19:53:00,Monday,HIGHWAY 407 STATION,4,8,S,YU
21:54:00,Monday,ST GEORGE BD STATION,8,13,W,BD
22:01:00,Monday,COXWELL STATION,5,10,E,BD
22:01:00,Monday,DUNDAS STATION,0,0,N,YU
22:29:00,Monday,ST CLAIR WEST STATION,0,0,S,YU
22:48:00,Monday,DONLANDS STATION,4,9,W,BD
23:28:00,Monday,ROYAL YORK STATION,0,0,E,BD
23:39:00,Monday,LANSDOWNE STATION,10,15,W,BD
23:56:00,Monday,VICTORIA PARK STATION,0,0,E,BD
00:21:00,Monday,ST GEORGE BD STATION,0,0,E,BD
00:28:00,Monday,QUEEN'S PARK STATION,0,0,S,YU
01:27:00,Monday,OSSINGTON STATION,0,0,W,BD
01:34:00,Monday,SPADINA YUS STATION,30,36,S,YU
01:52:00,Monday,QUEEN'S PARK STATION,18,24,N,YU
08:32:00,Monday,BAYVIEW STATION,0,0,W,SHP
17:48:00,Monday,SHEPPARD-YONGE STATION,0,0,E,SHP
02:11:00,Tuesday,YONGE BD STATION,0,0,W,BD
05:59:00,Tuesday,KING STATION,4,0,S,YU
06:03:00,Tuesday,EGLINTON WEST STATION,4,0,S,YU
06:07:00,Tuesday,SPADINA YUS STATION,14,0,S,YU
06:14:00,Tuesday,SHEPPARD WEST STATION,3,7,N,YU
06:19:00,Tuesday,DOWNSVIEW PARK STATION,3,7,N,YU
06:22:00,Tuesday,SPADINA YUS STATION,9,0,N,YU
06:25:00,Tuesday,FINCH WEST STATION,8,12,N,YU
06:32:00,Tuesday,KENNEDY BD STATION,0,0,E,BD
07:11:00,Tuesday,BLOOR STATION,8,12,N,YU
07:38:00,Tuesday,ST GEORGE YUS STATION,0,0,N,YU
08:05:00,Tuesday,WILSON STATION,0,0,N,YU
08:11:00,Tuesday,VAUGHAN MC STATION,4,7,S,YU
08:43:00,Tuesday,QUEEN STATION,0,0,S,YU
08:45:00,Tuesday,DAVISVILLE STATION,3,5,S,YU
11:14:00,Tuesday,DUNDAS WEST STATION,0,0,W,BD
11:45:00,Tuesday,OSSINGTON STATION,0,0,W,BD
12:21:00,Tuesday,WOODBINE STATION,0,0,E,BD
12:22:00,Tuesday,OSGOODE STATION,6,11,N,YU
12:38:00,Tuesday,YONGE BD STATION,3,8,W,BD
12:58:00,Tuesday,OLD MILL STATION,23,27,E,BD
13:12:00,Tuesday,KEELE STATION,0,0,W,BD
13:15:00,Tuesday,ST CLAIR STATION,12,17,S,YU
13:21:00,Tuesday,KEELE STATION,0,0,W,BD
13:51:00,Tuesday,SHEPPARD STATION,5,9,S,YU
14:15:00,Tuesday,VICTORIA PARK STATION,4,8,W,BD
14:34:00,Tuesday,GLENCAIRN STATION,4,9,N,YU
14:50:00,Tuesday,KENNEDY BD STATION,4,8,W,BD
15:08:00,Tuesday,YORKDALE STATION,0,0,N,YU
15:58:00,Tuesday,KEELE STATION,3,8,W,BD
16:17:00,Tuesday,OSGOODE STATION,0,0,S,YU
16:38:00,Tuesday,BAY STATION,0,0,E,BD
16:41:00,Tuesday,SPADINA YUS STATION,4,9,S,YU
16:49:00,Tuesday,HIGHWAY 407 STATION,0,0,N,YU
16:54:00,Tuesday,SPADINA BD STATION,0,0,W,BD
17:00:00,Tuesday,SPADINA YUS STATION,0,0,S,YU
17:16:00,Tuesday,ST GEORGE BD STATION,6,9,W,BD
17:24:00,Tuesday,ST GEORGE YUS STATION,0,0,S,YU
17:26:00,Tuesday,BLOOR STATION,3,5,S,YU
17:43:00,Tuesday,ISLINGTON STATION,0,0,W,BD
17:47:00,Tuesday,DUNDAS STATION,0,0,S,YU
18:39:00,Tuesday,DOWNSVIEW PARK STATION,0,0,S,YU
20:01:00,Tuesday,DUNDAS WEST STATION,4,9,E,BD
21:07:00,Tuesday,WILSON STATION,0,0,N,YU
21:54:00,Tuesday,KENNEDY BD STATION,0,0,E,BD
23:04:00,Tuesday,GREENWOOD STATION,11,16,E,BD
23:56:00,Tuesday,DUNDAS STATION,0,0,N,YU
01:29:00,Tuesday,SHEPPARD WEST STATION,17,23,S,YU
05:34:00,Tuesday,BAYVIEW STATION,0,0,E,SHP
05:38:00,Tuesday,BESSARION STATION,3,0,E,SHP
12:45:00,Tuesday,LESLIE STATION,0,0,W,SHP
06:00:00,Wednesday,LAWRENCE WEST STATION,5,0,S,YU
07:03:00,Wednesday,MUSEUM STATION,0,0,N,YU
08:08:00,Wednesday,EGLINTON STATION,3,5,S,YU
08:30:00,Wednesday,WELLESLEY STATION,3,5,S,YU
08:47:00,Wednesday,MUSEUM STATION,0,0,S,YU
08:50:00,Wednesday,LANSDOWNE STATION,3,5,W,BD
08:55:00,Wednesday,EGLINTON WEST STATION,4,6,N,YU
09:36:00,Wednesday,WARDEN STATION,3,5,E,BD
09:40:00,Wednesday,EGLINTON STATION,0,0,S,YU
11:59:00,Wednesday,UNION STATION,0,0,S,YU
12:12:00,Wednesday,YORKDALE STATION,7,12,S,YU
12:22:00,Wednesday,SHEPPARD WEST STATION,3,8,N,YU
12:54:00,Wednesday,WARDEN STATION,16,20,E,BD
12:54:00,Wednesday,SPADINA BD STATION,33,37,E,BD
12:58:00,Wednesday,ROYAL YORK STATION,0,0,E,BD
13:13:00,Wednesday,WOODBINE STATION,0,0,W,BD
13:21:00,Wednesday,OSSINGTON STATION,0,0,W,BD
13:23:00,Wednesday,KIPLING STATION,4,8,E,BD
13:45:00,Wednesday,DUFFERIN STATION,0,0,W,BD
14:19:00,Wednesday,HIGHWAY 407 STATION,14,18,S,YU
17:03:00,Wednesday,ST ANDREW STATION,4,7,S,YU
17:05:00,Wednesday,PIONEER VILLAGE STATIO,3,5,S,YU
17:12:00,Wednesday,FINCH WEST STATION,3,5,S,YU
17:21:00,Wednesday,SHEPPARD WEST STATION,7,9,S,YU
17:28:00,Wednesday,QUEEN STATION,0,0,N,YU
18:18:00,Wednesday,ROSEDALE STATION,0,0,N,YU
18:30:00,Wednesday,ST CLAIR WEST STATION,4,7,N,YU
19:08:00,Wednesday,WELLESLEY STATION,4,7,N,YU
19:33:00,Wednesday,CHRISTIE STATION,0,0,E,BD
19:56:00,Wednesday,LAWRENCE STATION,5,10,N,YU
20:32:00,Wednesday,YORKDALE STATION,4,6,N,YU
20:40:00,Wednesday,EGLINTON WEST STATION,0,0,S,YU
21:15:00,Wednesday,ISLINGTON TO OLD MILL,15,20,E,BD
22:22:00,Wednesday,UNION STATION,29,34,S,YU
22:51:00,Wednesday,VAUGHAN MC STATION,5,10,S,YU
01:18:00,Wednesday,VICTORIA PARK STATION,0,0,W,BD
19:26:00,Wednesday,DON MILLS STATION,7,14,W,SHP
05:40:00,Thursday,KENNEDY BD STATION,5,0,W,BD
06:59:00,Thursday,BROADVIEW STATION,6,8,W,BD
07:16:00,Thursday,YONGE BD STATION,0,0,W,BD
07:28:00,Thursday,BLOOR STATION,4,7,S,YU
08:03:00,Thursday,DONLANDS STATION,0,0,W,BD
08:11:00,Thursday,WILSON STATION,3,5,S,YU
08:27:00,Thursday,YONGE BD STATION,0,0,E,BD
08:36:00,Thursday,OSSINGTON STATION,0,0,W,BD
08:42:00,Thursday,BROADVIEW STATION,0,0,E,BD
08:54:00,Thursday,KENNEDY BD STATION,3,5,W,BD
09:47:00,Thursday,SHERBOURNE STATION,5,9,W,BD
11:53:00,Thursday,DUPONT STATION,0,0,S,YU
12:41:00,Thursday,EGLINTON STATION,0,0,S,YU
12:48:00,Thursday,BLOOR STATION,0,0,N,YU
13:38:00,Thursday,EGLINTON STATION,0,0,S,YU
13:44:00,Thursday,YONGE BD STATION,4,8,W,BD
14:10:00,Thursday,WELLESLEY STATION,0,0,S,YU
14:57:00,Thursday,WOODBINE STATION,0,0,W,BD
14:59:00,Thursday,KIPLING STATION,0,0,W,BD
15:18:00,Thursday,BROADVIEW STATION,4,7,E,BD
16:16:00,Thursday,YONGE BD STATION,0,0,W,BD
16:42:00,Thursday,LANSDOWNE STATION,3,6,E,BD
16:51:00,Thursday,COXWELL STATION,3,6,W,BD
17:41:00,Thursday,UNION STATION,0,0,S,YU
18:45:00,Thursday,ROYAL YORK STATION,5,8,E,BD
18:48:00,Thursday,ISLINGTON STATION,5,8,E,BD
19:20:00,Thursday,DUNDAS STATION,0,0,N,YU
19:54:00,Thursday,BLOOR STATION,0,0,S,YU
20:01:00,Thursday,CHRISTIE STATION,3,8,W,BD
20:09:00,Thursday,QUEEN STATION,4,8,N,YU
20:29:00,Thursday,HIGH PARK STATION,3,8,W,BD
20:37:00,Thursday,NORTH YORK CTR STATION,0,0,S,YU
20:37:00,Thursday,ST CLAIR STATION,3,7,S,YU
20:42:00,Thursday,ROSEDALE STATION,0,0,N,YU
21:26:00,Thursday,ST CLAIR STATION,0,0,N,YU
21:59:00,Thursday,KIPLING STATION,5,10,E,BD
22:46:00,Thursday,BLOOR STATION,0,0,N,YU
23:58:00,Thursday,ST CLAIR WEST STATION,0,0,N,YU
00:06:00,Thursday,CASTLE FRANK STATION,18,23,W,BD
00:24:00,Thursday,ST GEORGE BD STATION,5,10,E,BD
00:31:00,Thursday,QUEEN'S PARK STATION,4,8,S,YU
00:59:00,Thursday,KIPLING STATION,5,10,E,BD
01:08:00,Thursday,ST ANDREW STATION,16,22,N,YU
01:12:00,Thursday,VICTORIA PARK STATION,5,10,E,BD
05:40:00,Friday,KIPLING STATION,6,0,E,BD
05:53:00,Friday,BLOOR STATION,5,0,S,YU
07:05:00,Friday,DONLANDS STATION,3,5,W,BD
07:08:00,Friday,DONLANDS STATION,3,5,W,BD
07:57:00,Friday,HIGHWAY 407 STATION,27,29,S,YU
08:07:00,Friday,RUNNYMEDE STATION,0,0,E,BD
08:12:00,Friday,KIPLING STATION,0,0,E,BD
08:29:00,Friday,KEELE STATION,0,0,W,BD
10:52:00,Friday,UNION STATION,3,8,N,YU
10:55:00,Friday,BATHURST STATION,0,0,E,BD
12:03:00,Friday,YORKDALE STATION,0,0,S,YU
12:09:00,Friday,DUFFERIN STATION,0,0,E,BD
13:45:00,Friday,WARDEN STATION,17,21,W,BD
14:13:00,Friday,DONLANDS STATION,0,0,W,BD
14:19:00,Friday,YORK MILLS STATION,3,8,S,YU
14:35:00,Friday,MAIN STREET STATION,3,7,E,BD
15:28:00,Friday,HIGHWAY 407 STATION,0,0,N,YU
15:30:00,Friday,WILSON STATION,9,13,N,YU
15:58:00,Friday,YONGE BD STATION,0,0,E,BD
16:01:00,Friday,LANSDOWNE STATION,0,0,E,BD
18:03:00,Friday,KIPLING STATION,0,0,E,BD
18:18:00,Friday,WARDEN STATION,13,16,E,BD
19:10:00,Friday,KIPLING STATION,5,10,E,BD
19:50:00,Friday,WARDEN STATION,0,0,W,BD
20:00:00,Friday,WOODBINE STATION,3,8,W,BD
20:10:00,Friday,HIGH PARK STATION,0,0,E,BD
20:10:00,Friday,SPADINA BD STATION,11,16,W,BD
20:22:00,Friday,YONGE BD STATION,3,8,E,BD
21:27:00,Friday,JANE STATION,0,0,W,BD
21:41:00,Friday,WARDEN STATION,0,0,W,BD
22:18:00,Friday,COLLEGE STATION,10,16,S,YU
22:24:00,Friday,BLOOR STATION,0,0,S,YU
22:28:00,Friday,COLLEGE STATION,3,8,S,YU
22:29:00,Friday,SHERBOURNE STATION,3,8,E,BD
22:49:00,Friday,ST GEORGE YUS STATION,0,0,N,YU
22:49:00,Friday,KEELE STATION,3,8,E,BD
22:59:00,Friday,BLOOR STATION,3,8,N,YU
23:32:00,Friday,VICTORIA PARK STATION,10,15,W,BD
23:44:00,Friday,SHEPPARD STATION,0,0,N,YU
00:15:00,Friday,WELLESLEY STATION,30,36,S,YU
00:17:00,Friday,WILSON STATION,0,0,S,YU
00:32:00,Friday,BROADVIEW STATION,8,13,E,BD
00:41:00,Friday,YONGE BD STATION,0,0,W,BD
00:41:00,Friday,BLOOR STATION,0,0,S,YU
00:44:00,Friday,OSSINGTON STATION,0,0,E,BD
01:28:00,Friday,HIGH PARK STATION,16,21,E,BD
01:42:00,Friday,MAIN STREET STATION,3,8,E,BD
01:45:00,Friday,MAIN STREET STATION,0,0,E,BD
05:48:00,Saturday,FINCH STATION,6,12,S,YU
06:10:00,Saturday,DAVISVILLE STATION,7,0,N,YU
06:29:00,Saturday,VAUGHAN MC STATION,0,0,S,YU
06:34:00,Saturday,WILSON STATION,14,0,N,YU
08:13:00,Saturday,FINCH STATION,0,0,S,YU
08:17:00,Saturday,NORTH YORK CTR STATION,4,8,S,YU
08:25:00,Saturday,SHERBOURNE STATION,5,10,E,BD
08:32:00,Saturday,PAPE STATION,5,10,E,BD
09:46:00,Saturday,VICTORIA PARK STATION,5,10,W,BD
11:18:00,Saturday,KIPLING STATION,0,0,E,BD
12:03:00,Saturday,KIPLING STATION,4,8,W,BD
12:50:00,Saturday,KENNEDY BD STATION,0,0,W,BD
13:13:00,Saturday,COXWELL STATION,0,0,E,BD
13:47:00,Saturday,ST GEORGE YUS STATION,4,8,N,YU
14:07:00,Saturday,LAWRENCE STATION,0,0,S,YU
14:15:00,Saturday,ST GEORGE YUS STATION,7,11,N,YU
14:29:00,Saturday,FINCH STATION,4,8,S,YU
14:37:00,Saturday,SPADINA BD STATION,9,13,E,BD
14:46:00,Saturday,CHESTER STATION,3,7,W,BD
15:24:00,Saturday,SHERBOURNE STATION,0,0,E,BD
16:51:00,Saturday,SHEPPARD STATION,24,28,S,YU
16:52:00,Saturday,DUFFERIN STATION,4,8,E,BD
16:54:00,Saturday,FINCH WEST STATION,7,11,N,YU
17:26:00,Saturday,DUNDAS STATION,5,9,N,YU
17:48:00,Saturday,ST GEORGE YUS STATION,4,8,N,YU
18:54:00,Saturday,YONGE BD STATION,11,16,E,BD
19:08:00,Saturday,QUEEN STATION,0,0,S,YU
19:18:00,Saturday,PAPE STATION,11,16,E,BD
19:45:00,Saturday,VICTORIA PARK STATION,6,11,W,BD
19:45:00,Saturday,DAVISVILLE STATION,0,0,N,YU
20:18:00,Saturday,KENNEDY BD STATION,5,10,E,BD
20:28:00,Saturday,DUNDAS STATION,0,0,N,YU
20:50:00,Saturday,BLOOR STATION,0,0,S,YU
21:02:00,Saturday,FINCH STATION,0,0,N,YU
21:29:00,Saturday,DUNDAS STATION,0,0,S,YU
21:30:00,Saturday,UNION STATION,6,11,N,YU
21:43:00,Saturday,EGLINTON STATION,0,0,N,YU
22:06:00,Saturday,SPADINA YUS STATION,0,0,N,YU
22:19:00,Saturday,ST GEORGE BD STATION,0,0,E,BD
22:21:00,Saturday,JANE STATION,8,14,W,BD
23:05:00,Saturday,DUNDAS STATION,6,11,N,YU
23:39:00,Saturday,DUNDAS WEST STATION,0,0,W,BD
00:29:00,Saturday,WOODBINE STATION,0,0,E,BD
01:15:00,Saturday,HIGHWAY 407 STATION,0,0,N,YU
05:52:00,Saturday,BESSARION STATION,7,0,E,SHP
09:43:00,Saturday,SHEPPARD-YONGE STATION,4,11,E,SHP
14:05:00,Saturday,BAYVIEW STATION,4,11,W,SHP
18:36:00,Saturday,DON MILLS STATION,0,0,W,SHP
18:39:00,Saturday,LESLIE STATION,0,0,W,SHP
02:05:00,Sunday,SPADINA YUS STATION,0,0,S,YU
06:23:00,Sunday,PAPE STATION,0,0,W,BD
06:25:00,Sunday,KEELE YARD,4,8,E,BD
06:34:00,Sunday,EGLINTON STATION,11,26,S,YU
07:18:00,Sunday,FINCH STATION,0,0,S,YU
08:27:00,Sunday,KIPLING STATION,4,8,E,BD
09:22:00,Sunday,WARDEN STATION,6,10,W,BD
09:52:00,Sunday,UNION STATION,3,9,N,YU
10:00:00,Sunday,KEELE STATION,0,0,W,BD
10:19:00,Sunday,BLOOR STATION,5,11,N,YU
10:36:00,Sunday,SHERBOURNE STATION,18,22,W,BD
10:42:00,Sunday,ST GEORGE BD STATION,0,0,E,BD
12:26:00,Sunday,ST GEORGE YUS STATION,3,7,N,YU
13:05:00,Sunday,MAIN STREET STATION,4,8,W,BD
13:12:00,Sunday,NORTH YORK CTR STATION,7,11,S,YU
13:43:00,Sunday,SUMMERHILL STATION,6,10,S,YU
13:47:00,Sunday,ST CLAIR STATION,8,12,S,YU
13:53:00,Sunday,FINCH STATION,4,8,S,YU
13:55:00,Sunday,ROSEDALE STATION,0,0,S,YU
14:02:00,Sunday,ST CLAIR WEST STATION,4,8,N,YU
14:04:00,Sunday,OLD MILL STATION,4,8,E,BD
14:17:00,Sunday,LANSDOWNE STATION,15,19,E,BD
14:22:00,Sunday,KENNEDY BD STATION,0,0,E,BD
15:25:00,Sunday,MUSEUM STATION,4,8,N,YU
16:57:00,Sunday,DUNDAS STATION,9,13,S,YU
17:16:00,Sunday,MUSEUM STATION,3,7,S,YU
18:15:00,Sunday,LAWRENCE STATION,4,8,N,YU
18:58:00,Sunday,LAWRENCE STATION,0,0,N,YU
19:01:00,Sunday,DONLANDS STATION,23,28,W,BD
19:30:00,Sunday,SHERBOURNE STATION,5,10,E,BD
20:02:00,Sunday,COLLEGE STATION,0,0,S,YU
20:43:00,Sunday,PAPE STATION,0,0,E,BD
21:15:00,Sunday,VAUGHAN MC STATION,0,0,S,YU
21:44:00,Sunday,WELLESLEY STATION,0,0,S,YU
22:00:00,Sunday,DUNDAS STATION,0,0,N,YU
22:42:00,Sunday,YORK MILLS STATION,0,0,S,YU
00:11:00,Sunday,UNION STATION,20,26,N,YU
00:12:00,Sunday,ST CLAIR WEST STATION,9,15,S,YU
00:38:00,Sunday,SHEPPARD STATION,0,0,N,YU
00:41:00,Sunday,JANE STATION,4,10,E,BD
08:14:00,Sunday,SHEPPARD-YONGE STATION,31,0,E,SHP
08:15:00,Sunday,SHEPPARD-YONGE STATION,7,14,E,SHP
12:15:00,Sunday,LESLIE STATION,8,15,W,SHP
17:33:00,Sunday,DON MILLS STATION,0,0,E,SHP
21:17:00,Sunday,LESLIE STATION,0,0,W,SHP
02:01:00,Monday,EGLINTON STATION,0,0,N,YU
06:40:00,Monday,WARDEN STATION,4,8,W,BD
06:48:00,Monday,YONGE BD STATION,0,0,E,BD
07:45:00,Monday,WILSON STATION,7,9,S,YU
07:56:00,Monday,BATHURST STATION,4,6,W,BD
08:06:00,Monday,PAPE STATION,3,5,W,BD
08:10:00,Monday,VAUGHAN MC STATION,3,6,S,YU
08:12:00,Monday,HIGHWAY 407 STATION,3,6,S,YU
08:53:00,Monday,COLLEGE STATION,3,5,S,YU
09:25:00,Monday,VAUGHAN MC STATION,0,0,S,YU
10:07:00,Monday,KENNEDY BD STATION,0,0,E,BD
10:14:00,Monday,VAUGHAN MC STATION,0,0,S,YU
10:17:00,Monday,EGLINTON WEST STATION,3,7,S,YU
10:24:00,Monday,ST CLAIR WEST STATION,3,7,S,YU
10:26:00,Monday,VICTORIA PARK STATION,0,0,W,BD
10:30:00,Monday,KENNEDY BD STATION,0,0,W,BD
11:04:00,Monday,BLOOR STATION,0,0,S,YU
11:32:00,Monday,DUNDAS WEST STATION,0,0,W,BD
11:33:00,Monday,QUEEN'S PARK STATION,0,0,N,YU
11:42:00,Monday,SUMMERHILL STATION,4,9,S,YU
12:15:00,Monday,KIPLING TO ROYAL YORK,0,0,B,BD
12:38:00,Monday,ST CLAIR WEST STATION,3,8,S,YU
13:19:00,Monday,COLLEGE STATION,0,0,N,YU
13:51:00,Monday,EGLINTON STATION,0,0,N,YU
14:12:00,Monday,WARDEN STATION,24,28,E,BD
15:07:00,Monday,MAIN STREET STATION,3,7,W,BD
16:06:00,Monday,BLOOR STATION,0,0,N,YU
16:06:00,Monday,KENNEDY BD STATION,3,6,W,BD
16:49:00,Monday,LAWRENCE WEST STATION,3,6,S,YU
16:55:00,Monday,GLENCAIRN STATION,4,7,S,YU
17:06:00,Monday,ST GEORGE YUS STATION,4,8,N,YU
17:37:00,Monday,LANSDOWNE STATION,3,6,E,BD
18:05:00,Monday,DAVISVILLE STATION,9,13,S,YU
18:34:00,Monday,YORK MILLS STATION,6,9,N,YU
18:53:00,Monday,ST CLAIR WEST STATION,0,0,S,YU
19:27:00,Monday,MAIN STREET STATION,0,0,W,BD
19:34:00,Monday,GREENWOOD STATION,3,8,W,BD
20:16:00,Monday,DUNDAS STATION,0,0,N,YU
21:01:00,Monday,WARDEN STATION,4,10,W,BD
21:18:00,Monday,BLOOR STATION,0,0,S,YU
21:54:00,Monday,UNION STATION,3,8,N,YU
22:18:00,Monday,YONGE UNIVERSITY LINE,0,0,S,YU
23:15:00,Monday,QUEEN STATION,0,0,S,YU
23:38:00,Monday,ISLINGTON STATION,5,11,E,BD
23:39:00,Monday,KEELE STATION,17,23,E,BD
23:52:00,Monday,YONGE BD STATION,0,0,E,BD
23:57:00,Monday,OSSINGTON STATION,0,0,E,BD
05:54:00,Tuesday,WELLESLEY STATION,4,0,S,YU
05:57:00,Tuesday,SHERBOURNE STATION,0,0,W,BD
06:06:00,Tuesday,EGLINTON STATION,9,12,N,YU
06:11:00,Tuesday,EGLINTON WEST STATION,14,18,S,YU
06:18:00,Tuesday,YORKDALE STATION,20,22,S,YU
07:00:00,Tuesday,ST CLAIR STATION,4,6,N,YU
07:08:00,Tuesday,DOWNSVIEW PARK STATION,3,5,S,YU
07:15:00,Tuesday,YORK MILLS STATION,6,9,N,YU
08:00:00,Tuesday,WARDEN STATION,0,0,W,BD
08:14:00,Tuesday,LAWRENCE WEST STATION,5,7,S,YU
08:14:00,Tuesday,ST CLAIR STATION,5,7,S,YU
08:21:00,Tuesday,LAWRENCE WEST STATION,3,5,S,YU
08:25:00,Tuesday,YORK MILLS STATION,12,14,N,YU
08:26:00,Tuesday,WARDEN STATION,3,5,W,BD
08:31:00,Tuesday,LAWRENCE WEST STATION,7,9,N,YU
08:34:00,Tuesday,KIPLING STATION,5,7,W,BD
08:36:00,Tuesday,KIPLING STATION,3,5,E,BD
08:40:00,Tuesday,GREENWOOD STATION,4,6,W,BD
08:41:00,Tuesday,LAWRENCE WEST STATION,10,12,N,YU
08:45:00,Tuesday,LAWRENCE WEST STATION,6,8,N,YU
09:08:00,Tuesday,FINCH STATION,3,6,S,YU
09:09:00,Tuesday,JANE STATION,0,0,W,BD
09:09:00,Tuesday,DUNDAS STATION,0,0,S,YU
10:01:00,Tuesday,DUNDAS STATION,0,0,S,YU
10:13:00,Tuesday,KIPLING STATION,0,0,W,BD
10:28:00,Tuesday,KIPLING STATION,0,0,W,BD
10:54:00,Tuesday,WOODBINE STATION,0,0,E,BD
12:48:00,Tuesday,SPADINA BD STATION,3,7,E,BD
12:53:00,Tuesday,GREENWOOD STATION,9,13,W,BD
14:17:00,Tuesday,KIPLING STATION,4,8,E,BD
14:41:00,Tuesday,PAPE STATION,18,22,W,BD
15:02:00,Tuesday,YORK MILLS STATION,7,11,N,YU
15:23:00,Tuesday,DUNDAS STATION,3,8,S,YU
15:59:00,Tuesday,DUNDAS STATION,0,0,N,YU
16:01:00,Tuesday,OSSINGTON STATION,0,0,E,BD
16:34:00,Tuesday,DUNDAS STATION,5,9,N,YU
17:00:00,Tuesday,YONGE BD STATION,5,8,E,BD
17:28:00,Tuesday,ST GEORGE BD STATION,3,6,E,BD
17:34:00,Tuesday,LAWRENCE STATION,7,10,N,YU
17:49:00,Tuesday,BLOOR STATION,0,0,S,YU
18:00:00,Tuesday,EGLINTON STATION,4,7,N,YU
18:15:00,Tuesday,BATHURST STATION,0,0,W,BD
18:16:00,Tuesday,JANE STATION,19,22,W,BD
19:07:00,Tuesday,BAY STATION,0,0,E,BD
19:21:00,Tuesday,CHESTER STATION,6,10,E,BD
20:11:00,Tuesday,KEELE STATION,0,0,E,BD
20:28:00,Tuesday,SUMMERHILL STATION,21,25,N,YU
20:45:00,Tuesday,EGLINTON STATION,4,8,S,YU
20:51:00,Tuesday,KEELE STATION,0,0,E,BD
21:10:00,Tuesday,DUFFERIN STATION,3,8,W,BD
21:24:00,Tuesday,YORK MILLS STATION,10,14,N,YU
21:24:00,Tuesday,MAIN STREET STATION,0,0,E,BD
21:47:00,Tuesday,FINCH STATION,0,0,S,YU
22:10:00,Tuesday,ST GEORGE BD STATION,3,8,E,BD
00:28:00,Tuesday,BLOOR STATION,3,9,N,YU
00:40:00,Tuesday,ST CLAIR WEST STATION,0,0,S,YU
00:57:00,Tuesday,COXWELL STATION,0,0,W,BD
01:10:00,Tuesday,DONLANDS STATION,0,0,W,BD
13:24:00,Tuesday,SHEPPARD-YONGE STATION,0,0,E,SHP
05:54:00,Wednesday,ST CLAIR STATION,4,0,S,YU
06:11:00,Wednesday,DAVISVILLE BUILD-UP,3,8,N,YU
07:06:00,Wednesday,KIPLING STATION,3,6,E,BD
07:19:00,Wednesday,FINCH STATION,3,6,S,YU
07:43:00,Wednesday,BLOOR STATION,0,0,N,YU
07:54:00,Wednesday,ST GEORGE BD STATION,0,0,E,BD
08:16:00,Wednesday,WARDEN STATION,0,0,W,BD
08:20:00,Wednesday,VICTORIA PARK STATION,3,6,W,BD
08:35:00,Wednesday,RUNNYMEDE STATION,3,5,W,BD
09:55:00,Wednesday,VICTORIA PARK STATION,0,0,E,BD
10:02:00,Wednesday,NORTH YORK CTR STATION,6,11,N,YU
11:30:00,Wednesday,JANE STATION,21,25,E,BD
11:39:00,Wednesday,WARDEN STATION,8,12,E,BD
12:30:00,Wednesday,ST GEORGE YUS STATION,6,11,N,YU
12:39:00,Wednesday,SPADINA YUS STATION,0,0,S,YU
13:14:00,Wednesday,YONGE BD STATION,0,0,E,BD
13:34:00,Wednesday,WARDEN STATION,0,0,W,BD
13:43:00,Wednesday,MUSEUM STATION,12,16,S,YU
13:44:00,Wednesday,ROYAL YORK STATION,3,7,E,BD
13:55:00,Wednesday,WARDEN STATION,0,0,E,BD
14:06:00,Wednesday,BROADVIEW STATION,0,0,E,BD
14:41:00,Wednesday,KIPLING STATION,3,7,E,BD
15:42:00,Wednesday,KIPLING STATION,0,0,W,BD
15:50:00,Wednesday,KIPLING STATION,3,6,W,BD
16:16:00,Wednesday,QUEEN STATION,0,0,S,YU
17:07:00,Wednesday,WILSON STATION,3,6,S,YU
17:45:00,Wednesday,WELLESLEY STATION,0,0,S,YU
17:53:00,Wednesday,YONGE BD STATION,0,0,E,BD
18:55:00,Wednesday,PAPE STATION,10,14,W,BD
19:09:00,Wednesday,PAPE STATION,0,0,W,BD
19:28:00,Wednesday,KEELE STATION,0,0,W,BD
19:29:00,Wednesday,WELLESLEY STATION,3,5,S,YU
20:25:00,Wednesday,ROYAL YORK STATION,0,0,E,BD
20:43:00,Wednesday,WOODBINE STATION,0,0,E,BD
20:50:00,Wednesday,RUNNYMEDE STATION,0,0,W,BD
20:56:00,Wednesday,COLLEGE STATION,9,14,N,YU
20:58:00,Wednesday,MAIN STREET STATION,0,0,E,BD
21:12:00,Wednesday,COLLEGE STATION,0,0,N,YU
21:13:00,Wednesday,UNION STATION,5,8,N,YU
21:13:00,Wednesday,DUNDAS STATION,0,0,S,YU
21:31:00,Wednesday,ROYAL YORK STATION,0,0,E,BD
21:43:00,Wednesday,KING STATION,6,10,N,YU
22:31:00,Wednesday,EGLINTON WEST STATION,5,11,N,YU
22:54:00,Wednesday,KENNEDY BD STATION,0,0,E,BD
23:33:00,Wednesday,ROSEDALE STATION,4,10,N,YU
23:43:00,Wednesday,DONLANDS STATION,3,8,E,BD
23:49:00,Wednesday,LAWRENCE STATION,0,0,N,YU
00:40:00,Wednesday,VICTORIA PARK STATION,5,10,W,BD
01:00:00,Wednesday,DUNDAS WEST STATION,0,0,W,BD
01:15:00,Wednesday,BLOOR STATION,0,0,S,YU
01:18:00,Wednesday,PAPE STATION,6,11,W,BD
01:32:00,Wednesday,FINCH STATION,0,0,N,YU
01:37:00,Wednesday,BATHURST STATION,0,0,W,BD
01:40:00,Wednesday,KIPLING STATION,6,11,E,BD
02:09:00,Thursday,DUNDAS WEST STATION,11,16,W,BD
03:26:00,Thursday,EGLINTON STATION,0,0,S,YU
04:29:00,Thursday,QUEEN STATION,0,0,S,YU
06:00:00,Thursday,SUMMERHILL STATION,3,0,S,YU
06:07:00,Thursday,OSGOODE STATION,3,5,N,YU
06:09:00,Thursday,VAUGHAN MC STATION,0,0,S,YU
06:13:00,Thursday,HIGHWAY 407 STATION,3,8,S,YU
06:19:00,Thursday,GREENWOOD STATION,6,8,E,BD
06:22:00,Thursday,GREENWOOD PORTAL,11,13,W,BD
08:13:00,Thursday,ROYAL YORK STATION,5,7,E,BD
08:21:00,Thursday,DONLANDS STATION,5,7,W,BD
10:46:00,Thursday,KENNEDY BD STATION,4,8,E,BD
11:14:00,Thursday,KIPLING STATION,4,8,W,BD
11:31:00,Thursday,ST PATRICK STATION,0,0,S,YU
11:53:00,Thursday,WOODBINE STATION,0,0,W,BD
12:01:00,Thursday,COXWELL STATION,12,16,E,BD
12:02:00,Thursday,ST PATRICK STATION,0,0,S,YU
12:05:00,Thursday,DAVISVILLE STATION,3,8,N,YU
13:01:00,Thursday,ST ANDREW STATION,0,0,N,YU
13:10:00,Thursday,ST ANDREW STATION,0,0,S,YU
13:43:00,Thursday,COXWELL STATION,4,8,W,BD
13:43:00,Thursday,GLENCAIRN STATION,24,28,S,YU
14:23:00,Thursday,NORTH YORK CTR STATION,6,10,N,YU
15:08:00,Thursday,KENNEDY BD STATION,4,8,E,BD
15:27:00,Thursday,ISLINGTON STATION,5,9,E,BD
15:58:00,Thursday,EGLINTON STATION,19,23,S,YU
16:28:00,Thursday,LAWRENCE WEST STATION,8,12,N,YU
16:35:00,Thursday,MUSEUM STATION,0,0,N,YU
16:37:00,Thursday,BLOOR STATION,0,0,N,YU
16:51:00,Thursday,SHEPPARD STATION,0,0,N,YU
17:10:00,Thursday,ROSEDALE STATION,3,5,N,YU
17:51:00,Thursday,WARDEN STATION,0,0,W,BD
17:54:00,Thursday,KIPLING STATION,0,0,E,BD
18:17:00,Thursday,DUNDAS WEST STATION,70,73,E,BD
18:23:00,Thursday,DOWNSVIEW PARK STATION,23,27,N,YU
18:27:00,Thursday,DAVISVILLE STATION,7,10,S,YU
18:50:00,Thursday,DUNDAS STATION,6,9,S,YU
19:00:00,Thursday,FINCH STATION,3,6,S,YU
19:16:00,Thursday,LAWRENCE WEST STATION,0,0,S,YU
19:23:00,Thursday,OSSINGTON STATION,5,9,E,BD
19:28:00,Thursday,DUNDAS WEST STATION,3,6,E,BD
20:40:00,Thursday,WOODBINE STATION,0,0,W,BD
20:54:00,Thursday,ST GEORGE BD STATION,5,10,W,BD
20:54:00,Thursday,YONGE BD STATION,0,0,E,BD
21:02:00,Thursday,WOODBINE STATION,0,0,E,BD
21:43:00,Thursday,BROADVIEW STATION,18,23,E,BD
22:37:00,Thursday,ST CLAIR WEST STATION,5,11,N,YU
22:59:00,Thursday,ST GEORGE YUS STATION,0,0,N,YU
23:59:00,Thursday,ST GEORGE YUS STATION,4,8,N,YU
01:27:00,Thursday,UNION STATION,0,0,S,YU
02:04:00,Friday,KIPLING STATION,0,0,W,BD
05:51:00,Friday,ROSEDALE STATION,3,0,S,YU
07:08:00,Friday,WILSON STATION,3,5,S,YU
08:31:00,Friday,BLOOR STATION,3,5,S,YU
08:58:00,Friday,SHEPPARD STATION,3,5,S,YU
09:55:00,Friday,PAPE STATION,8,12,E,BD
10:16:00,Friday,COXWELL STATION,0,0,W,BD
11:51:00,Friday,UNION STATION,4,8,S,YU
12:06:00,Friday,ST GEORGE YUS STATION,4,9,N,YU
12:14:00,Friday,KEELE STATION,0,0,W,BD
12:16:00,Friday,LAWRENCE WEST STATION,6,11,S,YU
12:27:00,Friday,ST CLAIR STATION,7,12,N,YU
13:32:00,Friday,SHEPPARD WEST STATION,8,13,S,YU
13:59:00,Friday,ISLINGTON STATION,0,0,E,BD
14:17:00,Friday,KENNEDY BD STATION,0,0,W,BD
14:27:00,Friday,BLOOR STATION,0,0,S,YU
15:05:00,Friday,QUEEN'S PARK STATION,4,7,N,YU
15:13:00,Friday,KING STATION,0,0,S,YU
15:20:00,Friday,WILSON STATION,7,11,S,YU
15:37:00,Friday,COXWELL STATION,3,7,E,BD
15:54:00,Friday,BLOOR STATION,0,0,N,YU
15:55:00,Friday,BROADVIEW STATION,8,11,W,BD
16:04:00,Friday,YORK MILLS STATION,0,0,N,YU
16:06:00,Friday,KEELE STATION,3,6,W,BD
16:09:00,Friday,SHEPPARD WEST STATION,3,7,S,YU
16:32:00,Friday,OSSINGTON STATION,0,0,W,BD
16:52:00,Friday,WELLESLEY STATION,15,17,S,YU
18:01:00,Friday,KENNEDY BD STATION,3,6,W,BD
18:16:00,Friday,HIGH PARK STATION,0,0,W,BD
19:06:00,Friday,BLOOR STATION,4,8,S,YU
20:03:00,Friday,CHESTER STATION,3,8,W,BD
20:09:00,Friday,YONGE BD STATION,0,0,E,BD
20:44:00,Friday,ST GEORGE BD STATION,6,11,E,BD
20:53:00,Friday,DUNDAS WEST STATION,4,9,W,BD
20:58:00,Friday,DUNDAS WEST STATION,0,0,W,BD
21:35:00,Friday,ST GEORGE BD STATION,7,12,E,BD
22:05:00,Friday,WARDEN STATION,0,0,E,BD
22:06:00,Friday,BLOOR STATION,8,14,S,YU
22:11:00,Friday,ST CLAIR STATION,0,0,S,YU
22:16:00,Friday,BROADVIEW STATION,0,0,E,BD
22:20:00,Friday,WOODBINE STATION,0,0,W,BD
22:53:00,Friday,BLOOR STATION,0,0,N,YU
23:00:00,Friday,SUMMERHILL STATION,18,24,S,YU
23:21:00,Friday,WELLESLEY STATION,0,0,S,YU
00:01:00,Friday,SHERBOURNE STATION,0,0,E,BD
00:03:00,Friday,EGLINTON STATION,0,0,N,YU
00:19:00,Friday,RUNNYMEDE STATION,0,0,W,BD
00:30:00,Friday,DUNDAS WEST STATION,5,10,W,BD
01:31:00,Friday,LAWRENCE STATION,6,12,N,YU
05:22:00,Saturday,OSSINGTON STATION,29,34,W,BD
07:00:00,Saturday,BROADVIEW STATION,5,10,E,BD
09:09:00,Saturday,DAVISVILLE STATION,3,9,N,YU
09:39:00,Saturday,DUNDAS STATION,5,9,S,YU
09:43:00,Saturday,YORKDALE STATION,3,9,N,YU
11:40:00,Saturday,BLOOR STATION,0,0,S,YU
12:47:00,Saturday,BLOOR STATION,0,0,N,YU
12:54:00,Saturday,EGLINTON WEST STATION,6,10,S,YU
13:47:00,Saturday,BATHURST STATION,9,14,W,BD
16:34:00,Saturday,MAIN STREET STATION,0,0,W,BD
16:43:00,Saturday,BLOOR STATION,3,7,S,YU
17:07:00,Saturday,ISLINGTON STATION,3,8,W,BD
17:24:00,Saturday,EGLINTON STATION,6,10,N,YU
17:54:00,Saturday,FINCH STATION,3,7,S,YU
18:20:00,Saturday,KIPLING STATION,0,0,W,BD
18:35:00,Saturday,LAWRENCE WEST STATION,3,8,S,YU
19:27:00,Saturday,COXWELL STATION,0,0,W,BD
19:30:00,Saturday,EGLINTON TO ST CLAIR S,0,0,B,YU
20:15:00,Saturday,MAIN STREET STATION,5,10,W,BD
20:23:00,Saturday,ST GEORGE BD STATION,6,11,E,BD
20:58:00,Saturday,KIPLING STATION,5,10,W,BD
22:00:00,Saturday,YONGE UNIVERSITY SPADI,0,0,B,YU/BD
22:31:00,Saturday,FINCH STATION,5,10,S,YU
22:40:00,Saturday,CHESTER STATION,0,0,E,BD
23:02:00,Saturday,ROSEDALE STATION,0,0,N,YU
23:50:00,Saturday,ST ANDREW STATION,12,18,S,YU
01:54:00,Saturday,SPADINA BD STATION,0,0,E,BD
08:10:00,Sunday,ST CLAIR STATION,5,0,S,YU
08:18:00,Sunday,LANSDOWNE STATION,0,0,W,BD
08:36:00,Sunday,SHEPPARD WEST STATION,0,0,N,YU
08:43:00,Sunday,DOWNSVIEW PARK STATION,6,12,N,YU
11:05:00,Sunday,YORK MILLS STATION,10,14,N,YU
11:41:00,Sunday,DUNDAS WEST STATION,10,15,W,BD
11:47:00,Sunday,FINCH STATION,0,0,S,YU
12:04:00,Sunday,MAIN STREET STATION,3,6,W,BD
12:59:00,Sunday,BLOOR STATION,0,0,S,YU
13:07:00,Sunday,BAY STATION,15,20,W,BD
13:07:00,Sunday,SUMMERHILL STATION,15,19,N,YU
13:24:00,Sunday,DUPONT STATION,11,15,S,YU
14:43:00,Sunday,KIPLING STATION,5,10,W,BD
16:17:00,Sunday,FINCH WEST STATION,76,80,S,YU
16:22:00,Sunday,DUFFERIN STATION,0,0,E,BD
16:28:00,Sunday,BROADVIEW STATION,7,12,E,BD
17:21:00,Sunday,OLD MILL STATION,0,0,W,BD
17:54:00,Sunday,SHEPPARD WEST STATION,4,10,S,YU
19:46:00,Sunday,VICTORIA PARK STATION,7,14,W,BD
22:52:00,Sunday,BATHURST STATION,0,0,E,BD
23:21:00,Sunday,BLOOR STATION,0,0,S,YU
23:53:00,Sunday,VICTORIA PARK STATION,0,0,W,BD
00:31:00,Sunday,ST GEORGE YUS STATION,16,22,S,YU
00:56:00,Sunday,ST GEORGE YUS STATION,0,0,N,YU
01:30:00,Sunday,SPADINA BD STATION,0,0,W,BD
05:45:00,Monday,KEELE STATION,3,6,W,BD
05:45:00,Monday,KEELE STATION,0,0,E,BD
05:50:00,Monday,EGLINTON STATION,4,0,N,YU
05:55:00,Monday,UNION STATION,9,0,N,YU
05:57:00,Monday,OSGOODE STATION,3,0,S,YU
06:09:00,Monday,UNION STATION,3,0,N,YU
07:22:00,Monday,SHERBOURNE STATION,0,0,E,BD
08:00:00,Monday,KEELE STATION,0,0,W,BD
08:03:00,Monday,SHEPPARD WEST STATION,4,10,N,YU
08:59:00,Monday,WOODBINE STATION,12,16,W,BD
10:07:00,Monday,ISLINGTON STATION,0,0,W,BD
11:03:00,Monday,ST GEORGE BD STATION,22,26,E,BD
12:22:00,Monday,KENNEDY BD STATION,4,8,W,BD
12:29:00,Monday,LAWRENCE STATION,21,25,S,YU
12:51:00,Monday,SPADINA YUS STATION,0,0,N,YU
13:04:00,Monday,BLOOR STATION,5,9,S,YU
13:43:00,Monday,ISLINGTON STATION,0,0,W,BD
14:00:00,Monday,HIGH PARK STATION,0,0,W,BD
14:33:00,Monday,SPADINA BD STATION,4,8,W,BD
14:34:00,Monday,WILSON STATION,7,11,S,YU
14:46:00,Monday,UNION STATION,3,7,S,YU
15:13:00,Monday,WILSON STATION,7,11,S,YU
15:25:00,Monday,FINCH STATION,11,15,S,YU
15:55:00,Monday,QUEEN STATION,0,0,N,YU
16:10:00,Monday,DUNDAS STATION,0,0,S,YU
16:31:00,Monday,ST GEORGE BD STATION,0,0,W,BD
16:43:00,Monday,SHEPPARD STATION,11,15,S,YU
17:04:00,Monday,FINCH STATION,3,7,S,YU
20:07:00,Monday,SPADINA BD STATION,0,0,E,BD
20:39:00,Monday,SHERBOURNE STATION,0,0,W,BD
21:09:00,Monday,HIGH PARK STATION,0,0,W,BD
21:57:00,Monday,ST CLAIR STATION,0,0,S,YU
22:17:00,Monday,BROADVIEW STATION,6,12,W,BD
23:24:00,Monday,WELLESLEY STATION,0,0,S,YU
23:24:00,Monday,GLENCAIRN STATION,0,0,S,YU
23:54:00,Monday,ST CLAIR STATION,0,0,N,YU
16:46:00,Monday,SHEPPARD-YONGE STATION,30,37,W,SHP
17:13:00,Monday,BAYVIEW STATION,8,15,E,SHP
05:43:00,Tuesday,NORTH YORK CTR STATION,0,0,S,YU
05:56:00,Tuesday,COLLEGE STATION,3,0,S,YU
05:56:00,Tuesday,DAVISVILLE STATION,5,10,N,YU
08:17:00,Tuesday,DAVISVILLE STATION,27,30,S,YU
08:21:00,Tuesday,KIPLING STATION,3,5,E,BD
08:49:00,Tuesday,EGLINTON STATION,3,5,S,YU
09:17:00,Tuesday,ST CLAIR STATION,4,7,S,YU
09:42:00,Tuesday,QUEEN'S PARK STATION,11,13,S,YU
10:28:00,Tuesday,OSGOODE STATION,6,8,N,YU
10:44:00,Tuesday,DUPONT STATION,6,11,N,YU
12:28:00,Tuesday,MAIN STREET STATION,5,9,E,BD
12:40:00,Tuesday,VICTORIA PARK STATION,0,0,W,BD
12:50:00,Tuesday,WOODBINE STATION,0,0,W,BD
13:13:00,Tuesday,DUPONT STATION,7,12,N,YU
13:20:00,Tuesday,OSSINGTON STATION,0,0,E,BD
14:20:00,Tuesday,RUNNYMEDE STATION,25,29,W,BD
14:42:00,Tuesday,WOODBINE STATION,0,0,E,BD
14:50:00,Tuesday,SHEPPARD STATION,5,10,N,YU
16:18:00,Tuesday,YORKDALE STATION,5,9,S,YU
16:43:00,Tuesday,ST ANDREW STATION,28,30,S,YU
16:53:00,Tuesday,CHRISTIE STATION,0,0,W,BD
16:53:00,Tuesday,DUNDAS STATION,0,0,S,YU
17:05:00,Tuesday,UNION STATION,4,6,N,YU
17:14:00,Tuesday,LANSDOWNE STATION,0,0,W,BD
17:36:00,Tuesday,LANSDOWNE STATION,34,37,E,BD
18:07:00,Tuesday,LANSDOWNE STATION,0,0,E,BD
19:02:00,Tuesday,DUNDAS STATION,0,0,N,YU
19:26:00,Tuesday,COXWELL STATION,4,8,W,BD
19:30:00,Tuesday,BLOOR STATION,0,0,N,YU
19:57:00,Tuesday,SHEPPARD STATION,0,0,N,YU
20:17:00,Tuesday,WOODBINE STATION,32,37,W,BD
20:31:00,Tuesday,YONGE BD STATION,3,8,E,BD
20:48:00,Tuesday,KIPLING STATION,0,0,W,BD
21:09:00,Tuesday,OSSINGTON STATION,4,9,W,BD
21:52:00,Tuesday,ST GEORGE YUS STATION,0,0,N,YU
22:47:00,Tuesday,YONGE BD STATION,15,20,W,BD
23:11:00,Tuesday,WELLESLEY STATION,6,12,N,YU
23:16:00,Tuesday,KING STATION,8,14,S,YU
00:28:00,Tuesday,LAWRENCE STATION,6,12,N,YU
05:48:00,Tuesday,DON MILLS STATION,69,76,W,SHP
08:23:00,Tuesday,BAYVIEW STATION,0,0,W,SHP
13:17:00,Tuesday,DON MILLS STATION,7,14,E,SHP
02:06:00,Wednesday,KING STATION,0,0,N,YU
05:48:00,Wednesday,ST CLAIR STATION,4,0,S,YU
06:00:00,Wednesday,LAWRENCE WEST STATION,3,0,S,YU
06:13:00,Wednesday,ROSEDALE STATION,0,0,S,YU
08:43:00,Wednesday,MUSEUM STATION,0,0,S,YU
08:44:00,Wednesday,BLOOR STATION,24,26,S,YU
08:58:00,Wednesday,ST GEORGE YUS STATION,0,0,N,YU
09:42:00,Wednesday,WILSON STATION,5,10,N,YU
09:58:00,Wednesday,BLOOR STATION,4,6,S,YU
10:07:00,Wednesday,COLLEGE STATION,7,9,S,YU
10:09:00,Wednesday,HIGHWAY 407 STATION,0,0,N,YU
10:36:00,Wednesday,NORTH YORK CTR STATION,0,0,N,YU
11:01:00,Wednesday,ROSEDALE STATION,9,11,N,YU
11:23:00,Wednesday,YORKDALE STATION,0,0,N,YU
11:56:00,Wednesday,COLLEGE STATION,6,11,S,YU
12:01:00,Wednesday,BLOOR STATION,0,0,S,YU
12:30:00,Wednesday,KING STATION,4,9,S,YU
13:33:00,Wednesday,DAVISVILLE STATION,0,0,S,YU
13:36:00,Wednesday,EGLINTON STATION,3,8,S,YU
13:41:00,Wednesday,DAVISVILLE STATION,0,0,S,YU
13:49:00,Wednesday,WARDEN STATION,0,0,W,BD
14:08:00,Wednesday,VICTORIA PARK STATION,0,0,E,BD
14:45:00,Wednesday,SHEPPARD STATION,0,0,S,YU
14:48:00,Wednesday,SPADINA YUS STATION,4,9,N,YU
14:54:00,Wednesday,ST GEORGE BD STATION,4,8,W,BD
14:57:00,Wednesday,BATHURST STATION,0,0,W,BD
16:08:00,Wednesday,UNION STATION,4,8,N,YU
16:19:00,Wednesday,KENNEDY BD STATION,0,0,E,BD
16:44:00,Wednesday,KEELE STATION,0,0,E,BD
16:55:00,Wednesday,SHEPPARD STATION,3,5,N,YU
17:27:00,Wednesday,NORTH YORK CTR STATION,4,6,S,YU
17:28:00,Wednesday,KIPLING STATION,0,0,W,BD
17:32:00,Wednesday,SHEPPARD STATION,4,6,S,YU
18:00:00,Wednesday,CHRISTIE STATION,0,0,W,BD
18:11:00,Wednesday,CHRISTIE STATION,0,0,W,BD
18:36:00,Wednesday,BAY STATION,4,7,E,BD
18:48:00,Wednesday,WILSON STATION,10,13,S,YU
18:52:00,Wednesday,RUNNYMEDE STATION,5,9,W,BD
19:00:00,Wednesday,ST GEORGE BD STATION,7,11,E,BD
19:50:00,Wednesday,KENNEDY BD STATION,0,0,W,BD
20:14:00,Wednesday,BLOOR STATION,0,0,N,YU
20:17:00,Wednesday,BAY STATION,11,16,W,BD
20:56:00,Wednesday,VICTORIA PARK STATION,15,20,W,BD
21:06:00,Wednesday,BROADVIEW STATION,0,0,W,BD
21:25:00,Wednesday,YORK MILLS STATION,0,0,N,YU
22:50:00,Wednesday,VICTORIA PARK STATION,28,33,W,BD
23:20:00,Wednesday,GREENWOOD STATION,0,0,E,BD
23:29:00,Wednesday,QUEEN STATION,0,0,S,YU
00:48:00,Wednesday,DUNDAS WEST STATION,0,0,W,BD
00:56:00,Wednesday,CASTLE FRANK STATION,5,10,W,BD
01:29:00,Wednesday,DOWNSVIEW PARK STATION,0,0,N,YU
01:30:00,Wednesday,VICTORIA PARK STATION,0,0,E,BD
09:11:00,Wednesday,SHEPPARD-YONGE STATION,0,0,W,SHP
14:50:00,Wednesday,BAYVIEW STATION,4,8,E,SHP
00:58:00,Wednesday,SHEPPARD-YONGE STATION,8,15,E,SHP
02:06:00,Thursday,SHERBOURNE STATION,0,0,E,BD
05:53:00,Thursday,BLOOR STATION,3,0,S,YU
05:58:00,Thursday,VAUGHAN MC STATION,3,5,S,YU
06:04:00,Thursday,KING STATION,6,0,N,YU
06:09:00,Thursday,HIGHWAY 407 STATION,3,5,S,YU
06:13:00,Thursday,VAUGHAN MC STATION,0,0,S,YU
06:52:00,Thursday,BLOOR STATION,4,6,N,YU
07:13:00,Thursday,KIPLING STATION,3,5,W,BD
07:25:00,Thursday,DOWNSVIEW PARK STATION,30,32,S,YU
08:37:00,Thursday,OLD MILL STATION,0,0,E,BD
08:42:00,Thursday,BLOOR STATION,4,6,N,YU
09:40:00,Thursday,PAPE STATION,0,0,E,BD
09:52:00,Thursday,COLLEGE STATION,0,0,S,YU
10:29:00,Thursday,ISLINGTON STATION,0,0,E,BD
10:40:00,Thursday,JANE STATION,0,0,W,BD
10:56:00,Thursday,DUFFERIN STATON,15,19,E,BD
11:06:00,Thursday,KENNEDY BD STATION,0,0,E,BD
11:09:00,Thursday,COLLEGE STATION,4,9,S,YU
12:02:00,Thursday,LAWRENCE STATION,0,0,N,YU
13:24:00,Thursday,NORTH YORK CTR STATION,0,0,N,YU
13:28:00,Thursday,SHEPPARD WEST STATION,4,8,S,YU
13:36:00,Thursday,VICTORIA PARK STATION,4,8,E,BD
14:10:00,Thursday,BATHURST STATION,0,0,E,BD
14:20:00,Thursday,KEELE STATION,8,12,E,BD
14:45:00,Thursday,WILSON STATION,0,0,S,YU
15:31:00,Thursday,ROSEDALE STATION,0,0,N,YU
15:52:00,Thursday,EGLINTON STATION,3,7,N,YU
16:21:00,Thursday,GREENWOOD STATION,4,7,E,BD
16:35:00,Thursday,DAVISVILLE STATION,3,6,S,YU
16:55:00,Thursday,CHRISTIE STATION,26,29,W,BD
17:24:00,Thursday,YORK MILLS STATION,0,0,N,YU
17:28:00,Thursday,BATHURST STATION,0,0,W,BD
17:34:00,Thursday,FINCH STATION,0,0,N,YU
17:44:00,Thursday,ROYAL YORK STATION,7,10,E,BD
17:58:00,Thursday,ROYAL YORK STATION,0,0,E,BD
18:19:00,Thursday,DUNDAS STATION,0,0,N,YU
19:25:00,Thursday,ST GEORGE BD STATION,4,7,E,BD
19:39:00,Thursday,DUNDAS WEST STATION,3,7,W,BD
19:50:00,Thursday,KEELE STATION,3,7,W,BD
20:32:00,Thursday,ROYAL YORK STATION,7,11,W,BD
20:42:00,Thursday,LANSDOWNE STATION,4,8,W,BD
21:55:00,Thursday,SPADINA YUS STATION,0,0,N,YU
21:55:00,Thursday,SPADINA BD STATION,0,0,E,BD
00:08:00,Thursday,EGLINTON STATION,20,26,S,YU
01:15:00,Thursday,YONGE BD STATION,0,0,E,BD
01:33:00,Thursday,SHEPPARD WEST STATION,0,0,S,YU
01:42:00,Thursday,OSSINGTON STATION,5,10,E,BD
05:40:00,Friday,GREENWOOD YARD,0,0,W,BD
05:48:00,Friday,ST CLAIR STATION,3,0,S,YU
06:06:00,Friday,OSSINGTON STATION,5,0,W,BD
06:15:00,Friday,DUPONT STATION,5,7,N,YU
06:22:00,Friday,DUPONT STATION,5,8,N,YU
06:30:00,Friday,DUPONT STATION,0,0,N,YU
06:32:00,Friday,YORKDALE STATION,0,0,S,YU
06:36:00,Friday,LAWRENCE WEST STATION,4,8,S,YU
07:02:00,Friday,KENNEDY BD STATION,0,0,E,BD
07:02:00,Friday,JANE STATION,6,8,E,BD
09:01:00,Friday,NORTH YORK CTR STATION,4,6,S,YU
09:06:00,Friday,SHEPPARD STATION,3,5,S,YU
09:54:00,Friday,BATHURST STATION,0,0,W,BD
09:55:00,Friday,ST CLAIR STATION,3,5,N,YU
10:28:00,Friday,ST CLAIR STATION,3,8,N,YU
10:38:00,Friday,YORK MILLS STATION,5,10,S,YU
10:47:00,Friday,QUEEN STATION,0,0,S,YU
11:01:00,Friday,ST CLAIR WEST STATION,3,8,N,YU
12:00:00,Friday,SUMMERHILL STATION,10,15,S,YU
12:29:00,Friday,OSGOODE STATION,3,8,N,YU
13:01:00,Friday,EGLINTON WEST STATION,24,29,S,YU
13:25:00,Friday,ST CLAIR WEST STATION,11,16,S,YU
13:56:00,Friday,SHEPPARD STATION,0,0,N,YU
14:12:00,Friday,CASTLE FRANK STATION,0,0,W,BD
14:24:00,Friday,WILSON STATION,8,12,S,YU
14:29:00,Friday,BROADVIEW STATION,0,0,E,BD
15:20:00,Friday,PAPE STATION,4,8,E,BD
16:11:00,Friday,SHERBOURNE STATION,0,0,E,BD
17:02:00,Friday,ST GEORGE YUS STATION,0,0,N,YU
17:08:00,Friday,DAVISVILLE STATION,3,5,S,YU
17:18:00,Friday,EGLINTON WEST STATION,9,12,S,YU
18:18:00,Friday,QUEEN'S PARK STATION,3,6,S,YU
19:07:00,Friday,COXWELL STATION,4,8,W,BD
19:48:00,Friday,SPADINA YUS STATION,3,8,S,YU
20:35:00,Friday,COXWELL STATION,0,0,W,BD
20:47:00,Friday,COXWELL STATION,0,0,W,BD
20:55:00,Friday,GREENWOOD STATION,9,14,W,BD
21:24:00,Friday,QUEEN STATION,11,15,N,YU
21:30:00,Friday,DUNDAS STATION,0,0,N,YU
22:35:00,Friday,NORTH YORK CTR STATION,3,9,N,YU
23:30:00,Friday,KEELE STATION,0,0,W,BD
00:22:00,Friday,COLLEGE STATION,3,9,S,YU
02:55:00,Friday,SHEPPARD-YONGE STATION,0,0,W,SHP
06:49:00,Friday,DON MILLS STATION,0,0,W,SHP
14:04:00,Friday,BAYVIEW STATION,15,23,W,SHP
14:10:00,Friday,BAYVIEW STATION,15,23,W,SHP
14:46:00,Friday,DON MILLS STATION,7,15,W,SHP
14:54:00,Friday,LESLIE STATION,7,15,W,SHP
16:10:00,Friday,DON MILLS STATION,0,0,E,SHP
05:08:00,Saturday,DOWNSVIEW PARK STATION,0,0,S,YU
05:42:00,Saturday,FINCH STATION,8,0,S,YU
05:48:00,Saturday,EGLINTON STATION,5,0,N,YU
07:00:00,Saturday,YORKDALE STATION,25,31,N,YU
07:04:00,Saturday,VAUGHAN MC STATION,3,9,S,YU
10:19:00,Saturday,QUEEN STATION,0,0,S,YU
11:34:00,Saturday,KING STATION,5,11,S,YU
12:09:00,Saturday,GREENWOOD STATION,4,8,E,BD
12:19:00,Saturday,LAWRENCE WEST STATION,0,0,S,YU
12:41:00,Saturday,ST CLAIR STATION,3,7,N,YU
14:38:00,Saturday,JANE STATION,0,0,E,BD
15:17:00,Saturday,PIONEER VILLAGE STATIO,5,9,S,YU
15:39:00,Saturday,ROYAL YORK STATION,23,27,W,BD
16:34:00,Saturday,COXWELL STATION,5,9,W,BD
17:36:00,Saturday,ST ANDREW STATION,3,7,S,YU
17:45:00,Saturday,GREENWOOD STATION,8,12,W,BD
18:39:00,Saturday,FINCH STATION,4,8,S,YU
18:40:00,Saturday,KIPLING STATION,0,0,E,BD
18:46:00,Saturday,DUPONT STATION,0,0,S,YU
19:18:00,Saturday,YONGE BD STATION,3,7,E,BD
19:23:00,Saturday,WOODBINE STATION,26,30,E,BD
19:57:00,Saturday,ST GEORGE YUS STATION,0,0,N,YU
19:57:00,Saturday,ST GEORGE BD STATION,0,0,W,BD
20:01:00,Saturday,ROSEDALE STATION,3,8,N,YU
20:26:00,Saturday,OSSINGTON STATION,5,10,W,BD
20:28:00,Saturday,OSSINGTON STATION,0,0,E,BD
20:46:00,Saturday,WARDEN STATION,0,0,W,BD
21:12:00,Saturday,VICTORIA PARK STATION,0,0,W,BD
22:14:00,Saturday,CHESTER STATION,0,0,E,BD
22:58:00,Saturday,VICTORIA PARK STATION,0,0,W,BD
23:50:00,Saturday,SHERBOURNE STATION,0,0,E,BD
00:08:00,Saturday,DAVISVILLE STATION,0,0,S,YU
00:26:00,Saturday,WELLESLEY STATION,0,0,S,YU
00:39:00,Saturday,BATHURST STATION,0,0,E,BD
00:50:00,Saturday,ROSEDALE STATION,3,9,N,YU
01:41:00,Saturday,KIPLING STATION,0,0,W,BD
12:37:00,Saturday,BAYVIEW STATION,20,27,E,SHP
17:33:00,Saturday,SHEPPARD-YONGE STATION,0,0,E,SHP
00:29:00,Saturday,DON MILLS STATION,5,12,W,SHP
07:43:00,Sunday,KIPLING STATION,9,18,E,BD
08:10:00,Sunday,KEELE STATION,5,10,W,BD
08:10:00,Sunday,KEELE STATION,4,8,W,BD
08:19:00,Sunday,GREENWOOD STATION,5,10,E,BD
08:19:00,Sunday,KENNEDY BD STATION,9,18,W,BD
08:24:00,Sunday,GREENWOOD STATION,4,8,E,BD
08:29:00,Sunday,DONLANDS STATION,8,12,W,BD
09:24:00,Sunday,WARDEN STATION,3,7,E,BD
10:05:00,Sunday,KIPLING STATION,4,8,E,BD
14:00:00,Sunday,KIPLING STATION,4,8,E,BD
14:48:00,Sunday,VICTORIA PARK STATION,6,10,E,BD
15:09:00,Sunday,DUNDAS STATION,3,7,S,YU
15:34:00,Sunday,DONLANDS STATION,5,9,W,BD
15:40:00,Sunday,CHESTER STATION,9,13,W,BD
16:19:00,Sunday,ST GEORGE BD STATION,0,0,E,BD
16:22:00,Sunday,CHESTER STATION,0,0,E,BD
16:47:00,Sunday,WOODBINE STATION,0,0,E,BD
18:59:00,Sunday,VICTORIA PARK STATION,0,0,W,BD
19:56:00,Sunday,DAVISVILLE STATION,0,0,N,YU
21:00:00,Sunday,ST CLAIR STATION,4,10,N,YU
21:04:00,Sunday,DUNDAS STATION,100,106,N,YU
22:50:00,Sunday,LAWRENCE WEST STATION,0,0,S,YU
23:17:00,Sunday,SHEPPARD STATION,3,9,N,YU
01:18:00,Sunday,BLOOR STATION,3,9,S,YU
01:41:00,Sunday,SHEPPARD WEST STATION,0,0,S,YU
02:03:00,Monday,KENNEDY BD STATION,0,0,W,BD
04:40:00,Monday,EGLINTON TO LAWRENCE,0,0,N,YU
05:38:00,Monday,YORK MILLS STATION,12,0,N,YU
05:50:00,Monday,SUMMERHILL STATION,3,0,S,YU
06:16:00,Monday,MUSEUM STATION,0,0,S,YU
06:21:00,Monday,VICTORIA PARK STATION,6,0,E,BD
06:44:00,Monday,WELLESLEY STATION,3,7,S,YU
07:20:00,Monday,DUNDAS STATION,10,13,N,YU
07:57:00,Monday,KEELE STATION,2,4,W,BD
08:09:00,Monday,KEELE STATION,0,0,E,BD
08:18:00,Monday,CHRISTIE STATION,14,16,E,BD
08:25:00,Monday,DUFFERIN STATION,24,26,E,BD
08:33:00,Monday,UNION STATION,5,7,N,YU
08:37:00,Monday,CHESTER STATION,2,4,W,BD
08:39:00,Monday,SHERBOURNE STATION,3,5,W,BD
08:45:00,Monday,DONLANDS STATION,2,4,E,BD
11:38:00,Monday,VAUGHAN MC STATION,5,10,N,YU
12:01:00,Monday,BLOOR STATION,4,9,N,YU
12:25:00,Monday,JANE STATION,3,7,E,BD
12:35:00,Monday,HIGHWAY 407 STATION,0,0,N,YU
12:41:00,Monday,FINCH WEST STATION,0,0,N,YU
12:44:00,Monday,WILSON STATION,0,0,S,YU
13:53:00,Monday,ST GEORGE BD STATION,12,16,E,BD
13:58:00,Monday,ST GEORGE YUS STATION,0,0,S,YU
14:08:00,Monday,ST GEORGE BD STATION,11,15,E,BD
14:41:00,Monday,YONGE BD STATION,0,0,E,BD
14:58:00,Monday,DOWNSVIEW PARK STATION,3,6,N,YU
15:18:00,Monday,DUNDAS STATION,0,0,N,YU
15:55:00,Monday,EGLINTON WEST STATION,0,0,N,YU
17:17:00,Monday,ROSEDALE STATION,10,14,N,YU
17:24:00,Monday,FINCH STATION,3,6,N,YU
17:38:00,Monday,NORTH YORK CTR STATION,4,6,N,YU
17:59:00,Monday,EGLINTON STATION,6,9,N,YU
18:15:00,Monday,KENNEDY BD STATION,14,17,W,BD
20:18:00,Monday,DUFFERIN STATION,0,0,E,BD
20:28:00,Monday,MAIN STREET STATION,0,0,E,BD
20:40:00,Monday,OLD MILL STATION,0,0,E,BD
20:49:00,Monday,ISLINGTON STATION,0,0,E,BD
20:59:00,Monday,FINCH STATION,0,0,N,YU
21:19:00,Monday,QUEEN STATION,24,29,N,YU
21:32:00,Monday,KEELE STATION,4,9,E,BD
21:41:00,Monday,WELLESLEY STATION,0,0,N,YU
21:46:00,Monday,DUPONT STATION,16,21,N,YU
22:28:00,Monday,VAUGHAN MC STATION,6,12,S,YU
23:23:00,Monday,OSSINGTON STATION,0,0,E,BD
23:26:00,Monday,FINCH STATION,5,11,S,YU
00:10:00,Monday,JANE STATION,0,0,E,BD
00:36:00,Monday,VICTORIA PARK STATION,21,28,E,BD
01:23:00,Monday,PAPE STATION,0,0,W,BD
01:52:00,Monday,CHRISTIE STATION,0,0,E,BD
14:26:00,Monday,BAYVIEW STATION,6,13,W,SHP
16:50:00,Monday,BESSARION STATION,4,11,W,SHP
02:02:00,Tuesday,ROSEDALE STATION,4,8,N,YU
04:13:00,Tuesday,WARDEN STATION,0,0,W,BD
05:06:00,Tuesday,VICTORIA PARK STATION,0,0,W,BD
05:40:00,Tuesday,KENNEDY BD STATION,53,0,W,BD
05:42:00,Tuesday,GREENWOOD STATION,7,0,E,BD
05:54:00,Tuesday,WELLESLEY STATION,4,0,S,YU
05:54:00,Tuesday,MAIN STREET STATION,0,0,W,BD
06:11:00,Tuesday,COXWELL STATION,0,0,W,BD
06:19:00,Tuesday,HIGHWAY 407 STATION,5,8,S,YU
06:24:00,Tuesday,KING STATION,0,0,S,YU
06:44:00,Tuesday,BLOOR STATION,4,9,N,YU
07:19:00,Tuesday,JANE STATION,0,0,W,BD
07:34:00,Tuesday,PAPE STATION,3,5,E,BD
09:20:00,Tuesday,RUNNYMEDE STATION,4,8,W,BD
10:01:00,Tuesday,VAUGHAN MC STATION,4,8,N,YU
10:03:00,Tuesday,DUFFERIN STATION,0,0,E,BD
10:31:00,Tuesday,KIPLING STATION,0,0,W,BD
10:39:00,Tuesday,SUMMERHILL STATION,9,14,S,YU
10:54:00,Tuesday,JANE STATION,4,8,E,BD
10:56:00,Tuesday,OLD MILL STATION,0,0,W,BD
11:09:00,Tuesday,QUEEN STATION,0,0,S,YU
11:45:00,Tuesday,JANE STATION,0,0,E,BD
12:26:00,Tuesday,GREENWOOD STATION,9,13,W,BD
12:40:00,Tuesday,QUEEN STATION,4,9,N,YU
12:50:00,Tuesday,WELLESLEY STATION,3,6,N,YU
13:56:00,Tuesday,WARDEN STATION,16,20,E,BD
13:58:00,Tuesday,DUNDAS STATION,5,9,N,YU
15:00:00,Tuesday,RUNNYMEDE STATION,0,0,W,BD
15:02:00,Tuesday,KENNEDY BD STATION,0,0,E,BD
15:04:00,Tuesday,SHEPPARD STATION,3,7,N,YU
15:15:00,Tuesday,KEELE STATION,3,7,W,BD
16:10:00,Tuesday,RUNNYMEDE STATION,0,0,E,BD
17:23:00,Tuesday,DAVISVILLE STATION,3,5,S,YU
18:01:00,Tuesday,ST CLAIR STATION,0,0,N,YU
18:25:00,Tuesday,ROSEDALE STATION,21,23,S,YU
18:43:00,Tuesday,KENNEDY BD STATION,0,0,W,BD
18:51:00,Tuesday,VICTORIA PARK STATION,0,0,W,BD
18:58:00,Tuesday,WARDEN STATION,0,0,W,BD
18:59:00,Tuesday,YORKDALE STATION,4,6,N,YU
20:33:00,Tuesday,DUFFERIN STATION,8,13,W,BD
20:36:00,Tuesday,MUSEUM STATION,9,11,N,YU
23:23:00,Tuesday,FINCH STATION,6,12,S,YU
00:12:00,Tuesday,ST GEORGE YUS STATION,7,13,S,YU
00:28:00,Tuesday,WELLESLEY STATION,11,17,N,YU
01:27:00,Tuesday,ST GEORGE YUS STATION,0,0,N,YU
01:29:00,Tuesday,SHEPPARD WEST STATION,13,19,S,YU
07:59:00,Tuesday,LESLIE STATION,0,0,W,SHP
10:10:00,Tuesday,SHEPPARD-YONGE STATION,0,0,W,SHP
13:25:00,Tuesday,BESSARION STATION,4,11,W,SHP
15:28:00,Tuesday,SHEPPARD-YONGE STATION,4,11,W,SHP
05:14:00,Wednesday,LAWRENCE STATION,0,0,N,YU
05:38:00,Wednesday,YORK MILLS STATION,14,0,N,YU
05:46:00,Wednesday,DAVISVILLE STATION,3,0,S,YU
06:42:00,Wednesday,OSGOODE STATION,13,15,S,YU
06:55:00,Wednesday,JANE STATION,0,0,W,BD
07:21:00,Wednesday,WILSON YARD,11,13,S,YU
07:42:00,Wednesday,HIGHWAY 407 STATION,257,262,N,YU
08:24:00,Wednesday,FINCH WEST STATION,0,0,S,YU
08:49:00,Wednesday,WILSON STATION,0,0,N,YU
08:57:00,Wednesday,SPADINA YUS STATION,3,5,N,YU
09:03:00,Wednesday,GLENCAIRN STATION,0,0,N,YU
09:39:00,Wednesday,PIONEER VILLAGE STATIO,4,8,S,YU
09:52:00,Wednesday,ST GEORGE YUS STATION,0,0,S,YU
12:04:00,Wednesday,BLOOR STATION,0,0,S,YU
12:08:00,Wednesday,ST CLAIR STATION,0,0,S,YU
12:11:00,Wednesday,QUEEN STATION,12,17,N,YU
12:31:00,Wednesday,YORKDALE STATION,4,8,N,YU
12:32:00,Wednesday,EGLINTON STATION,5,9,N,YU
13:08:00,Wednesday,DUFFERIN STATION,3,7,W,BD
13:37:00,Wednesday,ISLINGTON STATION,79,83,W,BD
14:10:00,Wednesday,DUNDAS WEST STATION,9,13,E,BD
14:19:00,Wednesday,LANSDOWNE STATION,7,11,W,BD
14:34:00,Wednesday,WILSON STATION,4,9,N,YU
14:37:00,Wednesday,HIGHWAY 407 STATION,4,8,S,YU
14:42:00,Wednesday,VAUGHAN MC STATION,0,0,S,YU
14:42:00,Wednesday,ST GEORGE BD STATION,0,0,E,BD
15:38:00,Wednesday,GLENCAIRN STATION,4,8,S,YU
16:05:00,Wednesday,UNION STATION,0,0,S,YU
17:35:00,Wednesday,OSGOODE STATION,4,8,N,YU
18:26:00,Wednesday,BLOOR STATION,0,0,S,YU
19:02:00,Wednesday,LAWRENCE STATION,0,0,S,YU
19:05:00,Wednesday,QUEEN'S PARK STATION,3,5,N,YU
19:10:00,Wednesday,RUNNYMEDE STATION,10,14,W,BD
19:13:00,Wednesday,SHEPPARD STATION,0,0,N,YU
20:33:00,Wednesday,OLD MILL STATION,0,0,E,BD
20:49:00,Wednesday,OLD MILL STATION,5,10,W,BD
21:31:00,Wednesday,DONLANDS STATION,21,26,E,BD
22:10:00,Wednesday,PAPE STATION,16,21,W,BD
22:26:00,Wednesday,WOODBINE STATION,0,0,E,BD
22:31:00,Wednesday,DUNDAS STATION,0,0,S,YU
22:40:00,Wednesday,FINCH STATION,6,12,S,YU
23:29:00,Wednesday,DUPONT STATION,0,0,N,YU
23:41:00,Wednesday,NORTH YORK CTR STATION,4,10,N,YU
08:47:00,Wednesday,BAYVIEW STATION,0,0,E,SHP
15:41:00,Wednesday,DON MILLS STATION,0,0,W,SHP
03:36:00,Thursday,WARDEN STATION,0,0,E,BD
05:36:00,Thursday,KENNEDY BD STATION,5,0,W,BD
05:51:00,Thursday,VAUGHAN MC STATION,3,0,N,YU
06:45:00,Thursday,ST GEORGE BD STATION,0,0,W,BD
06:56:00,Thursday,COLLEGE STATION,0,0,S,YU
07:51:00,Thursday,LAWRENCE STATION,0,0,S,YU
08:41:00,Thursday,KING STATION,0,0,S,YU
08:56:00,Thursday,BATHURST STATION,4,6,E,BD
09:38:00,Thursday,VICTORIA PARK STATION,9,11,E,BD
11:42:00,Thursday,SPADINA YUS STATION,6,11,S,YU
11:50:00,Thursday,WARDEN STATION,0,0,E,BD
12:01:00,Thursday,SPADINA YUS STATION,0,0,S,YU
12:46:00,Thursday,BAY STATION,4,8,E,BD
13:28:00,Thursday,BLOOR STATION,4,9,S,YU
13:33:00,Thursday,DUNDAS WEST STATION,5,9,E,BD
13:45:00,Thursday,KENNEDY BD STATION,4,8,W,BD
13:55:00,Thursday,SPADINA YUS STATION,8,12,S,YU
14:13:00,Thursday,SPADINA YUS STATION,0,0,N,YU
14:50:00,Thursday,SUMMERHILL STATION,12,16,N,YU
15:11:00,Thursday,VICTORIA PARK STATION,9,13,E,BD
15:15:00,Thursday,COXWELL STATION,0,0,E,BD
15:20:00,Thursday,PIONEER VILLAGE STATIO,5,10,N,YU
15:41:00,Thursday,ISLINGTON STATION,0,0,W,BD
15:42:00,Thursday,ISLINGTON STATION,0,0,W,BD
16:11:00,Thursday,KENNEDY BD STATION,3,6,E,BD
16:26:00,Thursday,ISLINGTON STATION,9,12,W,BD
17:00:00,Thursday,YORK MILLS STATION,0,0,N,YU
17:25:00,Thursday,DUFFERIN STATION,0,0,E,BD
17:33:00,Thursday,ST CLAIR STATION,2,4,N,YU
17:42:00,Thursday,KENNEDY BD STATION,3,6,W,BD
17:51:00,Thursday,WELLESLEY STATION,0,0,N,YU
17:55:00,Thursday,CHRISTIE STATION,0,0,E,BD
19:10:00,Thursday,OSGOODE STATION,0,0,N,YU
20:09:00,Thursday,VICTORIA PARK STATION,0,0,W,BD
20:11:00,Thursday,BLOOR STATION,0,0,N,YU
20:32:00,Thursday,KENNEDY BD STATION,5,10,E,BD
20:50:00,Thursday,JANE STATION,3,7,W,BD
21:03:00,Thursday,OLD MILL STATION,0,0,E,BD
21:42:00,Thursday,WILSON HOSTLER 2,0,0,N,YU
21:54:00,Thursday,PAPE STATION,13,20,E,BD
21:55:00,Thursday,QUEEN STATION,4,8,N,YU
22:05:00,Thursday,BROADVIEW STATION,0,0,W,BD
22:46:00,Thursday,DAVISVILLE STATION,23,29,N,YU
00:13:00,Thursday,YORK MILLS STATION,12,18,S,YU
05:56:00,Thursday,SHEPPARD-YONGE STATION,12,19,W,SHP
08:19:00,Thursday,BESSARION STATION,9,16,E,SHP
05:00:00,Friday,KIPLING STATION,7,14,E,BD
05:46:00,Friday,DAVISVILLE STATION,5,0,S,YU
07:19:00,Friday,GREENWOOD STATION,3,6,E,BD
08:15:00,Friday,YORK MILLS STATION,5,7,S,YU
08:26:00,Friday,DAVISVILLE STATION,6,8,N,YU
08:55:00,Friday,SHEPPARD WEST STATION,0,0,N,YU
09:42:00,Friday,UNION STATION,0,0,S,YU
10:06:00,Friday,BLOOR STATION,0,0,N,YU
10:39:00,Friday,EGLINTON STATION,12,17,N,YU
11:49:00,Friday,DUNDAS STATION,5,10,N,YU
11:59:00,Friday,KING STATION,0,0,N,YU
13:02:00,Friday,BATHURST STATION,0,0,E,BD
13:22:00,Friday,DUPONT STATION,5,10,N,YU
13:29:00,Friday,YONGE BD STATION,0,0,W,BD
13:35:00,Friday,KENNEDY BD STATION,4,8,W,BD
14:10:00,Friday,NORTH YORK CTR STATION,3,8,N,YU
14:17:00,Friday,SHEPPARD STATION,0,0,N,YU
14:50:00,Friday,WELLESLEY STATION,0,0,S,YU
15:10:00,Friday,DUPONT STATION,0,0,N,YU
15:23:00,Friday,QUEEN STATION,23,27,N,YU
15:47:00,Friday,ST CLAIR STATION,4,8,S,YU
15:59:00,Friday,DUFFERIN STATION,3,7,W,BD
16:19:00,Friday,DUNDAS STATION,0,0,S,YU
17:01:00,Friday,WOODBINE STATION,0,0,E,BD
17:04:00,Friday,EGLINTON WEST STATION,9,13,N,YU
17:10:00,Friday,COXWELL STATION,8,12,W,BD
17:18:00,Friday,COXWELL STATION,0,0,W,BD
18:28:00,Friday,LAWRENCE WEST STATION,3,6,S,YU
18:40:00,Friday,QUEEN STATION,0,0,N,YU
21:02:00,Friday,BLOOR STATION,3,7,N,YU
21:06:00,Friday,WELLESLEY STATION,0,0,N,YU
21:08:00,Friday,LANSDOWNE STATION,4,9,E,BD
21:29:00,Friday,YONGE BD STATION,0,0,E,BD
21:46:00,Friday,ST GEORGE YUS STATION,0,0,N,YU
22:14:00,Friday,BROADVIEW STATION,0,0,E,BD
23:04:00,Friday,ST CLAIR STATION,3,9,N,YU
23:39:00,Friday,GREENWOOD STATION,0,0,E,BD
23:44:00,Friday,WELLESLEY STATION,8,14,N,YU
23:47:00,Friday,QUEEN'S PARK STATION,0,0,W,YU
00:48:00,Friday,KIPLING STATION,0,0,W,BD
00:53:00,Friday,VAUGHAN MC STATION,6,12,S,YU
01:12:00,Friday,ROSEDALE STATION,0,0,N,YU
05:33:00,Saturday,FINCH STATION,6,12,S,YU
05:39:00,Saturday,VAUGHAN MC STATION,12,24,S,YU
05:54:00,Saturday,FINCH STATION,6,12,S,YU
06:06:00,Saturday,FINCH STATION,6,12,S,YU
06:14:00,Saturday,SHERBOURNE STATION,0,0,E,BD
07:27:00,Saturday,SHERBOURNE STATION,0,0,E,BD
10:33:00,Saturday,LANSDOWNE STATION,0,0,E,BD
10:44:00,Saturday,KIPLING STATION,3,8,E,BD
11:28:00,Saturday,GREENWOOD STATION,5,10,W,BD
12:09:00,Saturday,DUNDAS WEST STATION,0,0,W,BD
12:28:00,Saturday,QUEEN'S PARK STATION,0,0,N,YU
12:38:00,Saturday,QUEEN'S PARK STATION,4,8,S,YU
13:07:00,Saturday,VICTORIA PARK STATION,0,0,W,BD
13:41:00,Saturday,UNION STATION,5,9,N,YU
14:10:00,Saturday,NORTH YORK CTR STATION,0,0,S,YU
15:20:00,Saturday,SUMMERHILL STATION,3,7,N,YU
15:57:00,Saturday,EGLINTON STATION,3,7,N,YU
17:07:00,Saturday,BLOOR STATION,3,7,N,YU
18:40:00,Saturday,BLOOR STATION,5,9,N,YU
19:53:00,Saturday,QUEEN STATION,8,12,S,YU
20:05:00,Saturday,DUNDAS STATION,6,10,S,YU
20:57:00,Saturday,HIGH PARK STATION,3,8,W,BD
21:31:00,Saturday,PAPE STATION,0,0,E,BD
22:04:00,Saturday,CASTLE FRANK STATION,0,0,W,BD
22:28:00,Saturday,BLOOR STATION,0,0,N,YU
22:45:00,Saturday,DUNDAS STATION,0,0,N,YU
22:55:00,Saturday,DUNDAS STATION,0,0,S,YU
22:58:00,Saturday,SHEPPARD WEST STATION,0,0,S,YU
23:09:00,Saturday,VICTORIA PARK STATION,5,10,W,BD
23:46:00,Saturday,KIPLING STATION,5,10,E,BD
00:42:00,Saturday,VICTORIA PARK STATION,5,10,W,BD
00:55:00,Saturday,SHERBOURNE STATION,5,10,E,BD
01:32:00,Saturday,YONGE BD STATION,3,9,W,BD
01:45:00,Saturday,WILSON STATION,0,0,N,YU
04:50:00,Sunday,WILSON STATION,0,0,S,YU
08:14:00,Sunday,KIPLING STATION,5,10,E,BD
08:16:00,Sunday,KEELE STATION,116,0,W,BD
08:30:00,Sunday,EGLINTON STATION,0,0,N,YU
08:47:00,Sunday,ST PATRICK STATION,7,13,N,YU
09:46:00,Sunday,DUPONT STATION,0,0,N,YU
09:50:00,Sunday,WOODBINE STATION,3,8,E,BD
10:19:00,Sunday,KEELE STATION,0,0,E,BD
10:46:00,Sunday,VICTORIA PARK STATION,0,0,W,BD
10:56:00,Sunday,DAVISVILLE STATION,4,8,S,YU
11:13:00,Sunday,MUSEUM STATION,12,16,S,YU
13:16:00,Sunday,VICTORIA PARK STATION,0,0,W,BD
13:27:00,Sunday,BROADVIEW STATION,0,0,E,BD
13:44:00,Sunday,DUFFERIN STATION,0,0,W,BD
14:06:00,Sunday,YONGE BD STATION,0,0,E,BD
14:33:00,Sunday,VICTORIA PARK STATION,0,0,W,BD
14:33:00,Sunday,UNION STATION,0,0,N,YU
14:53:00,Sunday,LAWRENCE WEST STATION,6,10,S,YU
15:31:00,Sunday,DAVISVILLE STATION,0,0,N,YU
16:42:00,Sunday,RUNNYMEDE STATION,0,0,E,BD
16:45:00,Sunday,HIGH PARK STATION,3,8,E,BD
17:19:00,Sunday,BLOOR STATION,17,21,N,YU
17:20:00,Sunday,YONGE BD STATION,0,0,E,BD
17:34:00,Sunday,ST GEORGE YUS STATION,5,9,N,YU
17:44:00,Sunday,YONGE BD STATION,3,5,E,BD
18:00:00,Sunday,DUFFERIN STATION,0,0,E,BD
18:43:00,Sunday,VICTORIA PARK STATION,0,0,W,BD
19:51:00,Sunday,BLOOR STATION,0,0,S,YU
21:25:00,Sunday,NORTH YORK CTR STATION,5,11,N,YU
22:25:00,Sunday,DUNDAS WEST STATION,11,17,E,BD
00:11:00,Sunday,BROADVIEW STATION,8,14,E,BD
01:32:00,Sunday,VICTORIA PARK STATION,3,9,W,BD
04:37:00,Monday,WARDEN TO VICTORIA PAR,0,0,W,BD
05:45:00,Monday,FINCH STATION,5,10,S,YU
05:48:00,Monday,DONLANDS STATION,4,0,W,BD
05:49:00,Monday,GREENWOOD STATION,5,10,E,BD
05:50:00,Monday,FINCH STATION,5,10,S,YU
05:55:00,Monday,YONGE BD STATION,3,5,W,BD
06:22:00,Monday,GREENWOOD STATION,0,0,E,BD
06:50:00,Monday,WARDEN STATION,0,0,E,BD
06:56:00,Monday,COLLEGE STATION,3,6,S,YU
07:03:00,Monday,WARDEN STATION,0,0,E,BD
07:06:00,Monday,BLOOR STATION,4,7,S,YU
07:14:00,Monday,DUNDAS STATION,4,7,S,YU
07:26:00,Monday,ISLINGTON STATION,0,0,W,BD
07:31:00,Monday,DUNDAS STATION,8,10,S,YU
07:44:00,Monday,LANSDOWNE STATION,9,12,E,BD
07:47:00,Monday,CASTLE FRANK STATION,0,0,W,BD
07:55:00,Monday,KEELE STATION,0,0,W,BD
07:56:00,Monday,WARDEN STATION,0,0,E,BD
08:02:00,Monday,HIGH PARK STATION,3,5,W,BD
08:16:00,Monday,JANE STATION,4,7,W,BD
08:17:00,Monday,VAUGHAN MC STATION,0,0,S,YU
08:18:00,Monday,RUNNYMEDE STATION,0,0,E,BD
08:19:00,Monday,HIGHWAY 407 STATION,3,6,S,YU
08:20:00,Monday,GREENWOOD STATION,3,5,W,BD
08:34:00,Monday,UNION STATION,0,0,S,YU
08:45:00,Monday,BATHURST STATION,0,0,E,BD
09:10:00,Monday,ST ANDREW STATION,4,6,N,YU
09:38:00,Monday,FINCH STATION,3,6,S,YU
10:14:00,Monday,VAUGHAN MC STATION,3,7,S,YU
10:21:00,Monday,FINCH STATION,3,6,S,YU
10:22:00,Monday,COXWELL STATION,0,0,W,BD
10:33:00,Monday,SHEPPARD WEST STATION,0,0,N,YU
10:47:00,Monday,MUSEUM STATION,17,21,S,BD
11:31:00,Monday,COXWELL STATION,4,8,W,BD
14:15:00,Monday,DAVISVILLE STATION,0,0,N,YU
14:25:00,Monday,KENNEDY BD STATION,4,8,W,BD
14:46:00,Monday,DUNDAS STATION,8,13,S,YU
15:14:00,Monday,KENNEDY BD STATION,3,6,W,BD
15:25:00,Monday,BLOOR STATION,0,0,S,YU
15:45:00,Monday,VAUGHAN MC STATION,3,6,N,YU
16:04:00,Monday,SHERBOURNE STATION,3,6,W,BD
16:17:00,Monday,WARDEN STATION,5,8,W,BD
16:25:00,Monday,KENNEDY BD STATION,0,0,W,BD
17:40:00,Monday,KENNEDY BD STATION,3,6,E,BD
17:43:00,Monday,NORTH YORK CTR STATION,6,8,S,YU
18:21:00,Monday,GREENWOOD STATION,10,13,W,BD
18:52:00,Monday,WARDEN STATION,22,25,W,YU
21:10:00,Monday,DUNDAS STATION,0,0,S,YU
21:16:00,Monday,ST PATRICK STATION,0,0,N,YU
21:25:00,Monday,LAWRENCE STATION,5,11,S,YU
21:40:00,Monday,SHERBOURNE STATION,0,0,E,BD
21:51:00,Monday,KIPLING STATION,3,8,E,BD
21:52:00,Monday,SHERBOURNE STATION,0,0,E,BD
21:53:00,Monday,SHEPPARD WEST STATION,0,0,S,YU
21:58:00,Monday,SHERBOURNE STATION,0,0,E,BD
22:02:00,Monday,ROYAL YORK STATION,3,8,E,BD
22:28:00,Monday,UNION STATION,3,9,N,YU
23:05:00,Monday,ST CLAIR STATION,10,16,N,YU
23:10:00,Monday,EGLINTON WEST STATION,4,9,N,YU
23:15:00,Monday,VICTORIA PARK STATION,5,10,E,BD
23:18:00,Monday,EGLINTON WEST STATION,0,0,N,YU
23:21:00,Monday,ROSEDALE STATION,5,10,N,YU
23:46:00,Monday,BROADVIEW STATION,0,0,E,BD
00:14:00,Monday,DUNDAS STATION,0,0,S,YU
00:26:00,Monday,PAPE STATION,32,37,E,BD
02:04:00,Tuesday,DAVISVILLE STATION,6,12,N,YU
04:58:00,Tuesday,DUPONT STATION,0,0,S,YU
05:14:00,Tuesday,MAIN STREET STATION,0,0,E,BD
05:47:00,Tuesday,WELLESLEY STATION,0,0,N,YU
05:50:00,Tuesday,FINCH STATION,4,8,S,YU
05:58:00,Tuesday,DUPONT STATION,3,0,S,YU
06:01:00,Tuesday,DUPONT STATION,3,0,S,YU
06:04:00,Tuesday,KING STATION,4,8,N,YU
06:20:00,Tuesday,GREENWOOD STATION,3,5,E,BD
07:03:00,Tuesday,SPADINA YUS STATION,7,11,S,YU
07:41:00,Tuesday,UNION STATION,7,12,N,YU
08:07:00,Tuesday,CHRISTIE STATION,0,0,W,BD
08:31:00,Tuesday,JANE STATION,0,0,W,BD
09:09:00,Tuesday,SPADINA BD STATION,0,0,W,BD
09:33:00,Tuesday,UNION STATION,3,5,N,YU
10:25:00,Tuesday,ST GEORGE YUS STATION,0,0,S,YU
10:25:00,Tuesday,ST GEORGE YUS STATION,0,0,N,YU
10:39:00,Tuesday,HIGHWAY 407 STATION,4,9,N,YU
11:05:00,Tuesday,WILSON STATION,15,19,S,YU
11:20:00,Tuesday,WILSON STATION,19,23,S,YU
11:40:00,Tuesday,RUNNYMEDE STATION,0,0,E,BD
11:43:00,Tuesday,ISLINGTON STATION,3,7,W,BD
13:37:00,Tuesday,VICTORIA PARK STATION,4,8,W,BD
15:25:00,Tuesday,KENNEDY BD STATION,4,8,E,BD
15:28:00,Tuesday,WARDEN STATION,4,8,E,BD
15:57:00,Tuesday,DONLANDS STATION,4,8,W,BD
16:10:00,Tuesday,DONLANDS STATION,0,0,W,BD
16:35:00,Tuesday,ST CLAIR STATION,4,8,N,YU
16:39:00,Tuesday,GLENCAIRN STATION,8,13,S,YU
16:45:00,Tuesday,ST CLAIR STATION,3,5,N,YU
16:55:00,Tuesday,COLLEGE STATION,3,6,N,YU
17:00:00,Tuesday,JANE STATION,0,0,E,BD
17:18:00,Tuesday,CHESTER STATION,0,0,W,BD
17:25:00,Tuesday,DONLANDS STATION,0,0,W,BD
17:39:00,Tuesday,ST GEORGE BD STATION,7,10,W,BD
17:53:00,Tuesday,BROADVIEW STATION,0,0,W,BD
18:14:00,Tuesday,SHERBOURNE STATION,0,0,W,BD
18:50:00,Tuesday,DAVISVILLE STATION,8,11,N,YU
19:00:00,Tuesday,YONGE BD STATION,5,9,E,BD
19:38:00,Tuesday,YORK MILLS STATION,5,10,S,YU
20:29:00,Tuesday,UNION STATION,0,0,N,YU
21:57:00,Tuesday,DUFFERIN STATION,0,0,E,BD
23:36:00,Tuesday,UNION STATION,3,7,S,YU
23:52:00,Tuesday,DUNDAS WEST STATION,3,9,E,BD
00:33:00,Tuesday,OSGOODE STATION,5,11,S,YU
00:42:00,Tuesday,NORTH YORK CTR STATION,3,9,S,YU
00:46:00,Tuesday,BLOOR STATION,0,0,N,YU
20:48:00,Tuesday,SHEPPARD-YONGE STATION,30,37,E,SHP
03:01:00,Wednesday,DUNDAS WEST STATION,0,0,W,BD
05:39:00,Wednesday,YORK MILLS STATION,11,0,N,YU
05:44:00,Wednesday,EGLINTON STATION,15,0,S,YU
05:50:00,Wednesday,EGLINTON STATION,4,8,S,YU
06:17:00,Wednesday,EGLINTON STATION,3,0,N,YU
06:37:00,Wednesday,YORK MILLS STATION,6,10,N,YU
06:48:00,Wednesday,ST PATRICK STATION,6,9,S,YU
07:04:00,Wednesday,GREENWOOD PORTAL,3,5,E,BD
07:22:00,Wednesday,BATHURST STATION,0,0,E,BD
07:50:00,Wednesday,VAUGHAN MC STATION,3,5,N,YU
08:09:00,Wednesday,WILSON HOSTLER - 2,3,5,S,YU
08:42:00,Wednesday,COXWELL STATION,0,0,E,BD
08:48:00,Wednesday,YORKDALE STATION,0,0,S,YU
10:13:00,Wednesday,CHRISTIE STATION,0,0,W,BD
10:17:00,Wednesday,KIPLING STATION,0,0,E,BD
11:15:00,Wednesday,KEELE STATION,4,9,E,BD
11:21:00,Wednesday,KEELE STATION,0,0,E,BD
14:12:00,Wednesday,SUMMERHILL STATION,5,9,N,YU
14:25:00,Wednesday,YONGE BD STATION,4,8,E,BD
14:30:00,Wednesday,DONLANDS TO GREENWOD Y,0,0,W,BD
14:30:00,Wednesday,EGLINTON WEST STATION,5,9,N,YU
14:31:00,Wednesday,QUEEN STATION,14,18,S,YU
14:32:00,Wednesday,COXWELL STATION,4,8,E,BD
14:36:00,Wednesday,KENNEDY BD STATION,4,8,W,BD
14:47:00,Wednesday,EGLINTON WEST STATION,0,0,N,YU
15:40:00,Wednesday,KIPLING STATION,0,0,E,BD
16:28:00,Wednesday,KING STATION,5,8,S,YU
16:34:00,Wednesday,QUEEN STATION,0,0,N,YU
16:41:00,Wednesday,YORK MILLS STATION,13,17,N,YU
16:55:00,Wednesday,ST GEORGE BD STATION,3,6,W,BD
17:14:00,Wednesday,YORK MILLS STATION,0,0,N,YU
17:25:00,Wednesday,KIPLING STATION,0,0,W,BD
17:47:00,Wednesday,LAWRENCE STATION,7,10,S,YU
18:01:00,Wednesday,LAWRENCE STATION,6,8,S,YU
18:37:00,Wednesday,FINCH STATION,3,5,N,YU
19:25:00,Wednesday,GLENCAIRN STATION,0,0,N,YU
19:34:00,Wednesday,KIPLING STATION,4,8,E,BD
20:53:00,Wednesday,KENNEDY BD STATION,3,8,W,BD
21:34:00,Wednesday,ST GEORGE BD STATION,0,0,E,BD
22:10:00,Wednesday,PIONEER VILLAGE STATIO,0,0,N,YU
23:09:00,Wednesday,ST GEORGE BD STATION,0,0,E,BD
23:49:00,Wednesday,CHRISTIE STATION,4,9,E,BD
00:07:00,Wednesday,WELLESLEY STATION,0,0,N,YU
12:29:00,Wednesday,SHEPPARD LINE,12,16,W,SHP
04:51:00,Thursday,DUPONT STATION,0,0,S,YU
05:15:00,Thursday,WARDEN STATION,0,0,E,BD
05:47:00,Thursday,BLOOR STATION,0,0,N,YU
05:54:00,Thursday,YONGE BD STATION,0,0,W,BD
06:04:00,Thursday,GREENWOOD STATION,5,10,E,BD
06:24:00,Thursday,DONLANDS STATION,0,0,W,BD
07:14:00,Thursday,VICTORIA PARK STATION,0,0,W,BD
07:24:00,Thursday,LAWRENCE STATION,0,0,N,YU
07:54:00,Thursday,ISLINGTON STATION,0,0,W,BD
09:22:00,Thursday,PAPE STATION,0,0,E,BD
09:29:00,Thursday,BLOOR STATION,4,6,N,YU
10:56:00,Thursday,QUEEN'S PARK STATION,8,13,S,YU
11:51:00,Thursday,ST PATRICK STATION,3,8,S,YU
12:09:00,Thursday,DUPONT STATION,3,8,S,YU
12:45:00,Thursday,JANE STATION,0,0,W,BD
14:25:00,Thursday,SPADINA YUS STATION,3,7,S,YU
14:39:00,Thursday,KENNEDY BD STATION,4,8,W,BD
15:30:00,Thursday,EGLINTON WEST STATION,13,17,N,YU
15:58:00,Thursday,ROYAL YORK STATION,11,14,W,BD
16:31:00,Thursday,EGLINTON WEST STATION,10,14,N,YU
16:44:00,Thursday,DAVISVILLE STATION,2,4,S,YU
16:47:00,Thursday,EGLINTON WEST STATION,10,14,N,YU
16:53:00,Thursday,DAVISVILLE STATION,2,4,S,YU
17:02:00,Thursday,DAVISVILLE STATION,2,4,S,YU
17:04:00,Thursday,YONGE BD STATION,5,8,E,BD
17:08:00,Thursday,DAVISVILLE STATION,2,4,S,YU
17:18:00,Thursday,WILSON STATION,0,0,S,YU
17:21:00,Thursday,ROSEDALE STATION,24,26,S,YU
18:43:00,Thursday,ST GEORGE BD STATION,7,10,E,BD
18:47:00,Thursday,ROSEDALE STATION,3,5,N,YU
19:27:00,Thursday,DUNDAS STATION,0,0,N,YU
20:29:00,Thursday,SHEPPARD STATION,4,8,S,YU
20:46:00,Thursday,FINCH WEST STATION,0,0,S,YU
20:58:00,Thursday,BROADVIEW STATION,0,0,E,BD
21:01:00,Thursday,HIGH PARK STATION,3,8,W,BD
21:04:00,Thursday,WARDEN STATION,0,0,E,BD
21:08:00,Thursday,VICTORIA PARK STATION,0,0,W,BD
21:10:00,Thursday,EGLINTON STATION,3,7,N,YU
21:22:00,Thursday,VICTORIA PARK STATION,0,0,W,BD
21:35:00,Thursday,UNION STATION,3,8,S,YU
21:41:00,Thursday,WARDEN STATION,0,0,E,BD
22:14:00,Thursday,CHRISTIE STATION,19,24,W,BD
22:22:00,Thursday,YORK MILLS STATION,0,0,N,YU
22:34:00,Thursday,ST GEORGE BD STATION,0,0,W,BD
23:11:00,Thursday,GREENWOOD STATION,0,0,E,BD
00:03:00,Thursday,KIPLING STATION,6,12,E,BD
00:18:00,Thursday,JANE STATION,0,0,W,BD
00:20:00,Thursday,CASTLE FRANK STATION,0,0,E,BD
00:52:00,Thursday,KIPLING STATION,5,10,E,BD
01:10:00,Thursday,BROADVIEW STATION,3,8,E,BD
01:40:00,Thursday,MUSEUM STATION,8,13,N,YU
08:46:00,Thursday,SHEPPARD-YONGE STATION,0,0,E,SHP
09:55:00,Thursday,BESSARION STATION,0,0,E,SHP
09:56:00,Thursday,BESSARION STATION,4,11,E,SHP
11:46:00,Thursday,SHEPPARD-YONGE STATION,0,0,W,SHP
13:32:00,Thursday,SHEPPARD-YONGE STATION,0,0,E,SHP
13:34:00,Thursday,SHEPPARD-YONGE STATION,0,0,E,SHP
13:42:00,Thursday,LESLIE STATION,9,16,E,SHP
14:09:00,Thursday,LESLIE STATION,6,13,E,SHP
14:30:00,Thursday,SHEPPARD-YONGE STATION,7,14,W,SHP
22:31:00,Thursday,DON MILLS STATION,17,21,E,SHP
02:03:00,Friday,BATHURST STATION,0,0,E,BD
05:50:00,Friday,SUMMERHILL STATION,5,0,S,YU
06:22:00,Friday,GREENWOOD STATION,0,0,E,BD
06:31:00,Friday,WARDEN STATION,0,0,E,BD
07:12:00,Friday,DAVISVILLE STATION,0,0,N,YU
07:35:00,Friday,GREENWOOD STATION,0,0,E,BD
07:35:00,Friday,ROSEDALE STATION,0,0,S,YU
07:53:00,Friday,VICTORIA PARK STATION,2,4,W,BD
07:58:00,Friday,YONGE BD STATION,0,0,E,BD
07:58:00,Friday,LAWRENCE STATION,4,7,S,YU
08:33:00,Friday,ST ANDREW STATION,5,7,N,YU
08:47:00,Friday,DUNDAS WEST STATION,7,9,E,BD
09:01:00,Friday,CHRISTIE STATION,9,11,E,BD
09:04:00,Friday,DAVISVILLE STATION,3,6,N,YU
09:31:00,Friday,JANE STATION,5,7,E,BD
09:59:00,Friday,NORTH YORK CTR STATION,3,7,S,YU
10:15:00,Friday,JANE STATION,5,7,E,BD
10:32:00,Friday,HIGH PARK STATION,0,0,B,BD
10:35:00,Friday,QUEEN'S PARK STATION,0,0,N,YU
10:41:00,Friday,QUEEN'S PARK STATION,0,0,N,YU
10:47:00,Friday,QUEEN'S PARK STATION,0,0,N,YU
10:50:00,Friday,QUEEN'S PARK STATION,3,7,N,YU
10:52:00,Friday,ST CLAIR STATION,3,7,N,YU
10:55:00,Friday,PAPE STATION,0,0,E,BD
11:36:00,Friday,DUNDAS WEST STATION,0,0,E,BD
11:43:00,Friday,DUNDAS STATION,0,0,N,YU
12:21:00,Friday,KING STATION,5,10,S,YU
12:39:00,Friday,QUEEN STATION,5,10,S,YU
13:23:00,Friday,DUNDAS STATION,0,0,N,YU
13:47:00,Friday,OSSINGTON STATION,5,9,W,BD
14:03:00,Friday,NORTH YORK CTR STATION,5,10,N,YU
14:16:00,Friday,CHESTER STATION,10,14,E,BD
14:39:00,Friday,LAWRENCE STATION,3,8,S,YU
14:55:00,Friday,KENNEDY BD STATION,3,6,W,BD
15:02:00,Friday,SUMMERHILL STATION,19,23,N,YU
15:21:00,Friday,ST CLAIR WEST STATION,19,23,S,YU
15:26:00,Friday,LAWRENCE WEST STATION,6,10,N,YU
15:33:00,Friday,KEELE STATION,4,7,E,BD
15:45:00,Friday,KEELE STATION,3,6,W,BD
15:47:00,Friday,PAPE STATION,3,6,E,BD
15:57:00,Friday,LAWRENCE WEST STATION,3,7,S,YU
16:52:00,Friday,SPADINA YUS STATION,0,0,S,YU
17:07:00,Friday,YORK MILLS STATION,3,7,N,YU
18:25:00,Friday,COXWELL STATION,3,7,E,BD
18:35:00,Friday,SHERBOURNE STATION,0,0,E,BD
19:09:00,Friday,KENNEDY BD STATION,0,0,E,BD
19:21:00,Friday,KENNEDY BD STATION,3,7,W,YU
20:03:00,Friday,COLLEGE STATION,5,10,N,YU
20:59:00,Friday,COLLEGE STATION,11,16,S,YU
21:02:00,Friday,HIGH PARK STATION,0,0,W,BD
21:03:00,Friday,BLOOR STATION,3,8,N,YU
21:06:00,Friday,YONGE BD STATION,0,0,E,BD
22:07:00,Friday,DAVISVILLE STATION,15,20,S,YU
00:12:00,Friday,YONGE BD STATION,0,0,W,BD
00:42:00,Friday,ROYAL YORK STATION,17,23,W,BD
02:08:00,Saturday,KIPLING STATION,0,0,E,BD
05:50:00,Saturday,ISLINGTON STATION,5,0,E,BD
06:00:00,Saturday,VICTORIA PARK TO KENNE,0,0,B,BD
06:09:00,Saturday,UNION STATION,6,0,S,YU
06:29:00,Saturday,WELLESLEY STATION,0,0,S,YU
07:24:00,Saturday,VAUGHAN MC STATION,6,12,S,YU
07:58:00,Saturday,SHERBOURNE STATION,0,0,E,BD
08:46:00,Saturday,SPADINA BD STATION,0,0,E,BD
09:04:00,Saturday,HIGHWAY 407 STATION,14,20,N,YU
09:13:00,Saturday,PIONEER VILLAGE STATIO,10,16,N,YU
09:21:00,Saturday,VICTORIA PARK STATION,10,16,E,BD
09:25:00,Saturday,ST PATRICK STATION,0,0,S,YU
09:36:00,Saturday,WILSON STATION,20,26,S,YU
10:34:00,Saturday,PIONEER VILLAGE STATIO,3,8,N,YU
11:38:00,Saturday,COXWELL STATION,10,15,E,BD
11:56:00,Saturday,WILSON STATION,0,0,N,YU
13:03:00,Saturday,VAUGHAN MC STATION,0,0,N,YU
14:08:00,Saturday,SPADINA BD STATION,0,0,E,BD
14:35:00,Saturday,UNION STATION,3,7,N,YU
15:01:00,Saturday,ST PATRICK STATION,0,0,N,YU
15:50:00,Saturday,DUNDAS WEST STATION,0,0,W,BD
16:12:00,Saturday,EGLINTON WEST STATION,13,17,N,YU
16:41:00,Saturday,VICTORIA PARK STATION,11,16,E,BD
17:16:00,Saturday,QUEEN STATION,4,8,N,YU
18:43:00,Saturday,LAWRENCE WEST STATION,7,11,N,YU
18:52:00,Saturday,PAPE STATION,0,0,W,BD
19:28:00,Saturday,KEELE STATION,0,0,E,BD
19:35:00,Saturday,YORK MILLS STATION,0,0,N,YU
20:53:00,Saturday,QUEEN STATION,0,0,S,YU
20:57:00,Saturday,VICTORIA PARK STATION,7,14,E,BD
21:10:00,Saturday,ROSEDALE STATION,4,9,S,YU
21:13:00,Saturday,QUEEN STATION,0,0,N,YU
21:24:00,Saturday,FINCH STATION,5,10,S,YU
21:48:00,Saturday,EGLINTON STATION,3,8,S,YU
21:50:00,Saturday,WELLESLEY STATION,16,21,S,YU
22:41:00,Saturday,YORKDALE STATION,50,56,N,YU
22:53:00,Saturday,HIGH PARK STATION,0,0,W,BD
23:04:00,Saturday,BLOOR STATION,0,0,N,YU
01:10:00,Saturday,VICTORIA PARK STATION,0,0,E,BD
16:01:00,Saturday,BESSARION STATION,4,11,E,SHP
08:03:00,Sunday,SHEPPARD WEST STATION,3,0,S,YU
08:18:00,Sunday,FINCH STATION,6,12,S,YU
08:22:00,Sunday,DAVISVILLE STATION,12,0,N,YU
08:32:00,Sunday,DUPONT STATION,10,0,N,YU
08:37:00,Sunday,COLLEGE STATION,5,11,S,YU
09:02:00,Sunday,MUSEUM STATION,5,11,S,YU
09:24:00,Sunday,DAVISVILLE STATION,0,0,N,YU
09:28:00,Sunday,YONGE STATION,3,8,W,BD
09:51:00,Sunday,BAY STATION,0,0,E,BD
09:51:00,Sunday,NORTH YORK CTR STATION,0,0,S,YU
10:02:00,Sunday,DUNDAS STATION,0,0,N,YU
10:09:00,Sunday,DUNDAS WEST STATION,0,0,W,BD
10:43:00,Sunday,EGLINTON STATION,0,0,S,YU
11:35:00,Sunday,KIPLING STATION,4,9,E,BD
11:47:00,Sunday,ST GEORGE YUS STATION,5,9,N,YU
11:50:00,Sunday,FINCH STATION,5,9,S,YU
12:38:00,Sunday,LAWRENCE WEST STATION,0,0,S,YU
13:58:00,Sunday,YORK MILLS STATION,4,8,N,YU
14:22:00,Sunday,COXWELL STATION,0,0,W,BD
14:41:00,Sunday,SHEPPARD STATION,4,8,S,YU
14:44:00,Sunday,KING STATION,7,11,S,YU
15:49:00,Sunday,YORKDALE STATION,4,8,N,YU
16:07:00,Sunday,VICTORIA PARK STATION,4,8,W,BD
18:12:00,Sunday,UNION STATION,3,7,N,YU
18:56:00,Sunday,BLOOR STATION,0,0,N,YU
19:38:00,Sunday,BROADVIEW STATION,16,21,E,BD
20:14:00,Sunday,WELLESLEY STATION,0,0,S,YU
20:32:00,Sunday,DUNDAS WEST STATION,3,8,W,BD
20:40:00,Sunday,KEELE STATION,5,10,E,BD
20:58:00,Sunday,DONLANDS STATION,3,9,W,BD
21:11:00,Sunday,BLOOR STATION,3,9,N,YU
21:31:00,Sunday,YONGE BD STATION,0,0,W,BD
21:31:00,Sunday,BLOOR STATION,0,0,N,YU
22:38:00,Sunday,KIPLING STATION,3,9,E,BD
23:03:00,Sunday,ST CLAIR WEST STATION,0,0,N,YU
23:44:00,Sunday,ST CLAIR WEST STATION,0,0,S,YU
00:50:00,Sunday,DAVISVILLE STATION,0,0,S,YU
00:54:00,Sunday,PAPE STATION,0,0,E,BD
01:14:00,Sunday,NORTH YORK CTR STATION,4,10,S,YU
01:35:00,Sunday,DAVISVILLE STATION,9,0,S,YU
05:38:00,Monday,EGLINTON STATION,10,0,N,YU
05:38:00,Monday,YORK MILLS STATION,7,0,N,YU
05:50:00,Monday,FINCH STATION,4,8,S,YU
05:50:00,Monday,GREENWOOD STATION,3,6,E,BD
05:53:00,Monday,BLOOR STATION,5,0,S,YU
06:03:00,Monday,ST GEORGE YUS STATION,4,0,S,YU
06:06:00,Monday,QUEEN'S PARK STATION,4,0,S,YU
06:16:00,Monday,EGLINTON STATION,4,8,N,YU
06:18:00,Monday,GREENWOOD STATION,0,0,W,BD
06:55:00,Monday,DONLANDS STATION,3,6,W,BD
07:53:00,Monday,VICTORIA PARK STATION,3,5,W,BD
09:39:00,Monday,SHERBOURNE STATION,0,0,E,BD
10:07:00,Monday,ST GEORGE YUS STATION,0,0,N,YU
10:14:00,Monday,MUSEUM STATION,24,26,N,YU
10:19:00,Monday,PIONEER VILLAGE STATIO,0,0,S,YU
10:37:00,Monday,BLOOR STATION,0,0,N,YU
10:51:00,Monday,COLLEGE STATION,6,11,N,YU
11:03:00,Monday,BLOOR STATION,37,42,N,YU
11:05:00,Monday,YONGE BD STATION,8,12,E,BD
12:06:00,Monday,YONGE BD STATION,0,0,E,BD
12:13:00,Monday,GLENCAIRN STATION,0,0,N,YU
12:34:00,Monday,YONGE BD STATION,3,7,E,BD
13:15:00,Monday,COXWELL STATION,7,11,E,BD
13:34:00,Monday,ST GEORGE YUS STATION,6,10,S,YU
13:57:00,Monday,DAVISVILLE STATION,0,0,N,YU
13:57:00,Monday,KIPLING STATION,0,0,W,BD
14:05:00,Monday,YORK UNIVERSITY STATIO,3,8,N,YU
14:13:00,Monday,HIGHWAY 407 STATION,3,8,N,YU
14:53:00,Monday,DUNDAS STATION,26,30,N,YU
15:14:00,Monday,KING STATION,0,0,N,YU
16:06:00,Monday,YONGE BD STATION,0,0,W,BD
16:28:00,Monday,KIPLING STATION,0,0,W,BD
17:18:00,Monday,KENNEDY BD STATION,0,0,W,BD
18:06:00,Monday,BLOOR STATION,4,7,S,YU
18:39:00,Monday,EGLINTON STATION,16,19,S,YU
18:45:00,Monday,LANSDOWNE STATION,12,15,E,BD
18:48:00,Monday,DAVISVILLE STATION,3,6,S,YU
19:12:00,Monday,OSSINGTON STATION,4,8,E,BD
19:22:00,Monday,SPADINA YUS STATION,33,37,N,YU
20:10:00,Monday,QUEEN'S PARK STATION,3,6,S,YU
21:45:00,Monday,OLD MILL STATION,0,0,W,BD
21:55:00,Monday,SUMMERHILL STATION,7,13,N,YU
22:18:00,Monday,ST CLAIR STATION,3,9,N,YU
22:56:00,Monday,YORKDALE STATION,0,0,S,YU
23:00:00,Monday,LINE 1 - YONGE UNIVERS,0,0,S,YU
23:30:00,Monday,OLD MILL STATION,0,0,E,BD
00:27:00,Monday,DAVISVILLE STATION,6,12,S,YU
00:54:00,Monday,KEELE STATION,5,11,E,BD
01:37:00,Monday,KEELE STATION,0,0,E,BD
01:37:00,Monday,QUEEN'S PARK STATION,3,9,S,YU
05:13:00,Tuesday,OSSINGTON STATION,0,0,E,BD
05:40:00,Tuesday,KIPLING STATION,39,0,E,BD
05:47:00,Tuesday,KENNEDY BD STATION,4,0,W,BD
06:07:00,Tuesday,BLOOR STATION,7,0,N,YU
06:22:00,Tuesday,BLOOR STATION,7,0,S,YU
06:39:00,Tuesday,PAPE STATION,0,0,E,BD
06:44:00,Tuesday,CHRISTIE STATION,7,10,W,BD
07:57:00,Tuesday,QUEEN'S PARK STATION,6,9,S,YU
08:07:00,Tuesday,ISLINGTON STATION,3,5,E,BD
08:10:00,Tuesday,GLENCAIRN STATION,4,7,N,YU
08:25:00,Tuesday,FINCH STATION,3,6,S,YU
09:37:00,Tuesday,LAWRENCE STATION,0,0,S,YU
10:35:00,Tuesday,KENNEDY BD STATION,0,0,E,BD
11:22:00,Tuesday,KIPLING STATION,0,0,W,BD
12:10:00,Tuesday,ISLINGTON TO KEELE,0,0,B,BD
12:29:00,Tuesday,UNION STATION,3,8,N,YU
13:28:00,Tuesday,UNION STATION,5,10,S,YU
13:33:00,Tuesday,COXWELL STATION,3,7,E,BD
15:13:00,Tuesday,YONGE BD STATION,0,0,E,BD
15:31:00,Tuesday,DUNDAS STATION,0,0,N,YU
15:51:00,Tuesday,LAWRENCE STATION,9,13,N,YU
16:29:00,Tuesday,COLLEGE STATION,0,0,N,YU
16:34:00,Tuesday,DUNDAS STATION,0,0,S,YU
16:38:00,Tuesday,HIGH PARK STATION,22,25,W,BD
17:21:00,Tuesday,ST CLAIR STATION,0,0,S,YU
17:23:00,Tuesday,WILSON STATION,0,0,S,YU
18:04:00,Tuesday,ST GEORGE BD STATION,0,0,E,BD
18:47:00,Tuesday,SHERBOURNE STATION,9,12,E,BD
19:11:00,Tuesday,SPADINA BD STATION,0,0,E,BD
19:20:00,Tuesday,DUNDAS STATION,0,0,N,YU
21:30:00,Tuesday,KING STATION,0,0,S,YU
23:18:00,Tuesday,WARDEN STATION,5,10,W,BD
23:52:00,Tuesday,KENNEDY BD STATION,0,0,E,BD
00:32:00,Tuesday,WOODBINE STATION,0,0,W,BD
05:40:00,Wednesday,KENNEDY BD STATION,5,0,W,BD
05:47:00,Wednesday,KIPLING STATION,7,14,W,BD
05:49:00,Wednesday,VICTORIA PARK STATION,0,0,W,BD
06:01:00,Wednesday,ST GEORGE YUS STATION,4,0,S,YU
06:07:00,Wednesday,MUSEUM STATION,3,6,S,YU
06:24:00,Wednesday,WARDEN STATION,5,8,E,BD
06:26:00,Wednesday,WARDEN STATION,4,7,E,BD
07:35:00,Wednesday,OLD MILL STATION,0,0,W,BD
07:40:00,Wednesday,WARDEN STATION,0,0,W,BD
07:59:00,Wednesday,GREENWOOD STATION,15,18,W,BD
08:23:00,Wednesday,LAWRENCE STATION,3,6,S,YU
09:01:00,Wednesday,BLOOR STATION,4,7,S,YU
09:02:00,Wednesday,PAPE STATION,5,8,E,BD
09:52:00,Wednesday,UNION STATION,3,6,N,YU
10:43:00,Wednesday,GREENWOOD STATION,4,8,E,BD
10:44:00,Wednesday,KIPLING STATION,0,0,W,BD
11:12:00,Wednesday,FINCH STATION,3,8,S,YU
11:18:00,Wednesday,ST CLAIR STATION,0,0,N,YU
11:45:00,Wednesday,COXWELL STATION,4,8,W,BD
13:17:00,Wednesday,COXWELL STATION,3,7,E,BD
13:53:00,Wednesday,SUMMERHILL STATION,0,0,N,YU
14:15:00,Wednesday,LANSDOWNE STATION,5,9,E,BD
14:29:00,Wednesday,BATHURST STATION,0,0,E,BD
15:04:00,Wednesday,YONGE BD STATION,5,9,E,BD
16:25:00,Wednesday,KENNEDY BD STATION,3,6,W,BD
17:08:00,Wednesday,ST CLAIR WEST STATION,5,8,N,YU
17:10:00,Wednesday,OSGOODE STATION,3,6,N,YU
17:58:00,Wednesday,KIPLING STATION,3,6,E,BD
18:51:00,Wednesday,DAVISVILLE STATION,3,6,N,YU
18:52:00,Wednesday,WOODBINE STATION,3,6,E,BD
19:04:00,Wednesday,ST CLAIR STATION,0,0,N,YU
19:32:00,Wednesday,DAVISVILLE BUILD UP,0,0,S,YU
19:34:00,Wednesday,KENNEDY BD STATION,5,10,W,BD
19:34:00,Wednesday,KIPLING STATION,4,8,E,BD
20:04:00,Wednesday,KENNEDY BD STATION,0,0,E,BD
20:28:00,Wednesday,DUPONT STATION,3,6,N,YU
20:42:00,Wednesday,KENNEDY BD STATION,0,0,W,BD
20:48:00,Wednesday,SHERBOURNE STATION,0,0,E,BD
20:53:00,Wednesday,SHERBOURNE STATION,5,10,E,BD
20:55:00,Wednesday,SHEPPARD WEST STATION,8,13,S,YU
21:08:00,Wednesday,EGLINTON WEST STATION,5,11,N,YU
21:29:00,Wednesday,BLOOR STATION,0,0,S,YU
22:00:00,Wednesday,YONGE-UNIVERSITY AND B,0,0,B,YU/BD
22:14:00,Wednesday,BATHURST STATION,0,0,W,BD
22:36:00,Wednesday,YORK UNIVERSITY STATIO,0,0,N,YU
23:01:00,Wednesday,WOODBINE STATION,0,0,W,BD
23:15:00,Wednesday,BATHURST STATION,0,0,W,BD
23:46:00,Wednesday,HIGHWAY 407 STATION,0,0,S,YU
00:30:00,Wednesday,SHEPPARD WEST STATION,6,12,S,YU
01:51:00,Wednesday,PAPE STATION,0,0,W,BD
07:32:00,Wednesday,BESSARION STATION,0,0,W,SHP
02:39:00,Thursday,DOWNSVIEW PARK STATION,6,0,N,YU
05:48:00,Thursday,KENNEDY BD STATION,5,10,W,BD
06:03:00,Thursday,EGLINTON WEST STATION,5,0,S,YU
06:06:00,Thursday,KENNEDY BD STATION,11,14,E,BD
06:15:00,Thursday,MUSEUM STATION,7,0,N,YU
06:47:00,Thursday,WILSON STATION,3,8,S,YU
07:19:00,Thursday,KIPLING STATION,3,6,W,BD
07:22:00,Thursday,GREENWOOD STATION,4,7,E,BD
08:06:00,Thursday,KEELE STATION,0,0,E,BD
08:57:00,Thursday,BATHURST STATION,3,6,W,BD
09:07:00,Thursday,ISLINGTON STATION,3,7,W,BD
09:09:00,Thursday,KEELE STATION,0,0,E,BD
09:50:00,Thursday,GREENWOOD STATION,4,8,W,BD
10:22:00,Thursday,GREENWOOD WYE,0,0,E,BD
10:30:00,Thursday,ROYAL YORK STATION,0,0,E,BD
11:12:00,Thursday,ST ANDREW STATION,3,8,N,YU
11:34:00,Thursday,ROSEDALE STATION,8,13,S,YU
11:51:00,Thursday,ST CLAIR WEST STATION,0,0,N,YU
12:00:00,Thursday,ST ANDREW STATION,0,0,S,YU
13:56:00,Thursday,SUMMERHILL STATION,5,10,S,YU
14:11:00,Thursday,SPADINA YUS STATION,0,0,N,YU
14:16:00,Thursday,EGLINTON WEST STATION,4,9,N,YU
14:33:00,Thursday,MAIN STREET STATION,4,8,W,BD
14:52:00,Thursday,COXWELL STATION,0,0,E,BD
15:28:00,Thursday,BLOOR STATION,0,0,S,YU
16:00:00,Thursday,ST PATRICK STATION,8,12,N,YU
16:14:00,Thursday,YONGE BD STATION,3,6,E,BD
16:25:00,Thursday,YORKDALE STATION,17,20,N,YU
16:41:00,Thursday,QUEEN STATION,0,0,S,YU
17:00:00,Thursday,YORKDALE STATION,3,7,N,YU
17:30:00,Thursday,EGLINTON WEST STATION,0,0,N,YU
19:12:00,Thursday,BLOOR STATION,0,0,S,YU
19:25:00,Thursday,WELLESLEY STATION,15,20,S,YU
19:41:00,Thursday,LAWRENCE WEST STATION,7,11,N,YU
21:56:00,Thursday,SHERBOURNE STATION,18,23,E,BD
22:18:00,Thursday,YONGE BD STATION,0,0,E,BD
22:26:00,Thursday,DUFFERIN STATION,0,0,W,BD
23:08:00,Thursday,SHERBOURNE STATION,6,11,E,BD
00:03:00,Thursday,SHERBOURNE STATION,8,13,E,BD
06:28:00,Friday,WILSON STATION,8,0,N,YU
06:49:00,Friday,KENNEDY BD STATION,0,0,W,BD
06:53:00,Friday,PIONEER VILLAGE STATIO,0,0,S,YU
06:59:00,Friday,KENNEDY BD STATION,0,0,W,BD
07:00:00,Friday,KEELE STATION,0,0,W,BD
07:07:00,Friday,GREENWOOD STATION,0,0,E,BD
07:10:00,Friday,KENNEDY BD STATION,0,0,W,BD
07:46:00,Friday,SHEPPARD STATION,4,6,S,YU
08:16:00,Friday,EGLINTON TO LAWRENCE,16,21,N,YU
08:19:00,Friday,ST CLAIR WEST STATION,3,6,S,YU
08:28:00,Friday,DUPONT STATION,7,10,S,YU
09:27:00,Friday,CHESTER STATION,7,10,E,BD
09:35:00,Friday,CHESTER STATION,3,6,W,BD
09:49:00,Friday,OLD MILL STATION,0,0,W,BD
10:12:00,Friday,DUPONT STATION,0,0,N,YU
11:09:00,Friday,GREENWOOD STATION,0,0,W,BD
11:37:00,Friday,JANE STATION,3,7,E,BD
11:40:00,Friday,JANE STATION,0,0,E,BD
11:45:00,Friday,ST PATRICK STATION,7,12,S,YU
12:11:00,Friday,EGLINTON STATION,3,8,S,YU
12:19:00,Friday,DUFFERIN STATION,0,0,W,BD
15:36:00,Friday,YORK MILLS STATION,12,16,S,YU
15:48:00,Friday,YORK MILLS STATION,3,7,S,YU
15:56:00,Friday,BROADVIEW STATION,0,0,E,BD
16:46:00,Friday,BROADVIEW STATION,0,0,W,BD
16:57:00,Friday,ROSEDALE STATION,21,25,S,YU
17:01:00,Friday,DAVISVILLE STATION,3,6,S,YU
17:50:00,Friday,DUNDAS STATION,0,0,S,YU
18:02:00,Friday,YONGE BD STATION,0,0,E,BD
19:19:00,Friday,COXWELL STATION,5,9,W,BD
19:23:00,Friday,ST ANDREW STATION,3,7,N,YU
19:27:00,Friday,RUNNYMEDE STATION,3,7,E,BD
19:54:00,Friday,EGLINTON WEST STATION,7,11,N,YU
20:42:00,Friday,LAWRENCE STATION,3,7,S,YU
22:25:00,Friday,BLOOR STATION,5,9,S,YU
22:48:00,Friday,EGLINTON STATION,0,0,N,YU
23:57:00,Friday,CHRISTIE STATION,0,0,W,BD
00:13:00,Friday,CHRISTIE STATION,0,0,W,BD
00:38:00,Friday,KIPLING STATION,0,0,W,BD
00:56:00,Friday,FINCH STATION,0,0,S,YU
16:12:00,Friday,SHEPPARD-YONGE STATION,0,0,E,SHP
22:13:00,Friday,DON MILLS STATION,11,18,W,SHP
06:17:00,Saturday,DUNDAS STATION,0,0,S,YU
06:46:00,Saturday,WILSON STATION,12,0,N,YU
07:48:00,Saturday,OSSINGTON STATION,0,0,W,BD
08:01:00,Saturday,DUNDAS STATION,0,0,N,YU
10:12:00,Saturday,LANSDOWNE STATION,0,0,E,BD
10:50:00,Saturday,OSGOODE STATION,4,8,S,YU
10:51:00,Saturday,MAIN STREET STATION,0,0,W,BD
10:52:00,Saturday,WILSON STATION,0,0,W,YU
10:57:00,Saturday,COXWELL STATION,4,9,W,BD
12:05:00,Saturday,EGLINTON STATION,3,7,N,YU
12:30:00,Saturday,CHESTER STATION,4,9,E,BD
14:12:00,Saturday,BLOOR STATION,4,8,S,YU
14:30:00,Saturday,ROSEDALE STATION,0,0,S,YU
14:33:00,Saturday,QUEEN STATION,0,0,S,YU
15:31:00,Saturday,ST GEORGE YUS STATION,5,9,S,YU
17:06:00,Saturday,KENNEDY BD STATION,0,0,W,BD
17:29:00,Saturday,BATHURST STATION,0,0,E,BD
17:30:00,Saturday,SUMMERHILL STATION TO,15,19,S,YU
18:02:00,Saturday,RUNNYMEDE STATION,3,7,W,BD
18:06:00,Saturday,DUNDAS WEST STATION,3,7,W,BD
18:20:00,Saturday,KENNEDY BD STATION,3,8,E,BD
18:28:00,Saturday,COXWELL STATION,0,0,E,BD
18:34:00,Saturday,DOWNSVIEW PARK STATION,20,25,N,YU
18:36:00,Saturday,COXWELL STATION,0,0,W,BD
18:40:00,Saturday,BLOOR STATION,4,9,S,YU
18:44:00,Saturday,KEELE STATION,0,0,W,BD
19:00:00,Saturday,COLLEGE STATION,0,0,N,YU
19:28:00,Saturday,DUPONT STATION,15,20,S,YU
20:00:00,Saturday,MAIN STREET STATION,14,19,E,BD
20:14:00,Saturday,KENNEDY BD STATION,6,11,E,BD
20:20:00,Saturday,FINCH STATION,5,10,S,YU
22:32:00,Saturday,WELLESLEY STATION,0,0,S,YU
23:07:00,Saturday,BATHURST STATION,8,14,W,BD
23:11:00,Saturday,LAWRENCE STATION,19,24,N,YU
23:48:00,Saturday,DUNDAS STATION,51,56,S,YU
23:50:00,Saturday,BLOOR STATION,6,12,S,YU
23:53:00,Saturday,YORK MILLS STATION,0,0,N,YU
00:04:00,Saturday,KING STATION,0,0,N,YU
00:18:00,Saturday,KEELE STATION,6,12,E,BD
00:43:00,Saturday,BLOOR STATION,3,9,N,YU
00:43:00,Saturday,DUNDAS STATION,0,0,N,YU
00:51:00,Saturday,DUNDAS STATION,0,0,E,YU
00:58:00,Saturday,UNION STATION,0,0,N,YU
07:59:00,Sunday,KIPLING STATION,0,0,W,BD
08:06:00,Sunday,SHEPPARD WEST STATION,4,0,N,YU
08:11:00,Sunday,GREENWOOD STATION,0,0,E,BD
08:56:00,Sunday,WILSON STATION,12,0,N,YU
10:13:00,Sunday,WELLESLEY STATION,3,9,S,YU
11:21:00,Sunday,WOODBINE STATION,0,0,E,BD
11:31:00,Sunday,WARDEN STATION,0,0,E,BD
11:41:00,Sunday,VICTORIA PARK STATION,0,0,E,BD
11:45:00,Sunday,YORK UNIVERSITY STATIO,0,0,N,YU
11:56:00,Sunday,VICTORIA PARK STATION,0,0,E,BD
12:03:00,Sunday,ST GEORGE BD STATION,0,0,W,BD
12:04:00,Sunday,WELLESLEY STATION,4,8,N,YU
12:36:00,Sunday,COXWELL STATION,5,9,W,BD
13:05:00,Sunday,KENNEDY BD STATION,0,0,W,BD
13:51:00,Sunday,CHESTER STATION,0,0,E,BD
14:35:00,Sunday,ROSEDALE STATION,0,0,N,YU
14:40:00,Sunday,BLOOR STATION,0,0,N,YU
14:41:00,Sunday,YONGE BD STATION,0,0,W,BD
15:34:00,Sunday,DUNDAS STATION,0,0,S,YU
15:40:00,Sunday,BATHURST STATION,3,8,W,BD
17:24:00,Sunday,BLOOR STATION,0,0,N,YU
18:11:00,Sunday,KEELE STATION,0,0,W,BD
18:50:00,Sunday,SHERBOURNE STATION,4,10,E,BD
18:52:00,Sunday,YORK UNIVERSITY STATIO,6,10,N,YU
19:12:00,Sunday,ROSEDALE STATION,4,10,S,YU
19:25:00,Sunday,HIGH PARK STATION,0,0,W,BD
20:00:00,Sunday,SHERBOURNE STATION,4,9,W,BD
20:34:00,Sunday,NORTH YORK CTR STATION,6,12,S,YU
20:35:00,Sunday,DUNDAS STATION,4,10,N,YU
22:04:00,Sunday,KENNEDY BD STATION,4,10,W,BD
23:41:00,Sunday,VICTORIA PARK STATION,0,0,W,BD
00:48:00,Sunday,ST GEORGE BD STATION,0,0,W,BD
20:49:00,Sunday,LESLIE STATION,0,0,E,SHP
02:02:00,Monday,WARDEN STATION,0,0,W,BD
05:24:00,Monday,GREENWOOD STATION,0,0,W,BD
05:44:00,Monday,JANE TO OLD MILL,10,0,W,BD
05:54:00,Monday,YONGE STATION,3,5,W,BD
05:59:00,Monday,KING STATION,5,0,S,YU
06:41:00,Monday,OLD MILL STATION,0,0,W,BD
06:55:00,Monday,GREENWOOD STATION,4,6,W,BD
07:34:00,Monday,OLD MILL STATION,4,7,W,BD
07:49:00,Monday,ISLINGTON STATION,0,0,E,BD
07:55:00,Monday,MAIN STREET STATION,0,0,W,BD
08:12:00,Monday,MAIN STREET STATION,0,0,W,BD
08:13:00,Monday,VICTORIA PARK STATION,0,0,W,BD
08:17:00,Monday,GREENWOOD STATION,7,9,W,BD
08:25:00,Monday,KEELE STATION,7,9,W,BD
08:26:00,Monday,PAPE STATION,0,0,W,BD
10:32:00,Monday,GREENWOOD YARD,0,0,E,BD
12:04:00,Monday,SPADINA YUS STATION,31,36,N,YU
12:07:00,Monday,SPADINA BD STATION,31,36,E,BD
12:39:00,Monday,YORKDALE STATION,45,49,S,YU
13:24:00,Monday,KIPLING STATION,0,0,E,BD
13:26:00,Monday,MAIN STREET STATION,7,11,E,BD
13:40:00,Monday,ISLINGTON STATION,4,8,E,BD
13:44:00,Monday,KIPLING STATION,0,0,W,BD
13:45:00,Monday,OLD MILL STATION,0,0,W,BD
13:49:00,Monday,EGLINTON STATION,0,0,N,YU
13:56:00,Monday,OLD MILL STATION,0,0,W,BD
13:56:00,Monday,WARDEN STATION,0,0,E,BD
14:15:00,Monday,VICTORIA PARK STATION,0,0,E,BD
14:20:00,Monday,KING STATION,0,0,N,YU
14:28:00,Monday,JANE STATION,0,0,W,BD
14:32:00,Monday,OLD MILL STATION,0,0,W,BD
14:38:00,Monday,FINCH STATION,4,8,N,YU
15:00:00,Monday,COXWELL STATION,4,8,W,BD
15:19:00,Monday,BLOOR STATION,0,0,S,YU
15:31:00,Monday,KENNEDY BD STATION,3,6,W,BD
16:06:00,Monday,WARDEN STATION,0,0,E,BD
16:09:00,Monday,VICTORIA PARK STATION,0,0,W,BD
16:13:00,Monday,VICTORIA PARK STATION,5,8,W,BD
16:23:00,Monday,WELLESLEY STATION,0,0,N,YU
16:24:00,Monday,MAIN STREET STATION,0,0,W,BD
16:26:00,Monday,OLD MILL STATION,0,0,W,BD
17:18:00,Monday,WARDEN STATION,6,9,E,BD
17:43:00,Monday,OLD MILL STATION,0,0,W,BD
18:09:00,Monday,KENNEDY BD STATION,0,0,W,BD
18:30:00,Monday,KEELE STATION,0,0,W,BD
18:31:00,Monday,OLD MILL STATION,0,0,W,BD
19:41:00,Monday,BLOOR STATION,0,0,N,YU
22:26:00,Monday,OLD MILL STATION,0,0,W,BD
22:57:00,Monday,QUEEN'S PARK STATION,6,11,S,YU
23:04:00,Monday,ST GEORGE YUS STATION,8,13,S,YU
23:32:00,Monday,SUMMERHILL STATION,0,0,N,YU
00:38:00,Monday,WARDEN STATION,0,0,E,BD
00:45:00,Monday,VICTORIA PARK STATION,0,0,E,BD
00:56:00,Monday,WARDEN STATION,0,0,E,BD
02:14:00,Tuesday,ST GEORGE YUS STATION,0,0,N,YU
05:50:00,Tuesday,KEELE STATION,0,0,W,BD
05:50:00,Tuesday,WILSON STATION,7,0,S,YU
06:13:00,Tuesday,FINCH STATION,0,0,S,YU
06:15:00,Tuesday,NORTH YORK CTR STATION,4,8,S,YU
06:24:00,Tuesday,DONLANDS STATION,0,0,W,BD
06:45:00,Tuesday,EGLINTON STATION,6,0,N,YU
06:58:00,Tuesday,GREENWOOD STATION,3,5,E,BD
07:53:00,Tuesday,CHRISTIE STATION,3,6,E,BD
07:56:00,Tuesday,COLLEGE STATION,0,0,N,YU
09:10:00,Tuesday,KENNEDY BD STATION,0,0,W,BD
09:19:00,Tuesday,CHESTER STATION,5,7,E,BD
09:58:00,Tuesday,BROADVIEW STATION,0,0,W,BD
10:24:00,Tuesday,COXWELL STATION,4,8,E,BD
10:29:00,Tuesday,YONGE BD STATION,0,0,E,BD
10:33:00,Tuesday,DAVISVILLE STATION,0,0,N,YU
11:19:00,Tuesday,QUEEN'S PARK STATION,0,0,S,YU
12:35:00,Tuesday,CASTLE FRANK STATION,0,0,E,BD
12:50:00,Tuesday,KIPLING STATION,4,8,E,BD
13:22:00,Tuesday,DUNDAS STATION,3,7,N,YU
13:25:00,Tuesday,BLOOR STATION,4,8,N,YU
13:40:00,Tuesday,UNION STATION,0,0,N,YU
14:25:00,Tuesday,GREENWOOD STATION,22,26,E,BD
14:56:00,Tuesday,SHERBOURNE STATION,0,0,W,BD
15:09:00,Tuesday,COXWELL STATION,8,12,W,BD
15:35:00,Tuesday,FINCH STATION,4,8,S,YU
15:39:00,Tuesday,KEELE STATION,60,63,W,BD
16:04:00,Tuesday,ROYAL YORK STATION,10,13,W,BD
16:13:00,Tuesday,DUNDAS WEST STATION,0,0,W,BD
16:17:00,Tuesday,OSSINGTON STATION,4,8,W,BD
16:39:00,Tuesday,MAIN STREET STATION,8,11,W,BD
16:48:00,Tuesday,SHERBOURNE STATION,0,0,E,BD
17:27:00,Tuesday,KENNEDY BD STATION,3,6,W,BD
18:00:00,Tuesday,YORK MILLS STATION,4,7,S,YU
18:07:00,Tuesday,KENNEDY BD STATION,4,8,E,BD
18:13:00,Tuesday,PAPE STATION,0,0,E,BD
18:30:00,Tuesday,WILSON STATION APPROAC,4,7,N,YU
18:47:00,Tuesday,COXWELL STATION,5,9,W,BD
19:34:00,Tuesday,KENNEDY BD STATION,3,8,W,BD
19:36:00,Tuesday,KENNEDY BD STATION,3,6,W,BD
21:15:00,Tuesday,QUEEN'S PARK STATION,8,12,S,YU
21:18:00,Tuesday,ST GEORGE YUS STATION,40,44,N,YU
21:36:00,Tuesday,KING STATION,0,0,N,YU
21:38:00,Tuesday,COLLEGE STATION,0,0,N,YU
21:56:00,Tuesday,BATHURST STATION,11,16,E,BD
22:13:00,Tuesday,DUFFERIN STATION,3,8,W,BD
22:17:00,Tuesday,ST CLAIR STATION,3,7,S,YU
23:37:00,Tuesday,KIPLING STATION,6,11,E,BD
00:40:00,Tuesday,BLOOR STATION,0,0,S,YU
00:54:00,Tuesday,KIPLING STATION,8,14,E,BD
01:02:00,Tuesday,GREENWOOD STATION,0,0,E,BD
01:09:00,Tuesday,CHESTER STATION,0,0,E,BD
01:23:00,Tuesday,PAPE STATION,20,26,E,BD
01:54:00,Tuesday,YORK MILLS STATION,9,15,N,YU
10:48:00,Tuesday,SHEPPARD-YONGE STATION,4,11,W,SHP
02:07:00,Wednesday,KENNEDY BD STATION,34,40,E,BD
05:47:00,Wednesday,KIPLING STATION,7,14,E,BD
05:51:00,Wednesday,WILSON STATION,9,0,N,YU
06:29:00,Wednesday,KIPLING STATION,9,12,E,BD
06:41:00,Wednesday,VAUGHAN MC STATION,0,0,S,YU
06:43:00,Wednesday,HIGHWAY 407 STATION,5,10,S,YU
06:46:00,Wednesday,DUNDAS STATION,0,0,S,YU
07:33:00,Wednesday,ST GEORGE BD STATION,0,0,W,BD
07:59:00,Wednesday,OLD MILL STATION,0,0,E,BD
08:00:00,Wednesday,EGLINTON STATION,0,0,S,YU
08:23:00,Wednesday,KIPLING STATION,3,6,E,BD
09:04:00,Wednesday,LAWRENCE STATION,0,0,S,YU
09:10:00,Wednesday,OLD MILL STATION,7,10,W,BD
09:51:00,Wednesday,GREENWOOD STATION,10,13,E,BD
11:41:00,Wednesday,BROADVIEW STATION,0,0,E,BD
11:45:00,Wednesday,DAVISVILLE STATION,0,0,N,YU
11:59:00,Wednesday,UNION STATION,11,16,S,YU
12:06:00,Wednesday,FINCH STATION,5,10,N,YU
12:07:00,Wednesday,EGLINTON STATION,3,8,S,YU
12:47:00,Wednesday,JANE TO OLD MILL,0,0,W,BD
12:55:00,Wednesday,BAY STATION,0,0,E,BD
13:25:00,Wednesday,RUNNYMEDE STATION,0,0,E,BD
14:12:00,Wednesday,YONGE BD STATION,0,0,W,BD
14:27:00,Wednesday,ROYAL YORK STATION,3,7,E,BD
15:00:00,Wednesday,COLLEGE STATION,0,0,N,YU
15:07:00,Wednesday,KEELE STATION,0,0,E,BD
16:04:00,Wednesday,BLOOR STATION,0,0,N,YU
16:13:00,Wednesday,KIPLING STATION,0,0,W,BD
16:19:00,Wednesday,DUNDAS STATION,0,0,S,YU
16:30:00,Wednesday,VAUGHAN MC STATION,4,8,S,YU
16:43:00,Wednesday,QUEEN'S PARK STATION,8,12,N,YU
17:26:00,Wednesday,DAVISVILLE STATION,6,9,S,YU
17:52:00,Wednesday,NORTH YORK CTR STATION,9,12,S,YU
18:13:00,Wednesday,WILSON STATION,0,0,N,YU
18:47:00,Wednesday,YONGE BD STATION,0,0,W,BD
18:58:00,Wednesday,BLOOR STATION,0,0,N,YU
19:08:00,Wednesday,EGLINTON WEST STATION,3,6,N,YU
19:37:00,Wednesday,LANSDOWNE STATION,6,10,E,BD
20:00:00,Wednesday,YORK MILLS STATION,0,0,S,YU
20:22:00,Wednesday,KING STATION,5,9,N,YU
20:42:00,Wednesday,ST GEORGE YUS STATION,0,0,N,YU
21:38:00,Wednesday,DUPONT STATION,0,0,N,YU
21:42:00,Wednesday,GLENCAIRN STATION,11,17,S,YU
21:54:00,Wednesday,KEELE STATION,0,0,W,BD
22:59:00,Wednesday,MAIN STREET STATION,0,0,W,BD
23:20:00,Wednesday,DUNDAS WEST STATION,0,0,E,BD
23:37:00,Wednesday,LAWRENCE STATION,5,11,S,YU
00:03:00,Wednesday,OSSINGTON STATION,3,8,W,BD
01:53:00,Wednesday,COXWELL STATION,5,10,E,BD
17:38:00,Wednesday,SHEPPARD-YONGE STATION,0,0,W,SHP
20:13:00,Wednesday,SHEPPARD-YONGE STATION,0,0,E,SHP
20:34:00,Wednesday,SHEPPARD-YONGE STATION,0,0,E,SHP
05:52:00,Thursday,YONGE BD STATION,5,0,W,BD
06:07:00,Thursday,UNION STATION,6,0,N,YU
06:09:00,Thursday,KENNEDY BD STATION,5,10,W,BD
06:16:00,Thursday,GREENWOOD YARD,0,0,E,BD
06:55:00,Thursday,ST GEORGE BD STATION,0,0,W,BD
07:31:00,Thursday,DOWNSVIEW PARK STATION,5,8,N,YU
07:52:00,Thursday,WOODBINE STATION,0,0,W,BD
08:06:00,Thursday,VAUGHAN MC STATION,3,6,S,YU
09:13:00,Thursday,WARDEN STATION,0,0,E,BD
09:16:00,Thursday,DUFFERIN STATION,3,6,E,BD
09:44:00,Thursday,ST GEORGE YUS STATION,0,0,N,YU
10:42:00,Thursday,BATHURST STATION,3,7,E,BD
11:42:00,Thursday,OLD MILL STATION,0,0,E,BD
12:45:00,Thursday,OLD MILL STATION,3,7,W,BD
12:47:00,Thursday,DONLANDS STATION,0,0,W,BD
12:48:00,Thursday,JANE STATION,0,0,W,BD
12:50:00,Thursday,BATHURST STATION,0,0,W,BD
13:16:00,Thursday,WILSON STATION,4,8,S,YU
13:46:00,Thursday,KEELE STATION,0,0,W,BD
13:47:00,Thursday,COLLEGE STATION,0,0,S,YU
13:58:00,Thursday,YORK UNIVERSITY STATIO,4,9,N,YU
14:05:00,Thursday,KIPLING STATION,3,7,W,BD
14:15:00,Thursday,SPADINA BD STATION,0,0,W,BD
14:30:00,Thursday,COLLEGE STATION,0,0,S,YU
15:04:00,Thursday,DUNDAS STATION,0,0,S,YU
15:07:00,Thursday,DAVISVILLE STATION,4,8,S,YU
15:10:00,Thursday,FINCH WEST STATION,0,0,S,YU
16:11:00,Thursday,DONLANDS STATION,3,6,W,BD
16:20:00,Thursday,COXWELL STATION,3,6,W,BD
16:35:00,Thursday,VAUGHAN MC STATION,29,32,N,YU
16:44:00,Thursday,FINCH WEST STATION,3,6,S,YU
16:53:00,Thursday,MAIN STREET STATION,0,0,E,BD
17:11:00,Thursday,SPADINA YUS STATION,4,7,N,YU
17:14:00,Thursday,MAIN STREET STATION,0,0,W,BD
17:32:00,Thursday,ISLINGTON STATION,0,0,W,BD
17:48:00,Thursday,ST GEORGE BD STATION,3,6,E,BD
17:51:00,Thursday,ST GEORGE BD STATION,3,6,W,BD
17:54:00,Thursday,JANE STATION,0,0,E,BD
17:56:00,Thursday,OLD MILL STATION,4,7,W,BD
18:15:00,Thursday,DUFFERIN STATION,0,0,W,BD
18:25:00,Thursday,BROADVIEW STATION,15,18,E,BD
18:46:00,Thursday,LAWRENCE WEST STATION,6,9,S,YU
18:57:00,Thursday,FINCH STATION,0,0,N,YU
19:07:00,Thursday,KENNEDY BD STATION,0,0,E,BD
19:15:00,Thursday,SHEPPARD WEST STATION,21,25,S,YU
19:47:00,Thursday,KIPLING STATION,0,0,W,BD
20:38:00,Thursday,KENNEDY BD STATION,0,0,E,BD
20:48:00,Thursday,YORKDALE STATION,16,21,S,YU
21:07:00,Thursday,JANE STATION,3,8,W,BD
21:35:00,Thursday,LANSDOWNE STATION,4,11,W,BD
22:03:00,Thursday,VICTORIA PARK STATION,0,0,W,BD
22:17:00,Thursday,MUSEUM STATION,21,27,S,YU
22:42:00,Thursday,UNION STATION,5,10,N,YU
23:52:00,Thursday,OLD MILL STATION,0,0,E,BD
00:08:00,Thursday,COLLEGE STATION,0,0,N,YU
00:27:00,Thursday,QUEEN'S PARK STATION,7,13,S,YU
00:38:00,Thursday,COLLEGE STATION,0,0,N,YU
16:32:00,Thursday,BESSARION STATION,10,17,E,SHP
06:21:00,Friday,WELLESLEY STATION,5,7,N,YU
06:34:00,Friday,BLOOR STATION,3,0,S,YU
06:58:00,Friday,QUEEN'S PARK STATION,0,0,S,YU
07:39:00,Friday,HIGH PARK STATION,0,0,W,BD
07:39:00,Friday,EGLINTON WEST STATION,4,7,N,YU
08:04:00,Friday,WILSON STATION,3,6,N,YU
08:46:00,Friday,WILSON STATION,0,0,N,YU
08:48:00,Friday,SHEPPARD WEST STATION,5,8,N,YU
09:04:00,Friday,ISLINGTON STATION,0,0,W,BD
09:15:00,Friday,JANE STATION,4,8,W,BD
09:25:00,Friday,DUNDAS WEST STATION,0,0,E,BD
12:03:00,Friday,DAVISVILLE STATION,0,0,S,YU
12:15:00,Friday,SHEPPARD STATION,0,0,S,YU
12:44:00,Friday,LAWRENCE WEST STATION,0,0,S,YU
13:20:00,Friday,MUSEUM STATION,17,22,N,YU
14:30:00,Friday,GREENWOOD STATION,0,0,W,BD
14:35:00,Friday,PAPE STATION,11,15,E,BD
14:36:00,Friday,COXWELL STATION,0,0,W,BD
15:21:00,Friday,QUEEN'S PARK STATION,0,0,N,YU
15:36:00,Friday,HIGHWAY 407 STATION,0,0,S,YU
15:48:00,Friday,KIPLING STATION,4,8,E,BD
16:08:00,Friday,PAPE STATION,0,0,E,BD
16:12:00,Friday,JANE STATION,0,0,W,BD
16:36:00,Friday,FINCH TO ST CLAIR WEST,8,12,N,YU
17:22:00,Friday,COLLEGE STATION,4,7,S,YU
17:56:00,Friday,LAWRENCE STATION,6,9,N,YU
18:03:00,Friday,VAUGHAN MC STATION,3,6,S,YU
19:06:00,Friday,RUNNYMEDE STATION,0,0,W,BD
19:50:00,Friday,CASTLE FRANK STATION,3,7,W,YU
21:15:00,Friday,SPADINA YUS STATION,3,8,S,YU
22:33:00,Friday,PAPE STATION,24,29,E,BD
23:13:00,Friday,ST GEORGE YUS STATION,5,11,N,YU
23:28:00,Friday,ST CLAIR WEST STATION,0,0,S,YU
23:28:00,Friday,ST CLAIR WEST STATION,0,0,S,YU
23:28:00,Friday,MUSEUM STATION,8,14,N,YU
00:18:00,Friday,CHRISTIE STATION,3,8,W,YU
00:18:00,Friday,CHRISTIE STATION,3,8,E,BD
13:16:00,Friday,DON MILLS STATION,3,10,W,SHP
16:09:00,Friday,DON MILLS STATION,0,0,W,SHP
17:36:00,Friday,DON MILLS STATION,0,0,E,SHP
19:38:00,Friday,BAYVIEW STATION,3,10,E,SHP
05:25:00,Saturday,KENNEDY BD STATION,0,0,E,BD
05:59:00,Saturday,KIPLING STATION,5,10,E,BD
06:29:00,Saturday,GLENCAIRN STATION,15,0,N,YU
07:37:00,Saturday,SHEPPARD STATION,17,22,N,YU
09:07:00,Saturday,EGLINTON TO DAVISVILLE,0,0,S,YU
10:12:00,Saturday,WILSON STATION,12,16,S,YU
11:01:00,Saturday,GREENWOOD STATION,5,10,E,BD
12:15:00,Saturday,KING STATION,5,9,N,YU
12:52:00,Saturday,KIPLING STATION,0,0,E,BD
13:35:00,Saturday,DUNDAS STATION,0,0,N,YU
13:35:00,Saturday,ST CLAIR WEST STATION,4,8,N,YU
14:10:00,Saturday,DONLANDS STATION,0,0,W,BD
15:13:00,Saturday,ST CLAIR STATION,4,8,S,YU
15:14:00,Saturday,COXWELL STATION,0,0,E,BD
15:22:00,Saturday,SHEPPARD STATION,5,9,S,YU
16:15:00,Saturday,ST CLAIR WEST STATION,0,0,N,YU
16:44:00,Saturday,ST PATRICK STATION,4,8,S,YU
16:57:00,Saturday,SPADINA YUS STATION,6,10,N,YU
17:21:00,Saturday,ST ANDREW STATION,6,10,N,YU
17:30:00,Saturday,DONLANDS STATION,0,0,W,BD
17:35:00,Saturday,DONLANDS STATION,0,0,W,BD
17:40:00,Saturday,DONLANDS STATION,0,0,W,BD
17:55:00,Saturday,DONLANDS STATION,0,0,W,BD
18:00:00,Saturday,DONLANDS STATION,0,0,W,BD
18:37:00,Saturday,DOWNSVIEW PARK STATION,6,11,S,YU
19:00:00,Saturday,DONLANDS STATION,0,0,W,BD
19:47:00,Saturday,KING STATION,0,0,N,YU
19:49:00,Saturday,DUNDAS STATION,0,0,S,YU
21:42:00,Saturday,ROYAL YORK STATION,26,31,E,BD
22:28:00,Saturday,ISLINGTON STATION,0,0,E,BD
22:43:00,Saturday,ST CLAIR WEST STATION,5,11,S,YU
00:32:00,Saturday,COXWELL STATION,12,18,W,BD
18:39:00,Saturday,SHEPPARD-YONGE STATION,7,14,W,SHP
07:59:00,Sunday,KIPLING STATION,9,0,E,BD
08:08:00,Sunday,DAVISVILLE STATION,5,0,N,YU
08:11:00,Sunday,SUMMERHILL STATION,3,0,S,YU
08:17:00,Sunday,KEELE STATION,5,9,E,BD
08:24:00,Sunday,BLOOR STATION,9,0,N,YU
08:28:00,Sunday,DONLANDS STATION,3,7,W,BD
08:38:00,Sunday,DONLANDS STATION,3,7,W,BD
09:07:00,Sunday,DUNDAS STATION,6,12,N,YU
09:41:00,Sunday,YORKDALE STATION,0,0,S,YU
10:21:00,Sunday,DONLANDS STATION,3,7,W,BD
10:39:00,Sunday,WELLESLEY STATION,0,0,S,YU
10:57:00,Sunday,GREENWOOD STATION,0,0,W,BD
11:52:00,Sunday,HIGH PARK STATION,3,7,W,BD
12:01:00,Sunday,YONGE BD STATION,0,0,E,BD
12:12:00,Sunday,WOODBINE STATION,3,7,E,BD
12:18:00,Sunday,CASTLE FRANK STATION,6,10,W,BD
12:40:00,Sunday,YONGE BD STATION,3,7,E,BD
13:20:00,Sunday,BLOOR STATION,5,9,S,YU
13:53:00,Sunday,BROADVIEW STATION,3,7,W,BD
14:02:00,Sunday,YONGE BD STATION,0,0,E,BD
14:42:00,Sunday,KING STATION,3,7,S,YU
15:37:00,Sunday,WARDEN STATION,0,0,W,BD
16:08:00,Sunday,ST ANDREW STATION,16,20,N,YU
16:26:00,Sunday,ST ANDREW STATION,0,0,N,YU
17:02:00,Sunday,KING STATION,5,9,S,YU
17:12:00,Sunday,SHERBOURNE STATION,11,15,E,BD
17:53:00,Sunday,FINCH STATION,4,8,S,YU
18:01:00,Sunday,WELLESLEY STATION,5,9,N,YU
18:11:00,Sunday,BLOOR STATION,3,7,S,YU
20:33:00,Sunday,GREENWOOD STATION,10,15,W,BD
21:24:00,Sunday,KIPLING STATION,6,12,E,BD
22:40:00,Sunday,DAVISVILLE STATION,0,0,S,YU
22:51:00,Sunday,UNION STATION,15,21,N,YU
00:00:00,Sunday,KIPLING STATION,6,12,W,BD
01:21:00,Sunday,MUSEUM STATION,0,0,S,YU
09:06:00,Sunday,SHEPPARD-YONGE STATION,16,23,E,SHP
10:29:00,Sunday,SHEPPARD-YONGE STATION,0,0,W,SHP
11:26:00,Sunday,SHEPPARD-YONGE STATION,7,14,W,SHP
12:36:00,Sunday,SHEPPARD-YONGE STATION,4,11,E,SHP
05:28:00,Monday,BROADVIEW STATION,0,0,E,BD
06:05:00,Monday,KING STATION,5,0,S,YU
06:12:00,Monday,ISLINGTON STATION,4,6,E,BD
07:20:00,Monday,ISLINGTON STATION,6,8,E,BD
08:05:00,Monday,KENNEDY BD STATION,3,5,E,BD
08:38:00,Monday,KENNEDY BD STATION,0,0,E,BD
08:46:00,Monday,KENNEDY BD STATION,0,0,E,BD
09:01:00,Monday,ISLINGTON STATION,0,0,W,BD
09:42:00,Monday,CASTLE FRANK STATION,3,6,E,BD
09:44:00,Monday,YONGE BD STATION,0,0,E,BD
09:48:00,Monday,YONGE BD STATION,0,0,E,BD
10:09:00,Monday,KENNEDY BD STATION,4,8,W,BD
10:48:00,Monday,VICTORIA PARK STATION,0,0,W,BD
10:56:00,Monday,NORTH YORK CTR STATION,8,13,S,YU
11:03:00,Monday,KING STATION,0,0,N,YU
11:21:00,Monday,KENNEDY BD STATION,0,0,E,BD
11:28:00,Monday,HIGH PARK STATION,3,7,E,BD
11:31:00,Monday,WELLESLEY STATION,0,0,N,YU
11:46:00,Monday,HIGH PARK STATION,27,31,W,BD
12:07:00,Monday,ST CLAIR STATION,3,8,N,YU
13:21:00,Monday,DUFFERIN STATION,3,7,W,BD
13:39:00,Monday,EGLINTON STATION,0,0,S,YU
13:59:00,Monday,KENNEDY BD STATION,0,0,W,BD
14:47:00,Monday,DONLANDS STATION,0,0,E,BD
15:16:00,Monday,WILSON STATION,4,8,S,YU
15:43:00,Monday,BAY STATION,0,0,W,BD
16:18:00,Monday,UNION STATION,0,0,N,YU
16:25:00,Monday,KIPLING STATION,0,0,E,BD
17:38:00,Monday,KIPLING STATION,13,16,W,BD
17:41:00,Monday,WILSON STATION,0,0,S,YU
17:44:00,Monday,BLOOR STATION,5,8,N,YU
17:53:00,Monday,BLOOR STATION,3,5,N,YU
18:42:00,Monday,QUEEN STATION,0,0,N,YU
19:43:00,Monday,UNION STATION,5,9,N,YU
20:39:00,Monday,KENNEDY BD STATION,0,0,W,BD
20:48:00,Monday,VICTORIA PARK STATION,0,0,E,BD
20:54:00,Monday,KENNEDY BD STATION,5,10,W,BD
20:59:00,Monday,BATHURST STATION,0,0,E,BD
23:04:00,Monday,FINCH STATION,6,12,N,YU
23:05:00,Monday,BAY STATION,4,9,W,BD
23:24:00,Monday,DUPONT STATION,0,0,S,YU
00:46:00,Monday,DUNDAS STATION,0,0,S,YU
00:59:00,Monday,BLOOR STATION,0,0,S,YU
10:18:00,Monday,SHEPPARD-YONGE STATION,0,0,W,SHP
17:28:00,Monday,DON MILLS STATION,0,0,W,SHP
02:19:00,Tuesday,KENNEDY BD STATION,0,0,W,BD
05:47:00,Tuesday,CHRISTIE STATION,3,0,W,BD
06:02:00,Tuesday,DONLANDS STATION,3,5,W,BD
06:05:00,Tuesday,KING STATION,6,0,S,YU
06:08:00,Tuesday,ST CLAIR WEST STATION,6,0,S,YU
07:31:00,Tuesday,VAUGHAN MC STATION,3,5,S,YU
07:48:00,Tuesday,DUPONT STATION,0,0,S,YU
08:41:00,Tuesday,QUEEN'S PARK STATION,4,6,S,YU
08:50:00,Tuesday,SHERBOURNE STATION,0,0,W,BD
09:08:00,Tuesday,LANSDOWNE STATION,3,6,E,BD
09:11:00,Tuesday,CHRISTIE STATION,0,0,W,BD
09:11:00,Tuesday,EGLINTON STATION,0,0,S,YU
09:19:00,Tuesday,KENNEDY BD STATION,0,0,W,BD
09:26:00,Tuesday,NORTH YORK CTR STATION,20,22,N,BD
09:27:00,Tuesday,ISLINGTON STATION,0,0,W,BD
10:21:00,Tuesday,FINCH STATION,0,0,S,YU
11:26:00,Tuesday,FINCH WEST STATION,3,8,S,YU
11:29:00,Tuesday,VICTORIA PARK STATION,0,0,W,BD
11:41:00,Tuesday,WOODBINE STATION,0,0,E,BD
11:42:00,Tuesday,YORKDALE STATION,0,0,S,YU
13:52:00,Tuesday,DAVISVILLE STATION,0,0,S,YU
13:54:00,Tuesday,UNION STATION,4,9,S,YU
13:58:00,Tuesday,KEELE STATION,0,0,E,BD
14:00:00,Tuesday,ISLINGTON STATION,0,0,E,BD
14:02:00,Tuesday,KIPLING STATION,0,0,W,BD
14:07:00,Tuesday,ISLINGTON STATION,0,0,E,BD
14:20:00,Tuesday,DAVISVILLE STATION,0,0,N,YU
14:21:00,Tuesday,KIPLING STATION,0,0,W,BD
14:24:00,Tuesday,VICTORIA PARK STATION,5,9,E,BD
14:38:00,Tuesday,KENNEDY BD STATION,4,8,E,BD
14:48:00,Tuesday,SHEPPARD STATION,3,7,N,YU
15:49:00,Tuesday,DOWNSVIEW PARK STATION,0,0,N,YU
15:57:00,Tuesday,ROYAL YORK STATION,9,12,W,BD
16:27:00,Tuesday,SPADINA BD STATION,6,9,W,BD
16:35:00,Tuesday,ROYAL YORK STATION,0,0,W,BD
16:42:00,Tuesday,ST PATRICK STATION,0,0,N,YU
17:40:00,Tuesday,SHEPPARD STATION,4,7,S,YU
17:43:00,Tuesday,SHEPPARD STATION,5,8,N,YU
18:07:00,Tuesday,VAUGHAN MC STATION,0,0,S,YU
18:18:00,Tuesday,WELLESLEY STATION,0,0,S,YU
18:43:00,Tuesday,CHRISTIE STATION,3,6,W,BD
18:57:00,Tuesday,WELLESLEY STATION,0,0,S,YU
19:22:00,Tuesday,VAUGHAN MC STATION,4,8,S,YU
20:27:00,Tuesday,BROADVIEW STATION,0,0,W,BD
20:49:00,Tuesday,DUNDAS STATION,5,8,S,YU
21:17:00,Tuesday,EGLINTON STATION,6,12,N,YU
23:20:00,Tuesday,BAY STATION,0,0,E,BD
23:24:00,Tuesday,BATHURST STATION,0,0,E,BD
23:59:00,Tuesday,KIPLING STATION,0,0,W,BD
00:24:00,Tuesday,SHERBOURNE STATION,43,48,E,BD
01:15:00,Tuesday,DUFFERIN STATION,3,8,W,BD
01:37:00,Tuesday,ST GEORGE YUS STATION,0,0,N,YU
01:37:00,Tuesday,BATHURST STATION,0,0,W,BD
01:58:00,Tuesday,KENNEDY BD STATION,0,0,E,BD
04:47:00,Wednesday,SUMMERHILL STATION,0,0,N,YU
05:54:00,Wednesday,KIPLING STATION,5,10,E,BD
06:08:00,Wednesday,EGLINTON STATION,6,11,N,YU
06:09:00,Wednesday,BLOOR STATION,5,0,S,YU
06:12:00,Wednesday,ST GEORGE YUS STATION,6,0,N,YU
06:21:00,Wednesday,KEELE STATION,0,0,W,BD
06:45:00,Wednesday,WARDEN STATION,0,0,W,BD
06:55:00,Wednesday,WELLESLEY STATION,6,10,S,YU
07:46:00,Wednesday,DUNDAS WEST STATION,0,0,E,BD
07:54:00,Wednesday,ST PATRICK STATION,3,6,S,YU
08:07:00,Wednesday,WILSON STATION,13,15,S,YU
08:20:00,Wednesday,SHERBOURNE STATION,3,6,W,BD
08:57:00,Wednesday,YORKDALE STATION,0,0,N,YU
09:17:00,Wednesday,DUPONT STATION,4,9,N,YU
09:39:00,Wednesday,ST CLAIR WEST STATION,5,10,N,YU
09:42:00,Wednesday,UNION STATION,0,0,N,YU
09:44:00,Wednesday,GREENWOOD STATION,0,0,W,BD
09:57:00,Wednesday,VAUGHAN MC STATION,0,0,S,YU
10:31:00,Wednesday,EGLINTON STATION,0,0,S,YU
11:04:00,Wednesday,KENNEDY BD STATION,0,0,E,BD
11:04:00,Wednesday,SPADINA BD STATION,5,10,W,BD
12:20:00,Wednesday,WARDEN STATION,4,8,W,BD
13:01:00,Wednesday,OLD MILL STATION,6,10,E,BD
13:08:00,Wednesday,OLD MILL STATION,0,0,E,BD
13:22:00,Wednesday,QUEEN STATION,4,8,N,YU
13:53:00,Wednesday,VICTORIA PARK STATION,5,9,W,BD
14:22:00,Wednesday,ST ANDREW STATION,5,9,S,YU
14:36:00,Wednesday,KENNEDY BD STATION,3,7,E,BD
14:57:00,Wednesday,DUNDAS STATION,4,8,N,YU
15:03:00,Wednesday,WARDEN STATION,8,12,E,BD
15:32:00,Wednesday,CASTLE FRANK STATION,4,8,E,BD
15:40:00,Wednesday,BROADVIEW STATION,5,8,E,BD
16:31:00,Wednesday,PAPE STATION,0,0,E,BD
16:40:00,Wednesday,OSGOODE STATION,6,9,N,YU
18:16:00,Wednesday,PAPE STATION,6,9,E,BD
18:21:00,Wednesday,ST CLAIR WEST STATION,6,9,N,YU
18:52:00,Wednesday,SPADINA BD STATION,8,12,E,BD
19:03:00,Wednesday,BAY STATION,3,7,E,BD
19:13:00,Wednesday,KENNEDY BD STATION,0,0,E,BD
19:36:00,Wednesday,UNION STATION,4,7,N,YU
20:23:00,Wednesday,YONGE BD STATION,3,8,E,BD
20:35:00,Wednesday,ROSEDALE STATION,5,9,N,YU
20:36:00,Wednesday,BLOOR STATION,4,8,S,YU
20:51:00,Wednesday,LAWRENCE STATION,4,8,N,YU
22:00:00,Wednesday,QUEEN'S PARK STATION,3,7,N,YU
22:04:00,Wednesday,SHEPPARD WEST STATION,11,15,N,YU
22:31:00,Wednesday,BLOOR STATION,7,11,S,YU
22:47:00,Wednesday,BLOOR STATION,3,9,N,YU
22:56:00,Wednesday,BROADVIEW STATION,0,0,W,BD
23:31:00,Wednesday,DUPONT STATION,9,15,N,YU
23:45:00,Wednesday,OSGOODE STATION,20,26,S,YU
00:33:00,Wednesday,VICTORIA PARK STATION,0,0,E,BD
00:52:00,Wednesday,BLOOR STATION,15,21,S,YU
01:06:00,Wednesday,DUNDAS WEST STATION,0,0,W,BD
01:11:00,Wednesday,VAUGHAN MC STATION,6,12,S,YU
07:39:00,Wednesday,BESSARION STATION,0,0,W,SHP
06:06:00,Thursday,OLD MILL STATION,15,19,W,BD
06:15:00,Thursday,OLD MILL STATION,5,10,W,BD
07:28:00,Thursday,OLD MILL STATION,0,0,W,BD
07:42:00,Thursday,VICTORIA PARK STATION,6,9,W,BD
08:24:00,Thursday,KING STATION,0,0,N,YU
09:56:00,Thursday,VICTORIA PARK STATION,0,0,E,BD
09:59:00,Thursday,ST GEORGE YUS STATION,13,18,S,YU
10:07:00,Thursday,SHERBOURNE STATION,5,9,E,BD
10:08:00,Thursday,ST GEORGE YUS STATION,0,0,N,YU
10:39:00,Thursday,DUFFERIN STATION,0,0,E,BD
10:47:00,Thursday,COXWELL STATION,0,0,E,BD
11:08:00,Thursday,DUNDAS STATION,0,0,N,YU
11:12:00,Thursday,DUNDAS STATION,5,10,N,YU
11:22:00,Thursday,DAVISVILLE TO LAWRENCE,16,21,N,YU
13:03:00,Thursday,SHEPPARD STATION,11,16,N,YU
13:05:00,Thursday,ST GEORGE YUS STATION,24,29,S,YU
13:24:00,Thursday,WILSON STATION,5,10,N,YU
13:48:00,Thursday,ROYAL YORK STATION,0,0,E,BD
14:23:00,Thursday,EGLINTON WEST STATION,18,22,N,YU
14:28:00,Thursday,ROYAL YORK STATION,17,21,E,BD
14:43:00,Thursday,VICTORIA PARK STATION,38,42,W,BD
14:55:00,Thursday,RUNNYMEDE STATION,0,0,W,BD
14:56:00,Thursday,KIPLING STATION,0,0,E,BD
14:58:00,Thursday,DUPONT STATION,0,0,N,YU
15:01:00,Thursday,KIPLING STATION,0,0,E,BD
15:22:00,Thursday,BLOOR STATION,4,8,N,YU
15:57:00,Thursday,SHEPPARD WEST STATION,0,0,S,YU
16:13:00,Thursday,KENNEDY BD STATION,3,6,W,BD
16:40:00,Thursday,YORK MILLS STATION,3,6,S,YU
16:56:00,Thursday,KIPLING STATION,0,0,E,BD
17:02:00,Thursday,FINCH STATION,3,6,S,YU
17:15:00,Thursday,DAVISVILLE STATION,3,6,S,YU
17:15:00,Thursday,YORK MILLS STATION,0,0,N,YU
17:22:00,Thursday,EGLINTON WEST STATION,0,0,N,YU
17:27:00,Thursday,DAVISVILLE STATION,3,6,S,YU
17:39:00,Thursday,DUNDAS STATION,4,7,S,YU
17:41:00,Thursday,LAWRENCE STATION,4,7,N,YU
17:50:00,Thursday,DUNDAS STATION,10,13,S,YU
17:54:00,Thursday,SHEPPARD STATION,4,7,N,YU
17:55:00,Thursday,BLOOR STATION,3,6,N,YU
17:56:00,Thursday,PAPE STATION,3,6,E,BD
18:04:00,Thursday,YORK MILLS STATION,6,9,N,YU
18:05:00,Thursday,JANE STATION,0,0,W,BD
18:38:00,Thursday,KING STATION,3,6,N,YU
18:42:00,Thursday,YORK UNIVERSITY STATIO,0,0,N,YU
18:50:00,Thursday,LAWRENCE STATION,5,8,N,YU
18:55:00,Thursday,VICTORIA PARK STATION,0,0,E,BD
18:56:00,Thursday,YORK MILLS STATION,5,8,N,YU
19:00:00,Thursday,BLOOR STATION,3,6,S,YU
20:13:00,Thursday,SPADINA YUS STATION,0,0,S,YU
20:33:00,Thursday,COXWELL STATION,0,0,W,BD
21:53:00,Thursday,OLD MILL STATION,0,0,W,BD
22:02:00,Thursday,SPADINA BD STATION,0,0,W,BD
22:07:00,Thursday,SPADINA YUS STATION,0,0,N,YU
22:19:00,Thursday,BROADVIEW STATION,6,11,E,BD
22:47:00,Thursday,DOWNSVIEW PARK STATION,0,0,N,YU
23:42:00,Thursday,NORTH YORK CTR STATION,9,15,N,YU
23:58:00,Thursday,DONLANDS STATION,4,9,E,BD
00:20:00,Thursday,ST GEORGE YUS STATION,0,0,N,YU
01:00:00,Thursday,SHEPPARD WEST STATION,6,12,N,YU
01:10:00,Thursday,SHEPPARD WEST STATION,14,20,S,YU
01:34:00,Thursday,OSGOODE STATION,3,9,N,YU
17:11:00,Thursday,BESSARION STATION,0,0,W,SHP
02:08:00,Friday,ST PATRICK STATION,0,0,S,YU
02:22:00,Friday,SHEPPARD WEST STATION,10,16,N,YU
02:34:00,Friday,SHEPPARD WEST STATION,0,0,N,YU
05:38:00,Friday,YORK MILLS STATION,4,0,N,YU
05:47:00,Friday,KEELE STATION,3,9,W,BD
06:13:00,Friday,KENNEDY BD STATION,0,0,W,BD
07:11:00,Friday,KIPLING STATION,3,5,W,BD
08:39:00,Friday,COLLEGE STATION,4,6,S,YU
09:27:00,Friday,ST ANDREW STATION,0,0,N,YU
09:29:00,Friday,KEELE STATION,3,5,W,BD
09:44:00,Friday,KEELE STATION,0,0,E,BD
09:58:00,Friday,CHESTER STATION,0,0,W,BD
10:20:00,Friday,GREENWOOD YARD,0,0,E,BD
10:21:00,Friday,DONLANDS STATION,5,9,E,BD
11:16:00,Friday,KENNEDY BD STATION,0,0,W,BD
12:40:00,Friday,DONLANDS STATION,0,0,W,BD
12:41:00,Friday,BAY STATION,0,0,W,BD
13:13:00,Friday,NORTH YORK CTR STATION,0,0,N,YU
13:18:00,Friday,WILSON STATION,3,6,N,YU
13:36:00,Friday,KENNEDY BD STATION,3,6,W,BD
13:56:00,Friday,KEELE STATION,7,14,W,BD
14:42:00,Friday,KIPLING STATION,0,0,W,BD
14:44:00,Friday,VAUGHAN MC STATION,8,12,S,YU
14:51:00,Friday,LAWRENCE STATION,11,16,N,YU
15:13:00,Friday,KENNEDY BD STATION,3,6,E,BD
15:42:00,Friday,DUNDAS WEST STATION,0,0,W,BD
15:47:00,Friday,ST CLAIR STATION,15,19,S,YU
15:51:00,Friday,WARDEN STATION,0,0,E,BD
16:01:00,Friday,VAUGHAN MC STATION,4,8,N,YU
16:15:00,Friday,ST GEORGE BD STATION,3,6,W,BD
16:28:00,Friday,EGLINTON STATION,0,0,S,YU
16:38:00,Friday,COLLEGE STATION,3,7,S,YU
16:42:00,Friday,ST GEORGE YUS STATION,0,0,S,YU
16:55:00,Friday,BATHURST STATION,3,6,E,BD
17:17:00,Friday,COXWELL STATION,4,7,W,BD
17:40:00,Friday,BLOOR STATION,9,12,N,YU
17:44:00,Friday,DONLANDS STATION,0,0,W,BD
17:52:00,Friday,WELLESLEY STATION,5,8,S,YU
18:07:00,Friday,NORTH YORK CTR STATION,3,5,S,YU
18:08:00,Friday,DUNDAS STATION,0,0,N,YU
18:13:00,Friday,SHEPPARD STATION,6,9,N,YU
18:45:00,Friday,BLOOR STATION,0,0,S,YU
18:54:00,Friday,VICTORIA PARK STATION,0,0,W,BD
21:49:00,Friday,JANE STATION,21,25,E,BD
22:01:00,Friday,PAPE STATION,3,8,E,BD
22:12:00,Friday,KIPLING STATION,0,0,W,BD
22:25:00,Friday,OSSINGTON STATION,3,8,W,BD
23:34:00,Friday,EGLINTON STATION,0,0,N,YU
00:22:00,Friday,WILSON STATION,0,0,N,YU
01:23:00,Friday,SUMMERHILL STATION,24,30,S,YU
01:24:00,Friday,NORTH YORK CTR STATION,4,9,N,YU
01:26:00,Friday,EGLINTON STATION,10,16,N,YU
23:22:00,Friday,SHEPPARD-YONGE STATION,18,25,W,SHP
02:18:00,Saturday,KENNEDY BD STATION,0,0,W,BD
05:49:00,Saturday,EGLINTON STATION,5,0,N,YU
05:57:00,Saturday,VAUGHAN MC STATION,0,0,S,YU
05:58:00,Saturday,ST CLAIR STATION,3,0,S,YU
06:05:00,Saturday,HIGHWAY 407 STATION,6,12,S,YU
06:08:00,Saturday,KENNEDY BD STATION,0,0,W,BD
06:34:00,Saturday,KIPLING STATION,0,0,E,BD
08:29:00,Saturday,QUEEN STATION,0,0,S,YU
09:48:00,Saturday,BROADVIEW STATION,3,8,E,BD
11:25:00,Saturday,COLLEGE STATION,3,7,S,YU
12:10:00,Saturday,DAVISVILLE STATION,5,9,S,YU
13:09:00,Saturday,LAWRENCE STATION,0,0,N,YU
13:26:00,Saturday,MAIN STREET STATION,0,0,W,BD
13:47:00,Saturday,BATHURST STATION,0,0,E,BD
14:18:00,Saturday,KIPLING STATION,4,8,E,BD
14:39:00,Saturday,COXWELL STATION,0,0,W,BD
15:46:00,Saturday,YONGE BD STATION,4,8,W,BD
15:46:00,Saturday,KIPLING STATION,0,0,E,BD
16:33:00,Saturday,ST GEORGE BD STATION,0,0,E,BD
16:55:00,Saturday,KIPLING STATION,4,8,E,BD
16:57:00,Saturday,PAPE STATION,4,8,E,BD
18:25:00,Saturday,UNION STATION,3,7,S,YU
18:29:00,Saturday,COXWELL STATION,3,7,E,BD
18:45:00,Saturday,KENNEDY BD STATION,0,0,E,BD
19:41:00,Saturday,BLOOR STATION,0,0,S,YU
20:19:00,Saturday,WILSON SOUTH HOSTLER,13,17,S,YU
20:51:00,Saturday,KEELE STATION,4,9,E,BD
21:24:00,Saturday,BLOOR STATION,0,0,N,YU
21:29:00,Saturday,KEELE STATION,13,18,E,BD
21:50:00,Saturday,WILSON STATION,3,8,N,YU
22:04:00,Saturday,WILSON STATION,7,12,N,YU
22:09:00,Saturday,UNION STATION,3,7,N,YU
22:43:00,Saturday,NORTH YORK CTR STATION,0,0,S,YU
22:48:00,Saturday,ST CLAIR STATION,6,12,N,YU
02:32:00,Saturday,SHEPPARD-YONGE STATION,0,0,W,SHP
14:55:00,Saturday,BESSARION STATION,5,12,E,SHP
15:05:00,Saturday,DON MILLS STATION,3,10,W,SHP
02:22:00,Sunday,FINCH STATION,0,0,N,YU
02:25:00,Sunday,FINCH STATION,25,31,N,YU
08:24:00,Sunday,FINCH STATION,6,12,S,YU
08:54:00,Sunday,EGLINTON WEST STATION,0,0,S,YU
09:09:00,Sunday,WILSON STATION,4,10,S,YU
09:44:00,Sunday,DOWNSVIEW PARK STATION,0,0,S,YU
10:15:00,Sunday,KENNEDY BD STATION,0,0,E,BD
10:25:00,Sunday,ST CLAIR WEST STATION,0,0,S,YU
10:53:00,Sunday,PAPE STATION,0,0,W,BD
11:21:00,Sunday,OLD MILL STATION,3,7,E,BD
11:21:00,Sunday,YORK MILLS STATION,11,15,S,YU
11:49:00,Sunday,OSGOODE STATION,5,10,N,YU
11:58:00,Sunday,YORKDALE STATION,5,9,S,YU
12:07:00,Sunday,CHRISTIE STATION,0,0,E,BD
13:11:00,Sunday,DUNDAS STATION,13,17,N,YU
15:33:00,Sunday,SHEPPARD WEST STATION,0,0,S,YU
15:35:00,Sunday,KIPLING STATION,4,8,W,BD
15:48:00,Sunday,ST GEORGE BD STATION,6,10,W,BD
15:51:00,Sunday,ST GEORGE YUS STATION,0,0,N,YU
15:58:00,Sunday,WOODBINE STATION,0,0,W,BD
16:03:00,Sunday,LAWRENCE WEST STATION,0,0,S,YU
16:04:00,Sunday,BLOOR STATION,0,0,N,YU
16:29:00,Sunday,KING STATION,0,0,N,YU
17:43:00,Sunday,ROYAL YORK STATION,0,0,W,BD
18:25:00,Sunday,YONGE BD STATION,0,0,W,BD
18:30:00,Sunday,BLOOR STATION,0,0,S,YU
19:03:00,Sunday,BLOOR STATION,4,8,N,YU
19:53:00,Sunday,BLOOR STATION,6,10,S,YU
20:11:00,Sunday,WILSON STATION,0,0,N,YU
20:25:00,Sunday,BLOOR STATION,3,7,S,YU
20:28:00,Sunday,CASTLE FRANK STATION,29,35,W,BD
20:44:00,Sunday,KIPLING STATION,5,10,W,BD
21:00:00,Sunday,BROADVIEW STATION,0,0,E,BD
21:19:00,Sunday,OLD MILL STATION,0,0,W,BD
21:33:00,Sunday,KIPLING STATION,5,10,E,BD
22:17:00,Sunday,BAY STATION,0,0,W,BD
22:27:00,Sunday,BLOOR STATION,3,9,S,YU
23:03:00,Sunday,WILSON STATION,0,0,N,YU
01:47:00,Sunday,WILSON STATION,0,0,N,YU
02:05:00,Monday,MAIN STREET STATION,0,0,W,BD
05:51:00,Monday,VAUGHAN MC STATION,3,0,S,YU
05:57:00,Monday,BAY STATION,0,0,W,BD
05:59:00,Monday,KING STATION,4,0,S,YU
06:14:00,Monday,SHEPPARD WEST STATION,4,10,N,YU
06:25:00,Monday,KIPLING STATION,5,10,E,BD
06:50:00,Monday,HIGHWAY 407 STATION,5,10,S,YU
06:59:00,Monday,YORK UNIVERSITY STATIO,5,10,S,YU
07:03:00,Monday,KIPLING STATION,0,0,E,BD
08:58:00,Monday,DUFFERIN STATION,0,0,E,BD
09:06:00,Monday,ST GEORGE BD STATION,0,0,W,BD
09:10:00,Monday,UNION STATION,10,12,N,YU
09:51:00,Monday,EGLINTON STATION,4,9,N,YU
10:30:00,Monday,ST CLAIR STATION,0,0,S,YU
10:33:00,Monday,KIPLING STATION,6,10,W,BD
10:54:00,Monday,KIPLING STATION,15,19,W,BD
11:41:00,Monday,EGLINTON WEST STATION,0,0,N,YU
11:43:00,Monday,DUNDAS WEST STATION,0,0,E,BD
13:08:00,Monday,SUMMERHILL STATION,6,10,S,YU
13:11:00,Monday,WILSON STATION,8,12,S,YU
13:23:00,Monday,SHERBOURNE STATION,0,0,E,BD
13:23:00,Monday,BLOOR STATION,5,9,S,YU
13:52:00,Monday,ST CLAIR WEST STATION,0,0,S,YU
14:02:00,Monday,BLOOR STATION,4,8,N,YU
15:00:00,Monday,LAWRENCE WEST STATION,8,12,S,YU
15:23:00,Monday,WARDEN STATION,21,25,E,BD
16:46:00,Monday,BAY STATION,8,11,W,BD
16:56:00,Monday,SHEPPARD STATION,0,0,N,YU
17:12:00,Monday,DUNDAS STATION,0,0,N,YU
17:15:00,Monday,SUMMERHILL STATION,5,8,N,YU
17:23:00,Monday,SUMMERHILL STATION,4,7,N,YU
17:30:00,Monday,SUMMERHILL STATION,5,8,S,YU
17:42:00,Monday,SUMMERHILL STATION,0,0,S,YU
17:47:00,Monday,EGLINTON WEST STATION,0,0,N,YU
18:02:00,Monday,LAWRENCE STATION,3,6,N,YU
19:15:00,Monday,DUNDAS STATION,0,0,S,YU
20:09:00,Monday,SHERBOURNE STATION,3,7,E,BD
20:50:00,Monday,BATHURST STATION,0,0,E,BD
21:08:00,Monday,RUNNYMEDE STATION,0,0,W,BD
21:17:00,Monday,KIPLING STATION,0,0,W,BD
21:23:00,Monday,ROYAL YORK STATION,0,0,W,BD
21:30:00,Monday,VICTORIA PARK STATION,0,0,E,BD
21:46:00,Monday,KING STATION,0,0,S,YU
22:11:00,Monday,UNION STATION,11,16,N,YU
22:15:00,Monday,KENNEDY BD STATION,5,10,W,BD
00:42:00,Monday,COXWELL STATION,13,19,E,BD
13:49:00,Monday,BAYVIEW STATION,7,14,E,SHP
05:30:00,Tuesday,FINCH STATION,4,8,S,YU
05:43:00,Tuesday,GREENWOOD STATION,0,0,E,BD
05:57:00,Tuesday,VAUGHAN MC STATION,3,5,S,YU
06:02:00,Tuesday,VAUGHAN MC STATION,5,7,S,YU
06:03:00,Tuesday,VICTORIA PARK STATION,0,0,E,BD
06:07:00,Tuesday,DUNDAS STATION,0,0,N,YU
06:52:00,Tuesday,DAVISVILLE STATION,0,0,S,YU
07:30:00,Tuesday,WILSON STATION,16,18,S,YU
07:49:00,Tuesday,BLOOR STATION,0,0,S,YU
07:55:00,Tuesday,SPADINA YUS STATION,4,6,S,YU
08:19:00,Tuesday,KIPLING STATION,3,6,E,BD
08:25:00,Tuesday,MAIN STREET STATION,11,14,W,BD
08:37:00,Tuesday,DAVISVILLE STATION,4,6,S,YU
08:57:00,Tuesday,ST GEORGE YUS STATION,3,5,N,YU
10:23:00,Tuesday,HIGH PARK STATION,0,0,E,BD
10:39:00,Tuesday,COXWELL STATION,8,12,W,BD
10:39:00,Tuesday,MAIN STREET STATION,0,0,W,BD
11:03:00,Tuesday,BLOOR STATION,0,0,S,YU
12:02:00,Tuesday,BLOOR STATION,0,0,S,YU
12:53:00,Tuesday,GREENWOOD STATION,0,0,W,BD
13:11:00,Tuesday,GREENWOOD STATION,5,9,E,BD
13:30:00,Tuesday,DONLANDS STATION,15,19,W,BD
14:09:00,Tuesday,BLOOR STATION,5,9,S,YU
14:30:00,Tuesday,COXWELL STATION,5,9,W,BD
14:38:00,Tuesday,SHEPPARD WEST STATION,7,12,N,YU
14:43:00,Tuesday,DUPONT STATION,0,0,S,YU
15:12:00,Tuesday,OSGOODE STATION,0,0,N,YU
15:14:00,Tuesday,FINCH WEST STATION,7,11,S,YU
15:15:00,Tuesday,SHEPPARD WEST STATION,8,13,S,YU
16:34:00,Tuesday,WELLESLEY STATION,3,7,N,YU
16:49:00,Tuesday,ST CLAIR WEST STATION,0,0,N,YU
17:40:00,Tuesday,ST GEORGE YUS STATION,0,0,N,YU
17:53:00,Tuesday,ST ANDREW STATION,0,0,S,YU
18:16:00,Tuesday,COXWELL STATION,3,7,E,BD
19:54:00,Tuesday,DAVISVILLE STATION,0,0,N,YU
21:11:00,Tuesday,BROADVIEW STATION,3,8,E,BD
23:07:00,Tuesday,FINCH STATION,6,12,S,YU
23:15:00,Tuesday,BATHURST STATION,0,0,E,BD
23:43:00,Tuesday,PAPE STATION,3,8,W,BD
01:58:00,Tuesday,KING STATION,0,0,N,YU
06:07:00,Tuesday,DON MILLS STATION,8,15,W,SHP
06:17:00,Tuesday,LESLIE STATION,7,14,W,SHP
02:14:00,Wednesday,KENNEDY BD STATION,5,10,E,BD
06:49:00,Wednesday,EGLINTON TO UNION STAT,8,0,S,YU
08:46:00,Wednesday,VICTORIA PARK STATION,5,8,W,BD
08:57:00,Wednesday,DUNDAS STATION,0,0,S,YU
09:03:00,Wednesday,FINCH STATION,0,0,S,YU
09:30:00,Wednesday,WELLESLEY STATION,4,7,N,YU
09:36:00,Wednesday,VICTORIA PARK STATION,6,10,W,BD
09:40:00,Wednesday,COXWELL STATION,3,6,W,BD
09:53:00,Wednesday,VICTORIA PARK STATION,10,14,W,BD
10:37:00,Wednesday,EGLINTON STATION,4,9,S,YU
11:11:00,Wednesday,DAVISVILLE STATION,6,11,N,YU
12:17:00,Wednesday,KENNEDY BD STATION,0,0,W,BD
13:04:00,Wednesday,BLOOR STATION,0,0,S,YU
13:05:00,Wednesday,WILSON STATION,4,8,S,YU
13:10:00,Wednesday,WELLESLEY STATION,0,0,S,YU
13:13:00,Wednesday,PAPE STATION,0,0,E,BD
13:24:00,Wednesday,COXWELL STATION,3,7,E,BD
13:28:00,Wednesday,COXWELL STATION,4,8,W,BD
14:37:00,Wednesday,HIGH PARK STATION,6,10,W,BD
15:13:00,Wednesday,ROSEDALE STATION,3,7,N,YU
15:32:00,Wednesday,FINCH STATION,0,0,S,YU
15:38:00,Wednesday,DUNDAS WEST STATION,0,0,E,BD
15:38:00,Wednesday,COXWELL STATION,4,8,W,BD
15:53:00,Wednesday,KIPLING STATION,3,6,W,BD
16:12:00,Wednesday,ST CLAIR STATION,5,8,N,YU
16:49:00,Wednesday,FINCH STATION,0,0,S,YU
17:20:00,Wednesday,OSGOODE STATION,4,8,N,YU
17:44:00,Wednesday,EGLINTON STATION,0,0,S,YU
17:49:00,Wednesday,LAWRENCE STATION,12,15,S,YU
18:08:00,Wednesday,COLLEGE STATION,5,8,S,YU
18:28:00,Wednesday,KENNEDY BD STATION,0,0,W,BD
19:04:00,Wednesday,QUEEN STATION,16,16,S,YU
19:29:00,Wednesday,ROYAL YORK STATION,6,10,W,BD
22:31:00,Wednesday,DAVISVILLE STATION,34,39,N,YU
23:02:00,Wednesday,ST GEORGE YUS STATION,7,13,N,YU
23:54:00,Wednesday,KING STATION,6,12,N,YU
00:10:00,Wednesday,FINCH STATION,6,12,S,YU
16:10:00,Wednesday,LESLIE STATION,0,0,E,SHP
20:26:00,Wednesday,DON MILLS STATION,4,11,W,SHP
06:09:00,Thursday,GREENWOOD STATION,6,11,E,BD
06:24:00,Thursday,WARDEN STATION,0,0,W,BD
06:29:00,Thursday,DONLANDS STATION,4,9,E,BD
06:40:00,Thursday,SPADINA TO WILSON STAT,12,0,N,YU
07:28:00,Thursday,YORKDALE STATION,5,8,S,YU
08:19:00,Thursday,OSGOODE STATION,0,0,N,YU
08:20:00,Thursday,OLD MILL STATION,0,0,W,BD
09:11:00,Thursday,DAVISVILLE STATION,8,11,N,YU
09:24:00,Thursday,ST PATRICK STATION,0,0,S,YU
11:35:00,Thursday,BLOOR STATION,0,0,S,YU
11:38:00,Thursday,YONGE BD STATION,0,0,W,BD
12:04:00,Thursday,SHEPPARD WEST STATION,3,9,S,YU
12:13:00,Thursday,VICTORIA PARK STATION,37,41,E,BD
12:21:00,Thursday,SHERBOURNE STATION,8,12,E,BD
12:38:00,Thursday,YORKDALE STATION,5,10,S,YU
13:20:00,Thursday,DUNDAS STATION,0,0,S,YU
13:46:00,Thursday,ST GEORGE YUS STATION,3,8,N,YU
14:03:00,Thursday,KENNEDY BD STATION,4,8,E,BD
14:17:00,Thursday,ROSEDALE STATION,4,8,N,YU
14:23:00,Thursday,ROSEDALE STATION,5,9,N,YU
15:44:00,Thursday,SUMMERHILL STATION,3,7,S,YU
15:59:00,Thursday,SHERBOURNE STATION,0,0,W,BD
16:29:00,Thursday,ST GEORGE YUS STATION,0,0,N,YU
16:43:00,Thursday,WILSON STATION,3,7,N,YU
16:49:00,Thursday,YORKDALE STATION,4,8,S,YU
17:08:00,Thursday,DAVISVILLE BUILD UP,4,8,S,YU
17:10:00,Thursday,BLOOR STATION,5,7,S,YU
17:14:00,Thursday,FINCH STATION,2,4,N,YU
17:41:00,Thursday,LANSDOWNE STATION,0,0,W,BD
17:42:00,Thursday,DUFFERIN STATION,0,0,E,BD
17:46:00,Thursday,ST CLAIR STATION,0,0,S,YU
18:28:00,Thursday,UNION STATION,3,5,N,YU
18:51:00,Thursday,SPADINA BD STATION,3,6,W,BD
18:53:00,Thursday,SHEPPARD WEST STATION,3,5,N,YU
19:48:00,Thursday,COLLEGE STATION,0,0,N,YU
19:53:00,Thursday,COLLEGE STATION,7,11,S,YU
19:57:00,Thursday,GREENWOOD STATION,5,10,W,BD
20:18:00,Thursday,KENNEDY BD STATION,0,0,W,BD
20:20:00,Thursday,SHEPPARD WEST STATION,7,9,N,YU
20:27:00,Thursday,KIPLING STATION,10,15,E,BD
21:04:00,Thursday,PAPE STATION,6,11,E,BD
21:21:00,Thursday,BLOOR STATION,4,8,S,YU
22:11:00,Thursday,DUNDAS WEST STATION,4,9,E,BD
22:16:00,Thursday,KENNEDY BD STATION,0,0,W,BD
22:44:00,Thursday,BROADVIEW STATION,10,15,W,BD
22:48:00,Thursday,DUNDAS WEST STATION,0,0,E,BD
01:51:00,Thursday,BLOOR STATION,3,9,N,YU
05:53:00,Friday,WARDEN STATION,4,9,W,BD
05:54:00,Friday,KIPLING STATION,7,14,E,BD
06:17:00,Friday,WARDEN STATION,4,9,W,BD
06:18:00,Friday,UNION STATION,7,0,S,YU
06:25:00,Friday,BAY STATION,7,12,W,BD
06:29:00,Friday,WELLESLEY STATION,0,0,N,YU
06:41:00,Friday,DONLANDS STATION,0,0,W,BD
07:23:00,Friday,COXWELL STATION,0,0,W,BD
07:26:00,Friday,DAVISVILLE STATION,3,6,N,YU
07:35:00,Friday,LANSDOWNE STATION,3,6,E,BD
09:32:00,Friday,RUNNYMEDE STATION,4,8,E,BD
09:40:00,Friday,OSSINGTON STATION,4,7,E,BD
10:05:00,Friday,WELLESLEY STATION,0,0,S,YU
10:19:00,Friday,QUEEN'S PARK STATION,0,0,N,YU
10:53:00,Friday,DUNDAS STATION,9,14,N,YU
12:58:00,Friday,BLOOR STATION,4,9,N,YU
13:06:00,Friday,BLOOR STATION,0,0,N,YU
13:33:00,Friday,WILSON STATION,0,0,S,YU
13:34:00,Friday,QUEEN'S PARK STATION,4,7,N,YU
13:48:00,Friday,SHEPPARD WEST STATION,3,7,N,YU
13:52:00,Friday,DAVISVILLE STATION,4,8,S,YU
14:30:00,Friday,WILSON STATION,6,10,N,YU
15:07:00,Friday,OSSINGTON STATION,0,0,E,BD
15:40:00,Friday,ISLINGTON STATION,10,13,E,BD
15:55:00,Friday,BLOOR STATION,0,0,N,YU
15:57:00,Friday,BLOOR STATION,4,8,N,YU
16:01:00,Friday,DONLANDS STATION,3,6,W,BD
16:01:00,Friday,DUNDAS STATION,0,0,N,YU
16:03:00,Friday,PAPE STATION,3,6,W,BD
16:20:00,Friday,FINCH STATION,3,6,S,YU
17:10:00,Friday,ST PATRICK STATION,21,24,N,YU
17:11:00,Friday,COLLEGE STATION,0,0,N,YU
17:12:00,Friday,KIPLING STATION,3,6,W,BD
17:24:00,Friday,KENNEDY BD STATION,5,10,W,BD
17:34:00,Friday,PAPE STATION,26,29,W,BD
18:35:00,Friday,MAIN STREET STATION,38,43,E,BD
19:03:00,Friday,KIPLING STATION,3,8,W,BD
19:33:00,Friday,OSGOODE STATION,0,0,N,YU
21:04:00,Friday,KENNEDY BD STATION,5,10,W,BD
22:16:00,Friday,EGLINTON STATION,7,13,N,YU
23:21:00,Friday,DAVISVILLE STATION,8,14,S,YU
23:43:00,Friday,WOODBINE STATION,0,0,W,BD
00:00:00,Friday,ST CLAIR WEST STATION,0,0,N,YU
01:44:00,Friday,KENNEDY BD STATION,0,0,W,BD
16:23:00,Friday,SHEPPARD-YONGE STATION,38,45,W,SHP
17:16:00,Friday,SHEPPARD-YONGE STATION,46,53,W,SHP
22:24:00,Friday,DON MILLS STATION,0,0,W,SHP
05:45:00,Saturday,KING STATION,6,0,N,YU
05:57:00,Saturday,KING STATION,17,23,N,YU
05:59:00,Saturday,KIPLING STATION,5,10,E,BD
06:27:00,Saturday,PAPE STATION,4,8,E,BD
09:02:00,Saturday,KEELE STATION,0,0,E,BD
09:12:00,Saturday,BLOOR STATION,3,8,S,YU
09:21:00,Saturday,KENNEDY BD STATION,4,9,W,BD
09:53:00,Saturday,SHEPPARD STATION,7,12,S,YU
11:45:00,Saturday,BROADVIEW STATION,11,15,E,BD
12:24:00,Saturday,ST CLAIR STATION,3,8,S,YU
12:32:00,Saturday,CASTLE FRANK STATION,45,49,W,BD
12:42:00,Saturday,GREENWOOD STATION,4,8,E,BD
12:50:00,Saturday,ST GEORGE BD STATION,0,0,W,BD
13:19:00,Saturday,WOODBINE STATION,0,0,E,BD
14:28:00,Saturday,DUNDAS STATION,3,7,S,YU
14:47:00,Saturday,CHRISTIE CENTRE TRACK,0,0,E,BD
14:57:00,Saturday,EGLINTON STATION,5,9,N,YU
15:58:00,Saturday,DUNDAS STATION,6,10,N,YU
16:18:00,Saturday,ROSEDALE STATION,13,17,N,YU
16:45:00,Saturday,EGLINTON WEST STATION,45,50,S,YU
16:54:00,Saturday,COXWELL STATION,4,8,E,BD
17:11:00,Saturday,KING STATION,0,0,N,YU
17:34:00,Saturday,DUNDAS STATION,0,0,S,YU
17:42:00,Saturday,ST CLAIR WEST STATION,0,0,N,YU
17:46:00,Saturday,SPADINA BD STATION,0,0,W,BD
17:58:00,Saturday,BLOOR STATION,7,11,S,YU
18:18:00,Saturday,ROSEDALE STATION,4,9,S,YU
18:21:00,Saturday,KING STATION,0,0,N,YU
18:48:00,Saturday,DAVISVILLE STATION,6,11,S,YU
19:38:00,Saturday,WELLESLEY STATION,0,0,N,YU
21:38:00,Saturday,YORK MILLS STATION,0,0,N,YU
21:51:00,Saturday,EGLINTON WEST STATION,6,0,S,YU
22:01:00,Saturday,COLLEGE STATION,34,39,N,YU
22:02:00,Saturday,DUFFERIN STATION,6,12,W,BD
22:03:00,Saturday,ST CLAIR WEST STATION,3,8,N,YU
22:48:00,Saturday,ROSEDALE STATION,0,0,N,YU
22:50:00,Saturday,BLOOR STATION,5,11,N,YU
23:13:00,Saturday,YONGE BD STATION,0,0,W,BD
00:14:00,Saturday,KIPLING STATION,6,12,E,BD
00:29:00,Saturday,LAWRENCE STATION,0,0,N,YU
00:33:00,Saturday,EGLINTON WEST STATION,0,0,N,YU
00:35:00,Saturday,LAWRENCE STATION,5,11,S,YU
10:30:00,Saturday,ISLINGTON STATION,0,0,W,SHP
21:19:00,Saturday,LESLIE STATION,7,14,W,SHP
23:59:00,Saturday,SHEPPARD-YONGE STATION,0,0,W,SHP
02:31:00,Sunday,YONGE BD STATION,0,0,W,BD
07:23:00,Sunday,KEELE STATION,5,10,W,BD
07:26:00,Sunday,KEELE STATION,5,10,W,BD
08:00:00,Sunday,ST CLAIR WEST TO KING,0,0,B,YU
08:20:00,Sunday,BLOOR STATION,6,0,S,YU
08:23:00,Sunday,DONLANDS STATION,0,0,W,BD
08:34:00,Sunday,DONLANDS STATION,4,8,W,BD
08:35:00,Sunday,YONGE BD STATION,3,7,W,BD
08:43:00,Sunday,KIPLING STATION,5,10,E,BD
08:50:00,Sunday,DONLANDS STATION,4,8,W,BD
09:22:00,Sunday,ST GEORGE BD STATION,5,9,E,BD
11:30:00,Sunday,ST CLAIR WEST STATION,0,0,S,YU
12:03:00,Sunday,DON MILLS STATION,42,49,W,SHP
12:26:00,Sunday,GLENCAIRN STATION,0,0,N,YU
12:35:00,Sunday,KING STATION,0,0,N,YU
12:43:00,Sunday,SHEPPARD STATION,0,0,N,YU
12:52:00,Sunday,NORTH YORK CTR STATION,0,0,N,YU
13:20:00,Sunday,NORTH YORK CTR STATION,4,10,S,YU
13:57:00,Sunday,DUNDAS STATION,4,10,S,YU
14:05:00,Sunday,RUNNYMEDE STATION,3,7,E,YU
14:10:00,Sunday,ST CLAIR WEST STATION,5,11,S,YU
14:15:00,Sunday,KING STATION,3,9,N,YU
14:40:00,Sunday,YORK MILLS STATION,11,17,S,YU
14:41:00,Sunday,EGLINTON STATION,5,11,N,YU
14:55:00,Sunday,YORK MILLS STATION,6,12,S,YU
15:53:00,Sunday,EGLINTON WEST STATION,0,0,S,YU
16:51:00,Sunday,ST CLAIR WEST STATION,0,0,N,YU
17:11:00,Sunday,VAUGHAN MC STATION,6,12,N,YU
17:32:00,Sunday,FINCH STATION,6,12,S,YU
17:54:00,Sunday,EGLINTON STATION,5,11,N,YU
18:33:00,Sunday,DUNDAS STATION,0,0,S,YU
19:05:00,Sunday,PIONEER VILLAGE STATIO,6,12,S,YU
20:35:00,Sunday,COXWELL STATION,0,0,E,BD
20:55:00,Sunday,SHERBOURNE STATION,10,16,E,BD
21:50:00,Sunday,ST GEORGE BD STATION,4,10,E,BD
21:52:00,Sunday,COLLEGE STATION,0,0,N,YU
22:52:00,Sunday,SUMMERHILL STATION,4,10,S,YU
22:55:00,Sunday,DUNDAS WEST STATION,6,12,E,BD
23:59:00,Sunday,FINCH WEST STATION,19,25,S,YU
01:32:00,Sunday,DUNDAS WEST STATION,0,0,E,BD
01:36:00,Sunday,VICTORIA PARK STATION,3,9,W,BD
01:51:00,Sunday,SPADINA YUS STATION,0,0,N,YU
02:03:00,Monday,KING STATION,0,0,N,YU
04:28:00,Monday,UNION STATION,0,0,N,YU
05:19:00,Monday,JANE STATION,0,0,W,BD
05:38:00,Monday,DUPONT STATION,0,0,N,YU
05:40:00,Monday,FINCH STATION,5,10,S,YU
05:47:00,Monday,MUSEUM STATION,0,0,S,YU
06:02:00,Monday,UNION STATION,13,0,S,YU
06:06:00,Monday,GREENWOOD STATION,8,13,E,BD
06:07:00,Monday,ST GEORGE YUS STATION,7,0,N,YU
06:13:00,Monday,BROADVIEW STATION,0,0,E,BD
06:40:00,Monday,MUSEUM STATION,4,7,N,YU
07:14:00,Monday,WILSON STATION,6,9,S,YU
07:32:00,Monday,EGLINTON STATION,3,6,S,YU
07:41:00,Monday,YORKDALE STATION,3,6,S,YU
07:46:00,Monday,YORK MILLS STATION,3,6,S,YU
08:20:00,Monday,MUSEUM STATION,3,6,S,YU
08:23:00,Monday,FINCH STATION,3,6,S,YU
09:08:00,Monday,CHESTER STATION,6,10,E,BD
09:11:00,Monday,FINCH WEST STATION,0,0,N,YU
10:04:00,Monday,ST GEORGE YUS STATION,3,6,N,YU
10:16:00,Monday,DUPONT STATION,4,7,N,YU
10:23:00,Monday,BLOOR STATION,3,6,N,YU
11:35:00,Monday,GLENCAIRN STATION,19,24,S,YU
12:38:00,Monday,GREENWOOD STATION,15,19,E,BD
13:11:00,Monday,JANE STATION,17,21,E,BD
14:01:00,Monday,KEELE STATION,0,0,W,BD
14:25:00,Monday,FINCH STATION,0,0,S,YU
14:41:00,Monday,FINCH STATION,34,39,S,YU
15:41:00,Monday,KIPLING STATION,3,6,W,BD
15:59:00,Monday,GREENWOOD STATION,0,0,W,BD
16:17:00,Monday,SPADINA BD STATION,4,7,W,BD
16:34:00,Monday,ROSEDALE STATION,7,10,N,YU
17:11:00,Monday,COXWELL STATION,3,9,E,BD
19:14:00,Monday,WARDEN STATION,3,6,E,BD
19:29:00,Monday,WARDEN STATION,6,10,W,BD
19:39:00,Monday,SHERBOURNE STATION,7,12,E,BD
20:04:00,Monday,DUNDAS STATION,0,0,N,YU
20:18:00,Monday,ST CLAIR WEST STATION,40,45,S,YU
20:39:00,Monday,CASTLE FRANK STATION,0,0,W,BD
20:51:00,Monday,SHEPPARD WEST STATION,0,0,N,YU
21:20:00,Monday,KIPLING STATION,0,0,W,BD
21:39:00,Monday,BLOOR STATION,0,0,S,YU
22:10:00,Monday,CHESTER STATION,3,8,E,BD
22:26:00,Monday,ST CLAIR STATION,0,0,S,YU
22:43:00,Monday,BLOOR STATION,6,12,N,YU
23:04:00,Monday,FINCH STATION,0,0,S,YU
23:57:00,Monday,SHERBOURNE STATION,0,0,E,BD
01:07:00,Monday,KIPLING STATION,6,12,W,BD
01:29:00,Monday,WILSON STATION,10,17,N,YU
08:15:00,Monday,LESLIE STATION,0,0,W,SHP
11:28:00,Monday,SHEPPARD-YONGE STATION,8,15,E,SHP
05:44:00,Tuesday,WARDEN STATION,9,0,E,BD
05:54:00,Tuesday,KIPLING STATION,7,14,E,BD
05:54:00,Tuesday,VAUGHAN MC STATION,4,9,S,YU
05:59:00,Tuesday,FINCH STATION,4,8,S,YU
06:38:00,Tuesday,KING STATION,8,0,S,YU
07:47:00,Tuesday,DAVISVILLE STATION,4,7,N,YU
07:57:00,Tuesday,UNION STATION,4,7,N,YU
08:28:00,Tuesday,FINCH STATION,3,6,S,YU
08:35:00,Tuesday,WARDEN STATION,13,16,E,BD
08:41:00,Tuesday,KENNEDY BD STATION,0,0,E,BD
08:52:00,Tuesday,BLOOR STATION,0,0,N,YU
10:10:00,Tuesday,BLOOR STATION,4,7,S,YU
10:19:00,Tuesday,VAUGHAN MC STATION,3,8,S,YU
10:57:00,Tuesday,KING STATION,8,13,S,YU
11:07:00,Tuesday,KING STATION,6,11,S,YU
11:22:00,Tuesday,SPADINA BD STATION,0,0,E,BD
11:39:00,Tuesday,BATHURST STATION,0,0,W,BD
11:48:00,Tuesday,BLOOR STATION,6,11,N,YU
11:59:00,Tuesday,ST GEORGE BD STATION,4,8,E,BD
12:04:00,Tuesday,YONGE BD STATION,3,7,W,BD
12:15:00,Tuesday,FINCH STATION,4,10,S,YU
12:28:00,Tuesday,VICTORIA PARK STATION,6,10,E,BD
12:39:00,Tuesday,MAIN STREET STATION,6,10,W,BD
12:57:00,Tuesday,KENNEDY BD STATION,11,15,E,BD
13:07:00,Tuesday,FINCH STATION,3,7,S,YU
13:09:00,Tuesday,WELLESLEY STATION,0,0,S,YU
13:19:00,Tuesday,GREENWOOD STATION,0,0,W,BD
13:27:00,Tuesday,WARDEN STATION,5,9,W,BD
13:55:00,Tuesday,FINCH STATION,3,7,S,YU
14:05:00,Tuesday,BLOOR STATION,0,0,N,YU
14:16:00,Tuesday,KIPLING STATION,0,0,W,BD
14:39:00,Tuesday,ST GEORGE YUS STATION,3,8,N,YU
14:39:00,Tuesday,ST GEORGE YUS STATION,5,9,N,YU
14:41:00,Tuesday,KIPLING STATION,0,0,W,BD
14:52:00,Tuesday,VAUGHAN MC STATION,5,9,S,YU
15:00:00,Tuesday,ISLINGTON STATION,0,0,E,BD
15:23:00,Tuesday,VAUGHAN MC STATION,4,8,S,YU
15:45:00,Tuesday,ST CLAIR STATION,8,12,S,YU
15:55:00,Tuesday,ST CLAIR STATION,0,0,N,YU
16:10:00,Tuesday,BLOOR STATION,9,13,N,YU
16:42:00,Tuesday,ST CLAIR WEST STATION,0,0,S,YU
17:11:00,Tuesday,ST GEORGE YUS STATION,12,15,N,BD
17:18:00,Tuesday,OLD MILL STATION,3,6,E,BD
17:38:00,Tuesday,EGLINTON WEST STATION,6,10,N,YU
17:42:00,Tuesday,LANSDOWNE STATION,4,7,E,BD
17:47:00,Tuesday,EGLINTON WEST STATION,0,0,N,YU
17:51:00,Tuesday,ST CLAIR WEST STATION,4,8,N,YU
18:17:00,Tuesday,ST CLAIR WEST STATION,0,0,S,YU
18:20:00,Tuesday,DUPONT STATION,0,0,S,YU
19:16:00,Tuesday,SHEPPARD STATION,12,16,N,YU
19:30:00,Tuesday,WILSON STATION,8,10,N,YU
19:54:00,Tuesday,ST ANDREW STATION,7,10,S,YU
20:56:00,Tuesday,ST GEORGE BD STATION,0,0,E,BD
21:31:00,Tuesday,BLOOR STATION,0,0,S,YU
21:38:00,Tuesday,SHERBOURNE STATION,0,0,E,BD
21:45:00,Tuesday,PAPE STATION,0,0,E,BD
22:22:00,Tuesday,FINCH STATION,0,0,S,YU
22:39:00,Tuesday,MUSEUM STATION,24,29,N,YU
23:23:00,Tuesday,COXWELL STATION,0,0,W,BD
23:31:00,Tuesday,ST CLAIR WEST STATION,0,0,S,YU
00:30:00,Tuesday,LAWRENCE STATION,0,0,S,YU
01:04:00,Tuesday,KING STATION,0,0,N,YU
06:00:00,Tuesday,BESSARION STATION,0,0,E,SHP
05:59:00,Wednesday,KING STATION,9,0,S,YU
06:29:00,Wednesday,FINCH STATION,4,8,S,YU
07:01:00,Wednesday,DONLANDS STATION,3,5,W,BD
07:27:00,Wednesday,QUEEN'S PARK STATION,10,13,S,YU
07:41:00,Wednesday,LAWRENCE STATION,8,11,N,YU
08:05:00,Wednesday,EGLINTON STATION,0,0,N,YU
08:28:00,Wednesday,SUMMERHILL STATION,8,10,N,YU
08:33:00,Wednesday,BLOOR STATION,3,5,N,YU
08:36:00,Wednesday,KIPLING STATION,0,0,W,BD
08:42:00,Wednesday,ROSEDALE STATION,3,5,N,YU
09:07:00,Wednesday,YONGE BD STATION,0,0,N,BD
09:31:00,Wednesday,WARDEN STATION,0,0,E,BD
09:36:00,Wednesday,VAUGHAN MC STATION,3,6,S,YU
10:33:00,Wednesday,BLOOR STATION,0,0,S,YU
10:54:00,Wednesday,VICTORIA PARK STATION,3,7,W,BD
11:13:00,Wednesday,VICTORIA PARK STATION,0,0,W,BD
11:17:00,Wednesday,WILSON STATION,0,0,S,YU
11:18:00,Wednesday,VICTORIA PARK STATION,0,0,W,BD
11:20:00,Wednesday,DUNDAS STATION,13,18,N,YU
11:57:00,Wednesday,OLD MILL STATION,29,33,W,BD
12:10:00,Wednesday,ISLINGTON STATION,0,0,W,BD
12:26:00,Wednesday,BLOOR STATION,4,9,S,YU
12:27:00,Wednesday,WARDEN STATION,14,17,E,BD
12:41:00,Wednesday,WARDEN STATION,12,16,W,BD
12:50:00,Wednesday,ST ANDREW STATION,4,9,S,YU
13:03:00,Wednesday,WARDEN STATION,87,91,W,BD
13:07:00,Wednesday,MAIN STREET STATION,4,8,W,BD
13:12:00,Wednesday,FINCH STATION,0,0,S,YU
14:00:00,Wednesday,SHEPPARD WEST STATION,3,7,N,YU
14:40:00,Wednesday,KIPLING STATION,4,8,E,BD
14:59:00,Wednesday,SUMMERHILL STATION,5,10,S,YU
15:11:00,Wednesday,COXWELL STATION,32,35,W,BD
15:51:00,Wednesday,KEELE STATION,3,6,W,BD
15:54:00,Wednesday,BROADVIEW STATION,0,0,W,BD
16:18:00,Wednesday,EGLINTON STATION,3,7,N,YU
16:28:00,Wednesday,DAVISVILLE STATION,8,12,N,YU
16:31:00,Wednesday,DAVISVILLE STATION,0,0,S,YU
16:42:00,Wednesday,DUNDAS STATION,8,11,N,YU
16:50:00,Wednesday,FINCH TO MUSEUM,63,66,S,YU
16:57:00,Wednesday,SPADINA YUS STATION,6,9,N,YU
17:09:00,Wednesday,QUEEN STATION,0,0,N,YU
17:53:00,Wednesday,OLD MILL STATION,0,0,W,BD
18:08:00,Wednesday,WELLESLEY STATION,0,0,S,YU
18:15:00,Wednesday,VICTORIA PARK STATION,0,0,W,BD
18:22:00,Wednesday,YONGE BD STATION,0,0,W,BD
18:24:00,Wednesday,ST PATRICK STATION,4,6,N,YU
18:28:00,Wednesday,ISLINGTON STATION,0,0,E,BD
18:29:00,Wednesday,OSSINGTON STATION,6,9,W,BD
18:34:00,Wednesday,GLENCAIRN STATION,6,9,N,YU
19:24:00,Wednesday,ST CLAIR STATION,0,0,N,YU
19:26:00,Wednesday,UNION STATION,0,0,N,YU
19:45:00,Wednesday,BLOOR STATION,4,8,N,YU
20:16:00,Wednesday,FINCH STATION,23,27,S,YU
20:42:00,Wednesday,BROADVIEW STATION,0,0,E,BD
21:01:00,Wednesday,OSSINGTON STATION,10,15,E,BD
21:59:00,Wednesday,ST GEORGE BD STATION,5,10,W,BD
22:17:00,Wednesday,BLOOR STATION,0,0,S,YU
22:47:00,Wednesday,ST CLAIR WEST STATION,8,13,S,YU
23:46:00,Wednesday,EGLINTON STATION,0,0,N,YU
00:44:00,Wednesday,OSSINGTON STATION,0,0,W,BD
01:38:00,Wednesday,DUFFERIN STATION,0,0,E,BD
01:44:00,Wednesday,WARDEN STATION,10,15,E,BD
02:21:00,Thursday,KIPLING STATION,5,10,E,BD
05:59:00,Thursday,KING STATION,7,0,S,YU
06:11:00,Thursday,PAPE STATION,3,10,E,BD
06:17:00,Thursday,VAUGHAN MC STATION,3,6,S,YU
06:28:00,Thursday,EGLINTON WEST STATION,7,10,N,YU
06:30:00,Thursday,BLOOR STATION,4,7,S,YU
06:42:00,Thursday,KING STATION,3,7,S,YU
06:42:00,Thursday,PAPE STATION,3,5,E,BD
06:47:00,Thursday,CHESTER STATION,5,7,E,BD
06:48:00,Thursday,DUNDAS WEST STATION,7,10,E,BD
07:25:00,Thursday,LAWRENCE STATION,4,7,N,YU
07:25:00,Thursday,YONGE BD STATION,0,0,E,BD
07:35:00,Thursday,SUMMERHILL STATION,0,0,S,YU
07:56:00,Thursday,KENNEDY BD STATION,0,0,E,BD
07:59:00,Thursday,UNION STATION,4,6,S,YU
08:03:00,Thursday,WARDEN STATION,0,0,E,BD
08:11:00,Thursday,PAPE STATION,5,8,W,BD
08:39:00,Thursday,ST CLAIR STATION,6,8,S,YU
08:52:00,Thursday,ST CLAIR STATION,16,18,S,YU
08:57:00,Thursday,COLLEGE STATION,5,8,S,YU
09:32:00,Thursday,KIPLING STATION,3,6,E,BD
10:05:00,Thursday,OSSINGTON STATION,0,0,E,BD
10:32:00,Thursday,BLOOR STATION,3,5,N,YU
10:34:00,Thursday,KENNEDY BD STATION,4,8,W,BD
10:34:00,Thursday,DUNDAS STATION,0,0,S,YU
10:39:00,Thursday,BLOOR STATION,4,6,N,YU
11:12:00,Thursday,OSSINGTON STATION,24,28,W,BD
11:26:00,Thursday,ST GEORGE BD STATION,0,0,E,BD
12:31:00,Thursday,KENNEDY BD STATION,4,8,E,BD
12:37:00,Thursday,NORTH YORK CTR STATION,5,10,S,YU
12:45:00,Thursday,JANE STATION,0,0,E,BD
12:56:00,Thursday,DUNDAS STATION,6,11,N,YU
13:28:00,Thursday,CHRISTIE STATION,0,0,E,BD
13:43:00,Thursday,KENNEDY BD STATION,17,21,E,BD
13:51:00,Thursday,HOSTLER 2 WILSON YARD,5,10,S,YU
14:33:00,Thursday,LAWRENCE STATION,10,15,N,YU
14:42:00,Thursday,SHEPPARD WEST STATION,4,8,S,YU
15:13:00,Thursday,SHEPPARD WEST STATION,4,8,S,YU
15:32:00,Thursday,CHESTER STATION,0,0,E,BD
16:18:00,Thursday,EGLINTON STATION,3,7,N,YU
16:34:00,Thursday,LAWRENCE STATION,5,9,N,YU
16:58:00,Thursday,BROADVIEW STATION,3,6,E,BD
17:03:00,Thursday,ST GEORGE YUS STATION,0,0,S,YU
17:03:00,Thursday,ST GEORGE BD STATION,0,0,W,BD
17:08:00,Thursday,FINCH STATION,3,6,S,YUS
17:17:00,Thursday,SPADINA YUS STATION,9,13,N,YU
17:33:00,Thursday,DUPONT STATION,3,6,S,YU
17:38:00,Thursday,WARDEN STATION,0,0,E,BD
17:49:00,Thursday,VICTORIA PARK STATION,0,0,W,BD
18:33:00,Thursday,SHEPPARD WEST STATION,3,6,S,YU
18:38:00,Thursday,BLOOR STATION,0,0,S,YU
19:00:00,Thursday,WOODBINE STATION,0,0,W,BD
19:15:00,Thursday,SHEPPARD STATION,0,0,N,YU
19:29:00,Thursday,SHEPPARD STATION,5,10,S,YU
19:29:00,Thursday,SHEPPARD STATION,37,41,S,YU
19:36:00,Thursday,BATHURST STATION,19,23,E,BD
20:44:00,Thursday,ISLINGTON STATION,0,0,W,BD
20:50:00,Thursday,DAVISVILLE STATION,10,14,S,YU
20:52:00,Thursday,OLD MILL STATION,0,0,E,BD
21:02:00,Thursday,DUPONT STATION,3,7,N,YU
21:09:00,Thursday,SPADINA BD STATION,0,0,W,BD
21:11:00,Thursday,SPADINA YUS STATION,0,0,N,YU
21:40:00,Thursday,MAIN STREET STATION,0,0,E,BD
22:35:00,Thursday,WELLESLEY STATION,0,0,N,YU
23:14:00,Thursday,BLOOR STATION,3,8,S,YU
00:09:00,Thursday,WILSON STATION,10,16,N,YU
01:23:00,Thursday,QUEEN STATION,3,10,N,YU
10:58:00,Thursday,SHEPPARD-YONGE STATION,5,12,E,SHP
19:17:00,Thursday,SHEPPARD-YONGE STATION,0,0,W,SHP
19:32:00,Thursday,SHEPPARD-YONGE STATION,0,0,W,SHP
05:38:00,Friday,DONLANDS STATION,0,0,W,BD
06:01:00,Friday,UNION STATION,6,0,S,YU
07:18:00,Friday,YONGE BD STATION,3,6,W,BD
07:41:00,Friday,COLLEGE STATION,8,10,S,YU
07:44:00,Friday,DUNDAS STATION,0,0,S,YU
07:45:00,Friday,ISLINGTON STATION,0,0,W,BD
07:56:00,Friday,SPADINA YUS STATION,3,8,S,YU
08:25:00,Friday,WILSON STATION,6,9,N,YU
08:34:00,Friday,COLLEGE STATION,8,10,N,YU
08:38:00,Friday,COLLEGE STATION,8,12,S,YU
09:00:00,Friday,DUNDAS WEST STATION,0,0,E,BD
09:49:00,Friday,EGLINTON WEST STATION,5,8,N,YU
10:58:00,Friday,UNION STATION,0,0,S,YU
11:13:00,Friday,YONGE BD STATION,0,0,W,BD
13:05:00,Friday,GREENWOOD STATION,0,0,E,BD
13:10:00,Friday,COXWELL STATION,5,9,E,BD
13:20:00,Friday,GREENWOOD STATION,0,0,E,BD
13:36:00,Friday,SHERBOURNE STATION,0,0,W,BD
14:11:00,Friday,HIGH PARK STATION,0,0,E,BD
15:39:00,Friday,DAVISVILLE STATION,27,31,S,YU
15:41:00,Friday,KENNEDY BD STATION,12,16,E,BD
15:48:00,Friday,UNION STATION,4,9,N,YU
16:26:00,Friday,KEELE STATION,7,10,W,BD
16:33:00,Friday,HIGH PARK STATION,0,0,W,BD
17:05:00,Friday,DAVISVILLE STATION,3,6,S,YU
18:07:00,Friday,ROYAL YORK STATION,0,0,W,BD
18:16:00,Friday,VAUGHAN MC STATION,3,6,N,YU
18:30:00,Friday,CHRISTIE STATION,0,0,E,BD
18:36:00,Friday,WILSON STATION,0,0,N,YU
18:47:00,Friday,UNION STATION,3,5,N,YU
19:06:00,Friday,YONGE BD STATION,3,7,W,BD
20:13:00,Friday,WOODBINE STATION,0,0,E,BD
20:27:00,Friday,VAUGHAN MC STATION,3,6,S,YU
21:00:00,Friday,ISLINGTON STATION,0,0,W,BD
21:56:00,Friday,UNION STATION,0,0,N,YU
22:23:00,Friday,DUPONT STATION,9,13,N,YU
23:03:00,Friday,DUNDAS STATION,20,26,N,YU
23:29:00,Friday,KIPLING STATION,5,10,E,BD
23:46:00,Friday,EGLINTON WEST STATION,0,0,S,YU
23:50:00,Friday,COXWELL STATION,11,16,W,BD
23:55:00,Friday,ST CLAIR WEST STATION,9,15,N,YU
23:59:00,Friday,FINCH STATION,6,12,N,YU
00:04:00,Friday,FINCH STATION,6,12,N,YU
01:36:00,Friday,YONGE BD STATION,0,0,W,BD
01:45:00,Friday,BLOOR STATION,0,0,S,YU
05:49:00,Saturday,KIPLING STATION,5,0,E,BD
05:50:00,Saturday,EGLINTON STATION,6,0,N,YU
05:57:00,Saturday,SHEPPARD WEST STATION,6,0,N,YU
06:05:00,Saturday,DOWNSVIEW PARK STATION,4,0,N,YU
06:44:00,Saturday,KENNEDY BD STATION,4,9,E,BD
07:08:00,Saturday,KIPLING STATION,0,0,W,BD
07:13:00,Saturday,ROYAL YORK STATION,0,0,W,BD
07:55:00,Saturday,MAIN STREET STATION,4,9,W,BD
09:01:00,Saturday,KENNEDY BD STATION,0,0,W,BD
09:45:00,Saturday,KEELE STATION,0,0,W,BD
09:56:00,Saturday,ST CLAIR WEST STATION,0,0,S,YU
09:56:00,Saturday,ISLINGTON STATION,0,0,E,BD
11:06:00,Saturday,DOWNSVIEW PARK STATION,0,0,N,YU
11:48:00,Saturday,HIGH PARK STATION,4,8,W,BD
12:00:00,Saturday,KEELE STATION,0,0,W,BD
12:23:00,Saturday,ST CLAIR STATION,4,8,S,YU
12:29:00,Saturday,ROSEDALE STATION,6,12,S,YU
12:34:00,Saturday,ROSEDALE STATION,0,0,S,YU
12:43:00,Saturday,VICTORIA PARK STATION,0,0,W,BD
14:36:00,Saturday,ISLINGTON STATION,0,0,W,BD
14:46:00,Saturday,SHEPPARD STATION,0,0,N,YU
14:59:00,Saturday,BATHURST STATION,35,39,W,BD
15:04:00,Saturday,YORK MILLS STATION,6,12,S,YU
15:13:00,Saturday,KENNEDY BD STATION,0,0,E,BD
15:33:00,Saturday,SHERBOURNE STATION,3,7,W,BD
15:44:00,Saturday,DAVISVILLE STATION,6,12,N,YU
16:26:00,Saturday,QUEEN STATION,0,0,N,YU
16:34:00,Saturday,ISLINGTON STATION,0,0,E,BD
16:34:00,Saturday,BLOOR STATION,4,10,N,YU
16:40:00,Saturday,PAPE STATION,0,0,W,BD
17:29:00,Saturday,RUNNYMEDE STATION,3,7,W,BD
17:55:00,Saturday,COLLEGE STATION,4,10,S,YU
18:51:00,Saturday,YONGE BD STATION,0,0,W,BD
18:51:00,Saturday,BLOOR STATION,0,0,N,YU
18:57:00,Saturday,COLLEGE STATION,4,10,N,YU
18:59:00,Saturday,BLOOR STATION,0,0,N,YU
19:17:00,Saturday,ROSEDALE STATION,6,12,S,YU
19:56:00,Saturday,COLLEGE STATION,3,9,S,YU
20:05:00,Saturday,ISLINGTON STATION,0,0,E,BD
20:21:00,Saturday,KING STATION,11,17,N,YU
21:09:00,Saturday,ROSEDALE STATION,5,10,S,YU
21:16:00,Saturday,ROYAL YORK STATION,3,8,W,BD
21:21:00,Saturday,VICTORIA PARK STATION,0,0,E,BD
21:36:00,Saturday,BLOOR STATION,0,0,E,BD
21:38:00,Saturday,YONGE BD STATION,13,18,W,BD
21:58:00,Saturday,KING STATION,0,0,S,YU
21:58:00,Saturday,GLENCAIRN STATION,9,15,N,YU
22:09:00,Saturday,LAWRENCE WEST STATION,12,18,S,YU
22:12:00,Saturday,MAIN STREET STATION,5,11,E,BD
23:25:00,Saturday,BLOOR STATION,0,0,S,YU
06:14:00,Saturday,BAYVIEW STATION,0,0,E,SHP
08:02:00,Sunday,VAUGHAN MC STATION,6,12,S,YU
08:25:00,Sunday,FINCH WEST STATION,9,15,N,YU
08:36:00,Sunday,YORK UNIVERSITY STATIO,3,9,N,YU
08:46:00,Sunday,KENNEDY BD STATION,3,7,W,BD
08:49:00,Sunday,KIPLING STATION,0,0,E,BD
09:18:00,Sunday,SUMMERHILL STATION,16,21,N,YU
09:21:00,Sunday,BATHURST STATION,0,0,E,BD
10:00:00,Sunday,ST CLAIR STATION,0,0,S,YU
10:25:00,Sunday,DUNDAS WEST STATION,0,0,E,BD
11:29:00,Sunday,COXWELL STATION,16,20,E,BD
14:42:00,Sunday,YONGE BD STATION,40,44,E,BD
14:43:00,Sunday,BLOOR STATION,40,44,N,YU
15:26:00,Sunday,DUNDAS WEST STATION,0,0,W,BD
15:48:00,Sunday,ST GEORGE BD STATION,0,0,E,BD
16:05:00,Sunday,ROYAL YORK STATION,0,0,W,BD
16:38:00,Sunday,CHESTER STATION,0,0,E,BD
18:09:00,Sunday,KENNEDY BD STATION,5,10,E,BD
18:14:00,Sunday,KENNEDY BD STATION,0,0,W,BD
18:33:00,Sunday,BATHURST STATION,3,8,W,BD
18:41:00,Sunday,HIGHWAY 407 STATION,24,30,S,YU
19:33:00,Sunday,BAY STATION,8,13,E,BD
19:57:00,Sunday,COLLEGE STATION,6,12,N,YU
20:58:00,Sunday,COLLEGE STATION,0,0,S,YU
21:35:00,Sunday,DUNDAS STATION,3,9,N,YU
21:36:00,Sunday,KIPLING STATION,0,0,E,BD
21:53:00,Sunday,ST CLAIR STATION,0,0,N,YU
01:30:00,Sunday,KIPLING STATION,0,0,E,BD
05:48:00,Monday,GREENWOOD STATION,10,15,E,BD
06:18:00,Monday,KING STATION,5,0,S,YU
06:31:00,Monday,BLOOR STATION,4,9,S,YU
06:32:00,Monday,VAUGHAN MC STATION,4,8,S,YU
06:44:00,Monday,ROSEDALE STATION,4,8,S,YU
06:53:00,Monday,WILSON STATION,0,0,N,YU
07:14:00,Monday,EGLINTON STATION,0,0,N,YU
07:28:00,Monday,KEELE STATION,0,0,W,BD
07:33:00,Monday,RUNNYMEDE STATION,3,6,E,BD
07:40:00,Monday,KEELE STATION,0,0,E,BD
07:44:00,Monday,FINCH TO QUEENS PARK S,19,22,N,YU
07:46:00,Monday,MAIN STREET STATION,0,0,W,BD
08:17:00,Monday,YORK UNIVERSITY STATIO,78,81,S,YU
08:29:00,Monday,ROSEDALE STATION,0,0,S,YU
08:34:00,Monday,ST ANDREW STATION,9,11,N,YU
09:02:00,Monday,MAIN STREET STATION,3,5,W,BD
09:02:00,Monday,ST GEORGE YUS STATION,0,0,S,YU
09:51:00,Monday,LAWRENCE STATION,3,6,S,YU
09:52:00,Monday,LAWRENCE STATION,6,9,N,YU
10:10:00,Monday,ST CLAIR STATION,4,7,S,YU
10:12:00,Monday,OSSINGTON STATION,0,0,W,BD
10:16:00,Monday,VAUGHAN MC STATION,3,8,S,YU
10:36:00,Monday,BLOOR STATION,11,14,N,YU
11:01:00,Monday,ST CLAIR WEST STATION,4,6,N,YU
11:31:00,Monday,YONGE BD STATION,0,0,W,BD
11:40:00,Monday,LAWRENCE STATION,5,10,N,YU
11:43:00,Monday,VICTORIA PARK STATION,0,0,E,BD
12:28:00,Monday,ST GEORGE YUS STATION,4,8,S,YU
13:12:00,Monday,DUNDAS STATION,6,11,N,YU
13:16:00,Monday,PAPE STATION,10,14,E,BD
13:20:00,Monday,GREENWOOD STATION,0,0,W,BD
13:28:00,Monday,KIPLING STATION,0,0,W,BD
13:33:00,Monday,DUPONT STATION,9,14,S,YU
14:37:00,Monday,YORK MILLS STATION,11,16,N,YU
14:52:00,Monday,WOODBINE STATION,10,14,E,BD
16:14:00,Monday,WILSON STATION,3,6,S,YU
16:18:00,Monday,DUNDAS WEST STATION,0,0,W,BD
16:22:00,Monday,DUNDAS STATION,0,0,S,YU
16:26:00,Monday,BAY STATION,4,7,E,BD
16:34:00,Monday,YORK MILLS STATION,3,6,N,YU
16:55:00,Monday,FINCH STATION,3,6,S,YU
18:20:00,Monday,VAUGHAN MC STATION,4,8,S,YU
19:06:00,Monday,COXWELL STATION,3,9,W,BD
19:17:00,Monday,SHEPPARD WEST STATION,8,12,S,YU
19:33:00,Monday,BAY STATION,4,8,W,BD
20:14:00,Monday,KING STATION,0,0,N,YU
20:16:00,Monday,NORTH YORK CTR STATION,0,0,N,YU
20:30:00,Monday,OSSINGTON STATION,6,10,E,BD
20:43:00,Monday,WELLESLEY STATION,3,6,N,YU
20:52:00,Monday,WELLESLEY STATION,3,6,N,YU
21:16:00,Monday,FINCH STATION,5,10,S,YU
21:23:00,Monday,COXWELL STATION,0,0,E,BD
21:28:00,Monday,KENNEDY BD STATION,0,0,W,BD
00:06:00,Monday,BATHURST STATION,0,0,W,BD
00:28:00,Monday,OLD MILL STATION,0,0,W,BD
00:29:00,Monday,BLOOR STATION,0,0,N,YU
01:14:00,Monday,DUNDAS STATION,0,0,E,YU
01:32:00,Monday,ROSEDALE STATION,17,23,S,YU
22:15:00,Monday,BAYVIEW STATION,4,11,E,SHP
05:01:00,Tuesday,QUEEN STATION,0,0,S,YU
05:39:00,Tuesday,KIPLING STATION,7,14,E,BD
05:47:00,Tuesday,KEELE STATION,5,10,W,BD
05:59:00,Tuesday,KING STATION,8,0,S,YU
06:05:00,Tuesday,KING STATION,7,11,N,YU
06:13:00,Tuesday,QUEEN STATION,4,8,N,YU
06:21:00,Tuesday,DONLANDS STATION,3,6,W,BD
06:36:00,Tuesday,WILSON STATION,3,7,S,YU
06:42:00,Tuesday,YORKDALE STATION,3,6,S,YU
07:39:00,Tuesday,YONGE BD STATION,0,0,E,BD
08:22:00,Tuesday,BLOOR STATION,0,0,N,YU
08:28:00,Tuesday,CASTLE FRANK STATION,0,0,E,BD
08:46:00,Tuesday,BLOOR STATION,7,9,N,YU
09:00:00,Tuesday,DUNDAS STATION,5,7,S,YU
09:52:00,Tuesday,BLOOR STATION,5,10,N,YU
10:06:00,Tuesday,BLOOR STATION,0,0,N,YU
10:47:00,Tuesday,ST ANDREW STATION,0,0,N,YU
10:55:00,Tuesday,VAUGHAN MC STATION,3,7,S,YU
11:26:00,Tuesday,KING STATION,0,0,N,YU
11:28:00,Tuesday,FINCH WEST STATION,5,10,S,YU
11:30:00,Tuesday,DUNDAS STATION,0,0,S,YU
11:33:00,Tuesday,BLOOR STATION,0,0,S,YU
12:48:00,Tuesday,NORTH YORK CTR STATION,0,0,N,YU
12:57:00,Tuesday,QUEEN'S PARK STATION,4,9,N,YU
13:05:00,Tuesday,ST GEORGE YUS STATION,5,10,N,YU
14:08:00,Tuesday,SHERBOURNE STATION,0,0,W,BD
15:15:00,Tuesday,HIGHWAY 407 STATION,0,0,S,YU
15:41:00,Tuesday,KEELE STATION,67,70,E,BD
15:51:00,Tuesday,OSSINGTON STATION,0,0,E,BD
15:51:00,Tuesday,OLD MILL STATION,4,7,E,BD
16:01:00,Tuesday,ROSEDALE STATION,0,0,S,YU
16:27:00,Tuesday,SHEPPARD STATION,0,0,N,YU
16:54:00,Tuesday,BLOOR STATION,5,9,N,YU
17:01:00,Tuesday,DUNDAS WEST STATION,0,0,W,BD
17:03:00,Tuesday,ST GEORGE BD STATION,0,0,W,BD
17:03:00,Tuesday,ST GEORGE YUS STATION,0,0,S,YU
17:09:00,Tuesday,JANE STATION,4,7,W,BD
17:09:00,Tuesday,DUNDAS WEST STATION,0,0,W,BD
17:27:00,Tuesday,BATHURST STATION,0,0,E,BD
18:34:00,Tuesday,OLD MILL STATION,0,0,W,BD
18:58:00,Tuesday,WILSON STATION,5,8,N,YU
19:04:00,Tuesday,WILSON STATION,3,5,N,YU
19:11:00,Tuesday,WARDEN STATION,0,0,E,BD
19:56:00,Tuesday,WARDEN STATION,0,0,E,BD
20:19:00,Tuesday,PAPE STATION,5,10,E,BD
22:10:00,Tuesday,ST GEORGE YUS STATION,6,10,N,YU
22:17:00,Tuesday,BLOOR STATION,0,0,S,YU
22:19:00,Tuesday,YONGE BD STATION,0,0,E,BD
22:27:00,Tuesday,PIONEER VILLAGE STATIO,5,12,S,YU
23:24:00,Tuesday,VAUGHAN MC STATION,0,0,S,YU
23:28:00,Tuesday,VICTORIA PARK STATION,6,11,W,BD
23:40:00,Tuesday,KENNEDY BD STATION,5,10,E,BD
00:08:00,Tuesday,ST GEORGE YUS STATION,3,10,N,YU
01:05:00,Tuesday,WELLESLEY STATION,0,0,N,YU
01:32:00,Tuesday,SHEPPARD STATION,24,29,S,YU
01:36:00,Tuesday,WELLESLEY STATION,0,0,N,YU
06:08:00,Tuesday,SHEPPARD-YONGE STATION,0,0,W,SHP
18:13:00,Tuesday,BESSARION STATION,0,0,E,SHP
02:01:00,Wednesday,KIPLING STATION,0,0,E,BD
03:54:00,Wednesday,ST CLAIR STATION,0,0,S,YU
05:43:00,Wednesday,LAWRENCE WEST STATION,0,0,N,YU
05:47:00,Wednesday,SHEPPARD WEST STATION,10,0,N,YU
06:05:00,Wednesday,WILSON STATION,5,8,S,YU
06:26:00,Wednesday,YONGE BD STATION,5,7,E,BD
06:28:00,Wednesday,KING STATION,10,0,S,YU
06:59:00,Wednesday,DONLANDS STATION,0,0,W,BD
08:16:00,Wednesday,BLOOR STATION,0,0,N,YU
08:45:00,Wednesday,DUNDAS STATION,4,6,S,YU
10:59:00,Wednesday,KIPLING STATION,3,7,E,BD
12:00:00,Wednesday,YORK UNIVERSITY STATIO,7,12,S,YU
12:03:00,Wednesday,PIONEER VILLAGE STATIO,3,8,S,YU
12:22:00,Wednesday,YONGE BD STATION,3,6,E,BD
12:23:00,Wednesday,BLOOR STATION,3,8,S,YU
13:00:00,Wednesday,MAIN STREET STATION,8,12,W,BD
13:04:00,Wednesday,ST CLAIR WEST STATION,0,0,N,YU
13:59:00,Wednesday,WILSON STATION,0,0,N,YU
14:37:00,Wednesday,FINCH STATION,32,37,S,YU
14:47:00,Wednesday,COXWELL STATION,5,9,E,BD
14:53:00,Wednesday,ST GEORGE YUS STATION,14,18,S,YU
15:00:00,Wednesday,FINCH STATION,0,0,N,YU
15:47:00,Wednesday,OSGOODE STATION,6,10,N,YU
16:23:00,Wednesday,SPADINA BD STATION,4,7,W,BD
16:35:00,Wednesday,LAWRENCE STATION,5,9,S,YU
16:45:00,Wednesday,ISLINGTON STATION,10,13,E,BD
16:46:00,Wednesday,DUPONT STATION,11,15,N,YU
17:04:00,Wednesday,ST GEORGE BD STATION,0,0,E,BD
17:31:00,Wednesday,ST GEORGE YUS STATION,14,17,N,YU
18:37:00,Wednesday,JANE STATION,27,31,W,BD
19:28:00,Wednesday,KIPLING STATION,0,0,E,BD
19:31:00,Wednesday,KENNEDY BD STATION,0,0,E,BD
19:45:00,Wednesday,LAWRENCE STATION,11,16,N,YU
20:14:00,Wednesday,EGLINTON STATION,0,0,S,YU
20:23:00,Wednesday,KING STATION,0,0,S,YU
20:36:00,Wednesday,WARDEN STATION,0,0,E,BD
20:39:00,Wednesday,YONGE BD STATION,0,0,E,BD
20:39:00,Wednesday,DUFFERIN STATION,0,0,E,BD
20:51:00,Wednesday,KENNEDY BD STATION,0,0,W,BD
20:54:00,Wednesday,SHEPPARD WEST STATION,45,50,N,YU
21:09:00,Wednesday,VICTORIA PARK STATION,0,0,E,BD
23:10:00,Wednesday,BAY STATION,4,9,E,BD
23:57:00,Wednesday,SHEPPARD STATION,0,0,S,YU
00:08:00,Wednesday,SHEPPARD STATION,0,0,N,YU
00:26:00,Wednesday,NORTH YORK CTR STATION,0,0,S,YU
01:44:00,Wednesday,ST CLAIR WEST STATION,16,23,N,YU
12:33:00,Wednesday,BAYVIEW STATION,0,0,E,SHP
23:02:00,Wednesday,SHEPPARD-YONGE STATION,9,16,E,SHP
00:08:00,Wednesday,SHEPPARD-YONGE STATION,5,12,E,SHP
02:09:00,Thursday,ST CLAIR STATION,0,0,S,YU
02:27:00,Thursday,KIPLING STATION,0,0,E,BD
05:53:00,Thursday,GREENWOOD STATION,5,8,E,BD
05:59:00,Thursday,KING STATION,7,0,S,YU
06:24:00,Thursday,KENNEDY BD STATION,3,6,W,BD
07:00:00,Thursday,ST CLAIR WEST STATION,0,0,S,YU
07:42:00,Thursday,WILSON STATION,3,6,N,YU
07:53:00,Thursday,HIGH PARK STATION,0,0,E,BD
07:57:00,Thursday,PIONEER VILLAGE STATIO,3,6,N,YU
08:04:00,Thursday,GLENCAIRN STATION,0,0,S,YU
08:05:00,Thursday,KIPLING STATION,0,0,W,BD
09:07:00,Thursday,DONLANDS STATION,0,0,W,BD
09:09:00,Thursday,KIPLING STATION,0,0,W,BD
10:03:00,Thursday,CHESTER STATION,8,13,E,BD
10:07:00,Thursday,GLENCAIRN STATION,0,0,N,YU
11:48:00,Thursday,ST GEORGE YUS STATION,0,0,S,YU
11:51:00,Thursday,UNION STATION,0,0,N,YU
12:09:00,Thursday,PAPE STATION,3,7,W,BD
13:30:00,Thursday,DONLANDS STATION,4,8,W,BD
15:40:00,Thursday,PAPE STATION,0,0,E,BD
15:42:00,Thursday,VICTORIA PARK STATION,3,6,W,BD
16:09:00,Thursday,GLENCAIRN STATION,5,9,N,YU
16:18:00,Thursday,EGLINTON STATION,0,0,N,YU
16:23:00,Thursday,DAVISVILLE STATION,5,9,N,YU
16:31:00,Thursday,ST CLAIR STATION,6,10,S,YU
16:43:00,Thursday,COXWELL STATION,8,11,W,BD
17:29:00,Thursday,OSSINGTON STATION,0,0,W,BD
17:59:00,Thursday,ST PATRICK STATION,6,9,S,YU
18:22:00,Thursday,SHEPPARD WEST STATION,8,11,N,YU
19:06:00,Thursday,BLOOR STATION,0,0,S,YU
19:15:00,Thursday,WILSON STATION,3,6,N,YU
19:51:00,Thursday,BROADVIEW STATION,3,8,E,BD
19:56:00,Thursday,WELLESLEY STATION,0,0,N,YU
21:05:00,Thursday,ST CLAIR STATION,3,9,S,YU
21:11:00,Thursday,DUNDAS WEST STATION,0,0,W,BD
22:12:00,Thursday,WILSON STATION,4,10,N,YU
22:30:00,Thursday,QUEEN'S PARK STATION,0,0,N,YU
22:38:00,Thursday,LAWRENCE WEST STATION,20,26,S,YU
22:42:00,Thursday,FINCH STATION,0,0,S,YU
23:07:00,Thursday,COXWELL STATION,0,0,E,BD
23:39:00,Thursday,CHESTER STATION,0,0,E,BD
00:23:00,Thursday,WILSON STATION,4,10,N,YU
01:39:00,Thursday,SHEPPARD WEST STATION,0,0,S,YU
06:30:00,Thursday,DON MILLS STATION,22,29,W,SHP
05:25:00,Friday,DAVISVILLE YARD,10,0,N,YU
05:38:00,Friday,EGLINTON STATION,10,0,N,YU
05:59:00,Friday,KING STATION,10,0,S,YU
06:07:00,Friday,BLOOR STATION,5,0,N,YU
06:38:00,Friday,KIPLING STATION,0,0,W,BD
07:00:00,Friday,CHRISTIE STATION,0,0,W,BD
07:21:00,Friday,KENNEDY BD STATION,6,9,W,BD
07:24:00,Friday,DAVISVILLE STATION,3,6,S,YU
07:45:00,Friday,WARDEN STATION,112,116,W,BD
08:51:00,Friday,CASTLE FRANK STATION,0,0,W,BD
09:26:00,Friday,WARDEN STATION,0,0,W,BD
09:42:00,Friday,MUSEUM STATION,5,9,S,YU
10:34:00,Friday,WOODBINE STATION,7,11,W,BD
10:56:00,Friday,WARDEN STATION,21,24,W,BD
11:02:00,Friday,SHEPPARD WEST STATION,8,10,N,YU
11:10:00,Friday,ST PATRICK STATION,6,11,N,YU
12:22:00,Friday,WELLESLEY STATION,4,7,N,YU
12:23:00,Friday,ROSEDALE STATION,0,0,S,YU
13:09:00,Friday,OSGOODE STATION,5,10,N,YU
13:16:00,Friday,BLOOR STATION,5,10,N,YU
14:25:00,Friday,DUNDAS WEST STATION,3,7,E,BD
15:29:00,Friday,BLOOR STATION,0,0,N,YU
15:45:00,Friday,DUNDAS WEST STATION,0,0,E,BD
15:59:00,Friday,ST PATRICK STATION,0,0,N,YU
16:10:00,Friday,SHERBOURNE STATION,8,11,W,BD
16:26:00,Friday,KING STATION,0,0,N,YU
17:22:00,Friday,WELLESLEY STATION,5,8,N,YU
18:50:00,Friday,QUEEN STATION,19,21,N,YU
20:00:00,Friday,VICTORIA PARK STATION,0,0,E,BD
20:01:00,Friday,DOWNSVIEW PARK STATION,4,8,S,YU
20:11:00,Friday,OSSINGTON STATION,0,0,E,BD
20:23:00,Friday,YORKDALE STATION,8,12,N,YU
20:25:00,Friday,ROSEDALE STATION,7,11,N,YU
20:56:00,Friday,WELLESLEY STATION,0,0,S,YU
21:05:00,Friday,WELLESLEY STATION,4,8,N,YU
21:06:00,Friday,YONGE BD STATION,3,7,E,BD
21:20:00,Friday,NORTH YORK CTR STATION,36,42,S,YU
22:32:00,Friday,EGLINTON WEST STATION,0,0,N,YU
22:39:00,Friday,CASTLE FRANK STATION,4,9,W,BD
00:01:00,Friday,ROSEDALE STATION,5,11,N,YU
00:10:00,Friday,ROSEDALE STATION,13,19,S,YU
01:38:00,Friday,KEELE STATION,0,0,W,BD
19:21:00,Friday,BESSARION STATION,5,12,E,SHP
01:30:00,Friday,SHEPPARD-YONGE STATION,7,14,E,SHP
02:16:00,Saturday,KIPLING STATION,0,0,E,BD
05:44:00,Saturday,KEELE STATION,0,0,W,BD
06:09:00,Saturday,DUNDAS STATION,0,0,N,YU
06:41:00,Saturday,QUEEN'S PARK STATION,5,11,N,YU
06:50:00,Saturday,ST GEORGE YUS STATION,5,11,N,YU
07:30:00,Saturday,VICTORIA PARK STATION,3,6,E,BD
09:10:00,Saturday,YONGE BD STATION,4,9,E,BD
09:37:00,Saturday,ROSEDALE STATION,4,10,S,YU
10:02:00,Saturday,COXWELL STATION,3,6,E,BD
10:35:00,Saturday,UNION STATION,3,9,N,YU
12:42:00,Saturday,GREENWOOD STATION,0,0,E,BD
12:42:00,Saturday,BAY STATION,4,8,W,BD
12:56:00,Saturday,DONLANDS STATION,0,0,E,BD
13:46:00,Saturday,SHEPPARD WEST STATION,3,9,S,YU
14:02:00,Saturday,ROSEDALE STATION,41,47,N,YU
15:43:00,Saturday,BAY STATION,0,0,E,BD
15:54:00,Saturday,MAIN STREET STATION,11,15,W,BD
16:06:00,Saturday,SHEPPARD STATION,0,0,S,YU
16:28:00,Saturday,OSGOODE STATION,8,14,S,YU
17:28:00,Saturday,WOODBINE STATION,0,0,E,BD
17:41:00,Saturday,YORK MILLS STATION,0,0,S,YU
17:45:00,Saturday,PAPE STATION,0,0,E,BD
17:47:00,Saturday,OSGOODE STATION,14,20,N,YU
19:37:00,Saturday,KIPLING STATION,0,0,E,BD
19:50:00,Saturday,DUNDAS WEST STATION,3,8,W,BD
20:17:00,Saturday,COLLEGE STATION,4,9,S,YU
20:19:00,Saturday,DUNDAS STATION,0,0,S,YU
22:07:00,Saturday,KENNEDY BD STATION,0,0,E,BD
23:28:00,Saturday,EGLINTON WEST STATION,3,9,N,YU
23:30:00,Saturday,DOWNSVIEW PARK STATION,0,0,S,YU
23:54:00,Saturday,ISLINGTON STATION,0,0,W,BD
00:46:00,Saturday,ST GEORGE BD STATION,3,9,W,BD
00:49:00,Saturday,ST PATRICK STATION,0,0,N,YU
01:05:00,Saturday,OSSINGTON STATION,0,0,W,BD
01:25:00,Saturday,WILSON STATION,3,9,S,YU
08:39:00,Saturday,SHEPPARD-YONGE STATION,63,70,W,SHP
14:00:00,Saturday,SHEPPARD-YONGE STATION,3,10,E,SHP
15:17:00,Saturday,BESSARION STATION,0,0,E,SHP
08:18:00,Sunday,SUMMERHILL STATION,6,0,N,YU
08:59:00,Sunday,SPADINA BD STATION,3,7,E,BD
10:35:00,Sunday,ROSEDALE STATION,5,10,S,YU
10:43:00,Sunday,BLOOR STATION,0,0,N,YU
11:34:00,Sunday,ST GEORGE YUS STATION,0,0,S,YU
11:47:00,Sunday,OSSINGTON STATION,0,0,W,BD
11:52:00,Sunday,UNION STATION,4,10,N,YU
12:17:00,Sunday,YORK MILLS STATION,4,10,N,YU
12:26:00,Sunday,ROSEDALE STATION,0,0,S,YU
13:08:00,Sunday,EGLINTON STATION,0,0,S,YU
13:20:00,Sunday,VAUGHAN MC STATION,5,10,S,YU
16:34:00,Sunday,BROADVIEW STATION,0,0,W,BD
17:30:00,Sunday,LAWRENCE WEST STATION,5,10,N,YU
18:11:00,Sunday,VAUGHAN MC STATION,5,10,S,YU
20:31:00,Sunday,VAUGHAN MC STATION,5,10,S,YU
20:43:00,Sunday,BROADVIEW STATION,0,0,W,BD
21:07:00,Sunday,YORK MILLS STATION,0,0,S,YU
21:23:00,Sunday,SHERBOURNE STATION,4,9,E,BD
22:17:00,Sunday,WELLESLEY STATION,0,0,N,YU
23:00:00,Sunday,YORK MILLS STATION,0,0,S,YU
23:02:00,Sunday,ST CLAIR STATION,0,0,S,YU
23:11:00,Sunday,SUMMERHILL STATION,7,13,N,YU
00:05:00,Sunday,KEELE STATION,4,10,W,BD
01:35:00,Sunday,SHEPPARD WEST STATION,0,0,S,YU
01:43:00,Sunday,KENNEDY BD STATION,0,0,E,BD
01:54:00,Sunday,KENNEDY BD STATION,0,0,E,BD
10:03:00,Sunday,BAYVIEW STATION,4,11,W,SHP
02:03:00,Monday,NORTH YORK CTR STATION,5,11,N,YU
05:54:00,Monday,KIPLING STATION,7,14,E,BD
05:59:00,Monday,SHEPPARD WEST STATION,3,9,N,YU
05:59:00,Monday,KING STATION,8,0,S,YU
06:03:00,Monday,EGLINTON STATION,4,8,N,YU
06:31:00,Monday,SPADINA YUS STATION,0,0,N,YU
06:31:00,Monday,SPADINA BD STATION,0,0,W,BD
07:08:00,Monday,GREENWOOD STATION,8,10,E,BD
08:00:00,Monday,RUNNYMEDE STATION,4,7,E,BD
08:01:00,Monday,BLOOR STATION,0,0,S,YU
08:15:00,Monday,QUEEN'S PARK STATION,4,6,S,YU
08:20:00,Monday,CHRISTIE STATION,4,7,E,BD
08:39:00,Monday,BATHURST STATION,0,0,E,BD
08:45:00,Monday,BROADVIEW STATION,0,0,E,BD
09:34:00,Monday,MUSEUM STATION,0,0,S,YU
09:45:00,Monday,VAUGHAN MC STATION,0,0,S,YU
10:03:00,Monday,MUSEUM STATION,3,6,S,YU
11:57:00,Monday,OSSINGTON STATION,0,0,E,BD
12:32:00,Monday,QUEEN STATION,0,0,S,YU
13:38:00,Monday,WELLESLEY STATION,0,0,S,YU
13:56:00,Monday,KING STATION,25,30,N,YU
14:29:00,Monday,MAIN STREET STATION,12,16,E,BD
14:33:00,Monday,CHRISTIE STATION,3,7,E,BD
15:06:00,Monday,YORK UNIVERSITY STATIO,5,10,N,YU
15:11:00,Monday,BROADVIEW STATION,0,0,E,BD
15:25:00,Monday,KENNEDY BD STATION,0,0,E,BD
15:27:00,Monday,BLOOR STATION,0,0,S,YU
15:45:00,Monday,EGLINTON STATION,5,9,N,YU
15:54:00,Monday,KIPLING STATION,4,7,E,BD
16:26:00,Monday,KIPLING STATION,3,6,E,BD
16:40:00,Monday,KIPLING STATION,0,0,W,BD
16:51:00,Monday,KIPLING STATION,0,0,W,BD
16:55:00,Monday,MAIN STREET STATION,0,0,E,BD
17:03:00,Monday,KENNEDY BD STATION,3,6,W,BD
17:14:00,Monday,DUNDAS STATION,0,0,S,YU
17:22:00,Monday,MAIN STREET STATION,0,0,W,BD
17:23:00,Monday,ROYAL YORK STATION,0,0,E,BD
17:27:00,Monday,QUEEN STATION,0,0,E,YU
17:33:00,Monday,DUPONT STATION,0,0,S,YU
17:37:00,Monday,KIPLING STATION,3,6,E,BD
18:20:00,Monday,KEELE STATION,7,11,E,BD
20:16:00,Monday,LAWRENCE STATION,6,10,S,YU
21:47:00,Monday,LAWRENCE STATION,13,19,S,YU
23:03:00,Monday,SPADINA YUS STATION,0,0,N,YU
00:50:00,Monday,HIGH PARK STATION,0,0,W,BD
01:36:00,Monday,WELLESLEY STATION,0,0,S,YU
08:53:00,Monday,SHEPPARD-YONGE STATION,4,11,E,SHP
09:26:00,Monday,BESSARION STATION,0,0,E,SHP
02:19:00,Tuesday,VAUGHAN MC STATION,0,0,S,YU
03:06:00,Tuesday,ISLINGTON STATION,0,0,W,BD
03:58:00,Tuesday,ISLINGTON STATION,0,0,W,BD
04:32:00,Tuesday,NORTH YORK CTR STATION,0,0,N,YU
04:42:00,Tuesday,SHERBOURNE STATION,0,0,W,BD
05:59:00,Tuesday,KING STATION,5,0,S,YU
06:14:00,Tuesday,KIPLING STATION,0,0,E,BD
06:35:00,Tuesday,VAUGHAN MC STATION,0,0,S,YU
06:40:00,Tuesday,PIONEER VILLAGE STATIO,5,10,S,YU
06:55:00,Tuesday,DONLANDS STATION,12,15,E,BD
08:05:00,Tuesday,SPADINA YUS STATION,4,7,N,YU
09:05:00,Tuesday,UNION STATION,5,8,S,YU
10:18:00,Tuesday,YORK MILLS STATION,0,0,S,YU
11:27:00,Tuesday,ISLINGTON STATION,0,0,E,BD
11:29:00,Tuesday,ROYAL YORK STATION,5,9,E,BD
11:35:00,Tuesday,DAVISVILLE STATION,0,0,S,YU
11:37:00,Tuesday,BLOOR STATION,3,8,S,YU
12:07:00,Tuesday,UNION STATION,0,0,S,YU
13:23:00,Tuesday,ROSEDALE STATION,42,47,N,YU
13:56:00,Tuesday,VAUGHAN MC STATION,14,18,S,YU
14:17:00,Tuesday,DAVISVILLE STATION,0,0,S,YU
14:31:00,Tuesday,KENNEDY BD STATION,0,0,W,BD
14:40:00,Tuesday,YORK MILLS STATION,25,29,N,YU
14:57:00,Tuesday,SUMMERHILL STATION,29,33,S,YU
15:09:00,Tuesday,ST GEORGE YUS STATION,4,8,S,YU
15:52:00,Tuesday,KENNEDY BD STATION,6,10,E,BD
16:01:00,Tuesday,HIGH PARK STATION,13,16,W,BD
16:02:00,Tuesday,KENNEDY BD STATION,5,8,E,BD
16:30:00,Tuesday,ISLINGTON STATION,4,7,E,BD
16:40:00,Tuesday,KIPLING STATION,3,6,E,BD
17:12:00,Tuesday,QUEEN'S PARK STATION,0,0,N,YU
18:32:00,Tuesday,KIPLING STATION,37,41,E,BD
19:53:00,Tuesday,KIPLING STATION,4,8,E,BD
20:40:00,Tuesday,ROSEDALE STATION,0,0,N,YU
21:56:00,Tuesday,HIGH PARK STATION,0,0,W,BD
22:45:00,Tuesday,DUNDAS STATION,10,16,N,YU
23:02:00,Tuesday,SHERBOURNE STATION,0,0,E,BD
23:19:00,Tuesday,DAVISVILLE STATION,0,0,N,YU
01:26:00,Tuesday,EGLINTON STATION,3,9,S,YU
01:27:00,Tuesday,MUSEUM STATION,3,9,S,YU
02:02:00,Wednesday,SHEPPARD STATION,0,0,N,YU
02:24:00,Wednesday,GREENWOOD TO DONLANDS,0,0,W,BD
05:42:00,Wednesday,EGLINTON STATION,8,13,N,YU
05:59:00,Wednesday,KING STATION,8,0,S,YU
07:31:00,Wednesday,EGLINTON STATION,0,0,N,YU
08:43:00,Wednesday,BLOOR STATION,0,0,S,YU
08:51:00,Wednesday,KENNEDY BD STATION,0,0,W,BD
09:09:00,Wednesday,EGLINTON WEST STATION,0,0,N,YU
09:35:00,Wednesday,CHESTER STATION,9,13,W,BD
09:38:00,Wednesday,PAPE STATION,0,0,E,BD
10:05:00,Wednesday,VAUGHAN MC STATION,5,10,S,YU
10:20:00,Wednesday,VICTORIA PARK STATION,0,0,E,BD
10:21:00,Wednesday,YORKDALE STATION,152,157,S,YU
10:33:00,Wednesday,CASTLE FRANK STATION,0,0,W,BD
10:37:00,Wednesday,LAWRENCE WEST STATION,0,0,N,YU
10:39:00,Wednesday,VAUGHAN MC STATION,0,0,N,YU
10:53:00,Wednesday,OSGOODE STATION,0,0,N,YU
10:59:00,Wednesday,COLLEGE STATION,3,8,S,YU
11:00:00,Wednesday,SPADINA BD STATION,8,12,W,BD
11:35:00,Wednesday,FINCH STATION,5,10,S,YU
11:38:00,Wednesday,FINCH STATION,5,10,S,YU
11:39:00,Wednesday,OSSINGTON STATION,0,0,E,BD
11:42:00,Wednesday,VICTORIA PARK STATION,16,20,E,BD
11:59:00,Wednesday,MAIN STREET STATION,0,0,E,BD
13:05:00,Wednesday,ST GEORGE YUS STATION,5,10,N,YU
13:18:00,Wednesday,WOODBINE STATION,0,0,W,BD
14:06:00,Wednesday,OSSINGTON STATION,8,12,E,BD
14:15:00,Wednesday,CASTLE FRANK STATION,0,0,W,BD
15:13:00,Wednesday,DUPONT STATION,18,22,N,YU
16:12:00,Wednesday,VICTORIA PARK STATION,0,0,W,BD
17:47:00,Wednesday,ROSEDALE STATION,0,0,N,YU
18:07:00,Wednesday,KENNEDY BD STATION,3,6,W,BD
19:01:00,Wednesday,ISLINGTON STATION,10,14,E,BD
19:10:00,Wednesday,FINCH STATION,29,32,S,YU
19:20:00,Wednesday,YORK MILLS STATION,22,25,S,YU
19:37:00,Wednesday,LAWRENCE STATION,46,50,S,YU
22:17:00,Wednesday,QUEEN STATION,0,0,S,BD
22:28:00,Wednesday,EGLINTON STATION,6,12,N,YU
22:51:00,Wednesday,EGLINTON STATION,6,12,N,YU
23:37:00,Wednesday,CHRISTIE STATION,8,13,E,BD
00:16:00,Wednesday,DUNDAS STATION,0,0,S,YU
00:31:00,Wednesday,ROSEDALE STATION,9,15,N,YU
03:10:00,Wednesday,ROSEDALE STATION,0,0,N,SHP
10:26:00,Wednesday,DON MILLS STATION,0,0,E,SHP
19:13:00,Wednesday,DON MILLS STATION,0,0,W,SHP
03:37:00,Thursday,ISLINGTON STATION,0,0,W,BD
05:40:00,Thursday,KENNEDY BD STATION,10,0,W,BD
05:43:00,Thursday,EGLINTON STATION,7,12,N,YU
05:59:00,Thursday,KING STATION,12,0,S,YU
06:02:00,Thursday,UNION STATION,4,0,S,YU
06:07:00,Thursday,BLOOR STATION,5,0,N,YU
06:48:00,Thursday,COXWELL STATION,0,0,E,BD
07:11:00,Thursday,VAUGHAN MC STATION,2,4,S,YU
07:13:00,Thursday,WELLESLEY STATION,4,7,N,YU
07:25:00,Thursday,DAVISVILLE STATION,45,50,S,YU
09:06:00,Thursday,VAUGHAN MC STATION,0,0,S,YU
09:59:00,Thursday,KENNEDY BD STATION,0,0,E,BD
10:13:00,Thursday,JANE STATION,0,0,E,BD
10:18:00,Thursday,WILSON YARD,0,0,S,YU
10:30:00,Thursday,BLOOR STATION,4,9,N,YU
10:47:00,Thursday,PAPE STATION,23,27,E,BD
11:05:00,Thursday,KING STATION,6,10,S,YU
11:12:00,Thursday,ROYAL YORK STATION,15,19,W,BD
11:17:00,Thursday,BATHURST STATION,22,26,E,BD
11:29:00,Thursday,MAIN STREET STATION,0,0,W,BD
11:35:00,Thursday,ISLINGTON STATION,4,8,W,BD
11:46:00,Thursday,SUMMERHILL STATION,6,11,S,YU
12:24:00,Thursday,DONLANDS STATION,4,8,W,BD
13:06:00,Thursday,KIPLING STATION,14,18,W,BD
13:20:00,Thursday,CASTLE FRANK STATION,0,0,E,BD
13:29:00,Thursday,SPADINA BD STATION,0,0,W,BD
14:09:00,Thursday,BROADVIEW STATION,0,0,E,BD
14:20:00,Thursday,PAPE STATION,0,0,E,BD
15:51:00,Thursday,DONLANDS STATION,3,6,W,BD
16:10:00,Thursday,BLOOR STATION,5,9,S,YU
16:13:00,Thursday,SHERBOURNE STATION,0,0,W,BD
16:14:00,Thursday,DUFFERIN STATION,3,6,W,BD
17:14:00,Thursday,DUFFERIN STATION,4,7,E,BD
19:12:00,Thursday,JANE STATION,0,0,E,BD
19:49:00,Thursday,BROADVIEW STATION,4,9,W,BD
20:39:00,Thursday,NORTH YORK CTR STATION,0,0,N,YU
21:38:00,Thursday,BLOOR STATION,3,7,N,YU
22:11:00,Thursday,OLD MILL STATION,0,0,W,BD
22:28:00,Thursday,ST GEORGE BD STATION,3,8,W,BD
22:38:00,Thursday,OLD MILL STATION,0,0,W,BD
22:40:00,Thursday,WELLESLEY STATION,3,9,N,YU
22:57:00,Thursday,COXWELL STATION,0,0,E,BD
23:02:00,Thursday,WELLESLEY STATION,4,10,N,YU
23:07:00,Thursday,WELLESLEY STATION,0,0,N,YU
23:10:00,Thursday,ST CLAIR WEST STATION,0,0,S,YU
23:18:00,Thursday,CHRISTIE STATION,0,0,E,BD
23:33:00,Thursday,KING STATION,16,22,S,YU
00:03:00,Thursday,WELLESLEY STATION,0,0,N,YU
00:52:00,Thursday,OSSINGTON STATION,13,18,W,BD
00:58:00,Thursday,EGLINTON STATION,0,0,N,YU
01:24:00,Thursday,RUNNYMEDE STATION,0,0,E,BD
01:44:00,Thursday,RUNNYMEDE STATION,0,0,E,BD
05:59:00,Friday,KING STATION,8,0,S,YU
06:21:00,Friday,MAIN STREET STATION,3,8,W,BD
06:22:00,Friday,DONLANDS STATION,0,0,W,BD
06:35:00,Friday,ISLINGTON STATION,0,0,W,BD
06:43:00,Friday,FINCH STATION,3,5,S,YU
06:57:00,Friday,DAVISVILLE STATION,0,0,S,YU
07:07:00,Friday,KIPLING STATION,3,5,E,BD
07:16:00,Friday,KIPLING STATION,0,0,E,BD
07:19:00,Friday,VICTORIA PARK STATION,0,0,W,BD
07:26:00,Friday,MAIN STREET STATION,0,0,W,BD
07:29:00,Friday,SPADINA BD STATION,5,7,W,BD
07:37:00,Friday,SPADINA BD STATION,0,0,W,BD
08:38:00,Friday,ST ANDREW STATION,4,6,N,YU
08:52:00,Friday,BLOOR STATION,5,7,N,YU
08:55:00,Friday,ST GEORGE BD STATION,0,0,E,BD
09:14:00,Friday,DUNDAS STATION,0,0,S,YU
09:26:00,Friday,SHEPPARD STATION,0,0,N,YU
09:33:00,Friday,DAVISVILLE STATION,12,14,S,YU
10:35:00,Friday,YORK MILLS STATION,5,10,S,YU
10:36:00,Friday,SUMMERHILL STATION,5,10,N,YU
10:41:00,Friday,DAVISVILLE STATION,12,17,S,YU
11:23:00,Friday,COXWELL STATION,0,0,E,BD
11:45:00,Friday,KENNEDY BD STATION,4,8,W,BD
11:55:00,Friday,CHRISTIE STATION,19,23,W,BD
12:05:00,Friday,ST PATRICK STATION,0,0,S,YU
12:11:00,Friday,DUNDAS WEST STATION,6,10,W,BD
12:45:00,Friday,OSGOODE STATION,0,0,N,YU
14:52:00,Friday,PAPE STATION,3,6,E,BD
14:59:00,Friday,SHERBOURNE STATION,3,6,W,BD
15:01:00,Friday,DUNDAS WEST STATION,3,7,W,BD
15:38:00,Friday,GREENWOOD STATION,3,6,W,BD
15:42:00,Friday,DUNDAS STATION,0,0,S,YU
15:46:00,Friday,KENNEDY BD STATION,5,8,W,BD
15:57:00,Friday,KEELE STATION,0,0,W,BD
16:39:00,Friday,WILSON STATION,14,17,S,YU
17:15:00,Friday,ST ANDREW STATION,0,0,S,YU
17:27:00,Friday,KENNEDY BD STATION,8,11,E,BD
18:35:00,Friday,VICTORIA PARK STATION,0,0,W,BD
19:04:00,Friday,KENNEDY BD STATION,18,23,E,BD
19:11:00,Friday,WARDEN STATION,18,23,W,BD
19:46:00,Friday,KIPLING STATION,4,8,E,BD
20:15:00,Friday,DUPONT STATION,10,14,N,YU
20:24:00,Friday,ST CLAIR WEST STATION,3,8,S,YU
20:36:00,Friday,SPADINA YUS STATION,4,8,N,YU
21:42:00,Friday,ST CLAIR WEST STATION,5,9,S,YU
21:45:00,Friday,ST ANDREW STATION,4,8,N,YU
22:48:00,Friday,WARDEN STATION,0,0,W,BD
23:26:00,Friday,MUSEUM STATION,14,20,N,YU
23:44:00,Friday,UNION STATION,0,0,N,YU
00:18:00,Friday,KENNEDY BD STATION,0,0,W,BD
00:29:00,Friday,OSSINGTON STATION,7,12,E,BD
00:53:00,Friday,ST GEORGE BD STATION,0,0,W,BD
00:54:00,Friday,ROYAL YORK STATION,14,19,W,BD
04:26:00,Saturday,OLD MILL STATION,0,0,E,BD
06:32:00,Saturday,SHEPPARD STATION,3,9,N,YU
06:34:00,Saturday,WILSON STATION,11,0,N,YU
06:42:00,Saturday,GLENCAIRN STATION,4,10,N,YU
09:08:00,Saturday,KENNEDY BD STATION,5,10,W,BD
10:31:00,Saturday,KIPLING STATION,3,8,W,BD
11:42:00,Saturday,KIPLING STATION,5,10,E,BD
12:08:00,Saturday,KENNEDY BD STATION,4,8,W,BD
12:18:00,Saturday,SHERBOURNE STATION,4,9,E,BD
12:28:00,Saturday,ST CLAIR STATION,0,0,S,YU
12:46:00,Saturday,ST CLAIR STATION,4,8,S,YU
13:06:00,Saturday,WELLESLEY STATION,6,10,S,YU
13:33:00,Saturday,BLOOR STATION,0,0,S,YU
13:43:00,Saturday,VICTORIA PARK STATION,33,37,W,BD
14:24:00,Saturday,FINCH STATION,3,7,N,YU
14:33:00,Saturday,COXWELL STATION,5,9,W,BD
16:55:00,Saturday,ST CLAIR STATION,4,8,N,YU
17:10:00,Saturday,KIPLING STATION,0,0,W,BD
17:12:00,Saturday,KING STATION,0,0,N,YU
17:31:00,Saturday,ISLINGTON STATION,3,7,E,BD
18:13:00,Saturday,COXWELL STATION,0,0,E,BD
18:23:00,Saturday,ROSEDALE STATION,17,21,S,YU
19:01:00,Saturday,ST GEORGE BD STATION,16,21,E,BD
19:16:00,Saturday,SUMMERHILL STATION,3,8,N,YU
19:31:00,Saturday,BAY STATION,12,17,W,BD
19:44:00,Saturday,SHEPPARD STATION,11,16,N,YU
20:19:00,Saturday,PAPE STATION,0,0,W,BD
20:31:00,Saturday,BLOOR STATION,9,14,S,YU
21:31:00,Saturday,SPADINA YUS STATION,3,8,N,YU
21:43:00,Saturday,KEELE STATION,0,0,E,BD
22:10:00,Saturday,EGLINTON STATION,7,13,N,YU
22:18:00,Saturday,ST CLAIR STATION,3,9,N,YU
22:55:00,Saturday,YORK MILLS STATION,0,0,N,YU
23:15:00,Saturday,DUNDAS STATION,0,0,S,YU
23:23:00,Saturday,QUEEN'S PARK STATION,0,0,S,YU
23:40:00,Saturday,SHEPPARD STATION,3,9,S,YU
00:18:00,Saturday,COLLEGE STATION,0,0,N,YU
09:02:00,Saturday,DON MILLS STATION,7,14,W,SHP
02:32:00,Sunday,VAUGHAN MC STATION,0,0,S,YU
07:38:00,Sunday,KIPLING STATION,0,0,E,BD
08:06:00,Sunday,GREENWOOD STATION,3,7,E,BD
08:15:00,Sunday,ST GEORGE BD STATION,0,0,W,BD
08:19:00,Sunday,KENNEDY BD STATION,9,14,W,BD
08:21:00,Sunday,DAVISVILLE STATION,14,0,N,YU
08:31:00,Sunday,ST CLAIR STATION,0,0,S,YU
08:46:00,Sunday,WILSON STATION,10,0,N,YU
08:52:00,Sunday,DONLANDS STATION,5,10,W,BD
09:33:00,Sunday,WELLESLEY STATION,6,12,N,YU
10:20:00,Sunday,UNION STATION,3,6,N,YU
11:10:00,Sunday,VICTORIA PARK STATION,0,0,E,BD
12:04:00,Sunday,SHERBOURNE STATION,0,0,E,BD
12:55:00,Sunday,JANE STATION,0,0,W,BD
15:06:00,Sunday,WARDEN STATION,0,0,W,BD
15:38:00,Sunday,EGLINTON STATION,3,7,N,YU
15:43:00,Sunday,VICTORIA PARK STATION,0,0,W,BD
16:44:00,Sunday,MUSEUM STATION,0,0,S,YU
16:47:00,Sunday,BLOOR STATION,4,8,S,YU
18:18:00,Sunday,MAIN STREET STATION,0,0,W,BD
20:35:00,Sunday,ST ANDREW STATION,0,0,N,YU
21:05:00,Sunday,WELLESLEY STATION,0,0,S,YU
21:48:00,Sunday,DUFFERIN STATION,0,0,E,BD
23:05:00,Sunday,UNION STATION,5,11,N,YU
23:11:00,Sunday,BATHURST STATION,19,25,W,BD
23:14:00,Sunday,KENNEDY BD STATION,4,10,W,BD
23:26:00,Sunday,OSSINGTON CENTRE,0,0,W,BD
23:33:00,Sunday,HIGHWAY 407 STATION,3,9,S,YU
00:27:00,Sunday,OSSINGTON STATION,55,60,W,BD
00:40:00,Sunday,ROSEDALE STATION,0,0,S,YU
11:30:00,Sunday,SHEPPARD-YONGE STATION,0,0,W,SHP
12:13:00,Sunday,BAYVIEW STATION,0,0,W,SHP
12:18:00,Sunday,SHEPPARD-YONGE STATION,0,0,E,SHP
02:10:00,Monday,CHESTER STATION,0,0,E,BD
05:50:00,Monday,YONGE BD STATION,4,0,W,BD
05:59:00,Monday,KING STATION,8,0,S,YU
06:52:00,Monday,OSSINGTON STATION,3,6,E,BD
07:08:00,Monday,BLOOR STATION,0,0,S,YU
08:42:00,Monday,SUMMERHILL STATION,5,8,N,YU
10:36:00,Monday,DUNDAS WEST STATION,0,0,W,BD
10:45:00,Monday,BLOOR STATION,4,9,S,YU
12:08:00,Monday,VICTORIA PARK STATION,0,0,W,BD
12:31:00,Monday,KING STATION,19,24,N,YU
12:58:00,Monday,WOODBINE STATION,0,0,W,BD
13:08:00,Monday,DAVISVILLE STATION,3,8,N,YU
13:09:00,Monday,SUMMERHILL STATION,0,0,S,YU
13:21:00,Monday,VICTORIA PARK STATION,0,0,E,BD
13:35:00,Monday,UNION STATION,3,8,N,YU
14:16:00,Monday,SPADINA BD STATION,0,0,E,BD
14:35:00,Monday,EGLINTON STATION,4,8,S,YU
14:41:00,Monday,GLENCAIRN STATION,4,8,S,YU
14:49:00,Monday,YORKDALE STATION,3,7,S,YU
14:56:00,Monday,LANSDOWNE STATION,22,25,E,BD
15:08:00,Monday,CHRISTIE STATION,0,0,E,BD
15:53:00,Monday,DAVISVILLE STATION,6,11,N,YU
16:38:00,Monday,PAPE STATION,0,0,E,BD
17:39:00,Monday,UNION STATION,0,0,N,YU
17:58:00,Monday,DUNDAS STATION,4,6,N,YU
18:11:00,Monday,VICTORIA PARK STATION,0,0,E,BD
18:45:00,Monday,YORKDALE STATION,4,6,S,YU
19:20:00,Monday,JANE STATION,17,21,W,BD
19:27:00,Monday,DAVISVILLE STATION,6,8,S,YU
20:15:00,Monday,YONGE BD STATION,35,40,E,BD
20:54:00,Monday,YONGE BD STATION,13,19,E,BD
20:56:00,Monday,BLOOR STATION,14,18,S,YU
21:02:00,Monday,VICTORIA PARK STATION,0,0,E,BD
21:16:00,Monday,ST ANDREW STATION,0,0,N,YU
21:39:00,Monday,MAIN STREET STATION,0,0,E,BD
22:23:00,Monday,SHEPPARD STATION,0,0,N,YU
23:07:00,Monday,SPADINA YUS STATION,7,13,N,YU
23:13:00,Monday,WILSON STATION,13,19,N,YU
23:23:00,Monday,ST CLAIR STATION,0,0,N,YU
23:34:00,Monday,SHERBOURNE STATION,0,0,E,BD
23:49:00,Monday,GREENWOOD STATION,4,9,E,BD
01:36:00,Monday,KING STATION,18,24,N,YU
20:53:00,Monday,DON MILLS STATION,3,10,W,SHP
22:51:00,Monday,DON MILLS STATION,7,14,W,SHP
02:10:00,Tuesday,DOWNSVIEW PARK STATION,0,0,N,YU
05:58:00,Tuesday,GREENWOOD STATION,4,9,E,BD
05:59:00,Tuesday,KING STATION,9,0,S,YU
06:43:00,Tuesday,KIPLING STATION,18,21,W,BD
08:39:00,Tuesday,ROYAL YORK STATION,0,0,W,BD
09:27:00,Tuesday,BATHURST STATION,0,0,E,BD
09:41:00,Tuesday,PAPE STATION,0,0,W,BD
10:19:00,Tuesday,OSSINGTON STATION,0,0,E,BD
11:53:00,Tuesday,ST CLAIR WEST STATION,3,8,S,YU
12:27:00,Tuesday,RUNNYMEDE STATION,4,8,W,BD
13:43:00,Tuesday,VAUGHAN MC STATION,4,8,S,YU
14:11:00,Tuesday,DUNDAS STATION,0,0,N,YU
15:51:00,Tuesday,DONLANDS STATION,3,6,W,BD
16:11:00,Tuesday,DONLANDS STATION,3,6,W,BD
16:30:00,Tuesday,MUSEUM STATION,0,0,N,YU
16:45:00,Tuesday,CASTLE FRANK STATION,4,7,W,BD
17:16:00,Tuesday,CHRISTIE STATION,0,0,W,BD
17:40:00,Tuesday,BLOOR STATION,0,0,N,YU
17:41:00,Tuesday,YONGE BD STATION,0,0,E,BD
18:20:00,Tuesday,UNION STATION,0,0,N,YU
19:03:00,Tuesday,ST GEORGE YUS STATION,0,0,N,YU
19:04:00,Tuesday,SHEPPARD STATION,3,5,N,YU
19:05:00,Tuesday,ST CLAIR STATION,0,0,N,YU
20:05:00,Tuesday,EGLINTON STATION,4,8,S,YU
20:07:00,Tuesday,WILSON STATION,8,12,N,YU
20:08:00,Tuesday,VICTORIA PARK STATION,0,0,W,BD
20:28:00,Tuesday,KIPLING STATION,3,7,E,BD
20:43:00,Tuesday,VICTORIA PARK STATION,39,43,E,BD
21:48:00,Tuesday,RUNNYMEDE STATION,0,0,W,BD
23:30:00,Tuesday,BLOOR STATION,3,9,S,YU
00:10:00,Tuesday,WARDEN STATION,13,18,W,BD
00:35:00,Tuesday,BLOOR STATION,0,0,N,YU
00:48:00,Tuesday,KIPLING STATION,15,21,W,BD
01:15:00,Tuesday,VICTORIA PARK STATION,0,0,E,BD
11:29:00,Tuesday,SHEPPARD-YONGE STATION,4,11,E,SHP
01:12:00,Tuesday,SHEPPARD-YONGE STATION,9,16,W,SHP
02:01:00,Wednesday,WILSON STATION,0,0,N,YU
02:04:00,Wednesday,KENNEDY BD STATION,0,0,W,BD
02:54:00,Wednesday,YONGE BD STATION,0,0,W,BD
04:37:00,Wednesday,VAUGHAN MC STATION,0,0,S,YU
08:04:00,Wednesday,DONLANDS STATION,7,12,W,BD
08:22:00,Wednesday,DAVISVILLE STATION,8,0,N,YU
08:46:00,Wednesday,WILSON STATION,10,0,N,YU
09:19:00,Wednesday,WOODBINE STATION,5,9,E,BD
10:52:00,Wednesday,ST GEORGE BD STATION,4,8,E,BD
11:03:00,Wednesday,FINCH STATION,3,9,S,YU
13:12:00,Wednesday,PIONEER VILLAGE STATIO,10,14,S,YU
13:20:00,Wednesday,COLLEGE STATION,0,0,S,YU
13:40:00,Wednesday,KENNEDY BD STATION,4,8,W,BD
13:54:00,Wednesday,KENNEDY BD STATION,4,8,W,BD
14:19:00,Wednesday,DONLANDS STATION,5,9,E,YU
14:25:00,Wednesday,DONLANDS STATION,0,0,W,BD
14:45:00,Wednesday,DAVISVILLE STATION,0,0,N,YU
15:55:00,Wednesday,KIPLING STATION,0,0,W,BD
16:37:00,Wednesday,ROYAL YORK STATION,0,0,W,BD
17:25:00,Wednesday,ST ANDREW STATION,10,14,N,YU
17:45:00,Wednesday,WELLESLEY STATION,9,13,S,YU
17:52:00,Wednesday,LAWRENCE STATION,7,11,N,YU
18:04:00,Wednesday,ROYAL YORK STATION,8,13,W,BD
18:07:00,Wednesday,MUSEUM STATION,6,10,S,YU
20:01:00,Wednesday,WELLESLEY STATION,8,14,N,YU
20:54:00,Wednesday,DOWNSVIEW PARK STATION,66,72,S,YU
22:35:00,Wednesday,LAWRENCE STATION,11,17,N,YU
22:42:00,Wednesday,EGLINTON STATION,6,12,S,YU
00:37:00,Wednesday,DUNDAS STATION,4,10,N,YU
00:51:00,Wednesday,GLENCAIRN STATION,14,19,S,YU
00:51:00,Wednesday,EGLINTON WEST STATION,6,12,N,YU
01:40:00,Wednesday,ST CLAIR STATION,4,10,N,YU
05:39:00,Thursday,KIPLING STATION,4,8,E,BD
08:39:00,Thursday,FINCH STATION,3,9,S,YU
10:13:00,Thursday,UNION STATION,0,0,S,YU
10:33:00,Thursday,DAVISVILLE STATION,3,7,S,YU
11:50:00,Thursday,BLOOR STATION,4,8,S,YU
12:29:00,Thursday,COLLEGE STATION,7,11,N,YU
12:35:00,Thursday,KIPLING STATION,19,23,E,BD
13:10:00,Thursday,VAUGHAN MC STATION,3,7,S,YU
15:32:00,Thursday,SHEPPARD WEST STATION,3,7,N,YU
15:43:00,Thursday,BLOOR STATION,4,8,N,YU
15:54:00,Thursday,OSGOODE STATION,4,8,N,YU
15:55:00,Thursday,LANSDOWNE STATION,0,0,E,BD
16:51:00,Thursday,ISLINGTON STATION,0,0,W,BD
17:07:00,Thursday,LAWRENCE WEST STATION,0,0,S,YU
17:34:00,Thursday,ST CLAIR STATION,6,10,S,YU
18:29:00,Thursday,YONGE BD STATION,0,0,W,BD
19:03:00,Thursday,YORKDALE STATION,3,7,N,YU
19:05:00,Thursday,BLOOR STATION,0,0,S,YU
19:07:00,Thursday,YONGE BD STATION,0,0,W,BD
19:57:00,Thursday,EGLINTON STATION,0,0,N,YU
20:12:00,Thursday,BLOOR STATION,0,0,N,YU
20:13:00,Thursday,YONGE BD STATION,0,0,W,BD
20:49:00,Thursday,WARDEN STATION,0,0,E,BD
21:08:00,Thursday,BLOOR STATION,0,0,S,YU
22:37:00,Thursday,BLOOR STATION,0,0,S,YU
22:39:00,Thursday,YONGE BD STATION,0,0,W,BD
22:42:00,Thursday,WELLESLEY STATION,4,10,S,YU
23:03:00,Thursday,KIPLING STATION,4,10,E,BD
23:33:00,Thursday,YORK MILLS STATION,13,19,N,YU
01:15:00,Thursday,QUEEN STATION,0,0,N,YU
03:59:00,Thursday,SHEPPARD-YONGE STATION,0,0,E,SHP
11:55:00,Thursday,SHEPPARD-YONGE STATION,4,11,E,SHP
01:03:00,Thursday,BAYVIEW STATION,0,0,W,SHP
05:59:00,Friday,FINCH STATION,4,8,S,YU
06:07:00,Friday,GREENWOOD YARD,3,6,E,BD
06:16:00,Friday,GREENWOOD YARD,0,0,W,BD
06:22:00,Friday,GLENCAIRN STATION,11,0,N,YU
07:27:00,Friday,WARDEN STATION,0,0,W,BD
07:48:00,Friday,KENNEDY BD STATION,10,13,W,BD
07:58:00,Friday,KENNEDY BD STATION,18,21,E,BD
08:08:00,Friday,MAIN STREET STATION,0,0,W,BD
08:28:00,Friday,KIPLING STATION,10,13,W,BD
08:38:00,Friday,VICTORIA PARK STATION,0,0,E,BD
09:00:00,Friday,BLOOR STATION,3,5,S,YU
09:45:00,Friday,VAUGHAN MC STATION,0,0,S,YU
09:54:00,Friday,KENNEDY BD STATION,4,8,W,BD
09:58:00,Friday,SUMMERHILL STATION,3,5,S,YU
11:02:00,Friday,KENNEDY BD STATION,5,9,E,BD
11:06:00,Friday,KIPLING STATION,4,8,E,BD
11:10:00,Friday,SHEPPARD STATION,0,0,N,YU
11:46:00,Friday,PAPE STATION,4,8,E,BD
11:50:00,Friday,KENNEDY BD STATION,3,7,E,BD
11:54:00,Friday,FINCH STATION,5,10,S,YU
12:26:00,Friday,KIPLING STATION,0,0,E,BD
13:05:00,Friday,DUNDAS STATION,0,0,N,YU
13:19:00,Friday,DUNDAS STATION,8,13,S,YU
13:31:00,Friday,SHEPPARD STATION,5,10,S,YU
14:08:00,Friday,SPADINA BD STATION,0,0,E,BD
14:12:00,Friday,EGLINTON STATION,6,11,S,YU
14:23:00,Friday,EGLINTON STATION,0,0,N,YU
14:51:00,Friday,ISLINGTON STATION,0,0,E,BD
15:21:00,Friday,BLOOR STATION,0,0,S,YU
15:30:00,Friday,MAIN STREET STATION,3,7,E,BD
16:22:00,Friday,KENNEDY BD STATION,0,0,E,BD
16:46:00,Friday,WILSON STATION,4,6,S,YU
18:10:00,Friday,WELLESLEY STATION,0,0,S,YU
19:06:00,Friday,PAPE STATION,5,9,W,BD
19:07:00,Friday,DUNDAS WEST STATION,0,0,W,BD
19:25:00,Friday,DUNDAS STATION,0,0,N,YU
19:47:00,Friday,KIPLING STATION,4,8,W,BD
19:57:00,Friday,CHRISTIE STATION,0,0,E,BD
20:53:00,Friday,DONLANDS STATION,0,0,W,BD
21:03:00,Friday,YONGE BD STATION,0,0,E,BD
21:07:00,Friday,FINCH STATION,0,0,N,YU
22:08:00,Friday,COXWELL STATION,0,0,E,BD
23:42:00,Friday,WARDEN STATION,0,0,W,BD
00:25:00,Friday,ST CLAIR STATION,8,14,S,YU
00:40:00,Friday,JANE STATION,0,0,W,BD
17:29:00,Friday,DON MILLS STATION,0,0,E,SHP
06:00:00,Saturday,KIPLING STATION,7,12,E,BD
06:34:00,Saturday,WILSON STATION,13,0,N,YU
07:30:00,Saturday,KIPLING STATION,5,10,E,BD
07:52:00,Saturday,ISLINGTON STATION,0,0,E,BD
07:54:00,Saturday,ST PATRICK STATION,0,0,S,YU
07:59:00,Saturday,ST CLAIR WEST STATION,0,0,S,YU
08:10:00,Saturday,VICTORIA PARK STATION,0,0,W,BD
09:33:00,Saturday,KING STATION,0,0,S,YU
09:51:00,Saturday,WOODBINE STATION,3,8,E,BD
10:45:00,Saturday,OSSINGTON STATION,4,9,E,BD
11:27:00,Saturday,VAUGHAN MC STATION,3,7,S,YU
11:46:00,Saturday,KIPLING STATION,3,8,E,BD
11:54:00,Saturday,SPADINA YUS STATION,0,0,N,YU
12:30:00,Saturday,ST CLAIR STATION,0,0,S,YU
12:57:00,Saturday,WILSON STATION,3,7,N,YU
14:10:00,Saturday,KIPLING STATION,4,8,W,BD
14:29:00,Saturday,BATHURST STATION,0,0,E,BD
14:33:00,Saturday,EGLINTON WEST STATION,0,0,N,YU
15:11:00,Saturday,FINCH WEST STATION,3,7,N,YU
16:26:00,Saturday,VAUGHAN MC STATION,4,8,S,YU
17:24:00,Saturday,YORKDALE STATION,4,8,S,YU
17:35:00,Saturday,SPADINA BD STATION,0,0,W,BD
17:44:00,Saturday,VICTORIA PARK STATION,0,0,W,BD
17:52:00,Saturday,SPADINA BD STATION,4,8,E,BD
17:56:00,Saturday,EGLINTON STATION,0,0,N,YU
18:03:00,Saturday,COXWELL STATION,0,0,E,BD
18:10:00,Saturday,PAPE STATION,4,8,E,BD
18:14:00,Saturday,ISLINGTON STATION,0,0,W,BD
19:11:00,Saturday,CASTLE FRANK STATION,10,15,W,BD
19:25:00,Saturday,YONGE BD STATION,4,9,W,BD
19:47:00,Saturday,KEELE STATION,6,11,E,BD
20:02:00,Saturday,SPADINA BD STATION,3,8,W,BD
20:14:00,Saturday,KIPLING STATION,5,10,E,BD
20:31:00,Saturday,DAVISVILLE STATION,0,0,S,YU
21:40:00,Saturday,UNION STATION,0,0,S,YU
21:52:00,Saturday,LAWRENCE WEST STATION,0,0,N,YU
22:20:00,Saturday,HIGH PARK STATION,0,0,W,BD
22:24:00,Saturday,COXWELL STATION,6,12,W,BD
22:52:00,Saturday,COLLEGE STATION,0,0,S,YU
22:56:00,Saturday,CASTLE FRANK STATION,3,9,E,BD
23:41:00,Saturday,WILSON STATION,0,0,N,YU
00:18:00,Saturday,EGLINTON WEST STATION,6,12,N,YU
00:29:00,Saturday,ISLINGTON STATION,0,0,W,BD
00:40:00,Saturday,KEELE STATION,7,13,W,BD
01:08:00,Saturday,CASTLE FRANK STATION,0,0,W,BD
01:53:00,Saturday,KENNEDY BD STATION,0,0,W,BD
09:45:00,Saturday,BAYVIEW STATION,0,0,W,SHP
08:03:00,Sunday,SHEPPARD WEST STATION,3,0,S,YU
08:10:00,Sunday,ISLINGTON STATION,0,0,W,BD
08:10:00,Sunday,ST CLAIR STATION,5,0,S,YU
08:14:00,Sunday,GREENWOOD STATION,5,9,E,BD
08:22:00,Sunday,DAVISVILLE STATION,15,0,N,YU
08:33:00,Sunday,SHEPPARD WEST STATION,7,13,N,YU
08:38:00,Sunday,WARDEN STATION,3,7,W,BD
09:14:00,Sunday,SHEPPARD WEST STATION,3,9,S,YU
09:42:00,Sunday,KIPLING STATION,0,0,W,BD
09:47:00,Sunday,COXWELL STATION,4,8,W,BD
09:50:00,Sunday,DAVISVILLE STATION,11,15,N,YU
10:08:00,Sunday,EGLINTON STATION,4,8,N,YU
10:25:00,Sunday,VICTORIA PARK STATION,0,0,E,BD
10:28:00,Sunday,UNION STATION,4,8,N,YU
10:37:00,Sunday,EGLINTON WEST STATION,8,12,N,YU
11:30:00,Sunday,FINCH STATION,4,8,S,YU
11:42:00,Sunday,ST GEORGE YUS STATION,0,0,N,YU
13:38:00,Sunday,VAUGHAN MC STATION,4,8,S,YU
14:13:00,Sunday,EGLINTON STATION,0,0,N,YU
14:47:00,Sunday,MAIN STREET STATION,11,15,W,BD
15:12:00,Sunday,ST CLAIR WEST STATION,3,7,S,YU
15:34:00,Sunday,KENNEDY BD STATION,0,0,E,BD
16:09:00,Sunday,PAPE STATION,4,8,E,BD
16:55:00,Sunday,VAUGHAN MC STATION,4,8,S,YU
17:06:00,Sunday,DAVISVILLE STATION,258,262,N,YU
17:36:00,Sunday,EGLINTON WEST STATION,0,0,N,YU
17:39:00,Sunday,SPADINA BD STATION,12,17,W,BD
17:53:00,Sunday,UNION STATION,19,23,S,YU
18:20:00,Sunday,BLOOR STATION,0,0,N,YU
19:06:00,Sunday,DUNDAS WEST STATION,0,0,W,BD
20:04:00,Sunday,FINCH WEST STATION,6,12,N,YU
20:19:00,Sunday,BLOOR STATION,3,9,N,YU
20:45:00,Sunday,ST PATRICK STATION,0,0,S,YU
21:55:00,Sunday,KIPLING STATION,0,0,E,BD
23:02:00,Sunday,BLOOR STATION,0,0,S,YU
23:46:00,Sunday,QUEEN STATION,0,0,S,YU
01:53:00,Sunday,BROADVIEW STATION,0,0,W,BD
02:22:00,Sunday,SHEPPARD-YONGE STATION,0,0,W,SHP
05:47:00,Monday,EGLINTON STATION,3,8,N,YU
05:48:00,Monday,KIPLING STATION,3,10,E,BD
05:59:00,Monday,KING STATION,9,0,S,YU
06:32:00,Monday,DONLANDS STATION,4,7,W,BD
06:33:00,Monday,UNION STATION,0,0,S,YU
06:35:00,Monday,KIPLING STATION,6,8,E,BD
06:59:00,Monday,COXWELL STATION,0,0,E,BD
07:36:00,Monday,PAPE STATION,0,0,E,BD
07:46:00,Monday,WARDEN STATION,4,7,E,BD
07:46:00,Monday,KENNEDY BD STATION,3,5,W,BD
08:24:00,Monday,KENNEDY BD STATION,3,5,W,BD
08:51:00,Monday,BLOOR STATION,0,0,S,YU
09:03:00,Monday,CHESTER STATION,4,7,E,BD
09:06:00,Monday,VICTORIA PARK STATION,0,0,W,BD
09:11:00,Monday,PAPE STATION,3,5,E,BD
09:31:00,Monday,FINCH STATION,3,6,S,YU
09:44:00,Monday,DUNDAS STATION,0,0,N,YU
10:28:00,Monday,SHERBOURNE STATION,8,12,E,BD
10:49:00,Monday,DUNDAS STATION,7,12,S,YU
11:38:00,Monday,COLLEGE STATION,0,0,S,YU
11:49:00,Monday,GREENWOOD STATION,0,0,E,BD
11:59:00,Monday,SHEPPARD STATION,3,8,N,YU
12:37:00,Monday,BLOOR STATION,0,0,S,YU
12:47:00,Monday,COLLEGE STATION,4,9,N,YU
12:55:00,Monday,KIPLING STATION,3,7,E,BD
12:57:00,Monday,BROADVIEW STATION,4,8,E,BD
13:00:00,Monday,BLOOR STATION,0,0,S,YU
13:47:00,Monday,PIONEER VILLAGE STATIO,4,8,S,YU
13:53:00,Monday,QUEEN STATION,0,0,S,YU
13:58:00,Monday,YONGE BD STATION,0,0,W,BD
14:07:00,Monday,UNION STATION,8,12,N,YU
15:53:00,Monday,DONLANDS STATION,3,6,W,BD
16:13:00,Monday,DONLANDS STATION,3,6,W,BD
16:49:00,Monday,DUNDAS STATION,0,0,N,YU
16:55:00,Monday,DUNDAS STATION,0,0,N,YU
17:19:00,Monday,CHRISTIE STATION,0,0,W,BD
17:36:00,Monday,BAY STATION,15,18,W,BD
17:39:00,Monday,KEELE STATION,4,7,W,BD
17:44:00,Monday,CHRISTIE STATION,0,0,E,BD
17:48:00,Monday,WARDEN STATION,0,0,W,BD
17:48:00,Monday,COLLEGE STATION,5,7,N,YU
17:50:00,Monday,YONGE BD STATION,7,10,W,BD
18:39:00,Monday,EGLINTON WEST STATION,5,7,N,YU
18:41:00,Monday,MAIN STREET STATION,4,7,W,BD
19:22:00,Monday,DUFFERIN STATION,0,0,W,BD
19:43:00,Monday,WELLESLEY STATION,0,0,N,YU
20:06:00,Monday,OLD MILL STATION,3,7,W,BD
20:13:00,Monday,KIPLING STATION,0,0,E,BD
20:49:00,Monday,DAVISVILLE STATION,4,8,S,YU
21:19:00,Monday,SPADINA YUS STATION,3,7,S,YU
21:38:00,Monday,ST GEORGE BD STATION,0,0,E,BD
22:09:00,Monday,KENNEDY BD STATION,0,0,E,BD
22:17:00,Monday,KENNEDY BD STATION,0,0,W,BD
22:52:00,Monday,KEELE STATION,0,0,W,BD
00:48:00,Monday,DUNDAS STATION,0,0,N,YU
01:41:00,Monday,SHEPPARD WEST STATION,0,0,S,YU
05:59:00,Tuesday,BROADVIEW STATION,0,0,W,BD
06:05:00,Tuesday,KIPLING STATION,0,0,W,BD
06:05:00,Tuesday,KING STATION,5,0,S,YU
06:43:00,Tuesday,LANSDOWNE STATION,6,11,E,BD
07:05:00,Tuesday,YONGE BD STATION,0,0,E,BD
08:35:00,Tuesday,KIPLING STATION,3,6,E,BD
09:31:00,Tuesday,YONGE BD STATION,0,0,E,BD
09:53:00,Tuesday,VAUGHAN MC STATION,3,6,S,YU
10:18:00,Tuesday,DUNDAS STATION,5,8,S,YU
10:26:00,Tuesday,KENNEDY BD STATION,3,6,W,BD
10:46:00,Tuesday,KENNEDY BD STATION,3,6,W,BD
10:53:00,Tuesday,EGLINTON WEST STATION,0,0,S,YU
11:03:00,Tuesday,KIPLING STATION,3,6,E,BD
11:04:00,Tuesday,DUNDAS STATION,0,0,S,YU
11:44:00,Tuesday,ST GEORGE BD STATION,0,0,W,BD
11:53:00,Tuesday,BLOOR STATION,0,0,N,YU
12:10:00,Tuesday,HIGH PARK STATION,102,105,W,BD
12:33:00,Tuesday,EGLINTON STATION,10,13,N,YU
12:39:00,Tuesday,DUFFERIN STATION,9,13,E,BD
13:18:00,Tuesday,HIGH PARK TO KEELE,0,0,E,BD
13:43:00,Tuesday,HIGH PARK STATION,3,6,W,BD
14:12:00,Tuesday,OLD MILL STATION,7,10,E,BD
14:24:00,Tuesday,KIPLING STATION,3,6,W,BD
14:24:00,Tuesday,KEELE STATION,5,8,E,BD
15:10:00,Tuesday,FINCH STATION,0,0,S,YU
15:14:00,Tuesday,NORTH YORK CTR STATION,12,15,S,YU
15:46:00,Tuesday,QUEEN STATION,7,10,S,YU
15:55:00,Tuesday,VAUGHAN MC STATION,3,6,S,YU
16:08:00,Tuesday,PAPE STATION,3,6,E,BD
16:34:00,Tuesday,PIONEER VILLAGE STATIO,3,6,S,YU
17:35:00,Tuesday,EGLINTON WEST STATION,4,7,N,YU
17:46:00,Tuesday,KENNEDY BD STATION,0,0,E,BD
18:00:00,Tuesday,GLENCAIRN STATION,10,13,S,YU
18:06:00,Tuesday,VICTORIA PARK STATION,0,0,E,BD
18:43:00,Tuesday,WILSON STATION,6,9,S,YU
18:52:00,Tuesday,WOODBINE STATION,4,8,E,BD
19:21:00,Tuesday,DUNDAS STATION,12,15,N,YU
19:35:00,Tuesday,ST CLAIR WEST STATION,0,0,S,YU
19:38:00,Tuesday,DUNDAS STATION,4,7,N,YU
20:24:00,Tuesday,SPADINA YUS STATION,6,9,N,YU
21:13:00,Tuesday,DONLANDS STATION,9,13,W,BD
21:20:00,Tuesday,WOODBINE STATION,0,0,W,BD
22:28:00,Tuesday,KIPLING STATION,0,0,W,BD
22:38:00,Tuesday,SHEPPARD STATION,0,0,N,YU
23:14:00,Tuesday,ISLINGTON STATION,0,0,E,BD
23:18:00,Tuesday,MUSEUM STATION,3,8,S,YU
23:20:00,Tuesday,DUNDAS STATION,0,0,S,YU
23:25:00,Tuesday,CHRISTIE STATION,0,0,E,BD
23:25:00,Tuesday,YONGE BD STATION,0,0,E,BD
00:08:00,Tuesday,UNION STATION,6,10,N,YU
00:31:00,Tuesday,COLLEGE STATION,0,0,N,YU
00:36:00,Tuesday,BROADVIEW STATION,0,0,W,BD
00:47:00,Tuesday,UNION STATION,0,0,N,YU
01:14:00,Tuesday,COLLEGE STATION,0,0,N,YU
01:27:00,Tuesday,ST CLAIR WEST STATION,13,18,N,YU
01:34:00,Tuesday,PAPE STATION,0,0,E,BD
01:37:00,Tuesday,DUNDAS WEST STATION,3,7,W,BD
01:55:00,Tuesday,KENNEDY BD STATION,0,0,E,BD
11:05:00,Tuesday,SHEPPARD-YONGE STATION,0,0,E,SHP
13:14:00,Tuesday,DON MILLS STATION,0,0,W,SHP
16:20:00,Tuesday,SHEPPARD-YONGE STATION,0,0,E,SHP
20:19:00,Tuesday,LESLIE STATION,5,12,W,SHP
